process,t,prediction_valid,c_biomass,c_glucose,c_product,V_real,q_biomass,q_glucose,q_product,aux_rate_std_0,aux_rate_std_1,aux_rate_std_2
run_1,0.0,True,0.1,10.0,0.0,1.0,0.44759478394048957,-3.2199409740171188,0.040936958575566375,0.07641578342200656,0.1752715765119188,0.007397909740105451
run_1,0.07035175879396985,True,0.10319899548407416,9.977030763698304,0.0002925462781715609,1.0,0.4475904001093496,-3.2076237909059717,0.040927223094707046,0.07639482308290385,0.17522350068891154,0.007395880542865564
run_1,0.1407035175879397,True,0.10650028912010337,9.953418858682088,0.0005943780960453493,1.0,0.44758474448591873,-3.1949644641137835,0.04091717777154983,0.07637494255468993,0.1751779015814248,0.007393955883499055
run_1,0.21105527638190955,True,0.10990715875853106,9.9291495727693,0.0009057891505725067,1.0,0.4475777169633531,-3.1819552531004636,0.04090681356469169,0.07635627623542739,0.17513508745248035,0.007392148773254282
run_1,0.2814070351758794,True,0.11342297328999792,9.904208020640407,0.0012270811406123554,1.0,0.44756921065719574,-3.1685883819593514,0.04089612115191363,0.07633896900412096,0.17509539060478357,0.007390473238053014
run_1,0.35175879396984927,True,0.11705116217736074,9.878578552584008,0.0015585612676018198,1.0,0.4475591065315793,-3.1548560084468917,0.04088509026046415,0.07632318270159584,0.17505918224563358,0.007388944945912555
run_1,0.4221105527638191,True,0.12079528027641352,9.852245509410322,0.0019005477367916078,1.0,0.4475472800347306,-3.140750233756135,0.04087371055380481,0.07630908834691914,0.17502685463406595,0.007387580453407552
run_1,0.49246231155778897,True,0.1246590091932706,9.825193239823536,0.0022533698718487354,1.0,0.44753360073358667,-3.126263117384052,0.04086197162919908,0.07629686675408014,0.1749988224953054,0.007386397265371594
run_1,0.5628140703517588,True,0.1286461572843667,9.797406100421819,0.002617368114856518,1.0,0.447517931766842,-3.111386692533552,0.0408498629938179,0.0762867093632388,0.17497552492736482,0.0073854139153714474
run_1,0.6331658291457287,True,0.13276065965645695,9.768868455697309,0.002992894026314595,1.0,0.44750012927519894,-3.0961129823013653,0.04083737403979728,0.07627881909494659,0.1749574273603342,0.007384650048405266
run_1,0.7035175879396985,True,0.13700657816661674,9.73956467803612,0.003380310285138897,1.0,0.44748004180792117,-3.0804340166859463,0.04082449401818884,0.07627341122606335,0.1749450235654336,0.007384126505701219
run_1,0.7738693467336684,True,0.14138810142224187,9.709479147718339,0.003779990688661668,1.0,0.44745750970478787,-3.064341850449049,0.04081121201173854,0.07627071428576282,0.17493883771014213,0.0073838654114609424
run_1,0.8442211055276382,True,0.14590954478104856,9.678596252918028,0.004192320152631459,1.0,0.4474323644524903,-3.0478285818665203,0.04079751690642361,0.07627097096971958,0.174939426455029,0.007383890261363133
run_1,0.9145728643216081,True,0.1505753503510733,9.646900389703223,0.004617694711213132,1.0,0.44740442801447555,-3.03088637240399,0.040783397361671796,0.07627443907015001,0.17494738108694827,0.007384226012602013
run_1,0.9849246231155779,True,0.15539008699067297,9.61437596203593,0.005056521516987852,1.0,0.44737351213320375,-3.0135074673537487,0.04076884177917961,0.07628139241898063,0.17496332968234313,0.007384899175196661
run_1,1.0,True,0.15644164102432767,9.607297146852828,0.005152345953202857,1.0,0.4473664807562197,-3.0097258644845417,0.04076566486063061,0.07628336345531518,0.17496785056311212,0.007385089993745455
run_1,1.0552763819095479,True,0.16035845030852486,9.581007381772137,0.0055092188409530925,1.0,0.44733941760374596,-2.9956842174695275,0.04075383827024005,0.0762921218409706,0.174987939293382,0.007385937904264019
run_1,1.1256281407035176,True,0.16548526266362662,9.5467790686618,0.00597621607252264,1.0,0.4473019335175936,-2.977409101636407,0.04073837462148224,0.0763069361130902,0.1750219181484431,0.007387372092897548
run_1,1.1959798994974873,True,0.1707754731652961,9.51167545034885,0.006457953719526567,1.0,0.44726083647552767,-2.958674750612981,0.040722438258916055,0.07632616292595282,0.1750660178573098,0.007389233465244699
run_1,1.2663316582914574,True,0.1762342088252295,9.475681659651698,0.006954888096341994,1.0,0.44721589677189166,-2.9394739737246725,0.04070601706375928,0.07635014161817577,0.17512101674628802,0.0073915548731110755
run_1,1.3366834170854272,True,0.1818668604214644,9.438784038839165,0.007467498923204654,1.0,0.4471668846804996,-2.9197996731146634,0.04068910012262635,0.07637921564396297,0.17518770258142666,0.007394369566737487
run_1,1.407035175879397,True,0.18767884296447299,9.400966662856803,0.007996267337838625,1.0,0.4471135351293017,-2.8996448284050427,0.04067167347639533,0.07641377394114662,0.17526696745260512,0.007397715199692979
run_1,1.4773869346733668,True,0.19367574764161494,9.362214064125611,0.008541690121186907,1.0,0.44705557211918834,-2.8790026437954674,0.04065372324383274,0.07645422224338838,0.17535974197357015,0.0074016310515723285
run_1,1.5477386934673367,True,0.1998633557325683,9.322511448902322,0.009104280984441132,1.0,0.44699271005118957,-2.857866580973487,0.04063523584352791,0.0765009813506264,0.1754669913149351,0.007406157860555813
run_1,1.6180904522613067,True,0.20624763860932943,9.281844697279393,0.009684570569041566,1.0,0.44692465294323436,-2.8362303880041675,0.04061619795613974,0.07655448779561577,0.17558971673299495,0.007411337887937844
run_1,1.6884422110552764,True,0.21283475773621288,9.240200363185005,0.010283106446677076,1.0,0.44685109362153985,-2.8140881293772573,0.04059659648453254,0.07661519445187603,0.17572895696414906,0.007417214976983138
run_1,1.758793969849246,True,0.21963106466985186,9.197565674383068,0.0109004531192852,1.0,0.44677171288546424,-2.7914342172389577,0.04057641851159572,0.07668357107347067,0.17588578946297023,0.0074238346051834665
run_1,1.8291457286432162,True,0.22664310105919755,9.153928532473216,0.011537192019052074,1.0,0.44668617864456633,-2.7682634438330687,0.0405556512555206,0.0767601047564521,0.17606133146060102,0.0074312439289307315
run_1,1.899497487437186,True,0.2338775986455198,9.109277512890815,0.012193921508412467,1.0,0.4465941450265293,-2.7445710151748455,0.04053428202228588,0.0768453003112309,0.17625674081884082,0.007439491819566505
run_1,1.9698492462311559,True,0.24134147926240648,9.063601864906953,0.012871256880049779,1.0,0.4464952514544935,-2.720352585978964,0.04051229815508051,0.07693968053459077,0.17647321665405508,0.007448628889716155
run_1,2.0,True,0.24461226023712887,9.043710404399684,0.013168007464998452,1.0,0.44645067585090414,-2.709811263884514,0.040502685205744286,0.07698307424381233,0.17657274692758457,0.007452829890212827
run_1,2.0402010050251254,True,0.24904185483576388,9.016891511628444,0.013569830356896039,1.0,0.44638912169226547,-2.6956042958603152,0.04048968698036865,0.0770437863695949,0.1767119997039454,0.007458707508769573
run_1,2.1105527638190957,True,0.2569860273838169,8.96913704999783,0.014290291092131908,1.0,0.44627536285576397,-2.67032280682419,0.04046643575027474,0.07715817694120751,0.1769743724092531,0.007469781806329746
run_1,2.1809045226130657,True,0.2651814890171083,8.920329750793382,0.015033305169186668,1.0,0.446153564388982,-2.6445053420583804,0.04044253158094109,0.07728342945512078,0.17726165868170318,0.0074819076624180695
run_1,2.251256281407035,True,0.27363592193849945,8.870461558629092,0.01579955560173822,1.0,0.44602329700263643,-2.6181497260365143,0.04041796138647978,0.07742013894706658,0.17757522332901116,0.0074951426832048805
run_1,2.321608040201005,True,0.28235719844317003,8.819525091954683,0.016589742333713117,1.0,0.44588411157359154,-2.591254425937536,0.040392711808112255,0.07756891786977377,0.17791647110750508,0.007509546161022277
run_1,2.3919597989949746,True,0.291353380918618,8.767513643055603,0.01740458223928653,1.0,0.44573553800305094,-2.5638185943808596,0.04036676913805538,0.07773039550476185,0.17828684537298212,0.007525179017419108
run_1,2.462311557788945,True,0.30063282697207644,8.714423477656615,0.01824482191352177,1.0,0.4455771090154481,-2.5358421617864475,0.04034012208909061,0.07790518850235295,0.17868776050960838,0.0075421009511018435
run_1,2.532663316582915,True,0.3102042308543969,8.660252553344085,0.019111238920320604,1.0,0.4454083491981841,-2.5073256361304175,0.040312760465837566,0.07809391124603544,0.17912062570221152,0.007560371441321879
run_1,2.6030150753768844,True,0.3200764052208569,8.604996298237328,0.02000461641529593,1.0,0.4452287266497332,-2.4782701187888407,0.040284669743090036,0.07829722879913391,0.17958696637776692,0.007580054873710382
run_1,2.6733668341708543,True,0.3302584119044908,8.548652002468103,0.020925761810211087,1.0,0.4450376968268362,-2.448677592732308,0.040255836185340996,0.07851580367033754,0.18008830210379337,0.0076012153865809996
run_1,2.7437185929648242,True,0.3407595641245397,8.49121887766143,0.02187550706152009,1.0,0.4448347024454108,-2.4185509652479715,0.04022624683967923,0.07875029285319991,0.18062613979798156,0.007623916584320042
run_1,2.814070351758794,True,0.3515894264864517,8.432698056935582,0.02285470867036766,1.0,0.4446191727415445,-2.3878941088671706,0.040195889449574716,0.07900134532816733,0.18120196799870492,0.007648221295554661
run_1,2.884422110552764,True,0.3627578149818812,8.373092594902094,0.023864247682589178,1.0,0.4443905227144056,-2.3567119028285526,0.04016475236077974,0.0792695993088332,0.18181725054887196,0.007674191306559202
run_1,2.9547738693467336,True,0.3742747969886897,8.312407467665754,0.024905029688710733,1.0,0.444148152348828,-2.325010275021621,0.04013282441858898,0.07955567923359154,0.18247341969581243,0.007701887070013338
run_1,3.0,True,0.3818674396669105,8.272828599758068,0.025591033725564438,1.0,0.4439848118490665,-2.304359589216173,0.04011187667249084,0.07974928432084069,0.18291748330863294,0.007720630226159296
run_1,3.0251256281407035,True,0.38615069127094565,8.250649572824612,0.02597798482394913,1.0,0.44389144581518525,-2.292796244350819,0.040100094855658346,0.07986019250647658,0.18317186861588192,0.007731367389478581
run_1,3.0954773869346734,True,0.39839606797892385,8.187827729469973,0.02708406776821181,1.0,0.4436197706441202,-2.2600779634537966,0.0400665531695392,0.080183725993701,0.18391394337872324,0.007762689080223669
run_1,3.1658291457286434,True,0.4110217486491063,8.123952678186395,0.02822425774609694,1.0,0.4433324768736188,-2.22686476170048,0.04003218898904215,0.08052684228521213,0.1847009343725598,0.007795906607301043
run_1,3.2361809045226133,True,0.42403880620418133,8.059037081051704,0.029399558526893375,1.0,0.4430288961659612,-2.1931671883934656,0.039996991928506746,0.08089007573337369,0.18553406721829074,0.007831071702046543
run_1,3.306532663316583,True,0.4374585649530444,7.993095521636975,0.030610998424580642,1.0,0.4427083408921202,-2.158997056081075,0.03996095142901548,0.08127392828367698,0.18641449320657424,0.007868232958445246
run_1,3.3768844221105527,True,0.45129260059079795,7.92614450500654,0.031859630297828984,1.0,0.4423701031813074,-2.1243674838863154,0.039924056585556505,0.08167886511504857,0.18734327929818945,0.007907435411064067
run_1,3.4472361809045227,True,0.46555274019875054,7.858202457717994,0.03314653154999931,1.0,0.4420134539335565,-2.0892929407443295,0.039886295959109766,0.08210531010981878,0.18832139773369927,0.007948720096493613
run_1,3.517587939698492,True,0.4802510622444178,7.789289727822184,0.03447280412914321,1.0,0.44163764179349296,-2.053789288430876,0.0398476573726037,0.08255364117573023,0.18934971530374384,0.007992123600465842
run_1,3.5879396984924625,True,0.4953998958405393,7.719428593313803,0.03583957456018274,1.0,0.44124189218165993,-2.0178738249489974,0.03980812769975572,0.08302418533507322,0.19042898208520262,0.008037677582426992
run_1,3.6582914572864325,True,0.5110117301680579,7.648645034959019,0.03724800469935453,1.0,0.44082542825740656,-1.9815653754709326,0.03976769489220976,0.08351718939598776,0.19155976417122894,0.0080854059361888
run_1,3.728643216080402,True,0.5270995281111898,7.576966950826353,0.038699295570087285,1.0,0.4403874529473468,-1.9448839402983933,0.03972634597128505,0.08403283440012123,0.19274247680921702,0.008135326188624727
run_1,3.798994974874372,True,0.543676620639719,7.504423319372709,0.04019467462360842,1.0,0.43992713415095286,-1.9078509199941551,0.03968406536500771,0.08457124548443747,0.19397740702040717,0.008187450454404312
run_1,3.8693467336683423,True,0.5607565481803892,7.431045456295589,0.041735397723645866,1.0,0.43944361721086006,-1.870489327075384,0.039640836008864665,0.0851324715442176,0.19526466695379036,0.008241783467142265
run_1,3.9396984924623117,True,0.5783530606169028,7.3568670145330985,0.043322749146427995,1.0,0.4389360239350587,-1.8328238212739476,0.03959663903404216,0.08571648003849354,0.19660418197155585,0.008298322076505837
run_1,4.0,True,0.5938575207233614,7.292675515653323,0.04472144269058671,1.0,0.43848109758875925,-1.800317132703663,0.03955796990807769,0.08623510386518703,0.19779372700597914,0.008348530712564152
run_1,4.010050251256281,True,0.5964801172899233,7.281923984263944,0.044958041580683866,1.0,0.4384034515960152,-1.7948807432980696,0.03955145343241432,0.08632315185349188,0.1979956788675948,0.008357054750938266
run_1,4.080402010050251,True,0.6151518869970728,7.206254692907432,0.04664261612764294,1.0,0.43784497191130284,-1.7566881468702054,0.03950525569734698,0.08695227625396647,0.19943867428758996,0.008417961088890808
run_1,4.150753768844221,True,0.6343827479929337,7.129899805123472,0.0483778423010353,1.0,0.4372596300119504,-1.7182758287931772,0.03945801943946494,0.08760354595068195,0.20093246341551624,0.00848101134129952
run_1,4.2211055276381915,True,0.6541872879890477,7.052902322812573,0.05016511802709147,1.0,0.4366464434066335,-1.6796753567708567,0.039409714976642425,0.08827655231021832,0.20247610898657656,0.00854616594784031
run_1,4.291457286432161,True,0.6745803041539157,6.975307585115846,0.05200586964454254,1.0,0.4360044009520156,-1.640920094680468,0.03936030889761042,0.08897078073077944,0.20406843068089403,0.00861337508925504
run_1,4.361809045226131,True,0.6955768031129994,6.897163268415003,0.053901551904620176,1.0,0.4353324618420587,-1.6020452249617583,0.03930976359874511,0.08968560620489344,0.2057079949458697,0.008682578257770886
run_1,4.4321608040201,True,0.7171920009487185,6.81851938633236,0.05585364797105645,1.0,0.43462955463198344,-1.563087767752265,0.03925803679380403,0.09042028908679521,0.20739310528801086,0.008753703847335209
run_1,4.50251256281407,True,0.739441323200455,6.739428289730825,0.057863669420084175,1.0,0.43389457631581113,-1.5240865963578982,0.039205080996623176,0.09117397107908258,0.20912179306769813,0.008826668765078618
run_1,4.572864321608041,True,0.7623404048645475,6.659944666713919,0.05993315624043648,1.0,0.4331263914800978,-1.4850824486047849,0.03915084297708008,0.09194567144989112,0.21089180882268274,0.008901378065094815
run_1,4.64321608040201,True,0.785905090394296,6.580125542625757,0.062063676833347105,1.0,0.4323238315605998,-1.4461179335695769,0.039095263190975046,0.09273428348855577,0.21270061413859118,0.008977724605308672
run_1,4.71356783919598,True,0.8101514336999597,6.500030280051061,0.0642568280125503,1.0,0.43148569423327426,-1.4072375331333884,0.03903827518488845,0.09353857120452909,0.2145453740773765,0.009055588727894278
run_1,4.783919597989949,True,0.8350955782278664,6.419719406194174,0.0665142256650107,1.0,0.430610724340915,-1.3684877045780637,0.03897980318976808,0.09435718483578921,0.21642299274828303,0.009134839760663751
run_1,4.8542713567839195,True,0.8607522199769148,6.339238344371729,0.06883739406283086,1.0,0.42969735393402214,-1.3299181111077902,0.03891973688522114,0.095188913345791,0.2183306924491794,0.009215360461620062
run_1,4.92462311557789,True,0.8871380826619826,6.258649345277511,0.07122804851982673,1.0,0.42874420804064484,-1.2915783578269606,0.038857979709248314,0.09603217313594149,0.22026484094848303,0.009296997520557772
run_1,4.994974874371859,True,0.914270434698821,6.178018999640007,0.0736879617877243,1.0,0.4277499060157758,-1.2535195933392331,0.03879442860274914,0.09688520790844223,0.2222214099019151,0.009379580908040447
run_1,5.0,True,0.9162374739094464,6.172259786705321,0.07386636664216245,1.0,0.4276772702626976,-1.2508132619185843,0.038789817465218056,0.09694646573763882,0.2223619143345883,0.009385511356842739
run_1,5.06532663316583,True,0.942166207742593,6.097409964471075,0.07621889261466727,1.0,0.4267129259268334,-1.2157953424322174,0.03872896038742359,0.09774621832202993,0.22419627223826377,0.00946293642753877
run_1,5.135678391959798,True,0.9708419966878707,6.016880963065944,0.07882258574521679,1.0,0.4256316001352361,-1.178461495919468,0.03866143079045821,0.09861335970914278,0.226185196923347,0.00954688549442648
run_1,5.206030150753769,True,1.0003140596686404,5.936486785003199,0.08150077192035188,1.0,0.42450411112086267,-1.1415762806133585,0.038591673447503805,0.09948473946917354,0.2281838429810302,0.009631244883617872
run_1,5.276381909547739,True,1.030598318058297,5.856278286144802,0.08425516787746898,1.0,0.4233284875927152,-1.1052002064763775,0.03851949888706008,0.10035841411093961,0.23018775270966785,0.009715826443245553
run_1,5.346733668341709,True,1.061710356469646,5.776302388636082,0.08708747635038203,1.0,0.4221026009276175,-1.0693959877821364,0.03844469349983566,0.10123238592096433,0.23219234404028413,0.009800436772112476
run_1,5.417085427135678,True,1.093665422754906,5.696602080905732,0.08999938606932281,1.0,0.42082416197712985,-1.0342284349168167,0.03836701849720736,0.10210459923667956,0.23419290198857928,0.009884876858895922
run_1,5.4874371859296485,True,1.1264784280057063,5.617216417665812,0.09299257176094074,1.0,0.4194907182811,-0.9997643132705997,0.03828620886357955,0.10297293630526032,0.2361845691565175,0.009968941681235991
run_1,5.557788944723618,True,1.1601639465530857,5.538180519911754,0.09606869414830255,1.0,0.4180996517242852,-0.9660721655176983,0.038201972308247914,0.103835212709434,0.23816233524070352,0.010052419762902332
run_1,5.628140703517588,True,1.194736215967496,5.459525574922351,0.09922939995089292,1.0,0.41664817667038073,-0.9332220934666609,0.038113988223319774,0.10468917234148063,0.2401210255044645,0.010135092687220678
run_1,5.698492462311558,True,1.2302091370587982,5.381278836259767,0.10247632188461388,1.0,0.41513333860545765,-0.9012854955958342,0.03802190665534623,0.10553248190589269,0.2420552881688386,0.010216734564868319
run_1,5.768844221105528,True,1.2665962738762662,5.3034636237695345,0.10581107866178528,1.0,0.4135520133203406,-0.870334756375694,0.03792534729959368,0.10636272493013958,0.24395958067532447,0.010297111454048543
run_1,5.839195979899498,True,1.3039108537085833,5.22609932358055,0.10923527499114434,1.0,0.41190090665881074,-0.8404428835385886,0.03782389852733625,0.10717739526215085,0.24582815477134012,0.010375980730973676
run_1,5.909547738693467,True,1.342165767083845,5.149201388105084,0.11275050157784616,1.0,0.41017655485574045,-0.8116830895961632,0.03771711645820218,0.10797389003303938,0.24765504036912525,0.010453090408577299
run_1,5.9798994974874375,True,1.381371854882203,5.072774919263904,0.1163581550262409,1.0,0.40837521643417535,-0.7841298569525967,0.03760451316546767,0.1087496126515766,0.2494342817797134,0.010528189107541155
run_1,6.0,True,1.392748404136502,5.051019256181615,0.11740593932418954,1.0,0.40784575347885993,-0.7764906772422968,0.03757118870018431,0.10896716273601903,0.24993326699668034,0.010549250409494568
run_1,6.050251256281407,True,1.4215323981101673,4.996777917446047,0.120058863433003,1.0,0.4064922049664474,-0.7578632129411081,0.03748549490899907,0.10950255116427657,0.25116126427243574,0.01060108204807469
run_1,6.1206030150753765,True,1.4626601497336533,4.921174510381988,0.12385427447932967,1.0,0.40452273194929383,-0.7329532169897881,0.03735945035661131,0.11023031611276013,0.2528305072499813,0.010671537903655742
run_1,6.190954773869347,True,1.5047666961912234,4.845917462784846,0.12774592472962434,1.0,0.40246163964352627,-0.7094691524937142,0.03722571560884167,0.11093048779854908,0.2544364607546325,0.01073932242017949
run_1,6.261306532663316,True,1.5478604022299307,4.770942277880207,0.13173502274815563,1.0,0.4003033013830657,-0.6874799970389546,0.03708356350112539,0.1116007050293203,0.25597370902170835,0.010804207007596819
run_1,6.331658291457287,True,1.591946410905323,4.696167197406109,0.13582244909905783,1.0,0.39804161681390776,-0.6670528698426583,0.03693220333073075,0.11223864706898871,0.257436929079251,0.010865966992478772
run_1,6.402010050251256,True,1.6370266435814407,4.62149320161306,0.14000875634633037,1.0,0.39567000480948156,-0.6482513596341447,0.03677078066068214,0.11284201572560558,0.2588208496638126,0.010924379883923065
run_1,6.472361809045227,True,1.6830997999308177,4.546804009264021,0.14429416905383835,1.0,0.3931813934638109,-0.6311337427174362,0.036598377188992275,0.11340851777389027,0.26012021090377724,0.010979223671856907
run_1,6.542713567839196,True,1.730161357934479,4.471966077634422,0.14867858378531196,1.0,0.39056820654757624,-0.615751105239258,0.03641401066930136,0.11393584796574767,0.26132972535131954,0.011030275182263462
run_1,6.613065326633166,True,1.7782035738819453,4.396828602512145,0.15316156910434722,1.0,0.38782234581739067,-0.602145388330353,0.03621663486738982,0.11442167295295261,0.2624440411065614,0.011077308520716351
run_1,6.683417085427136,True,1.827215482371229,4.32122351819754,0.15774236557440527,1.0,0.38493516859927523,-0.5903473796873342,0.036005139537151,0.11486361653430817,0.26345770797961743,0.011120093644138195
run_1,6.7537688442211055,True,1.8771828963088342,4.244965497503415,0.16241988575881267,1.0,0.38189746012741116,-0.5803746801821258,0.035778350399651146,0.1152592467470728,0.26436514788275967,0.011158395111105144
run_1,6.824120603015075,True,1.9280884069097608,4.16785195175504,0.16719271422076148,1.0,0.37869940021264575,-0.5722296790670558,0.03553502911007255,0.11560606545019032,0.26516063093792286,0.011191971073386058
run_1,6.894472361809045,True,1.9799113836975002,4.089663030790144,0.17205910752330925,1.0,0.37533052394566785,-0.5658975761032772,0.035273873199859127,0.11590150119425183,0.26583825912284464,0.011220572585674401
run_1,6.964824120603015,True,2.0326279745040354,4.010161622958918,0.17701699422937867,1.0,0.3717796763104675,-0.5613444932673803,0.03499351598550494,0.11614290633808735,0.2663919596575166,0.011243943326441788
run_1,7.0,True,2.059313040430576,3.969839919139868,0.1795295105971107,1.0,0.3699323260585699,-0.5597188461103734,0.03484569221129329,0.11624249969790079,0.2666203926382821,0.011253585086999874
run_1,7.035175879396984,True,2.086211105469845,3.9290933551240164,0.18206397490175813,1.0,0.3680349607974718,-0.5585157223698662,0.034692526441417904,0.11632755955103269,0.2668154907435251,0.01126181984018563
run_1,7.105527638190955,True,2.1406304810438996,3.84618659266055,0.18719732210310128,1.0,0.36408368236454974,-0.5573341577220825,0.03436940904243912,0.11645267502878845,0.2671024627020693,0.011273932429628255
run_1,7.175879396984925,True,2.195849221991708,3.761180401117603,0.19241358876250936,1.0,0.3599131915797635,-0.5576982029883654,0.03402267873381028,0.11651515545498416,0.2672457713525869,0.011279981239609911
run_1,7.2462311557788945,True,2.251815055378957,3.673846298806121,0.19770759859279705,1.0,0.3555119221450871,-0.5594800391701972,0.03365095645463844,0.11651161455432428,0.2672376497419309,0.011279638440487698
run_1,7.316582914572865,True,2.3084730772061013,3.583895145795628,0.20307396291361726,1.0,0.35086634449391285,-0.5625269035565904,0.03325272675140311,0.11643932739457676,0.26707184781092735,0.011272640228086633
run_1,7.3869346733668335,True,2.3657617347716475,3.4910720513516535,0.20850661439993098,1.0,0.345963740478966,-0.5666586536304603,0.032826574736986955,0.11629526718545904,0.26674142314165117,0.011258693574967763
run_1,7.457286432160804,True,2.4236123744093816,3.395161891399492,0.21399875424620954,1.0,0.3407925420861583,-0.5716691967084868,0.03237122390763231,0.11607622315505124,0.266239011325455,0.011237487642194467
run_1,7.527638190954773,True,2.481949241488362,3.2959893085242142,0.21954285216643357,1.0,0.33534252618358584,-0.5773291091983555,0.031885562411543965,0.11577899961448924,0.26555728254904426,0.011208713051040056
run_1,7.597989949748744,True,2.5406894804129254,3.193418711970658,0.22513064639409405,1.0,0.3296050317043391,-0.5833892701990758,0.03136867118702205,0.11540063593397924,0.26468944614394446,0.011172083179147111
run_1,7.668341708542714,True,2.5997431346226807,3.0873542776434344,0.2307531436821915,1.0,0.32357319851824473,-0.5895854493635245,0.03081985357452296,0.11493864439782897,0.26362979614429655,0.01112735718757731
run_1,7.7386934673366845,True,2.659013146592514,2.9777399481069255,0.23640061930323628,1.0,0.31724222592876056,-0.5956437455884634,0.03023866586585374,0.11439126148713999,0.26237428764309717,0.011074364347810296
run_1,7.809045226130653,True,2.7183953578325855,2.864559432585287,0.2420626170492487,1.0,0.3106096473007626,-0.6012867305672993,0.02962494811691237,0.11375770660106092,0.26092113020994406,0.011013029088879142
run_1,7.8793969849246235,True,2.7777785336901415,2.747836242831321,0.24772795199347164,1.0,0.3036756156869697,-0.6062401155495308,0.028978854382123012,0.11303843940237156,0.2592713781534691,0.010943395911325537
run_1,7.949748743718593,True,2.837048865675203,2.6276670805151134,0.2533852413101901,1.0,0.29644410615712885,-0.6102409434225088,0.02830095194311762,0.1122349136771505,0.25742836595990676,0.010865605558039356
run_1,8.0,True,2.8792466963234045,2.5398423790353086,0.2574143439563972,1.0,0.29110227737178684,-0.6123797917884748,0.027797921066910834,0.11161071087266454,0.2559966589917112,0.01080517568608992
run_1,8.020100502512562,True,2.8960811643623616,2.504273259659789,0.2590219832857508,1.0,0.2889256721063165,-0.6130461018475081,0.02759246710092825,0.11134966100176828,0.2553979001964563,0.01077990311416729
run_1,8.090452261306533,True,2.954745582779248,2.377931431696387,0.26462520216457086,1.0,0.2811351459566174,-0.6144402488482036,0.0268550861352383,0.11038697807020637,0.2531898360042179,0.010686704548149786
run_1,8.160804020100501,True,3.0129145495920704,2.248962345214453,0.2701821946597621,1.0,0.2730910717770393,-0.6142426587583183,0.0260908929736315,0.10935286173362897,0.2508179281012695,0.010586590422818907
run_1,8.231155778894472,True,3.0704627691056223,2.117730845962025,0.2756805299531323,1.0,0.26481585296625804,-0.6123122068342637,0.025302372764242693,0.10825500751168,0.2482998273680924,0.01048030575127508
run_1,8.301507537688442,True,3.1272672212632737,1.9846458768456534,0.2811080496951836,1.0,0.25633585346348925,-0.6085510648456995,0.024492409930490906,0.1071027419757796,0.24565692575806383,0.010368753450827547
run_1,8.371859296482413,True,3.183207161646975,1.8501604779303844,0.28645286800511366,1.0,0.2476814459681938,-0.6029070487054419,0.02366428048107138,0.10590688333433201,0.24291403652778004,0.010252980846069997
run_1,8.442211055276383,True,3.238164121477258,1.7147717864397687,0.2917033714708153,1.0,0.238887002597741,-0.5953746152697048,0.022821638560124743,0.10467952651624235,0.24009890129241612,0.010134158862540932
run_1,8.512562814070352,True,3.2920219076132327,1.5790210367558606,0.2968482191488765,1.0,0.2299908257350823,-0.5859945587918672,0.021968497449576366,0.10343375163488926,0.23724152134215284,0.010013553802747922
run_1,8.582914572864322,True,3.3446688841500545,1.4434772940468203,0.3018765614485895,1.0,0.22103418832077493,-0.5748511541704694,0.021109130157468618,0.10218328790612557,0.2343733867854342,0.00989249480963937
run_1,8.653266331658292,True,3.3960125030057036,1.3086504416308484,0.30677946087825064,1.0,0.21205641636537462,-0.5620608597194048,0.020247607197903104,0.10094210355147942,0.23152653592768183,0.009772334164608817
run_1,8.723618090452263,True,3.4459683935051704,1.175067506303731,0.31154884922525594,1.0,0.2030983174862596,-0.5477721825462236,0.019388094784604827,0.09972376940024753,0.2287320955929482,0.009654385676999567
run_1,8.793969849246231,True,3.494462816078883,1.0432257547509578,0.3161777206073505,1.0,0.1941996770542743,-0.5321561263411383,0.018534625100780012,0.09854128263574363,0.2260198768583119,0.009539907620753536
run_1,8.8643216080402,True,3.541433785632009,0.9135829502047579,0.32066023664435217,1.0,0.18539832253725294,-0.5153987220520398,0.017691004317144647,0.09740665372685897,0.22341742761666813,0.009430062744727232
run_1,8.93467336683417,True,3.586831071544446,0.7865573524441105,0.32499172645815105,1.0,0.1767297058836567,-0.49769460849761077,0.016860769551781736,0.09633051900474056,0.22094914396061666,0.009325880765744435
run_1,9.0,True,3.627542789954322,0.6712801632940556,0.3288755135438626,1.0,0.1688277699834798,-0.4805799055038587,0.016104653501786633,0.09539147673263504,0.21879530332622396,0.009234970882208784
run_1,9.00502512562814,True,3.6306161976708258,0.6625277177947466,0.32916868667270915,1.0,0.16822653841559757,-0.4792411324041879,0.01604715291802164,0.0953218250309779,0.21863554623142636,0.00922822781187659
run_1,9.075376884422111,True,3.6727624423405136,0.5418332991291429,0.3331887814140611,1.0,0.15991848340768638,-0.4602331032436349,0.015253052920692638,0.09438759607271102,0.21649274568675028,0.009137783911410593
run_1,9.145728643216081,True,3.7132544348426895,0.4247717655774962,0.33705079152821094,1.0,0.1518318475718248,-0.44085812366484706,0.014481008719027445,0.09353283458569889,0.21453221624294505,0.009055033358487348
run_1,9.21608040201005,True,3.7520882961667734,0.3115753896727675,0.34075457258711156,1.0,0.14398831259104736,-0.4212900761500095,0.013733092490208517,0.09276070984786161,0.2127612271356657,0.00898028297495627
run_1,9.28643216080402,True,3.78927240791655,0.20242088700120733,0.3443011802176099,1.0,0.13640514613741472,-0.4016867944717547,0.013010928614909071,0.09207247326013308,0.2111826486490958,0.008913653910542496
run_1,9.35678391959799,True,3.824822269463202,0.097446316041633,0.3476923398079791,1.0,0.12909627710955882,-0.3821907952075762,0.012315800495294132,0.0914676832519576,0.20979546797195517,0.008855103416235697
run_1,9.42713567839196,True,3.8587600934103903,-0.003248717377625429,0.3509304015742706,1.0,0.1220723185998025,-0.36292814733919365,0.011648657927506467,0.09094439232930446,0.20859521822143856,0.008804442952647627
run_1,9.49748743718593,True,3.8911148055942517,-0.09960306007872968,0.3540183405603143,1.0,0.11534058350800128,-0.3440077366768391,0.011010123303436386,0.09049935845105898,0.20757446326809953,0.008761358653630926
run_1,9.567839195979898,True,3.921922045083397,-0.191594011534319,0.35695975663771795,1.0,0.10890512717893491,-0.3255209388361864,0.010400500236061828,0.090128287272722,0.20672335335974348,0.008725434778201533
run_1,9.638190954773869,True,3.9512241641789134,-0.2792373238675275,0.3597588745058681,1.0,0.10276681114802017,-0.307541626045087,0.009819783939864263,0.08982609157912484,0.20603022017102277,0.008696178826551675
run_1,9.708542713567839,True,3.979069145874102,-0.3625826023597568,0.3624204382208863,1.0,0.09692367547146029,-0.2901273062725487,0.009267699956945551,0.08958714910314493,0.20548216815107057,0.008673046499809505
run_1,9.77889447236181,True,4.005505096189693,-0.4416923718899175,0.36494917295567186,1.0,0.09137240523997867,-0.2733238071827035,0.008743844506547915,0.08940553503642613,0.20506560782328132,0.008655464209699369
run_1,9.84924623115578,True,4.0305837146466,-0.5166564680877803,0.3673501260018953,1.0,0.08610750152665589,-0.2571633664281817,0.008247610171019019,0.089275226174562,0.20476672402428564,0.00864284884209811
run_1,9.919597989949748,True,4.054357817242002,-0.5875775433745973,0.3696284300971784,1.0,0.08112223050118031,-0.24166797136093304,0.007778275273316813,0.08919021507066098,0.20457173773304438,0.008634618808387753
run_1,9.989949748743719,True,4.076880908174912,-0.6545690484551527,0.3717892618983946,1.0,0.07640883736556135,-0.22685062118809096,0.007335025568267654,0.08914464085641534,0.20446720612947486,0.008630206710410513
run_1,10.0,True,4.079999520500694,-0.663825592141975,0.3720886664386945,1.0,0.07575719376753778,-0.22478958606385124,0.007273782215516861,0.08914101894787788,0.20445889871455458,0.008629856068812046
run_1,10.06030150753769,True,4.098207179846168,-0.7177552323177518,0.3738378419816691,1.0,0.07195862726016276,-0.2127161720324318,0.006916963284111523,0.0891329015577353,0.2044402802079616,0.00862907021388901
run_1,10.13065326633166,True,4.118391512858434,-0.7772711422342266,0.3757794348423786,1.0,0.0677620381465648,-0.19926212208998004,0.006523115109253495,0.08914974492340359,0.20447891310711208,0.008630700841664497
run_1,10.201005025125628,True,4.137489475582013,-0.8332626213562527,0.37761934885603887,1.0,0.06380870585377427,-0.18647933323500393,0.006152439179932676,0.08919033914085776,0.2045720223074872,0.008634630819782206
run_1,10.271356783919597,True,4.155555510709579,-0.8858773350999323,0.3793627711827145,1.0,0.060088065301911416,-0.1743544037837503,0.005803880832679449,0.08925026741929691,0.20470947720710744,0.00864043255307498
run_1,10.341708542713567,True,4.172641384623303,-0.9352589239479187,0.3810146235460512,1.0,0.0565897773717088,-0.16287152150201542,0.005476412379797319,0.08932552130453554,0.20488208378802256,0.008647717977965715
run_1,10.412060301507537,True,4.188797962930355,-0.9815532239736882,0.38257972793038936,1.0,0.05330335552478451,-0.15201169845798781,0.00516899856189177,0.08941252624680622,0.20508164326007422,0.00865614103771905
run_1,10.482412060301508,True,4.20407467492832,-1.0249042506918473,0.3840627600347828,1.0,0.050218423559906224,-0.14175394401120747,0.004880619912978581,0.08950810517885349,0.20530086852154586,0.008665394156390052
run_1,10.552763819095478,True,4.218519513605191,-1.0654541990581317,0.38546824927299883,1.0,0.04732474236805648,-0.13207568389274624,0.004610275184138657,0.08960946831676904,0.2055333607657795,0.00867520725143001
run_1,10.623115577889449,True,4.2321790356393745,-1.1033434434694047,0.3868005787735185,1.0,0.04461223144135465,-0.12295312029327046,0.004356983208324729,0.0897141980159873,0.20577357474602798,0.008685346267576013
run_1,10.693467336683417,True,4.245098361399686,-1.1387105377636588,0.38806398537953607,1.0,0.04207098588446786,-0.11436153999419195,0.004119784294300288,0.08982023011975884,0.20601677599525522,0.008695611371172784
run_1,10.763819095477388,True,4.257321113820426,-1.1716917977496666,0.3892625547945893,1.0,0.03969131290527222,-0.10627565081009205,0.0038977433222057863,0.08992582860769961,0.20625898267861068,0.00870583449586632
run_1,10.834170854271356,True,4.26888824632087,-1.2024155987785197,0.3904001200624764,1.0,0.03746408297719155,-0.09867091344848643,0.0036899814194795897,0.0900295118088134,0.20649679635143084,0.008715872199192202
run_1,10.904522613065327,True,4.279838127247495,-1.2310036666272595,0.39148026557784976,1.0,0.035380670607496154,-0.09152353992249539,0.0034956704064126867,0.09013003990280707,0.20672737329154678,0.00872560445256194
run_1,10.974874371859297,True,4.290207544915237,-1.2575735407670663,0.39250642295438304,1.0,0.03343277669060517,-0.08481003008309083,0.0033140158621352343,0.09022639646821179,0.2069483821770082,0.008734932854912985
run_1,11.0,True,4.29377699211527,-1.2665953644041035,0.392860453472928,1.0,0.03276841600228772,-0.08251308558717321,0.003252060697447685,0.09025963707693022,0.20702462472316024,0.008738150920762642
run_1,11.045226130653266,True,4.300031736935827,-1.2822384093859276,0.3934818746884477,1.0,0.03161243719533901,-0.07850731690133489,0.003144257596018835,0.09031776283832185,0.20715794526740963,0.008743778150074358
run_1,11.115577889447236,True,4.309344390217794,-1.30510710938864,0.39440975415911295,1.0,0.02991202491516012,-0.07259287666500425,0.002985669550756265,0.09040349671148631,0.20735458934324175,0.008752078156001639
run_1,11.185929648241206,True,4.318177640966463,-1.3262841263968037,0.3952930456281456,1.0,0.028324250084954823,-0.06704482088983703,0.002837559606288775,0.09048311186806192,0.20753719918354382,0.008759785801149212
run_1,11.256281407035177,True,4.326562074683955,-1.3458695947488273,0.3961345842400104,1.0,0.026842160112293248,-0.06184197272408648,0.0026992693102800077,0.09055625911623823,0.20770497386216707,0.008766867279811245
run_1,11.326633165829147,True,4.334526741323952,-1.3639592681502468,0.3969370579467614,1.0,0.025459138818554865,-0.056963929169035456,0.002570173553905703,0.09062270763750241,0.20785738396067432,0.008773300246152258
run_1,11.396984924623116,True,4.342098701244838,-1.3806423356601831,0.3977029703074167,1.0,0.02416903381608428,-0.052391536551255856,0.0024496918681916357,0.09068230547125151,0.20799408093360483,0.0087790699886719
run_1,11.467336683417086,True,4.349302737991765,-1.3960008537326924,0.3984346114802414,1.0,0.022966199922702265,-0.04810709832175664,0.002337292260170823,0.09073496140344071,0.20811485556725007,0.008784167676821815
run_1,11.537688442211056,True,4.356162439123455,-1.4101131294173297,0.3991341588734015,1.0,0.021845269993700487,-0.04409363486223675,0.002232469930570059,0.09078065598582365,0.2082196632540087,0.008788591427792394
run_1,11.608040201005025,True,4.362700296005572,-1.4230539711076928,0.39980368685140183,1.0,0.02080113502315198,-0.04033484795588196,0.0021347452723989363,0.09081943165471251,0.2083086013282142,0.008792345349897306
run_1,11.678391959798995,True,4.368937703810727,-1.4348946885414249,0.4004451667350861,1.0,0.01982894240115222,-0.03681514396327129,0.0020436635659533122,0.0908513825355861,0.2083818856814051,0.008795438555544552
run_1,11.748743718592964,True,4.374894961518467,-1.4457030928002106,0.40106046680163704,1.0,0.018924094097921097,-0.03351965281106648,0.0019587946760264608,0.0908766451279125,0.2084398293965061,0.008797884259422241
run_1,11.819095477386934,True,4.380591271915288,-1.4555434963097802,0.40165135228457594,1.0,0.01808224482125595,-0.03043424348072952,0.0018797327554884579,0.09089538982160006,0.20848282328947856,0.008799698957195352
run_1,11.889447236180905,True,4.386044741594625,-1.464476712839905,0.40221948537376323,1.0,0.017299300183656573,-0.027545536581280197,0.001806095958330213,0.09090781319272648,0.20851131823836752,0.008800901679645418
run_1,11.959798994974875,True,4.391272427724145,-1.4725601369459809,0.4027664303512557,1.0,0.016571407916888766,-0.02484088865199738,0.001737525508315019,0.09091413114389857,0.2085258094496418,0.008801513328579978
run_1,12.0,True,4.39416435087316,-1.4768180022535713,0.4030700120796171,1.0,0.016178824671581746,-0.023373531037807215,0.0017004902731083684,0.09091508165016741,0.20852798958474958,0.008801605348307701
run_1,12.030150753768845,True,4.396289855145541,-1.4798459195995601,0.40329361153434573,1.0,0.015895069968101406,-0.022308785151121144,0.0016736957793022553,0.09091455394349288,0.20852677920677998,0.008801554260349525
run_1,12.100502512562814,True,4.401111191335547,-1.486381736825948,0.403802327301551,1.0,0.015267094858844652,-0.019938694987700085,0.0016143098762424503,0.09090928849141379,0.2085147020671418,0.008801044505198462
run_1,12.170854271356784,True,4.405749950466076,-1.4922130865786682,0.4042938153586984,1.0,0.014684445347762363,-0.017720557323155597,0.0015590856331011193,0.0908985543937201,0.20849008173164363,0.008800005323470247
run_1,12.241206030150753,True,4.410219008443939,-1.4973833344144643,0.4047692541703151,1.0,0.014144234239705017,-0.015644775076031583,0.0015077551676045521,0.09088258058054512,0.20845344328742815,0.00879845887818392
run_1,12.311557788944723,True,4.414530602910846,-1.5019337134933,0.4052297629596292,1.0,0.013643723329843063,-0.013702218274109274,0.001460064727520705,0.09086160188696492,0.20840532536554995,0.008796427904023588
run_1,12.381909547738694,True,4.4186963332434015,-1.5059033245783588,0.4056764017085692,1.0,0.013180322401399564,-0.01188422671886909,0.0014157745457020626,0.09083585595095192,0.20834627302594555,0.008793935407025333
run_1,12.452261306532662,True,4.422727160553111,-1.509329136036044,0.4061101711577647,1.0,0.012751588279775156,-0.010182612081661737,0.001374658703906088,0.09080558040338166,0.2082768313122737,0.008791004392538179
run_1,12.522613065326633,True,4.426633407686376,-1.5122459838359785,0.40653201280654566,1.0,0.012355223944237074,-0.008589659531952345,0.0013365050052571706,0.09077101032599727,0.20819753942135844,0.008787657619126385
run_1,12.592964824120603,True,4.430424763889173,-1.514686586332641,0.40694280935696475,1.0,0.011989076717369622,-0.007098125585131919,0.0013011147657935687,0.09073237609615338,0.20810892575977147,0.00878391738991634
run_1,12.663316582914574,True,4.434110275051759,-1.5166814420355146,0.4073433849621303,1.0,0.01165114228887536,-0.0057012535625973046,0.0012683031241731428,0.09068989972515117,0.20801149954522952,0.008779805198106092
run_1,12.733668341708544,True,4.437697856687258,-1.5182571683732533,0.4077344608069223,1.0,0.011339670725127603,-0.004393141143371878,0.0012379086316822174,0.09064377583106953,0.20790570716480058,0.008775339884920807
run_1,12.804020100502512,True,4.441194898093297,-1.519438600282283,0.4081167095692971,1.0,0.011053031773096984,-0.003168281706486553,0.001209780978361308,0.09059419155632616,0.20779197785895184,0.008770539567857324
run_1,12.874371859296483,True,4.444608467037803,-1.5202494749942037,0.4084907743060543,1.0,0.010789670030637535,-0.0020214119728683153,0.0011837768925160928,0.09054133226675466,0.20767073679327658,0.008765422192419107
run_1,12.944723618090453,True,4.447945309759006,-1.5207124320357877,0.40885726845283715,1.0,0.010548104549999581,-0.0009475123604739791,0.001159760084582205,0.09048538052040433,0.20754240269327448,0.008760005432284421
run_1,13.0,True,4.450517485372307,-1.5208461802092663,0.40914029848186345,1.0,0.010372674808804471,-0.00015180540213070528,0.0011421993634193643,0.0904393656154381,0.2074368602964644,0.008755550670474812
run_1,13.015075376884422,True,4.451211850965439,-1.520849013228982,0.40921677582413224,1.0,0.010326928467546114,5.81927606468425e-05,0.0011376011945659935,0.09042651512737479,0.20740738568793537,0.00875430659828774
run_1,13.085427135678392,True,4.454414193835938,-1.5206796626909074,0.4095698506132695,1.0,0.010124808658696048,0.0010002348951239567,0.0011171777428835615,0.09036491029339891,0.2072660853454122,0.008748342555508897
run_1,13.15577889447236,True,4.457558120019639,-1.5202237268338579,0.4099170173924225,1.0,0.009940485416950307,0.0018829013154901856,0.00109837408440647,0.090300734840251,0.20711888888490504,0.008742129647799808
run_1,13.226130653266331,True,4.460649089635981,-1.5194994543653009,0.4102587711126082,1.0,0.00977277215568866,0.002710235009287057,0.001081081365508682,0.0902341514964266,0.2069661695497241,0.008735683629114283
run_1,13.296482412060302,True,4.463692241274708,-1.518523996287878,0.4105955771036869,1.0,0.009620555131334639,0.003486034669401182,0.001065197483903531,0.09016531625190383,0.20680828512733374,0.008729019601041634
run_1,13.366834170854272,True,4.466692352959915,-1.5173132657247406,0.4109278676684655,1.0,0.009482801958415426,0.004213824712127654,0.0010506278438128685,0.0900943762027949,0.20664557300572284,0.008722151804144648
run_1,13.437185929648242,True,4.469653551931084,-1.5158808994291584,0.4112560166608138,1.0,0.009358626431379925,0.004896632565828562,0.001037291198258003,0.09002145736416588,0.2064783222201967,0.008715092438103058
run_1,13.507537688442211,True,4.472579703708812,-1.5142396383410153,0.41158037381078727,1.0,0.00924720139491383,0.005537286426654498,0.0010251117529692167,0.08994667939843191,0.20630680723526007,0.008707853087588341
run_1,13.577889447236181,True,4.475474519620819,-1.512401692156427,0.41190127463132603,1.0,0.009147735172566063,0.006138496099265497,0.0010140170231283027,0.08987015918341677,0.2061312961285209,0.008700445067692122
run_1,13.64824120603015,True,4.478341536388527,-1.5103786648877948,0.41221903866538,1.0,0.00905947606421856,0.006702837228106435,0.0010039382323855633,0.08979200967693333,0.20595204798642786,0.008692879314004752
run_1,13.71859296482412,True,4.481184116127054,-1.5081815548638042,0.4125339694859089,1.0,0.008981712224597323,0.007232751328699236,0.000994810294872618,0.08971233964469452,0.20576931228019116,0.008685166356274029
run_1,13.78894472361809,True,4.484005446345219,-1.5058207547294278,0.4128463546958821,1.0,0.008913771549794542,0.007730545827687252,0.000986571798220667,0.08963125341034026,0.20558332829243037,0.008677316294204977
run_1,13.859296482412061,True,4.486808539945543,-1.5033060514459229,0.4131564659282789,1.0,0.00885502157118496,0.008198394109762731,0.0009791649874994293,0.08954885062568736,0.20539432459020668,0.008669338775217457
run_1,13.92964824120603,True,4.489596235224244,-1.5006466262908327,0.4134645588460882,1.0,0.008804869356120132,0.008638335570223326,0.0009725357499929378,0.08946522605941215,0.20520251854033295,0.008661242973988239
run_1,14.0,True,4.49237119587124,-1.4978510548579858,0.4137708731423087,1.0,0.008762761414787924,0.009052275672166567,0.0009666336007307731,0.0893804694025088,0.20500811586316228,0.0086530375736172
run_2,0.0,True,0.08,15.0,0.0,1.0,0.44926726620403495,-4.321984361550994,0.0435036362943677,0.06544538800750523,0.1501092551542994,0.006335851727279068
run_2,0.07035175879396985,True,0.0825695672433656,14.975326812004578,0.0002487648372150982,1.0,0.4494898957450889,-4.307960422117236,0.04350681798797773,0.06529975990774615,0.1497752342820897,0.0063217532846616435
run_2,0.1407035175879397,True,0.08522301861634461,14.94994494047189,0.0005055407389049517,1.0,0.449717846853455,-4.293514768281058,0.04351000793788922,0.0651508386432592,0.14943366002041353,0.0063073360265544715
run_2,0.21105527638190955,True,0.08796319676370958,14.923836757050033,0.0007705922139551218,1.0,0.4499511858815229,-4.278635671854501,0.04351320162562331,0.0649985953775663,0.14908446622828875,0.006292597161261224
run_2,0.2814070351758794,True,0.09079302948835319,14.896984344849164,0.0010441914332867466,1.0,0.4501899752212532,-4.26331119639604,0.04351639414858607,0.0648430053724584,0.14872759616475542,0.0062775342938442375
run_2,0.35175879396984927,True,0.0937154759583182,14.869368894979097,0.001326614085233165,1.0,0.45043427403704445,-4.247529215555629,0.043519580030718145,0.06468405067430967,0.14836300865035873,0.006262145686190031
run_2,0.4221105527638191,True,0.09673362307439151,14.840971443219095,0.0016181471078462778,1.0,0.4506841372610044,-4.231277322631501,0.043522753450804696,0.0645217164835148,0.14799066973988428,0.006246429905529886
run_2,0.49246231155778897,True,0.0998506875429812,14.81177288713633,0.001919088854073946,1.0,0.4509396150720978,-4.214542840726112,0.043525908223855554,0.06435599166401149,0.14761055389102767,0.006230385873767362
run_2,0.5628140703517588,True,0.10307001587611635,14.781753986085864,0.002229749091759989,1.0,0.45120075237042084,-4.197312835685497,0.043529037776357894,0.06418686937210856,0.14722264540671054,0.006214012928355965
run_2,0.6331658291457287,True,0.10639508439144721,14.750895361210654,0.0025504490036441824,1.0,0.4514675882285054,-4.179574130022189,0.04353213512099828,0.06401434771682185,0.14682693994966436,0.0061973108862271
run_2,0.7035175879396985,True,0.10982949921224495,14.719177495441562,0.0028815211873622557,1.0,0.4517401553187875,-4.161313317888453,0.04353519283086727,0.0638384304531225,0.14642344613250396,0.006180280110904323
run_2,0.7738693467336684,True,0.11337699626740216,14.686580733497333,0.003223309655445911,1.0,0.452018479316335,-4.142516781170377,0.043538203013161025,0.06365912770954632,0.14601218718661374,0.0061629215829441435
run_2,0.8442211055276382,True,0.11704144129143215,14.653085281884621,0.003576169835322792,1.0,0.45230257827591835,-4.123170706777435,0.043541157282397124,0.06347645675162636,0.14559320271319992,0.006145236973844902
run_2,0.9145728643216081,True,0.12082682982446954,14.618671208897972,0.003940468569316508,1.0,0.4525924619824611,-4.103261105205445,0.04354404673316086,0.06329044278266653,0.14516655051999033,0.00612722872357069
run_2,0.9849246231155779,True,0.12473728721227006,14.58331844461982,0.004316584114646634,1.0,0.452888131273886,-4.082773830455548,0.04354686191240215,0.0631011197833719,0.14473230854705812,0.006108900121837028
run_2,1.0,True,0.12559192024396282,14.575618788688669,0.004398754898203798,1.0,0.45295224104000703,-4.0783071745854675,0.04354745455038091,0.0630601240549178,0.14463827841827276,0.006104931272925823
run_2,1.0552763819095479,True,0.12877706860621038,14.547006780920507,0.0047049061434286865,1.0,0.45318957733534576,-4.061694601395572,0.043549592791302855,0.06290853139188125,0.14429057688531427,0.006090255393307952
run_2,1.1256281407035176,True,0.13295055896328833,14.509715871458265,0.0051058357426741465,1.0,0.4534967809637897,-4.040009024654339,0.04355222873673651,0.06271273182573467,0.1438414798911849,0.0060712997868528715
run_2,1.1959798994974873,True,0.13726227304612298,14.471425231679227,0.005519785414290474,1.0,0.45380971180180285,-4.017702619143465,0.043554758482343074,0.06251378684730055,0.14338516840096946,0.006052039669010791
run_2,1.2663316582914574,True,0.14171688503400937,14.432114533878712,0.005947181475051285,1.0,0.4541283272956244,-3.9947608256714386,0.04355717020392738,0.06231177358167331,0.1429218193131603,0.006032482506360752
run_2,1.3366834170854272,True,0.14631946183672262,14.391765512408746,0.006388483169283224,1.0,0.4544525718899533,-3.971168804253601,0.043559452261495706,0.062106772228928235,0.14245161657920055,0.006012636063174633
run_2,1.407035175879397,True,0.15107501598701706,14.35035701682581,0.0068441466758081045,1.0,0.4547823819250245,-3.9469115999606257,0.04356159151173709,0.0618988853129132,0.1419747953536046,0.005992510264917291
run_2,1.4773869346733668,True,0.15598870779278506,14.307867654560827,0.007314641196808429,1.0,0.45511768006620473,-3.9219742121763286,0.043563574066883604,0.06168823080005176,0.14149162621085468,0.005972116532069084
run_2,1.5477386934673367,True,0.16106592668954942,14.264276678718932,0.007800455514678017,1.0,0.45545837355187707,-3.8963416014691714,0.04356538557863613,0.06147494021233065,0.1410024108172418,0.0059514675974417855
run_2,1.6180904522613067,True,0.16631229124046315,14.21956398807948,0.008302097992021982,1.0,0.45580435346848946,-3.869998725948453,0.04356701122693327,0.061259160099640664,0.1405074853079104,0.005930577648717782
run_2,1.6884422110552764,True,0.1717336491363095,14.173710127096042,0.008820096571656746,1.0,0.45615549400625843,-3.842930579943064,0.04356843570967733,0.06104105359025363,0.1400072238431203,0.005909462478553733
run_2,1.758793969849246,True,0.17733607719550232,14.1266962858964,0.009354998776610066,1.0,0.45651165169505825,-3.815122235118868,0.04356964323343649,0.06082080202143008,0.13950204234830088,0.00588813964244179
run_2,1.8291457286432162,True,0.18312588136408525,14.078504300282566,0.009907371710120965,1.0,0.45687266461996734,-3.7865588841537123,0.04357061750512845,0.06059860665161762,0.1389924024412465,0.005866628624469702
run_2,1.899497487437186,True,0.1891095967157327,14.029116651730757,0.010477802055639808,1.0,0.45723835161589127,-3.7572258870910806,0.04357134172467961,0.06037469045507699,0.13847881554837266,0.00584495101106087
run_2,1.9698492462311559,True,0.19529398745174903,13.978516467391415,0.011066896076828254,1.0,0.4576085114406432,-3.7271088204966505,0.04357179857863938,0.06014929999892968,0.13796184721001883,0.00582313067269372
run_2,2.0,True,0.19800759679358143,13.956455445508594,0.01132523271248278,1.0,0.4577684663043871,-3.7139579663726745,0.04357190812598737,0.06005231926625042,0.13773940669908272,0.005813741843910427
run_2,2.0402010050251254,True,0.20168604690106906,13.926687520089196,0.011675279617559263,1.0,0.4579829219258021,-3.6961935295426596,0.04357197023471408,0.05992270740162163,0.13744212157249205,0.005801193953503084
run_2,2.1105527638190957,True,0.20829299752025798,13.873614228322973,0.012303598101917123,1.0,0.45836133910465304,-3.6644661831480922,0.04357183833716948,0.05969521237058695,0.13692032606176782,0.005779169868549028
run_2,2.1809045226130657,True,0.21512229089351118,13.819281656265833,0.012952516534197414,1.0,0.4587434963164592,-3.6319133323024215,0.043571384003033294,0.05946714431540959,0.13639721623035791,0.005757090308394736
run_2,2.251256281407035,True,0.222181607732654,13.763675513765092,0.013622719498907011,1.0,0.4591291032862931,-3.59852197170212,0.043570587819009764,0.05923886453108428,0.13587362076496123,0.005734990250470799
run_2,2.321608040201005,True,0.22947885787714276,13.706782156342268,0.014314911160764127,1.0,0.4595178451796277,-3.5642796048284824,0.04356942983899727,0.059010768443938016,0.13535044663783696,0.005712907976505741
run_2,2.3919597989949746,True,0.23702218029406363,13.648588585193105,0.015029815264698277,1.0,0.4599093816308561,-3.5291743125943738,0.04356788958207724,0.05878328791043188,0.13482868437946677,0.005690885295075968
run_2,2.462311557788945,True,0.24482002319697543,13.589083646645472,0.015768182057708413,1.0,0.4603033453350955,-3.4931948483376556,0.04356594651178251,0.05855689057992408,0.134309406616952,0.005668967479914039
run_2,2.532663316582915,True,0.2528815511541885,13.528262947400687,0.016530823100175198,1.0,0.4606993427460145,-3.4563305845161434,0.04356358221354886,0.058332068172255745,0.13379374118681933,0.005647202135046756
run_2,2.6030150753768844,True,0.26121583486819944,13.466115812294175,0.0173185410679304,1.0,0.461096959672951,-3.4185711791693403,0.04356077529644068,0.05810937004675591,0.13328294813079522,0.005625642444653476
run_2,2.6733668341708543,True,0.2698322338057361,13.402632668241708,0.018132163389676142,1.0,0.4614957531498846,-3.379907111348007,0.043557504077765555,0.05788939043488577,0.13277839041187434,0.005604345937042065
run_2,2.7437185929648242,True,0.27874049960307695,13.337806739444646,0.018972551229370454,1.0,0.4618952504209697,-3.340329821351243,0.04355374730598217,0.05767276727499845,0.1322815312416586,0.005583374371840505
run_2,2.814070351758794,True,0.28795077606605146,13.271634047389965,0.019840599486227357,1.0,0.4622949490101498,-3.299831793921603,0.04354948423372212,0.057460184970819665,0.13179394040736475,0.005562794007048938
run_2,2.884422110552764,True,0.29747359917004024,13.204113410850232,0.02073723679471679,1.0,0.4626943168368617,-3.2584066444422315,0.0435446946918071,0.05725237706584273,0.1313173004059687,0.00554267585795126
run_2,2.9547738693467336,True,0.3073198970599746,13.135246445883615,0.021663425524564642,1.0,0.4630927923779577,-3.216049208126914,0.0435393591635222,0.057050128781548255,0.13085341226600997,0.0055230959428434236
run_2,3.0,True,0.31382572436583894,13.090265818597185,0.022274899508563827,1.0,0.4633482104326426,-3.188325273452357,0.04353563209315565,0.0569234359510198,0.13056282240165107,0.005510830647861208
run_2,3.0251256281407035,True,0.3175009900503368,13.06503756583389,0.022620161780752768,1.0,0.4634897848756208,-3.1727556321862287,0.04353345885831264,0.05685427935903055,0.1304042009184791,0.005504135509729282
run_2,3.0954773869346734,True,0.32802859062516027,12.993493981330428,0.02360847540351893,1.0,0.46388467459076294,-3.1285234709456025,0.04352697578397731,0.05666572413498956,0.1299717199584304,0.005485881237300021
run_2,3.1658291457286434,True,0.33891480343802904,12.920625700288209,0.02462942996835688,1.0,0.46427681310114327,-3.083351783883597,0.04351989281634518,0.056485416274158956,0.12955815561857742,0.0054684254026527495
run_2,3.2361809045226133,True,0.3501721253120785,12.846445527907804,0.02568412278601629,1.0,0.4646655236432688,-3.0372412365511723,0.043512193765329055,0.056314368071507234,0.12916582975609514,0.005451866007358239
run_2,3.306532663316583,True,0.3618134452399945,12.770969066675393,0.026773684902502776,1.0,0.46505010149699816,-2.9901942043251504,0.04350386343616969,0.05615365172917289,0.1287972016346427,0.005436306852677022
run_2,3.3768844221105527,True,0.37385204438401415,12.694214716362755,0.027899281099077914,1.0,0.4654298144117273,-2.942214878941661,0.043494887684599574,0.05600439950561199,0.12845486826645672,0.005421857553998556
run_2,3.4472361809045227,True,0.3863015960759258,12.616203674027267,0.029062109892259252,1.0,0.4658039030730466,-2.893309377746538,0.043485253464578065,0.05586780312816598,0.12814156306498328,0.005408633483971159
run_2,3.517587939698492,True,0.399176165817068,12.536959934011911,0.030263403533820222,1.0,0.4661715816088941,-2.8434858555914615,0.04347494886717723,0.055745112355977955,0.1278601525487016,0.005396755633376103
run_2,3.5879396984924625,True,0.4124902112783305,12.456510287945273,0.03150442801079024,1.0,0.4665320381344047,-2.792754619295236,0.04346396314912934,0.05563763257829835,0.12761363083246108,0.005386350378616503
run_2,3.6582914572864325,True,0.4262587243341917,12.374886873813074,0.03278649890776104,1.0,0.466884439946655,-2.7411282305603613,0.04345228809551081,0.0555467165995915,0.1274051007853362,0.00537754868642299
run_2,3.728643216080402,True,0.4404977024974408,12.292133765216047,0.034111030050701874,1.0,0.4672279511344092,-2.688621318258473,0.04343992179421114,0.055473747389825745,0.12723773446571293,0.005370484443887221
run_2,3.798994974874372,True,0.455223147432349,12.208287849481865,0.03547942020358211,1.0,0.4675617011873252,-2.635250633341407,0.04342685867420882,0.0554201678039652,0.12711484128760112,0.005365297335643895
run_2,3.8693467336683423,True,0.47045156903988783,12.123390009174678,0.03689311474035403,1.0,0.4678848009643053,-2.5810354036537677,0.043413095089051355,0.05538745367252076,0.12703980629959583,0.005362130238732575
run_2,3.9396984924623117,True,0.48620007379709046,12.037486847698556,0.03835361584089544,1.0,0.46819634821485506,-2.5259974507872767,0.043398630260349305,0.05537710259203477,0.12701606447409675,0.005361128137390173
run_2,4.0,True,0.5001261389651538,11.96309492066722,0.03964390833154706,1.0,0.468453502426916,-2.478185754654057,0.04338567523340698,0.05538717370977701,0.12703916416116234,0.0053621031351812395
run_2,4.010050251256281,True,0.5024863647570524,11.950630689297485,0.03986248249100964,1.0,0.46849543051615483,-2.4701612964034583,0.04338346631084717,0.055390624303079984,0.12704707863774073,0.005362437191532716
run_2,4.080402010050251,True,0.5193287415489303,11.862879579055377,0.04142133048242538,1.0,0.4687811283296274,-2.413554268802635,0.04336760827164191,0.055429529440517565,0.12713631366835526,0.005366203647653439
run_2,4.150753768844221,True,0.5367461003779435,11.774297282896056,0.043031832412796976,1.0,0.469052518175717,-2.3562066097575625,0.043351064060773964,0.05549531665706658,0.12728720696084694,0.00537257259223907
run_2,4.2211055276381915,True,0.5547579340253719,11.684953287583273,0.044695717685704156,1.0,0.4693086759270114,-2.2981515816669598,0.043333844430452365,0.05558945816699086,0.12750313526938128,0.0053816865522356705
run_2,4.291457286432161,True,0.5733843318485583,11.59492280072069,0.04641477251065221,1.0,0.4695486802217078,-2.239425575122763,0.043315962880259774,0.05571338380798253,0.12778737815081467,0.005393683952059188
run_2,4.361809045226131,True,0.592645979780907,11.504286750751893,0.04819083990307191,1.0,0.4697716160020227,-2.1800682170223227,0.043297435533820386,0.05586846377442333,0.12814307836072272,0.005408697441980397
run_2,4.4321608040201,True,0.6125641603318831,11.413131786960394,0.05002581968431939,1.0,0.4699765781853716,-2.1201224793940168,0.0432782809766097,0.05605599023213355,0.12857319968394532,0.005426852118225231
run_2,4.50251256281407,True,0.6331607525870158,11.321550279469609,0.05192166848167655,1.0,0.4701626754801788,-2.059634789138005,0.04325852005284479,0.05627715808078983,0.1290804828101767,0.005448263660559839
run_2,4.572864321608041,True,0.6544582322078939,11.229640319242886,0.05388039972835054,1.0,0.4703290343630491,-1.9986551389119018,0.043238175619722284,0.056533045182845555,0.12966739998589535,0.005473036418227075
run_2,4.64321608040201,True,0.6764796714321685,11.137505718083492,0.055904083663474054,1.0,0.4704748032398099,-1.9372371994132271,0.043217272257678914,0.056824592423723584,0.13033610927929085,0.005501261479548259
run_2,4.71356783919598,True,0.6992487390735529,11.045256008634608,0.05799484733210534,1.0,0.47059915681972936,-1.875438433320076,0.04319583593583946,0.057152584004720196,0.13108840937895008,0.005533014764053992
run_2,4.783919597989949,True,0.7227897005218227,10.953006444379337,0.06015487458522815,1.0,0.4707013007400663,-1.8133202111511104,0.04317389363240262,0.05751762839481519,0.1319256959038482,0.005568355178404529
run_2,4.8542713567839195,True,0.7471275699330562,10.860874288665503,0.06238643080203723,1.0,0.4707804671720589,-1.7509470465477897,0.0431514710723362,0.057920150991121196,0.13284894456893886,0.005607323905838489
run_2,4.92462311557789,True,0.7722884857192922,10.76897696046695,0.06469192091803683,1.0,0.47083591676766734,-1.6883854885686467,0.04312859164412683,0.05836039061464349,0.13385870314762988,0.005649944066922882
run_2,4.994974874371859,True,0.7982989831361048,10.677451061669192,0.06707376779722643,1.0,0.47086699386590875,-1.6257086825801774,0.04310528540291251,0.05883833157948408,0.13495493566185565,0.0056962141430858555
run_2,5.0,True,0.8001901016987214,10.670931367033036,0.06724688711311487,1.0,0.4708682645814141,-1.621229365608466,0.043103605081390974,0.05887390791582798,0.13503653556541326,0.005699658333714673
run_2,5.06532663316583,True,0.8251863641366246,10.586435117350177,0.06953447360382844,1.0,0.47087308446530646,-1.5629934534119683,0.04308157947407839,0.05935373392880409,0.13613709173299593,0.005746110903798901
run_2,5.135678391959798,True,0.8529787399668415,10.496068191642657,0.07207662680827423,1.0,0.47085361270526355,-1.5003203619760768,0.04305749649963888,0.05990613010941076,0.13740409895451988,0.005799589084639356
run_2,5.206030150753769,True,0.8817050311656063,10.406489887734145,0.07470290218720424,1.0,0.4708080413857444,-1.437774071240208,0.04303305375439803,0.06049482057477269,0.1387543528068125,0.005856580961612695
run_2,5.276381909547739,True,0.9113949675646288,10.317840347866946,0.07741606082346777,1.0,0.47073587322400917,-1.3754437275814704,0.04300826224149112,0.06111887201369383,0.14018571259436052,0.005916996179668183
run_2,5.346733668341709,True,0.9420790882884795,10.230260253338145,0.0802189501061232,1.0,0.4706366530337389,-1.3134233552919425,0.042983125775774365,0.061777118280198794,0.1416955035785904,0.005980721842722273
run_2,5.417085427135678,True,0.9737887417545887,10.143890824499602,0.0831145037304379,1.0,0.47050997103207487,-1.2518122613019003,0.04295764006507094,0.06246816405583179,0.14328052537792482,0.006047622868210442
run_2,5.4874371859296485,True,1.0065560856732476,10.058873820757956,0.08610574169788827,1.0,0.47035546750092644,-1.1907154463715939,0.04293179180103998,0.06319039123971681,0.1449370666243872,0.0061175426057170955
run_2,5.557788944723618,True,1.0404140870476055,9.97535154057464,0.08919577031615959,1.0,0.4701728390500956,-1.1302440180635358,0.042905557773428686,0.06394196803598917,0.14666092580705048,0.006190303716741435
run_2,5.628140703517588,True,1.0753965221736739,9.893466821465848,0.09238778219914624,1.0,0.46996184675083397,-1.0705155997341413,0.04287890402371745,0.06472086069377606,0.14844743819952239,0.006265709311259998
run_2,5.698492462311558,True,1.1115379766403226,9.81336304000257,0.0956850562669515,1.0,0.46972232642880307,-1.0116547285670374,0.042851785056692855,0.06552484785158111,0.15029150876104003,0.006343544336424876
run_2,5.768844221105528,True,1.1488738453292828,9.735184111810574,0.09909095774588775,1.0,0.4694542014243164,-0.9537932342974226,0.04282414313129394,0.06635153744502992,0.15218765091703396,0.006423577213424178
run_2,5.839195979899498,True,1.1874403324151448,9.659074491570397,0.10260893816847627,1.0,0.4691574981441404,-0.8970705887461318,0.0427959076551878,0.06719838615304233,0.15413003116197263,0.006505561720090854
run_2,5.909547738693467,True,1.2272744513653595,9.58517917301737,0.1062425353734474,1.0,0.4688323647418313,-0.8416342145819669,0.04276699471093447,0.06806272138047786,0.15611251948000493,0.006589239119070711
run_2,5.9798994974874375,True,1.2684140249402378,9.513643688941595,0.1099953735057405,1.0,0.4684790932709722,-0.7876397398691862,0.04273730674529443,0.06894176580300859,0.15812874564247334,0.0066743405340429565
run_2,6.0,True,1.280413352215703,9.49365882703701,0.11109003144355474,1.0,0.46837305013343944,-0.7725003271371318,0.04272866687229929,0.06919522503996559,0.1587100941290501,0.006698878246984389
run_2,6.050251256281407,True,1.3108977788014464,9.44456995213118,0.11387114241323186,1.0,0.46809782158289576,-0.7352514666288739,0.04270670176733724,0.06983279516344466,0.16017246113851918,0.006760602226184317
run_2,6.1206030150753765,True,1.354766046894367,9.377986112235376,0.11787366135502708,1.0,0.4676882863980565,-0.6846431630810038,0.04267497108782033,0.07073326880541062,0.16223783857452867,0.006847778231301208
run_2,6.190954773869347,True,1.400060433322393,9.313998511487387,0.12200693559823694,1.0,0.4672509537190988,-0.635997803673116,0.04264194451626815,0.07164040413543486,0.1643184956362375,0.006935599162960301
run_2,6.261306532663316,True,1.4468234474189468,9.252672925118265,0.12627501881498265,1.0,0.46678619016757555,-0.5895089795321776,0.04260740825970009,0.07255154279163466,0.16640833495400206,0.007023807661747294
run_2,6.331658291457287,True,1.495098501357808,9.194028256081827,0.13068200810882372,1.0,0.46629420693266893,-0.5453817299517911,0.042571099879118446,0.07346419670750583,0.16850164975732118,0.00711216285476131
run_2,6.402010050251256,True,1.5449299101531084,9.138036535054647,0.1352320440147574,1.0,0.46577505126708313,-0.5038330068718354,0.04253270777102176,0.07437607313954635,0.17059318127961373,0.007200442778571166
run_2,6.472361809045227,True,1.5963628916593366,9.08462292043606,0.1399293104992193,1.0,0.4652285993825624,-0.46509173035770784,0.042491870739994345,0.07528509674939363,0.1726781694070613,0.007288446517015316
run_2,6.542713567839196,True,1.6494435665713343,9.033665698348157,0.14477803496008282,1.0,0.464654548960103,-0.42939835640001617,0.04244817754117293,0.07618942845245795,0.17475239591090347,0.007375996025962167
run_2,6.613065326633166,True,1.704218958424299,8.98499628263579,0.14978248822665957,1.0,0.46405240888083704,-0.39700387308583,0.042401166230451856,0.0770874805659912,0.17681221919190782,0.007462937599813998
run_2,6.683417085427136,True,1.7607369935937833,8.938399214866571,0.15494698455969919,1.0,0.46342148310924663,-0.368168136896168,0.04235032311475179,0.07797792752118225,0.17885459885023933,0.007549142908558606
run_2,6.7537688442211055,True,1.819046501295692,8.89361216433087,0.1602758816513892,1.0,0.46276084491894365,-0.34315745809735065,0.04229508104458986,0.0788597110693307,0.18087710762663625,0.007634509501785649
run_2,6.824120603015075,True,1.8791972135862878,8.850325928041817,0.16577358062535544,1.0,0.46206929684360293,-0.32224134356858825,0.04223481673689463,0.07973203855055395,0.18287792743141806,0.007718960641077962
run_2,6.894472361809045,True,1.9412384847440294,8.808177350067105,0.17144439003093576,1.0,0.4613452444229077,-0.30568911999445075,0.042168841869021555,0.08059437181595917,0.18485582393575095,0.007802444227552861
run_2,6.964824120603015,True,2.0052131335761465,8.7666429617943,0.17729175522899868,1.0,0.4605855026890792,-0.2937724582125154,0.04209631497596387,0.0814465538740992,0.18681043705514427,0.00788494506266753
run_2,7.0,True,2.037944115404613,8.745911862081023,0.18028319126360562,1.0,0.46019084734917565,-0.28963394579629265,0.04205729188120832,0.0818689312624475,0.1877792257977782,0.007925835957916303
run_2,7.035175879396984,True,2.071181158475629,8.725091480205373,0.1833206396017134,1.0,0.45978542963727576,-0.28675052786956484,0.0420162519041356,0.08228890082049627,0.1887424918042224,0.007966493748033808
run_2,7.105527638190955,True,2.1392025289145224,8.682806600929428,0.1895358760164085,1.0,0.45893896044046445,-0.2848679798550739,0.04192753274201206,0.08312182548367154,0.19065293506990444,0.0080471302501089
run_2,7.175879396984925,True,2.209332498808527,8.63897539638446,0.195941691443411,1.0,0.45803815286668287,-0.28834544895502073,0.041828871821328106,0.08394569473440407,0.19254260832782458,0.008126890086122206
run_2,7.2462311557788945,True,2.281621606516997,8.592688315777346,0.2025417069560467,1.0,0.45707271490585294,-0.29736601743349717,0.04171878608971389,0.08476069054164605,0.19441192895229611,0.008205790872720753
run_2,7.316582914572865,True,2.356115674842944,8.542939185103842,0.2093389377306403,1.0,0.4560293984223706,-0.312060152402839,0.041595553282030295,0.08556663697639771,0.19626049342258334,0.008283815577993035
run_2,7.3869346733668335,True,2.4328558110330287,8.4886252071486,0.21633579304651468,1.0,0.4548912348651006,-0.33248927391331307,0.04145715789798915,0.0863627924464932,0.1980866007808184,0.00836089240745287
run_2,7.457286432160804,True,2.511878406777573,8.428546961485141,0.22353407628599212,1.0,0.4536365882895837,-0.35862819673499136,0.04130122290791916,0.08714760899632153,0.19988670054818455,0.008436871501537494
run_2,7.527638190954773,True,2.5932151382105464,8.361408404475885,0.23093498493439296,1.0,0.4522380010970101,-0.3903467849741125,0.041124925101682766,0.08791846337685043,0.20165477589186429,0.008511498900152575
run_2,7.597989949748744,True,2.676892965909579,8.285816869272121,0.23853911058003668,1.0,0.45066080935261355,-0.4273912635716888,0.040924892100593524,0.08867136730393954,0.2033816790570672,0.008584388492408881
run_2,7.668341708542714,True,2.7629341348959504,8.200283065814041,0.24634643891424116,1.0,0.44886150782442563,-0.46936574278220466,0.04069707931199819,0.08940066622998889,0.20505444045259202,0.008654992854320259
run_2,7.7386934673366845,True,2.851356174634596,8.103221080830702,0.25435634973132304,1.0,0.44678585066665344,-0.5157146293161501,0.040436625577987405,0.09009873632535531,0.2066555736302107,0.00872257391318696
run_2,7.809045226130653,True,2.942157857423327,7.993102784492314,0.26256637418906725,1.0,0.44436955478062273,-0.5656925344485126,0.040137921925520396,0.09075561469572659,0.2081622271302571,0.008786167148466606
run_2,7.8793969849246235,True,3.035294260991349,7.868674317516997,0.27096988663171745,1.0,0.44154108158475,-0.6183337607734624,0.039794870051653226,0.0913589386427057,0.20954604516625683,0.008844575711513678
run_2,7.949748743718593,True,3.1307072168853227,7.728648336754369,0.2795589494579697,1.0,0.43821509854911017,-0.6724858470498299,0.039400374350459,0.09189439628709663,0.2107742012000629,0.008896414050996209
run_2,8.0,True,3.200200952606786,7.618527961799031,0.2858014498185234,1.0,0.43548357016712663,-0.7113499408320253,0.03908291963961859,0.09222652005435349,0.21153597911657934,0.00892856737773947
run_2,8.020100502512562,True,3.2282996536384987,7.572051232437271,0.28832221490949045,1.0,0.4342986636806311,-0.7267987024378155,0.0389468719972467,0.09234603423042623,0.21181010361177832,0.008940137698001274
run_2,8.090452261306533,True,3.3279343604084004,7.39823799482158,0.29724481866631247,1.0,0.42969290632865126,-0.7797608565865973,0.03842651527806315,0.09269707183318014,0.21261526337451817,0.00897412209735258
run_2,8.160804020100501,True,3.429433986976819,7.2068922141862135,0.3063083798468345,1.0,0.4242955323825338,-0.8297544923065158,0.03783142459250484,0.09293084460987101,0.21315145787886422,0.008996753938893773
run_2,8.231155778894472,True,3.5325817099765757,6.998022201146684,0.3154910800597559,1.0,0.4180044214998734,-0.8751265631220949,0.037154028071838326,0.09303180175279842,0.21338301890995784,0.009006527729039602
run_2,8.301507537688442,True,3.637114687700169,6.77208041858132,0.32476748852146015,1.0,0.41072595744586404,-0.9142728336585979,0.03638777994093669,0.09298685548574949,0.21327992760170694,0.009002176423433712
run_2,8.371859296482413,True,3.7426788618156945,6.530386034850175,0.3341041894906412,1.0,0.4023957548101393,-0.9457349226969621,0.035528955280265825,0.09278793265037505,0.2128236669000695,0.008982918449289563
run_2,8.442211055276383,True,3.8488833572727006,6.274684037366054,0.34346508085561145,1.0,0.39297631883042206,-0.9683354005629211,0.03457641262044431,0.0924326775846234,0.21200883372490892,0.008948525751950688
run_2,8.512562814070352,True,3.9553146182437686,6.00703778514683,0.3528128444433447,1.0,0.3824617108539251,-0.981263910504648,0.033531927347203054,0.09192493024680627,0.21084423562247936,0.008899370082693123
run_2,8.582914572864322,True,4.061536408124527,5.729829008815425,0.3621089460194772,1.0,0.37088446953188076,-0.984134250037447,0.03240069762696242,0.0912750971341931,0.20935374152535863,0.00883645890782896
run_2,8.653266331658292,True,4.16708980953363,5.445757810599861,0.3713136352883059,1.0,0.3583213235639888,-0.9770147117459387,0.031191722463046644,0.09050026105802415,0.20757653353864666,0.008761446036165792
run_2,8.723618090452263,True,4.2714932243127715,5.157842664333213,0.38038594589278996,1.0,0.3448971060893291,-0.9604289967869543,0.029918008045899967,0.0896240183475123,0.2055667335418274,0.008676615858517894
run_2,8.793969849246231,True,4.374253513500207,4.8693316437928695,0.3892846442038748,1.0,0.33078241383168383,-0.9353184480691952,0.028596226219949325,0.08867550077219939,0.20339115981439143,0.00858478865875843
run_2,8.8643216080402,True,4.474949672061841,4.583050593219829,0.39797561768380685,1.0,0.3161612596109973,-0.9029013621329639,0.027243784974588847,0.08768451015559985,0.20111816750963807,0.008488849589542742
run_2,8.93467336683417,True,4.573200246375487,4.301654527549265,0.40642906127893064,1.0,0.3012338701652885,-0.8645849221291484,0.02587900625543423,0.0866811382705668,0.198816776825121,0.008391711873892545
run_2,9.0,True,4.661958165151108,4.0467618769624,0.4140444548008135,1.0,0.2872740721353207,-0.825011727288356,0.024616288428942732,0.08576275931869533,0.19671033075440625,0.008302802432820177
run_2,9.00502512562814,True,4.668680346449056,4.027458475695837,0.41462042743314564,1.0,0.2862009290758671,-0.821843138315774,0.024519741613630013,0.08569324669259827,0.19655089265120404,0.008296072826570852
run_2,9.075376884422111,True,4.761127773514907,3.76238668391065,0.42253091722437014,1.0,0.271252396374521,-0.7761145982108466,0.023182420459895197,0.08474486652839118,0.19437563409767675,0.00820425892975631
run_2,9.145728643216081,True,4.850343020029844,3.5079726157812723,0.43014748036454037,1.0,0.25655968746836727,-0.7287257655426441,0.02188142695817575,0.08385530485087278,0.19233528496244384,0.008118139325875594
run_2,9.21608040201005,True,4.93618900644886,3.265361207782425,0.43746277781628623,1.0,0.2422695544415475,-0.6808372616433654,0.020628652093392593,0.08303868089707873,0.1904622299286632,0.0080390809163267
run_2,9.28643216080402,True,5.018590489937923,3.0353236126986194,0.4444746301508204,1.0,0.22850053054878403,-0.6334145584343341,0.019433282608340492,0.08230393543914503,0.1887769760585848,0.007967949268696683
run_2,9.35678391959799,True,5.097538306920914,2.8182074808180686,0.4511863536511562,1.0,0.21533751330906167,-0.5872057131862074,0.01830143904025752,0.08165474602053575,0.1872879583745531,0.007905100410672414
run_2,9.42713567839196,True,5.173060715024052,2.61412583338265,0.45760426608882254,1.0,0.2028409102399671,-0.5427762445995916,0.017237044165196468,0.0810911154916484,0.18599518341440155,0.007850534618204522
run_2,9.49748743718593,True,5.245217338048037,2.4230020816598197,0.4637370536735353,1.0,0.1910493452407409,-0.5005295040670908,0.016242123591084314,0.08061015672856801,0.18489202910691008,0.007803972385133745
run_2,9.567839195979898,True,5.314099165968028,2.2445700269426396,0.46959577105319655,1.0,0.17998050367582735,-0.46072312320494013,0.01531693728229281,0.08020664621878978,0.1839665145074276,0.007764908016532853
run_2,9.638190954773869,True,5.379828554933668,2.078373860549746,0.4751938413138952,1.0,0.16963235122261172,-0.4234871815852207,0.014460132306262443,0.07987360989454072,0.18320264349841747,0.007732666343979882
run_2,9.708542713567839,True,5.442545731888336,1.9238495003008595,0.48054588857706215,1.0,0.15998918354111633,-0.3888578360069244,0.013669285831211185,0.07960323510750926,0.18258249654644065,0.007706491014998266
run_2,9.77889447236181,True,5.502393991994488,1.7804061974846042,0.48566640076022827,1.0,0.1510277863902108,-0.3568097267974834,0.012941437906327258,0.07938758841929988,0.18208787706706817,0.007685613983268899
run_2,9.84924623115578,True,5.559525428376243,1.647392877146464,0.49057032470972256,1.0,0.14271683792994255,-0.32726374870420494,0.0122730528616121,0.07921876120088366,0.18170064538004196,0.007669269604299192
run_2,9.919597989949748,True,5.614090404556781,1.5241650442007404,0.4952722162572288,1.0,0.13502184218607838,-0.30011118034129275,0.011660432905017105,0.07908932419097682,0.18140376131016242,0.0076567386418011476
run_2,9.989949748743719,True,5.66623753037932,1.4100849323558453,0.4997862381887541,1.0,0.12790611156013498,-0.27522303630958134,0.011099797710820215,0.07899243119431407,0.1811815220355317,0.007647358306853839
run_2,10.0,True,5.673498329196569,1.394497646999534,0.5004165699808396,1.0,0.12693465694841524,-0.27184427616855034,0.011023728828346334,0.07898087632989326,0.18115501914289978,0.007646239665648889
run_2,10.06030150753769,True,5.716113662007109,1.3045215041143239,0.5041261602446286,1.0,0.1213315605575581,-0.2524573900344344,0.01058734581493982,0.0789218894619756,0.18101972351586507,0.007640529071512906
run_2,10.13065326633166,True,5.763863901923435,1.20685045077284,0.5083053591195063,1.0,0.1152593430478334,-0.23166503698799365,0.010119301370274886,0.07887220410401441,0.18090576235981273,0.007635718968453806
run_2,10.201005025125628,True,5.809629719813449,1.1164622972103013,0.5123366921471917,1.0,0.10965080221569323,-0.2126952003928255,0.009691984915278493,0.07883860640076433,0.1808287007613822,0.007632466331825763
run_2,10.271356783919597,True,5.853539322743164,1.0328038441712397,0.5162318150075083,1.0,0.10447012737059717,-0.1954057074965916,0.009302019955783924,0.07881706271097852,0.18077928693215023,0.007630380659660053
run_2,10.341708542713567,True,5.8957142932523645,0.9553506482061698,0.5200016591250701,1.0,0.09968305822465393,-0.17965996181700092,0.008946219424688566,0.07880419060427551,0.1807497627378826,0.007629134494544818
run_2,10.412060301507537,True,5.936269476291443,0.883608407191942,0.5236564902533754,1.0,0.09525712085821098,-0.16532843930529054,0.008621597976008977,0.0787972052254201,0.1807337406766055,0.007628458231082498
run_2,10.482412060301508,True,5.975312647102456,0.8171144182668553,0.5272058885425143,1.0,0.09116182967660462,-0.152289784236327,0.00832538109320106,0.07879386487204537,0.1807260790525813,0.0076281348471994885
run_2,10.552763819095478,True,6.012944511219118,0.7554375778306599,0.5306587485391696,1.0,0.08736876334614317,-0.14043127343992295,0.008055004455687109,0.07879241428602708,0.18072275190618686,0.007627994414111545
run_2,10.623115577889449,True,6.049258704466796,0.6981783815445576,0.5340232791866152,1.0,0.08385160531212553,-0.12964899925924017,0.007808110992749884,0.07879152809119692,0.18072071927944378,0.007627908620456465
run_2,10.693467336683417,True,6.084341842824081,0.6449685260759062,0.5373070116267781,1.0,0.08058613559898263,-0.1198477837689943,0.007582544617619806,0.0787902551534874,0.18071779959728967,0.007627785385728531
run_2,10.763819095477388,True,6.118273678213263,0.5954662954624859,0.5405168789000293,1.0,0.07754997088091788,-0.11094027917085733,0.007376324536297063,0.0787879616244658,0.18071253902899617,0.0076275633462501895
run_2,10.834170854271356,True,6.151126473505636,0.5493601716563223,0.5436591406260312,1.0,0.07472274676773098,-0.10284731594221808,0.007187655041197213,0.07878428442375934,0.18070410479281995,0.007627207351746117
run_2,10.904522613065327,True,6.182967123063267,0.5063611292327298,0.5467395629960767,1.0,0.07208567774449197,-0.09549642381710002,0.0070148875206043,0.07877909613909052,0.18069220464873226,0.00762670506727075
run_2,10.974874371859297,True,6.213857554159242,0.46620051051730865,0.5497634638123364,1.0,0.06962142090637183,-0.08882125878609612,0.006856506567504376,0.07877247104779171,0.1806770089634369,0.007626063683707646
run_2,11.0,True,6.2246705665483395,0.45249741415944095,0.5508306714973437,1.0,0.06878013448254706,-0.0865893417380418,0.0068031605418289965,0.07876979859395342,0.18067087927168451,0.007625804960033098
run_2,11.045226130653266,True,6.243854726977676,0.42863002558594127,0.5527357124878574,1.0,0.06731405115985362,-0.08276134166564851,0.0067111251597388325,0.07876465281581717,0.18065907662299166,0.007625306790669522
run_2,11.115577889447236,True,6.273010634613705,0.3934217522647901,0.5556607300465644,1.0,0.06514903255273718,-0.07726177597660344,0.006577479852512044,0.07875602364578393,0.18063928426900425,0.007624471389680628
run_2,11.185929648241206,True,6.3013723030734905,0.3603681361303024,0.5585424891232588,1.0,0.06311318707816295,-0.07227295531179725,0.00645442606927185,0.07874707479154112,0.1806187586691756,0.007623605039654481
run_2,11.256281407035177,True,6.328982401401275,0.3292790542126951,0.5613845724197589,1.0,0.06119451104233587,-0.06774986683180641,0.006340921871019939,0.07873838571596861,0.18059882891244436,0.0076227638391337
run_2,11.326633165829147,True,6.35587992542489,0.2999771614853071,0.5641902494590985,1.0,0.05938190904744704,-0.06365120193000155,0.006236005416599404,0.07873061238607894,0.18058099956196863,0.00762201129312385
run_2,11.396984924623116,True,6.382099416884009,0.2723024978246461,0.5669623926894941,1.0,0.057665406095254855,-0.05993976377842868,0.006138810084181074,0.07872445658013559,0.18056688025619075,0.0076214153416762935
run_2,11.467336683417086,True,6.407672609379667,0.24610617708625376,0.5697036207330535,1.0,0.05603579992830618,-0.05658140895074235,0.006048536656722258,0.0787206645254929,0.1805581825845098,0.007621048228015738
run_2,11.537688442211056,True,6.432628485942156,0.22125013878923183,0.5724163036495582,1.0,0.054484629691256545,-0.05354484781977,0.005964449896638037,0.07872001285442687,0.18055668787477847,0.007620985138906253
run_2,11.608040201005025,True,6.45699327903102,0.19760714811624044,0.5751025629364658,1.0,0.053004157440042,-0.05080148321557651,0.005885876234707486,0.07872329440450104,0.18056421462421615,0.007621302829966519
run_2,11.678391959798995,True,6.4807904705350605,0.17506079591349613,0.5777642715289082,1.0,0.05158734979856682,-0.04832525406317804,0.005812201586705368,0.0787313044147321,0.1805825868381516,0.007622078289302968
run_2,11.748743718592964,True,6.504040791772331,0.15350549869077607,0.580403053799693,1.0,0.050227859862357865,-0.04609248474577482,0.005742869297933151,0.07874482709415362,0.18061360322291845,0.0076233874371952615
run_2,11.819095477386934,True,6.526762287366834,0.13284626354723061,0.5830202910917965,1.0,0.04891999791604222,-0.04408171343654225,0.005677377344361654,0.07876462358161673,0.18065900956977085,0.007625303960469183
run_2,11.889447236180905,True,6.54897173053939,0.11299306454475404,0.5856172454922729,1.0,0.04765844165507265,-0.04227291232812102,0.005615255801445054,0.07879144518867622,0.18072052912951855,0.007627900594557389
run_2,11.959798994974875,True,6.570683332681519,0.0938650666062886,0.5881949485435655,1.0,0.04643843272336149,-0.04064788077523075,0.005556081124181802,0.07882600672820518,0.1807998014375242,0.007631246541408479
run_2,12.0,True,6.582871267067778,0.08323189599427538,0.5896596150754017,1.0,0.04575827054851601,-0.03979533273124672,0.005523440728875499,0.07884949318350673,0.18085367130397112,0.007633520295188851
run_2,12.030150753768845,True,6.591909501237888,0.07538882521246429,0.5907542627493194,1.0,0.04525567483654244,-0.0391899470414313,0.005499468440259387,0.07886898519225492,0.18089837928116756,0.007635407341488909
run_2,12.100502512562814,True,6.612661426740681,0.05749628452043569,0.5932959318493656,1.0,0.044106226721716206,-0.03788366817701739,0.0054450632472963405,0.0789210219284384,0.1810177336917223,0.007640445084481467
run_2,12.170854271356784,True,6.632949082809606,0.0401247773638801,0.595820580819721,1.0,0.04298649382521022,-0.03671476708817922,0.005392540566150221,0.07898271677668228,0.1811592404960778,0.007646417841656737
run_2,12.241206030150753,True,6.652781226151888,0.023217025253000432,0.5983287158725882,1.0,0.04189322010867084,-0.03567007221701803,0.005341604137805954,0.07905462255685015,0.18132416767323883,0.007653379132212853
run_2,12.311557788944723,True,6.6721653965622725,0.0067211383745223105,0.6008207244563557,1.0,0.04082347993389534,-0.03473745988190665,0.0052919856616480835,0.07913723993602714,0.1815136635816386,0.00766137742637075
run_2,12.381909547738694,True,6.691107916923025,-0.009409384408303693,0.603296875255598,1.0,0.03977467003328979,-0.033905799297230546,0.0052434440726807485,0.07923101270669729,0.18172874612889825,0.0076704556882484865
run_2,12.452261306532662,True,6.709613893203931,-0.025215655555702703,0.6057573181910754,1.0,0.038744501560717015,-0.03316490026934624,0.005195764855124259,0.07933632350849934,0.18197029295900333,0.007680650961678941
run_2,12.522613065326633,True,6.72768726929653,-0.0407335768321323,0.6082020893993894,1.0,0.03773098394637771,-0.03250544678498601,0.0051487587748717195,0.07945349116466636,0.18223903534301042,0.007691994112347128
run_2,12.592964824120603,True,6.74533211525196,-0.055998104116297694,0.6106312256721473,1.0,0.0367322211895022,-0.03191855572402716,0.005102246610149184,0.07958279559854985,0.18253561532900076,0.007704512239990768
run_2,12.663316582914574,True,6.762551313106248,-0.0710390294604254,0.6130446405933001,1.0,0.0357466051933575,-0.031396151757760435,0.0050560733874341355,0.07972445046758572,0.18286052297379182,0.007718226029059533
run_2,12.733668341708544,True,6.779346970569627,-0.08588204664223968,0.6154421666887945,1.0,0.034772757971462565,-0.03093083551232781,0.005010104234189038,0.07987860834818312,0.1832141082352924,0.0077331502506707605
run_2,12.804020100502512,True,6.7957209365442885,-0.10055038486558011,0.6178236031039165,1.0,0.03380945138693101,-0.030515710905238243,0.004964218392581412,0.08004537170810498,0.18359660613937737,0.007749294824859649
run_2,12.874371859296483,True,6.811674801124377,-0.11506480876040362,0.6201887156032923,1.0,0.03285560353673853,-0.03014436895857532,0.004918308902982567,0.08022479405643845,0.184008139417525,0.007766664931909372
run_2,12.944723618090453,True,6.827209895595985,-0.1294436183827814,0.6225372365708874,1.0,0.031910275104207346,-0.029810871962678204,0.0048722822883272895,0.08041688137027087,0.18444872177912194,0.0077852611504694025
run_2,13.0,True,6.8391229688684545,-0.14065651852882846,0.624370668667229,1.0,0.031172967532705334,-0.029571801463572613,0.0048359835865427634,0.08057666754925676,0.184815216425143,0.007800730254847039
run_2,13.015075376884422,True,6.842327292437162,-0.143702649214901,0.624868865010007,1.0,0.03097266568667355,-0.02950973801071455,0.0048260582394887685,0.0806215937673362,0.18491826174793996,0.0078050796194865475
run_2,13.085427135678392,True,6.857027805317911,-0.15785527216506662,0.627183266543296,1.0,0.030042110105368492,-0.029235925920408235,0.004779569301819745,0.08083884739236562,0.18541656698877676,0.00782611222082497
run_2,13.15577889447236,True,6.871311989100184,-0.171912393567697,0.6294800734127388,1.0,0.029118074704770562,-0.02898482055579825,0.004732760563026242,0.08106851648374483,0.18594334904765836,0.007848346779341925
run_2,13.226130653266331,True,6.88518013983789,-0.1858824551833283,0.6317588844796596,1.0,0.028200153648939536,-0.028752218559048477,0.0046855893425551375,0.08131043558645701,0.18649822842757063,0.007871767277125588
run_2,13.296482412060302,True,6.898632294776887,-0.1997714341986112,0.6340192652247221,1.0,0.027288065222749472,-0.02853431450015385,0.004638024882709378,0.08156440187708167,0.18708073992120858,0.007896354078581183
run_2,13.366834170854272,True,6.911668293539815,-0.21358306471102878,0.6362607540515232,1.0,0.026381638449664083,-0.02832767007143072,0.004590047307491596,0.0818301794531299,0.18769034244923913,0.007922084345687004
run_2,13.437185929648242,True,6.92428860578242,-0.22732166939979911,0.6384829453505614,1.0,0.025480686597343684,-0.028128987506803593,0.004541638021215988,0.08210752651842848,0.18832648141424038,0.007948934669846228
run_2,13.507537688442211,True,6.936493583460662,-0.24098929954398013,0.6406854112781853,1.0,0.024585131125133816,-0.0279353363119101,0.004492789031258025,0.08239617483027077,0.18898854155952097,0.007976879082139307
run_2,13.577889447236181,True,6.9482835546161885,-0.2545863969192316,0.6428677166978486,1.0,0.023694969373145965,-0.027744084192404928,0.004443500389768483,0.0826958378512017,0.18967586566651642,0.008005889842508688
run_2,13.64824120603015,True,6.959658994142928,-0.26811245143251616,0.6450294373693549,1.0,0.022810243887905493,-0.027552839300322565,0.004393777780317897,0.08300621934207358,0.1903877742643097,0.008035938271663552
run_2,13.71859296482412,True,6.970620523787096,-0.2815660011221016,0.6471701599488586,1.0,0.02193104076685161,-0.027359445431714792,0.00434363230212443,0.08332701621186564,0.19112357216613884,0.008066995026974479
run_2,13.78894472361809,True,6.981168912147188,-0.29494463215755884,0.6492894819888644,1.0,0.02105748802193312,-0.027161976895591758,0.004293080253622106,0.08365792109380268,0.19188255437812898,0.008099030351870795
run_2,13.859296482412061,True,6.991305074673988,-0.308244978839763,0.6513870119382273,1.0,0.0201897539689986,-0.026958733095875105,0.004242142916335185,0.08399862463401314,0.19266401134868832,0.008132014297408483
run_2,13.92964824120603,True,7.001030073670563,-0.3214627236008932,0.653462369142153,1.0,0.019328045649289704,-0.026748232867215904,0.004190846339976627,0.08434881748435326,0.19346723353936257,0.008165916915198048
run_2,14.0,True,7.010345118292264,-0.3345925970044332,0.6555151838421978,1.0,0.01847260728896411,-0.026529208604598224,0.0041392211296419614,0.08470819199609338,0.1942915153095702,0.008200708421372441
run_3,0.0,True,0.12,20.0,0.0,1.0,0.4006220886211945,-5.3407849910441065,0.0416804934823393,0.08857212795953172,0.20315405806612202,0.008574781004535048
run_3,0.07035175879396985,True,0.12343343207178598,19.95435586574085,0.00035705713301719235,1.0,0.4013577795480161,-5.320758501347179,0.04172079155134392,0.08790675864508263,0.20162792925498219,0.008510365750098062
run_3,0.1407035175879397,True,0.12697174222893684,19.90758369408529,0.0007246976148475207,1.0,0.4021090526229075,-5.300102019484078,0.041761700708292576,0.08723083595440201,0.20007759462134347,0.008444928809808782
run_3,0.21105527638190955,True,0.1306185094512871,19.859660103230926,0.0011032644427154265,1.0,0.40287607828331673,-5.278795453718834,0.04180321315538098,0.08654451022898499,0.1985033989969892,0.008378484738419659
run_3,0.2814070351758794,True,0.13437742751935947,19.810561446402126,0.0014931110363162168,1.0,0.4036590182534705,-5.256818220179794,0.041845319856167115,0.08584796013627691,0.19690575218370912,0.008311050832954619
run_3,0.35175879396984927,True,0.1382521969466005,19.760262623497603,0.0018945928987701758,1.0,0.4044580384990885,-5.23414935813882,0.04188801136398799,0.08514138561549187,0.19528511277342883,0.008242646449784733
run_3,0.4221105527638191,True,0.14224669730641532,19.70873867469374,0.0023080811698291785,1.0,0.40527329037755067,-5.210767314102794,0.04193127656325123,0.0844250214416329,0.19364201925941588,0.008173294317778355
run_3,0.49246231155778897,True,0.1463649910186684,19.655964816679635,0.0027339629226482503,1.0,0.4061049094511207,-5.186649954475831,0.04197510259905552,0.08369913939935215,0.1919770950223688,0.00810302074875531
run_3,0.5628140703517588,True,0.1506113233496832,19.601916442657075,0.0031726411637855523,1.0,0.40695301468443756,-5.161774585336428,0.04201947483500881,0.08296405025045789,0.19029105284320297,0.008031855827963768
run_3,0.6331658291457287,True,0.15499012241224247,19.546569122340546,0.003624534833202412,1.0,0.4078177076126609,-5.136117974710561,0.042064376811998636,0.08222010575917268,0.18858469954829762,0.007959833610148076
run_3,0.7035175879396985,True,0.1595059991655881,19.489898601957247,0.004090078804263283,1.0,0.40869907147963286,-5.109656377538102,0.04210979020812111,0.08146770077055664,0.18685894077668513,0.007886992320763562
run_3,0.7738693467336684,True,0.164163747415421,19.43188080424707,0.00456972388373577,1.0,0.4095971703454169,-5.08236556354261,0.04215569479999061,0.0807072753360093,0.1851147858552231,0.007813374561749114
run_3,0.8442211055276382,True,0.16896834381390147,19.372491828462604,0.005063936811790628,1.0,0.4105120481626076,-5.054220848224082,0.042202068425665366,0.07993931687799953,0.1833533527637412,0.007739027521097421
run_3,0.9145728643216081,True,0.1739249478596488,19.311707950369147,0.00557320026200176,1.0,0.41144372782083116,-5.025197127206488,0.04224888694944103,0.07916436238411975,0.18157587316744894,0.0076640031852641954
run_3,0.9849246231155779,True,0.17903890189774152,19.24950562224469,0.006098012841346207,1.0,0.41239221015889266,-4.99526891418351,0.04229612422877991,0.07838300061812464,0.17978369748829914,0.007588358553221641
run_3,1.0,True,0.1801557478692062,19.235989761075594,0.006212544762792792,1.0,0.4125976407500211,-4.988735575243816,0.04230629831659613,0.0782147930317662,0.17939788702451714,0.007572074161624049
run_3,1.0552763819095479,True,0.1843157311197173,19.185861472879935,0.0066388890902041595,1.0,0.4133574729440731,-4.964410382716597,0.04234375208366022,0.07759587433282626,0.17797829998060982,0.0075121558506916685
run_3,1.1256281407035176,True,0.18976114356357296,19.12075230757828,0.007196359482358957,1.0,0.4143394698181279,-4.932595412152335,0.042391740268646526,0.07680368246645408,0.17616128376876025,0.00743546274277832
run_3,1.1959798994974873,True,0.1953810301137645,19.054155108155815,0.007770970424997071,1.0,0.415338129209594,-4.89979763793629,0.04244005644799996,0.07600718230041359,0.17433438579634847,0.007358352542863132
run_3,1.2663316582914574,True,0.20118148419420773,18.9860473036774,0.008363285771788135,1.0,0.4163533502156991,-4.865990501454996,0.04248866600138846,0.07520719328649178,0.17249948560448689,0.0072809045831218056
run_3,1.3366834170854272,True,0.20716922202529423,18.916412052611253,0.008973919378235641,1.0,0.4173849443710062,-4.831147105268287,0.04253752871751297,0.07440463072670364,0.17065868258180927,0.007203207475113216
run_3,1.407035175879397,True,0.21335088554876022,18.845227758536574,0.009603482009490433,1.0,0.41843275256132517,-4.795240282740074,0.04258660556735626,0.07360043748636375,0.1688141393376971,0.007125352498834531
run_3,1.4773869346733668,True,0.21973324029416055,18.77247168665738,0.010252596041512553,1.0,0.41949660109120906,-4.758242786469795,0.04263585621805945,0.07279561324286041,0.16696814878892757,0.007047436434332447
run_3,1.5477386934673367,True,0.22632339615117456,18.698123172,0.010921912329070457,1.0,0.4205762651648221,-4.72012735035644,0.04268523703933293,0.07199123603367862,0.16512318358344166,0.006969563647794855
run_3,1.6180904522613067,True,0.2331288073696057,18.622163619413076,0.01161211020574101,1.0,0.4216714684644382,-4.680866783501159,0.04273470120542746,0.07118846202958608,0.16328189558011058,0.006891846069592687
run_3,1.6884422110552764,True,0.24015727255938193,18.544576503567576,0.012323897483909468,1.0,0.4227818827658736,-4.640434070380363,0.04278419880807865,0.07038852493531594,0.16144711447410792,0.006814403136259252
run_3,1.758793969849246,True,0.24741693469055548,18.465347368956774,0.013058010454769514,1.0,0.4239071275944628,-4.598802477485491,0.042833676980721526,0.06959273496473557,0.15962184544629832,0.006737361691275003
run_3,1.8291457286432162,True,0.2549162810933029,18.384463829896266,0.013815213888323229,1.0,0.42504676992517987,-4.555945666614954,0.04288308003421877,0.06880247733353585,0.15780926570598436,0.006660855839142872
run_3,1.899497487437186,True,0.2626641434579251,18.301915570523953,0.014596301033381104,1.0,0.4262003239304953,-4.5118378149905345,0.04293234960428379,0.06801921020881072,0.15601271978794568,0.006585026746884428
run_3,1.9698492462311559,True,0.2706696978348475,18.21769434480006,0.015402093617562049,1.0,0.42736725077956833,-4.466453742356298,0.04298142481071801,0.06724446205173869,0.15423571345746273,0.006510022386781496
run_3,2.0,True,0.27418188211496414,18.181085797393735,0.015755205870374697,1.0,0.4278713111974975,-4.446606667208978,0.04300238195361566,0.06691542806542,0.15348102243781314,0.006478168185683144
run_3,2.0402010050251254,True,0.27894246463461947,18.131793976507126,0.016233441847293355,1.0,0.4285469584923882,-4.419769045202477,0.04303024242851146,0.06647982828732628,0.15248190607185125,0.006435997213969737
run_3,2.1105527638190957,True,0.2874923086279152,18.04421035925,0.01709122440781075,1.0,0.4297388018525021,-4.371760238238473,0.04307873707078509,0.06572696723403802,0.15075510124443053,0.006363111772380935
run_3,2.1809045226130657,True,0.29632943894553276,17.95494145645585,0.01797634846315834,1.0,0.43094208238199766,-4.322404903219798,0.043126841383473315,0.06498759522672037,0.14905923565818532,0.006291532222587019
run_3,2.251256281407035,True,0.30546440907839467,17.863987301374166,0.01888974965618866,1.0,0.43215604838244803,-4.271681845212288,0.043174486251564226,0.06426348086882822,0.14739836588234626,0.0062214297853507615
run_3,2.321608040201005,True,0.3149081168775483,17.771349997076737,0.019832392108562667,1.0,0.43337989504557334,-4.2195712563526495,0.04322160101662598,0.06355643835519853,0.14577665305712464,0.006152980095194953
run_3,2.3919597989949746,True,0.3246718045541644,17.677033716457686,0.02080526842074967,1.0,0.43461276463744086,-4.166054887138409,0.043268113705253256,0.06286831981501728,0.14419834533110695,0.0060863624591152325
run_3,2.462311557788945,True,0.3347670586911095,17.581044702476543,0.02180939967298482,1.0,0.43585374675773797,-4.111116225266732,0.04331395126786181,0.06220100663757003,0.14266775796550424,0.006021759016814908
run_3,2.532663316582915,True,0.34520640115763873,17.4834028466092,0.022845883770897014,1.0,0.4371017692192143,-4.054741297962292,0.0433590348505558,0.06155644261354196,0.14118934934891822,0.005959357949156606
run_3,2.6030150753768844,True,0.3560027991095959,17.38412862691449,0.023915853274499313,1.0,0.4383557311432426,-3.996917714859595,0.04340328628519583,0.06093656474988892,0.13976756231040413,0.005899346780261438
run_3,2.6733668341708543,True,0.3671692287205224,17.283235951862377,0.025020440927751065,1.0,0.43961456708940577,-3.9376346573698133,0.04344663113043624,0.06034327102777307,0.1384067501672426,0.005841909256113511
run_3,2.7437185929648242,True,0.3787192633960581,17.18074527435271,0.026160828865726383,1.0,0.44087712189199635,-3.876883995942196,0.04348899324435752,0.05977845877972872,0.13711126474898455,0.005787229059902438
run_3,2.814070351758794,True,0.39066707377394266,17.07668359171519,0.02733824861461423,1.0,0.44214215469626733,-3.8146605091709005,0.04353029536296644,0.0592440080211169,0.1358854181655298,0.005735488198320137
run_3,2.884422110552764,True,0.4030274277240148,16.9710844457094,0.028553981091718354,1.0,0.44340834329356776,-3.750962103572107,0.04357045968566816,0.058741764488956995,0.13473344390402886,0.005686865359528423
run_3,2.9547738693467336,True,0.415815690348212,16.86398792252478,0.029809356605457325,1.0,0.4446742887555122,-3.6857900330742583,0.043609408463834244,0.05827352264579996,0.1336594578456023,0.0056415342677422365
run_3,3.0,True,0.4242700791196509,16.794370871382668,0.030637957452217455,1.0,0.44548730110069684,-3.6431176041367044,0.043633769166940034,0.05799127146212098,0.13301207051643538,0.005614209169609516
run_3,3.0251256281407035,True,0.42904782398057195,16.75544065278064,0.031105754855364588,1.0,0.44593852036516896,-3.6191491172347283,0.0436470645881783,0.057841008935135975,0.13266741985899355,0.005599662062164236
run_3,3.0954773869346734,True,0.44274038818723077,16.64549581152615,0.03244460493208832,1.0,0.44719950084108934,-3.551047957181139,0.04368335217026414,0.05744586559520517,0.13176109667500702,0.005561407729979112
run_3,3.1658291457286434,True,0.4569105397664241,16.534213118240363,0.03382738531739155,1.0,0.4484556318479759,-3.481499148274552,0.04371819711311722,0.057089635347301354,0.13094402676673267,0.005526920624008687
run_3,3.2361809045226133,True,0.4715760327484866,16.42165883683219,0.03525562388415213,1.0,0.44970525978584736,-3.4105194885067966,0.04375152766559623,0.056773747270618576,0.13021948795129254,0.005496339095237738
run_3,3.306532663316583,True,0.4867552183958523,16.30790577564041,0.036730897896362705,1.0,0.45094668184782616,-3.3381301816737885,0.043783274954909836,0.0564995041566546,0.12959046838518337,0.0054697892685776255
run_3,3.3768844221105527,True,0.5024670452030545,16.193033287433668,0.03825483400913076,1.0,0.4521781523351172,-3.2643570344140973,0.043813373491444735,0.05626807160141684,0.12905964154554095,0.005447383986868797
run_3,3.4472361809045227,True,0.5187310588967255,16.077127269410475,0.03982910826867858,1.0,0.453397889216482,-3.189230646265041,0.043841761639907856,0.05608046904354516,0.12862934567467024,0.005429221943269988
run_3,3.517587939698492,True,0.535567402435597,15.960280163199222,0.04145544611234324,1.0,0.4546040809185472,-3.112786591967577,0.043868382050684204,0.05593756289247861,0.1283015680184188,0.005415387015987259
run_3,3.5879396984924625,True,0.5529968160105001,15.84259095485815,0.043135622368576716,1.0,0.4557948933326988,-3.035065595346345,0.04389318204528057,0.05584006181585388,0.12807793401708623,0.005405947812041009
run_3,3.6582914572864325,True,0.5710406370443648,15.724165174875374,0.04487146125694571,1.0,0.4569684770241693,-2.9561136941998307,0.043916113949768125,0.05578851417348243,0.1279597014198488,0.005400957418846016
run_3,3.728643216080402,True,0.5897211693436106,15.605121043106848,0.046664878546306944,1.0,0.458122935536155,-2.8759822284074477,0.043937134080022824,0.05578331989661625,0.12794778753171726,0.005400454554258357
run_3,3.798994974874372,True,0.6090619385114119,15.485592488253975,0.04851790381565397,1.0,0.4592563198959772,-2.7947277811911686,0.04395620269795158,0.05582473865642309,0.12804278794921506,0.00540446435737594
run_3,3.8693467336683423,True,0.629086578124986,15.365709388138626,0.05043255458802109,1.0,0.4603667643594129,-2.7124125583160854,0.0439732883211559,0.05591285521741545,0.12824489709303746,0.0054129950343596465
run_3,3.9396984924623117,True,0.6498195598890927,15.245610055661134,0.0524109261051678,1.0,0.4614524122725416,-2.6291041189223563,0.04398836493881154,0.056047610604237644,0.1285539796939625,0.005426040875729852
run_3,4.0,True,0.6681736546093617,15.142607056952297,0.05415903730879294,1.0,0.4623618352203863,-2.556961571378926,0.04399967300176012,0.05620009169370251,0.12890371897218428,0.005440802765046677
run_3,4.010050251256281,True,0.6712862242267277,15.125441759222806,0.054455194938961844,1.0,0.46251142230749315,-2.5448754904845012,0.04400141196967275,0.05622880989401606,0.12896958866582783,0.005443583010753831
run_3,4.080402010050251,True,0.6935127802791213,15.005360722725925,0.056567618991379034,1.0,0.4635419781872032,-2.4598052906967487,0.04401241423396699,0.05645612950540984,0.12949098182411076,0.005465590113108065
run_3,4.150753768844221,True,0.7165263059057404,14.885532125573757,0.05875053749450344,1.0,0.4645422984815604,-2.3739778432140737,0.04402136181761436,0.05672912457065313,0.13011713879486278,0.00549201911457509
run_3,4.2211055276381915,True,0.7403547476842847,14.766130102670552,0.061006371010527104,1.0,0.46551064645821466,-2.2874832886839553,0.04402824982335633,0.05704723596468832,0.13084677713712828,0.0055228158855428755
run_3,4.291457286432161,True,0.7650269209106905,14.647337744421534,0.0633376214317503,1.0,0.46644533997708876,-2.200417692728205,0.0440330780042825,0.057409796632546486,0.13167836685578338,0.005557915847566619
run_3,4.361809045226131,True,0.7905725095991286,14.529347096732907,0.06574687198058149,1.0,0.46734476142468845,-2.112883152728496,0.04403585027628782,0.05781603694930247,0.13261014269543298,0.005597244492272853
run_3,4.4321608040201,True,0.8170220664820055,14.412359161011864,0.06823678720953717,1.0,0.4682073676926102,-2.0249879054235413,0.044036574107179025,0.05826508896180458,0.1336401138694827,0.005640717792006722
run_3,4.50251256281407,True,0.8444070130099629,14.296583894166556,0.07081011300124213,1.0,0.4690317002140864,-1.936846437422835,0.04403525978146597,0.05875598949223181,0.13476607117863384,0.005688242500291329
run_3,4.572864321608041,True,0.8727596393518771,14.182240208606139,0.07346967656842915,1.0,0.4698163950828469,-1.848579600771991,0.04403191954132571,0.05928768222450433,0.13598559179639272,0.005739716353815801
run_3,4.64321608040201,True,0.902113104394859,14.069555972240732,0.07621838645393922,1.0,0.4705601932897081,-1.7603147356481859,0.044026566605799726,0.059859019039593495,0.13729604233181364,0.0057950282017083625
run_3,4.71356783919598,True,0.9325014357442558,13.958768008481446,0.07905923253072147,1.0,0.4712619511237607,-1.6721858021042293,0.044019214071966704,0.06046876100919995,0.1386945811086552,0.005854058101735581
run_3,4.783919597989949,True,0.9639595297236492,13.850122096240359,0.0819952860018332,1.0,0.4719206507962632,-1.5843335224989008,0.04400987370361256,0.061115579594567954,0.14017816091504914,0.005916677436361119
run_3,4.8542713567839195,True,0.9965231513748568,13.743872969930532,0.08502969940043983,1.0,0.4725354113556066,-1.496905535823214,0.04399855461476592,0.06179805872449591,0.14174353376974275,0.005982749113920583
run_3,4.92462311557789,True,1.0302292068916923,13.640270728307387,0.08816572873676563,1.0,0.4731055540088593,-1.410054613723565,0.0439852623472217,0.0625146907844982,0.1433872417226133,0.006052127180327163
run_3,4.994974874371859,True,1.065116625371207,13.539522213777161,0.09140683273795071,1.0,0.47363074843950015,-1.3239334345685188,0.043969998217294866,0.0632638665884528,0.1451055938530698,0.006124655848213999
run_3,5.0,True,1.0676548108871302,13.532442140814588,0.09164245285905412,1.0,0.47366653082985904,-1.3178142405509659,0.04396883229781248,0.06331858148454485,0.14523109104314344,0.006129952867293066
run_3,5.06532663316583,True,1.1012243005302778,13.441895477396459,0.09475651141008867,1.0,0.4741106009749935,-1.23871017233511,0.04395275397218546,0.06404394487187856,0.1468948256637767,0.006200176224667252
run_3,5.135678391959798,True,1.1385922574672167,13.347653846569813,0.09821835853307488,1.0,0.47454494177321244,-1.1545599152042065,0.043933513331149004,0.06485321706475305,0.1487510182815903,0.006278522900837538
run_3,5.206030150753769,True,1.1772618549451073,13.257045337157855,0.10179607544969227,1.0,0.47493386326807124,-1.0716643079156394,0.04391225076690398,0.06568991669140414,0.15067012001768315,0.006359524861955457
run_3,5.276381909547739,True,1.2172757853918013,13.170302653477336,0.10549347106561095,1.0,0.4752777184210932,-0.9902127614904566,0.04388893017957215,0.06655224157955199,0.1526479973074632,0.006443007637417353
run_3,5.346733668341709,True,1.2586780748999193,13.0876431883011,0.10931446184938858,1.0,0.4755771233947302,-0.910403675071599,0.04386350395105874,0.06743838350553062,0.15468050270653572,0.0065287961707771415
run_3,5.417085427135678,True,1.3015140832268535,13.009269022858112,0.11326307183247017,1.0,0.47583296520753243,-0.8324456403969731,0.043835912424049675,0.06834656637535744,0.1567635624649707,0.00661671851610448
run_3,5.4874371859296485,True,1.3458305037947642,12.935366926833435,0.11734343260918813,1.0,0.47604641486403126,-0.7565585945133226,0.0438060838481429,0.06927509390560302,0.15889328589085125,0.0067066104540307704
run_3,5.557788944723618,True,1.391675363690581,12.86610835836825,0.12155978333676218,1.0,0.47621894636032974,-0.6829748810290609,0.04377393483324478,0.07022240762268112,0.1610660983807357,0.00679832110673461
run_3,5.628140703517588,True,1.4390980236660043,12.80164946405983,0.12591647073529963,1.0,0.4763523618451784,-0.6119401744950714,0.04373937134696819,0.07118715583746234,0.16327889962374528,0.0068917196154623765
run_3,5.698492462311558,True,1.4881491781375018,12.742131078961572,0.13041794908779486,1.0,0.4764488230603374,-0.5437142164466097,0.04370229028802488,0.07216827406231101,0.1655292480506421,0.006986702925804422
run_3,5.768844221105528,True,1.5388808551863131,12.68767872658297,0.13506878024013003,1.0,0.4765108889873339,-0.4785713053176303,0.043662581661133654,0.0731650771043067,0.16781557206406766,0.007083204703357656
run_3,5.839195979899498,True,1.591346430326479,12.638402042301266,0.13987363418483426,1.0,0.4765415606396655,-0.41680045941681054,0.04362013141212394,0.07417736209315377,0.1701374063492015,0.0071812053079892595
run_3,5.909547738693467,True,1.6456039971705514,12.594240606774282,0.1448374150118153,1.0,0.4765446560814252,-0.35870240237533035,0.043574837834876826,0.07520532514387647,0.17249520072659033,0.007280723725845589
run_3,5.9798994974874375,True,1.7017112527199132,12.555145707513027,0.1499649920797855,1.0,0.47652445018977935,-0.30459808478127737,0.04352660785607805,0.0762498537482018,0.17489099079761342,0.0073818458761359665
run_3,6.0,True,1.7180896461125563,12.544905589859228,0.15146077920492643,1.0,0.47651504607740214,-0.2899201665428807,0.04351227641276242,0.07655155784942269,0.1755829964421681,0.007411054236099061
run_3,6.050251256281407,True,1.7597261317803266,12.521090487749936,0.15526125920955725,1.0,0.47648573277137135,-0.25482498262706993,0.04347535985576197,0.07731268932750289,0.17732877078513642,0.007484740348091059
run_3,6.1206030150753765,True,1.8197104622391191,12.491927094264753,0.16073130100916538,1.0,0.4764341686903365,-0.20973363864203975,0.04342104402132547,0.07839636199539152,0.17981434390129214,0.007589652085246013
run_3,6.190954773869347,True,1.8817299650651804,12.467386677384544,0.16638039287386713,1.0,0.4763763519144236,-0.16968877832606893,0.043363655466184446,0.07950426515015464,0.18235549343692511,0.00769690960682964
run_3,6.261306532663316,True,1.945854254308963,12.4470793909837,0.1722140009861421,1.0,0.4763198699921473,-0.13506922724211584,0.04330324857080594,0.08064070449705209,0.18496209520191503,0.007806929753675776
run_3,6.331658291457287,True,2.0121568371024816,12.430494392483924,0.1782377823156921,1.0,0.476273371202267,-0.10626643414850671,0.043239951889662884,0.08181090992463513,0.18764614476537497,0.007920218837984867
run_3,6.402010050251256,True,2.080715113659315,12.416999842854242,0.18445758461944142,1.0,0.4762466236733938,-0.08368140388677082,0.043173982726811715,0.08302099769807197,0.1904216707401174,0.008037368983211446
run_3,6.472361809045227,True,2.1516103772746047,12.405842906610996,0.1908794464415368,1.0,0.4762505524171386,-0.06771984512970766,0.04310566020484359,0.08427787041273849,0.19330450531053384,0.008159048438443287
run_3,6.542713567839196,True,2.224927814325054,12.396149751817852,0.19750959711334712,1.0,0.4762972363875157,-0.058785341953950514,0.043035415332971526,0.08558904352785882,0.19631188636031055,0.008285984784901258
run_3,6.613065326633166,True,2.3007565042689295,12.386925550085788,0.20435445675346378,1.0,0.4763998432979212,-0.057270365750656284,0.0429637962160954,0.0869623905085947,0.19946187291586473,0.008418940262818985
run_3,6.683417085427136,True,2.379189618591282,12.377050581751,0.21142064787639736,1.0,0.4765724826791614,-0.06354518908451509,0.042891466917330374,0.08840579516340473,0.20277254772758616,0.008558678113777895
run_3,6.7537688442211055,True,2.4603320085076885,12.365117703027614,0.21871541826032315,1.0,0.4768302486549957,-0.07795495072245026,0.04281923079335375,0.08992631401290015,0.20626009603151943,0.008705881488564689
run_3,6.824120603015075,True,2.54429709030136,12.349480845004217,0.22624644949748218,1.0,0.47718865226104396,-0.10080465532838073,0.04274800144473471,0.09152961855658015,0.2099375263007037,0.008861099452300566
run_3,6.894472361809045,True,2.6312051310012006,12.328333880147404,0.23402183199882695,1.0,0.477662738164778,-0.13233649910258427,0.04267873786234472,0.09321958077337408,0.21381371952569844,0.009024706856218504
run_3,6.964824120603015,True,2.7211852853372482,12.299677953414127,0.24205019511610015,1.0,0.47826607765104706,-0.1727100548570738,0.04261237441838612,0.09499756986236647,0.2178918161792092,0.009196836254233287
run_3,7.0,True,2.7673701962027666,12.281856788214442,0.24616208844475201,1.0,0.47861969107243896,-0.19623347577309433,0.04258053839517244,0.095919168736363,0.22000564764600095,0.009286057420085338
run_3,7.035175879396984,True,2.814375595740678,12.26132148225169,0.2503407071418352,1.0,0.47900924104243775,-0.2219763962298869,0.04254970684066108,0.0968618531413779,0.2221678420830808,0.009377319903166769
run_3,7.105527638190955,True,2.9109229923438047,12.210880156597742,0.2589030753093563,1.0,0.47989768430378993,-0.2800475395908898,0.042491229398719216,0.09880709898994822,0.22662956833012204,0.009565641642022275
run_3,7.175879396984925,True,3.010983292980073,12.145776938880289,0.26774754579277793,1.0,0.48092889365215075,-0.34666094731127817,0.04243691077542507,0.10082403867706818,0.2312557356330037,0.009760904153094732
run_3,7.2462311557788945,True,3.1147212031840654,12.063242064017686,0.2768849037070049,1.0,0.48208860504426204,-0.4213389864194768,0.04238589410764955,0.10289933254739461,0.23601574740136935,0.009961816007286985
run_3,7.316582914572865,True,3.2223096769735724,11.96032315931239,0.2863264248665234,1.0,0.4833458874187965,-0.5033424355696289,0.04233610389688146,0.10501570349709409,0.24086997588960377,0.010166704586076969
run_3,7.3869346733668335,True,3.3339142579437717,11.834182745780485,0.296082711335143,1.0,0.4846471067150125,-0.5915922001597664,0.042283735804965736,0.10715360610022609,0.24577359059980736,0.010373677671777904
run_3,7.457286432160804,True,3.449705441341888,11.681918558852768,0.30616461890538044,1.0,0.48590927639274134,-0.684642338296283,0.0422227389796723,0.10929122269447848,0.2506765493038171,0.010580623068593356
run_3,7.527638190954773,True,3.569823574123327,11.500918234442263,0.31658052322444713,1.0,0.4870126598143867,-0.7805966558931591,0.04214422795410168,0.111406320383244,0.2555278573685315,0.010785388381363633
run_3,7.597989949748744,True,3.694365857332011,11.289035213232804,0.32733532702702395,1.0,0.48779465355567314,-0.8770776756418279,0.042036010684124485,0.11347756921453471,0.2602785912058587,0.01098590863015264
run_3,7.668341708542714,True,3.8233863461003708,11.044588740679057,0.33843046013526035,1.0,0.48804515112889074,-0.9712535155965665,0.041882266869296234,0.11548449241108773,0.26488178411766344,0.011180201431960746
run_3,7.7386934673366845,True,3.9568880531296227,10.76641425503626,0.34986339516195264,1.0,0.4875045884754428,-1.0599062055148187,0.04166346554562245,0.11740649798186123,0.26929020514495017,0.01136627324979501
run_3,7.809045226130653,True,4.0947572332473845,10.45452867252255,0.3616223637695595,1.0,0.48587236213477564,-1.1395233286590842,0.04135713872257949,0.11922333752213433,0.2734574113978033,0.011542163809693718
run_3,7.8793969849246235,True,4.236739799337761,10.110349603425906,0.3736841482770587,1.0,0.4828256248090787,-1.206546509060274,0.0409395225739679,0.12091274321695966,0.27733232815243514,0.011705717336008005
run_3,7.949748743718593,True,4.382433273209904,9.736468260349898,0.3860147087995059,1.0,0.47804424539874024,-1.2577210612264906,0.04038769570766803,0.1224450780821857,0.28084697834046163,0.0118540646343921
run_3,8.0,True,4.488472038712328,9.45326194628603,0.3949623724666295,1.0,0.4734077460840358,-1.2831044107108016,0.03990046508151889,0.12342157602046394,0.2830867294159361,0.011948600648881237
run_3,8.020100502512562,True,4.531285403260192,9.336645226987109,0.39856915644286295,1.0,0.4712456535540146,-1.2904668095466116,0.03968241616258048,0.12378003061152783,0.2839089012038865,0.01198330309635825
run_3,8.090452261306533,True,4.682594164472217,8.915810458119163,0.41129175330399803,1.0,0.46222616568248537,-1.303230057871347,0.03881136833913798,0.12486584750572235,0.28639939243915585,0.012088422418804657
run_3,8.160804020100501,True,4.835507758416785,8.480063279616747,0.4241159124706843,1.0,0.45090432626233967,-1.2957563197720532,0.03777242748156896,0.1256428916022708,0.2881816648666882,0.012163649051745147
run_3,8.231155778894472,True,4.989052983566,8.036272907957752,0.4369667786802365,1.0,0.4373483462684103,-1.269195624085782,0.03657548692515174,0.12604987028118217,0.2891151342556704,0.012203049178236117
run_3,8.301507537688442,True,5.1421855057,7.591194590508119,0.44976666310811836,1.0,0.42176884804131565,-1.2259453612419937,0.03524137185778012,0.1260300268372533,0.28906962020680393,0.012201128109046682
run_3,8.371859296482413,True,5.293865780849349,7.151298772022777,0.4624399702049609,1.0,0.40450502459035015,-1.169335138288598,0.033800177339484185,0.12554439424641725,0.28795574574278987,0.012154113396732367
run_3,8.442211055276383,True,5.443152002481312,6.722034060709906,0.4749200676548741,1.0,0.3859726631183297,-1.103137686972752,0.032286702507544306,0.12457768323875343,0.2857384425266605,0.012060524867514934
run_3,8.512562814070352,True,5.589201573528087,6.3078115757588655,0.4871494049803014,1.0,0.36662271287382875,-1.0311351631246073,0.03073696867646514,0.12314368384526105,0.28244934015593,0.011921697551934899
run_3,8.582914572864322,True,5.731272188116351,5.912007719001259,0.49907955463726644,1.0,0.3469008862344357,-0.9567743542126245,0.029185033580147658,0.121285818883526,0.278188035668724,0.011741835268506915
run_3,8.653266331658292,True,5.8687837827496985,5.5368373587513195,0.5106747074626137,1.0,0.32720594785043483,-0.8829107049783387,0.027659902965966245,0.11907203349302979,0.27311037189200765,0.01152751587309601
run_3,8.723618090452263,True,6.00134575477036,5.18319356630224,0.5219134111691773,1.0,0.3078543497217282,-0.8116651094054591,0.02618310053771109,0.1165841201043614,0.2674039525852936,0.011286657795532047
run_3,8.793969849246231,True,6.128680608364935,4.851296755390585,0.5327820206750213,1.0,0.2890933724845489,-0.7445117533760602,0.024770125611370902,0.11391382160738435,0.2612792044460527,0.011028142782335357
run_3,8.8643216080402,True,6.2506195047910715,4.540806756970076,0.5432740114490918,1.0,0.27110065890088814,-0.6823504711526615,0.023430782554042958,0.11115461562401575,0.25495053305161847,0.010761020521655357
run_3,8.93467336683417,True,6.367102262377462,4.250822819211599,0.5533899795112166,1.0,0.2539842622329585,-0.6255932507304254,0.022169487572885345,0.10839301895713928,0.24861637824984872,0.010493666815846922
run_3,9.0,True,6.470401960506712,3.9987448029454553,0.5624521140833859,1.0,0.23891801401913695,-0.5777681315976442,0.021068235435502073,0.10589139135027129,0.24287850323415894,0.010251481047276554
run_3,9.00502512562814,True,6.478154656455209,3.9800110295246482,0.5631361159336168,1.0,0.237792798648591,-0.574281203746269,0.02098628755570068,0.1057030605217156,0.24244653696032703,0.010233248498861262
run_3,9.075376884422111,True,6.583838055299757,3.727039615289115,0.572519721645112,1.0,0.2225430236199775,-0.5282398292239078,0.01987916194663216,0.10314700037188759,0.23658381237572726,0.009985793046179709
run_3,9.145728643216081,True,6.684297586451692,3.4903674978051864,0.5815520796917272,1.0,0.2082157398354547,-0.4871208136915334,0.018843780479428238,0.1007703270125458,0.23113253951177928,0.009755704258147205
run_3,9.21608040201005,True,6.779686921180789,3.2685352981378557,0.5902443865578395,1.0,0.19477645928874718,-0.4505040103496226,0.017875124044521806,0.0986040778313339,0.22616390748177223,0.009545986903962916
run_3,9.28643216080402,True,6.870163247316863,3.060188648710598,0.5986074505871855,1.0,0.18218153493882314,-0.4179409106582221,0.016967945776955203,0.0966654857842985,0.2217174427714528,0.009358309328145194
run_3,9.35678391959799,True,6.955887269249746,2.8640781933054016,0.6066516919828596,1.0,0.1703820769309573,-0.3889826780746089,0.016117040476411847,0.09495930289459581,0.21780404489075098,0.009193131580134333
run_3,9.42713567839196,True,7.037023207929304,2.679059587062751,0.6143871428073151,1.0,0.15932696664556711,-0.36319896104296445,0.015317432345934683,0.09347981827985859,0.21441061503584688,0.009049900782103298
run_3,9.49748743718593,True,7.113738800865436,2.504093496481612,0.6218234469823644,1.0,0.14896511714402108,-0.34018970764551437,0.014564498627152504,0.09221328410624285,0.21150562039501566,0.008927285988672156
run_3,9.567839195979898,True,7.186205302128058,2.338245599419469,0.6289698602891776,1.0,0.13924711973457818,-0.3195918174486663,0.013854044395710502,0.0911404613224087,0.20904493318852466,0.008823424642671114
run_3,9.638190954773869,True,7.254597169340163,2.180684058313421,0.6358352801793307,1.0,0.13012628216776467,-0.3010817988044861,0.013182331804877679,0.09023900123492434,0.2069772931851055,0.008736153138501778
run_3,9.708542713567839,True,7.319084037379117,2.0306647049137148,0.6424286011883301,1.0,0.12155859744740576,-0.2843740837145482,0.01254603040991018,0.08948528027180841,0.20524851601971475,0.008663184447942606
run_3,9.77889447236181,True,7.379829231001082,1.8875870539255566,0.6487580848703105,1.0,0.11350577433944135,-0.2692258436978706,0.01194241456414405,0.0888566359817167,0.2038066218081341,0.008602324590090362
run_3,9.84924623115578,True,7.436991519121158,1.7509204219319998,0.654831664592449,1.0,0.10593235703482365,-0.2554268400753614,0.011369093781168921,0.08833179453914436,0.20260281569715793,0.008551514018685572
run_3,9.919597989949748,True,7.490724360485109,1.6201847620860268,0.660657105350043,1.0,0.09880513724761233,-0.24279512490060964,0.010823933693096073,0.08789155603692614,0.20159305969035354,0.008508893966156061
run_3,9.989949748743719,True,7.541175903669368,1.4949506641105388,0.6662420037665103,1.0,0.0920933278710622,-0.23117460968196044,0.010305043114763024,0.0875193324292475,0.2007393065046733,0.008472858522567977
run_3,10.0,True,7.548123801025076,1.4774864671529886,0.6670206455259269,1.0,0.09116672845020192,-0.2295890691612112,0.010232960646169124,0.0874708722172495,0.20062815541291412,0.008468167027456716
run_3,10.06030150753769,True,7.588488987081024,1.3748393542983715,0.6715937880933888,1.0,0.08576865003533586,-0.22043250290652364,0.009810759132486965,0.08720137164009495,0.2000100135983116,0.008442076331851525
run_3,10.13065326633166,True,7.632801138957837,1.259522695512284,0.6767197182103364,1.0,0.07980535651142782,-0.2104567670239225,0.00933963152183606,0.08692673894201781,0.1993801004599764,0.008415488789055082
run_3,10.201005025125628,True,7.6742445773682215,1.148723187184968,0.6816268856251313,1.0,0.07418020957900395,-0.2011536925572435,0.008890407383488874,0.08668712380191082,0.1988305055794169,0.008392291340838335
run_3,10.271356783919597,True,7.712946210211264,1.0422139653190312,0.6863222134736725,1.0,0.068872427486873,-0.192445648192934,0.008462016574033115,0.08647653157623567,0.19834747930209148,0.008371903638092306
run_3,10.341708542713567,True,7.749029760875153,0.9397828912320594,0.690812607949484,1.0,0.06386232949742782,-0.184266229458429,0.008053452351638153,0.08629076821347564,0.19792140191348057,0.008353919649324857
run_3,10.412060301507537,True,7.782615752929367,0.8412217214172928,0.6951051623982425,1.0,0.05913091004747544,-0.17655783260073685,0.0076637302876597195,0.08612709759189235,0.19754599768952377,0.008338074487090593
run_3,10.482412060301508,True,7.813818461249387,0.7463646660048415,0.6992068270224097,1.0,0.054661264614376655,-0.16927331719411665,0.007292001692283851,0.08598407497006147,0.19721795288931895,0.008324228284124185
run_3,10.552763819095478,True,7.842747879391047,0.6550549109896495,0.7031244181238684,1.0,0.05043741274122397,-0.16237219430010058,0.006937454190869367,0.08586111707506348,0.19693592968500437,0.008312324573028208
run_3,10.623115577889449,True,7.869509725904635,0.5671445143686829,0.7068646183761755,1.0,0.04644428937692157,-0.15581964413656427,0.006599310235515142,0.08575826577525736,0.19670002410822365,0.008302367407132045
run_3,10.693467336683417,True,7.894205444334881,0.48249440614093253,0.7104339768245614,1.0,0.04266773122157458,-0.14958567292263944,0.006276826202386457,0.08567598172794409,0.196511292748699,0.008294401383258253
run_3,10.763819095477388,True,7.916932203220966,0.4009743883074056,0.7138389088859309,1.0,0.03909445653243055,-0.14364438856116019,0.005969291705673242,0.08561496963721472,0.19637135195571687,0.008288494724711309
run_3,10.834170854271356,True,7.937782896096521,0.3224631348711404,0.7170856963488614,1.0,0.03571204014575817,-0.13797338250459096,0.005676029072865715,0.08557603486595168,0.19628204895527887,0.008284725399702039
run_3,10.904522613065327,True,7.9568461414896205,0.2468481918371894,0.7201804873736051,1.0,0.03250888513594055,-0.13255320530148237,0.0053963929346825335,0.08555996961403957,0.19624520078198793,0.008283170102114608
run_3,10.974874371859297,True,7.974206282922792,0.17402597721263402,0.7231292964920875,1.0,0.02947419225585232,-0.12736692392823762,0.005129769891575404,0.08556746595991328,0.19626239482620925,0.00828389583294757
run_3,11.0,True,7.980008968512162,0.1486765468479892,0.7241481882420071,1.0,0.028429266360679033,-0.12556848963542439,0.005037589327977888,0.08557595996287616,0.19628187715333503,0.008284718148239485
run_3,11.045226130653266,True,7.98994338891301,0.10390178100657774,0.7259380046079076,1.0,0.026597928073310736,-0.12239974989002315,0.004875578226752342,0.08559905259523856,0.19633484372514412,0.00828695377551736
run_3,11.115577889447236,True,8.004134266639547,0.0363857252041542,0.7286123563557061,1.0,0.023870684955932676,-0.11763852268962062,0.0046332583168859345,0.08565506634183326,0.1964633200324244,0.008292376537975009
run_3,11.185929648241206,True,8.016853392036465,-0.02861736748926317,0.7311578960916222,1.0,0.02128339107051201,-0.11307089944142591,0.004402250729310156,0.0857356717525441,0.1966482011757958,0.008300180050892095
run_3,11.256281407035177,True,8.028168894927216,-0.09119237053349705,0.7335799555780306,1.0,0.01882771035451194,-0.10868596897282379,0.00418203355560197,0.08584081353860881,0.19688936034181614,0.008310358961692823
run_3,11.326633165829147,True,8.038146010868159,-0.15142082162500303,0.7358836977245604,1.0,0.01649582840942875,-0.10447379460970656,0.003972105569367791,0.08597024830277535,0.1971862392607383,0.008322889706777876
run_3,11.396984924623116,True,8.046847315642982,-0.20938162975148616,0.7380741178960599,1.0,0.01428041004453662,-0.1004252480726327,0.003771984774225775,0.08612356048987388,0.19753788479164722,0.008337732055719712
run_3,11.467336683417086,True,8.054332725262693,-0.26515107519190606,0.7401560439125974,1.0,0.012174575879831775,-0.09653190027312304,0.0035812085185327244,0.08630018049783922,0.19794299046292815,0.008354830864613791
run_3,11.537688442211056,True,8.060659495965623,-0.31880280951646867,0.7421341360494598,1.0,0.010171879179610507,-0.09278593094508814,0.0033993335098701206,0.08649940561367249,0.19839994449217668,0.008374118102915822
run_3,11.608040201005025,True,8.065882224217429,-0.37040785558663086,0.7440128870371543,1.0,0.008266283119927489,-0.08918005386971939,0.0032259357398456466,0.08672042235132549,0.1989068810216372,0.008395515016000908
run_3,11.678391959798995,True,8.070052846711086,-0.42003460755510347,0.7457966220614074,1.0,0.006452138648457591,-0.08570745495733052,0.0030606103300564354,0.08696232907350572,0.19946173200485898,0.008418934315209438
run_3,11.748743718592964,True,8.073220640366895,-0.4677488308658436,0.7474894987631648,1.0,0.004724163057671622,-0.08236174088785499,0.002902971309965659,0.08722415805072102,0.2000622778025719,0.008444282313411404
run_3,11.819095477386934,True,8.07543222233248,-0.5136136622540628,0.7490955072385921,1.0,0.0030774193607901704,-0.07913689638883573,0.0027526513370712585,0.08750489634600178,0.2007061950850709,0.008471460946883086
run_3,11.889447236180905,True,8.076731549982789,-0.5576896097462205,0.7506184700390741,1.0,0.0015072965338117715,-0.0760272485520838,0.0026093013691709057,0.08780350511239846,0.2013911010940506,0.00850036964352246
run_3,11.959798994974875,True,8.077159920920089,-0.6000345526600288,0.7520620421712154,1.0,9.490665331931287e-06,-0.07302743686394951,0.002472590297826214,0.08811893705398746,0.2021145936921596,0.008530907013271517
run_3,12.0,True,8.077028647515638,-0.6234758535892797,0.752852645051876,1.0,-0.0008154861527462932,-0.07136060917769453,0.00239732901181028,0.08830633611677782,0.20254442281516588,0.008549049356251202
run_3,12.030150753768845,True,8.076756404433532,-0.640704137804466,0.7534297310839886,1.0,-0.0014200235658940264,-0.07013237935800037,0.0023422033230192586,0.0884501523017875,0.20287428777690256,0.008562972385084033
run_3,12.100502512562814,True,8.075560030167743,-0.679753845907304,0.754724979438992,1.0,-0.0027850586338156054,-0.06733721421035738,0.002217835818281857,0.08879613344685894,0.20366784976141014,0.008596467262299146
run_3,12.170854271356784,True,8.073606121512011,-0.7172355182856011,0.7559509818705645,1.0,-0.004089132222659308,-0.06463736688673263,0.002099204060862715,0.08915589121806101,0.20449301059726493,0.008631295872312296
run_3,12.241206030150753,True,8.070928244674484,-0.7531989369742704,0.7571108007521189,1.0,-0.0053355319886695006,-0.06202849605031492,0.0019860389203640192,0.08952847290759339,0.20534758509980164,0.00866736598226268
run_3,12.311557788944723,True,8.067558683885055,-0.7876922483326865,0.7582073903396155,1.0,-0.006527339891446732,-0.05950647138248869,0.0018780841186076497,0.08991296875641615,0.20622948659406867,0.008704589517213928
run_3,12.381909547738694,True,8.063528441395366,-0.820761963044679,0.7592435967715613,1.0,-0.007667443787060701,-0.057067362767302066,0.0017750958799826306,0.09030851645797933,0.20713673724483772,0.00874288299616592
run_3,12.452261306532662,True,8.05886723747881,-0.8524529561185356,0.7602221580690106,1.0,-0.008758548393935098,-0.054707430798644326,0.001676842577686376,0.0907143043100805,0.2080674752858833,0.008782167837190153
run_3,12.522613065326633,True,8.053603510430525,-0.8828084668870031,0.7611457041355647,1.0,-0.00980318564363036,-0.05242311834658118,0.0015831043790131422,0.09112957318121,0.2090199595301033,0.008822370547794134
run_3,12.592964824120603,True,8.047764416567402,-0.911870099007285,0.762016756757372,1.0,-0.010803724432010487,-0.05021104296743463,0.0014936728923969254,0.09155361745742054,0.20999257154131346,0.008863422816589046
run_3,12.663316582914574,True,8.041375830228077,-0.9396778204610425,0.7628377296031279,1.0,-0.01176237978885037,-0.048067989982424335,0.001408350818507538,0.0919857851300776,0.21098381583551612,0.008905261521784964
run_3,12.733668341708544,True,8.034462343772937,-0.9662699635543943,0.7636109282240751,1.0,-0.012681221485815524,-0.04599090608319116,0.0013269516073260985,0.09242547717538034,0.21199231845773445,0.008947828671121488
run_3,12.804020100502512,True,8.02704726758412,-0.9916832249179169,0.764338550054003,1.0,-0.013562182104067054,-0.04397689335034808,0.0012492991227942007,0.0928721463645929,0.21301682425309137,0.008991071286684714
run_3,12.874371859296483,True,8.01915263006551,-1.0159526655066455,0.7650226844092483,1.0,-0.014407064583571003,-0.042023203594240215,0.0011752273163309873,0.09332529563056201,0.21405619312016172,0.009034941246767712
run_3,12.944723618090453,True,8.010799180525515,-1.039111714131718,0.7656653127132481,1.0,-0.015217549377347962,-0.04012723282126784,0.0011045798984004908,0.09378447611414575,0.21510939553015038,0.009079395096742797
run_3,13.0,True,8.003927393524597,-1.056550855261666,0.7661424011491255,1.0,-0.015831277570134153,-0.03867638996700817,0.001051374399153149,0.09414923098992482,0.21594601800858715,0.009114707482842078
run_3,13.015075376884422,True,8.0020076421981,-1.0611936886260005,0.7662684039614346,1.0,-0.015995243597385644,-0.03828646405885316,0.0010372049965406836,0.09424928984457465,0.21617551867472048,0.009124394308550714
run_3,13.085427135678392,True,7.992797724856903,-1.0822305031860033,0.7668338308983725,1.0,-0.016741647858960835,-0.036498514381697295,0.0009729593676187901,0.09471938144914306,0.2172537474508714,0.009169904478105251
run_3,13.15577889447236,True,7.983187590647123,-1.1022519763356884,0.7673633322323302,1.0,-0.017458143620188358,-0.034761153205384206,0.0009117102623341453,0.09519443292850918,0.21834335247727021,0.009215894819483367
run_3,13.226130653266331,True,7.973194833877014,-1.1212870325678597,0.7678585904139172,1.0,-0.018146032511470542,-0.03307225570347914,0.000853331125253413,0.09567416508823484,0.2194436933777126,0.009262338303514367
run_3,13.296482412060302,True,7.962836481017881,-1.1393637023441583,0.7683212316360843,1.0,-0.018806540484468198,-0.03142979992550353,0.0007977013945093889,0.09615833471029553,0.22055421229353803,0.009309211383950187
run_3,13.366834170854272,True,7.952128990704088,-1.1565091220950674,0.7687528258341242,1.0,-0.019440821711645722,-0.029831863992366613,0.0007447063086801377,0.0966467317209463,0.22167442738768595,0.009356493723282865
run_3,13.437185929648242,True,7.9410882537330485,-1.172749534219909,0.7691548866856703,1.0,-0.02004996224716754,-0.028276623351894684,0.0006942367210072484,0.09713917639116167,0.22280392642346605,0.009404167921715542
run_3,13.507537688442211,True,7.929729593065232,-1.1881102870868452,0.7695288716106979,1.0,-0.020634983459829268,-0.02676234808095091,0.0006461889210429017,0.09763551659933775,0.22394236048613672,0.009452219252161163
run_3,13.577889447236181,True,7.91806776382416,-1.2026158350328786,0.7698761817715238,1.0,-0.021196845248522164,-0.025287400223845832,0.000600464463755365,0.09813562518007755,0.22508943790192829,0.00950063540357498
run_3,13.64824120603015,True,7.906116953296414,-1.2162897383638511,0.7701981620728058,1.0,-0.02173644905050363,-0.0238502311594566,0.00055697000607283,0.09863939737769047,0.22624491839724517,0.009549406234424586
run_3,13.71859296482412,True,7.8938907809316206,-1.229154663354445,0.7704961011615433,1.0,-0.022254640652479098,-0.022449378991770557,0.0005156171508032677,0.09914674841847836,0.22740860753032352,0.00959852353765983
run_3,13.78894472361809,True,7.881402298342468,-1.2412323822481826,0.7707712314270772,1.0,-0.022752212814189064,-0.021083465960455287,0.00047632229783297275,0.09965761121195311,0.2285803514186132,0.009647980818164736
run_3,13.859296482412061,True,7.868663989304694,-1.252543773257425,0.7710247290010894,1.0,-0.0232299077138614,-0.019751195869691675,0.0004390065024796575,0.10017193418774308,0.22976003177738377,0.00969777308334566
run_3,13.92964824120603,True,7.855687769757092,-1.263108820563374,0.771257713757604,1.0,-0.0236884192245331,-0.01845135153480234,0.00040359534085235673,0.10068967927210153,0.23094756127852958,0.009747896647234479
run_3,14.0,True,7.842484987801511,-1.2729466143160728,0.7714712493129856,1.0,-0.024128395029864937,-0.017182792247327158,0.0003700187820549518,0.10121082000553266,0.23214287923304983,0.00979834894825356
