step,total_updates,epoch,batch_in_epoch,samples_seen,mean_loss,per_target_loss,per_process_loss,target_names,process_names,step_dt,rebuild_count,holdout_loss,holdout_label,epoch_mean_loss,epoch_time_seconds,grad_norm,n_failed_samples,failed_processes
1,800,1,1,3,0.0490877926,0.03950472965;0.03669766359;0.02615574413;0.09399303305,0.07997086689;0.03007608499;0.03721642592,biomass;glucose;product;gp_nll,run_3;run_1;run_2,0.028609,0,,,0.0490877926,0.028609,0.08354943563,0,
2,800,2,1,6,0.04732940169,0.03635287283;0.03573942327;0.02415012468;0.09307518596,0.07613113125;0.03646783129;0.02938924252,biomass;glucose;product;gp_nll,run_3;run_2;run_1,4.712270,0,,,0.04732940169,4.712270,0.08038444201,0,
3,800,3,1,9,0.04562968101,0.03334842569;0.03476388684;0.02223982603;0.09216658547,0.07240191844;0.02873976034;0.03574736425,biomass;glucose;product;gp_nll,run_3;run_1;run_2,0.029793,0,,,0.04562968101,0.029793,0.07740506265,0,
4,800,4,1,12,0.04399457326,0.03050197775;0.03377643763;0.02043239852;0.09126747913,0.0350578945;0.06879395788;0.0281318674,biomass;glucose;product;gp_nll,run_2;run_3;run_1,0.028809,0,,,0.04399457326,0.028809,0.07448923628,0,
5,800,5,1,15,0.04242781967,0.02781919471;0.03278168797;0.01873215438;0.09037824164,0.02756867901;0.06531274308;0.03440203693,biomass;glucose;product;gp_nll,run_1;run_3;run_2,0.026665,0,,,0.04242781967,0.026665,0.0715309549,0,
6,800,6,1,18,0.04093598659,0.02531044875;0.03178800212;0.01714611838;0.0894993771,0.02705207343;0.06197505224;0.0337808341,biomass;glucose;product;gp_nll,run_1;run_3;run_2,0.025816,0,,,0.04093598659,0.025816,0.06847080326,0,
7,800,7,1,21,0.03952401501,0.02298242872;0.03080326722;0.01567886377;0.08863150032,0.02658263227;0.05879453253;0.03319488021,biomass;glucose;product;gp_nll,run_1;run_3;run_2,0.027245,0,,,0.03952401501,0.027245,0.06526784476,0,
8,800,8,1,24,0.03819662027,0.02084076557;0.02983623256;0.0143341556;0.08777532737,0.05578600672;0.0326441764;0.02615967771,biomass;glucose;product;gp_nll,run_3;run_2;run_1,0.027947,0,,,0.03819662027,0.027947,0.06190790583,0,
9,800,9,1,27,0.03695715599,0.01888819192;0.02889494356;0.01311382896;0.08693165951,0.03212822999;0.05296184395;0.02578139402,biomass;glucose;product;gp_nll,run_2;run_3;run_1,0.027027,0,,,0.03695715599,0.027027,0.05839535779,0,
10,800,10,1,30,0.0358098677,0.01712815106;0.02798994233;0.01202001098;0.08610136644,0.05033845923;0.03164614191;0.02544500196,biomass;glucose;product;gp_nll,run_3;run_2;run_1,0.025849,0,,,0.0358098677,0.025849,0.0547730309,0,
11,800,11,1,33,0.03475612967,0.01555894364;0.02712868557;0.01105154232;0.08528534715,0.02514704679;0.04792466804;0.03119667418,biomass;glucose;product;gp_nll,run_1;run_3;run_2,0.029039,0,,,0.03475612967,0.029039,0.05108976694,0,
12,800,12,1,36,0.03379621999,0.01417661709;0.02631803994;0.01020572341;0.08448449953,0.02488357449;0.03077831624;0.04572676924,biomass;glucose;product;gp_nll,run_1;run_2;run_3,0.029612,0,,,0.03379621999,0.029612,0.04741221479,0,
13,800,13,1,39,0.03292875137,0.01297423996;0.02556320537;0.009477878937;0.0836996812,0.03038934229;0.02465042819;0.04374648362,biomass;glucose;product;gp_nll,run_2;run_1;run_3,0.026802,0,,,0.03292875137,0.026802,0.04381450213,0,
14,800,14,1,42,0.03215064321,0.01194202224;0.02486745533;0.008861426104;0.08293166916,0.02444344924;0.03002786478;0.0419806156,biomass;glucose;product;gp_nll,run_1;run_2;run_3,0.028777,0,,,0.03215064321,0.028777,0.04037042451,0,
15,800,15,1,45,0.03145724692,0.01106768827;0.024232065;0.008348112088;0.0821811223,0.02969188627;0.04042120138;0.0242586531,biomass;glucose;product;gp_nll,run_2;run_3;run_1,0.026837,0,,,0.03145724692,0.026837,0.03714578085,0,
16,800,16,1,48,0.03084260296,0.01033705481;0.02365641487;0.007928391219;0.08144855094,0.02409235722;0.03905610129;0.02937935038,biomass;glucose;product;gp_nll,run_1;run_3;run_2,0.028022,0,,,0.03084260296,0.028022,0.03419210849,0,
17,800,17,1,51,0.03029981845,0.009734751274;0.02313832679;0.007591899502;0.08073429625,0.03787000405;0.02908818915;0.02394126215,biomass;glucose;product;gp_nll,run_3;run_2;run_1,0.027788,0,,,0.03029981845,0.027788,0.03154291567,0,
18,800,18,1,54,0.02982146997,0.009244957147;0.02267444722;0.007327954271;0.08003852126,0.02881637125;0.03684554718;0.0238024915,biomass;glucose;product;gp_nll,run_2;run_3;run_1,0.023651,0,,,0.02982146997,0.023651,0.02921280344,0,
19,800,19,1,57,0.02940008253,0.008852295987;0.02226068383;0.007126137586;0.07936121273,0.03596471101;0.02856193916;0.02367359743,biomass;glucose;product;gp_nll,run_3;run_2;run_1,0.021841,0,,,0.02940008253,0.021841,0.02719944689,0,
20,800,20,1,60,0.02902800325,0.008541499921;0.02189215446;0.006976167566;0.07870219107,0.02355254086;0.0283230449;0.03520842401,biomass;glucose;product;gp_nll,run_1;run_2;run_3,0.023322,0,,,0.02902800325,0.023322,0.02548338042,0,
21,800,21,1,63,0.02869842292,0.008299279502;0.02156424904;0.006869030135;0.07806113299,0.0345596398;0.02809797286;0.02343765609,biomass;glucose;product;gp_nll,run_3;run_2;run_1,0.023305,0,,,0.02869842292,0.023305,0.02403858942,0,
22,800,22,1,66,0.02840498624,0.008113498549;0.02127232456;0.006796530288;0.07743759154,0.02332760502;0.02788514328;0.03400221041,biomass;glucose;product;gp_nll,run_1;run_2;run_3,0.024843,0,,,0.02840498624,0.024843,0.02283227101,0,
23,800,23,1,69,0.02814204281,0.007973562106;0.02101205455;0.006751534334;0.07683102026,0.0232213285;0.02768316235;0.03352163759,biomass;glucose;product;gp_nll,run_1;run_2;run_3,0.025804,0,,,0.02814204281,0.025804,0.02182996079,0,
24,800,24,1,72,0.02790464743,0.007870396045;0.02077943825;0.006727958551;0.07624079688,0.02749075337;0.02311799923;0.0331051897,biomass;glucose;product;gp_nll,run_2;run_1;run_3,0.022738,0,,,0.02790464743,0.022738,0.02099831737,0,
25,800,25,1,75,0.02768855389,0.007796360484;0.02057089866;0.006720711085;0.07566624535,0.02730679565;0.03274188767;0.02301697836,biomass;glucose;product;gp_nll,run_2;run_3;run_1,0.022526,0,,,0.02768855389,0.022526,0.02030701645,0,
26,800,26,1,78,0.02749015749,0.007745107217;0.02038327277;0.006725594698;0.07510665528,0.02713030456;0.03242239047;0.02291777744,biomass;glucose;product;gp_nll,run_2;run_3;run_1,0.026414,0,,,0.02749015749,0.026414,0.01972964872,0,
27,800,27,1,81,0.02730642455,0.007711417322;0.02021378655;0.006739195786;0.07456129853,0.02282002616;0.02696041886;0.03213882863,biomass;glucose;product;gp_nll,run_1;run_2;run_3,0.023182,0,,,0.02730642455,0.023182,0.01924395442,0,
28,800,28,1,84,0.0271348191,0.007691043986;0.02006001836;0.006758771107;0.07402944296,0.02272344588;0.03188464663;0.0267963648,biomass;glucose;product;gp_nll,run_1;run_3;run_2,0.026442,0,,,0.0271348191,0.026442,0.01883162992,0,
29,800,29,1,87,0.02697325858,0.007680589541;0.0199199194;0.006782161944;0.07351036343,0.03165441339;0.02262782823;0.02663753412,biomass;glucose;product;gp_nll,run_3;run_1;run_2,0.023186,0,,,0.02697325858,0.023186,0.01847793919,0,
30,800,30,1,90,0.02682000245,0.00767731388;0.01979168466;0.006807660973;0.07300335028,0.03144365228;0.02253301823;0.02648333682,biomass;glucose;product;gp_nll,run_3;run_1;run_2,0.022235,0,,,0.02682000245,0.022235,0.0181710849,0,
31,800,31,1,93,0.02667359398,0.007679017716;0.01967369488;0.006833947536;0.07250771578,0.02243890111;0.03124860149;0.02633327934,biomass;glucose;product;gp_nll,run_1;run_3;run_2,0.033064,0,,,0.02667359398,0.033064,0.01790173249,0,
32,800,32,1,96,0.02653291188,0.007684053583;0.01956477023;0.006860024255;0.07202279947,0.02618693219;0.02234539185;0.03106641162,biomass;glucose;product;gp_nll,run_2;run_1;run_3,0.024009,0,,,0.02653291188,0.024009,0.01766257645,0,
33,800,33,1,99,0.02639696625,0.00769105408;0.01946371178;0.006885128977;0.07154797015,0.02604392127;0.02225242816;0.0308945493,biomass;glucose;product;gp_nll,run_2;run_1;run_3,0.026517,0,,,0.02639696625,0.026517,0.0174478256,0,
34,800,34,1,102,0.02626496469,0.007698981969;0.01936954398;0.00690870424;0.07108262856,0.03073100965;0.02590392007;0.02215996434,biomass;glucose;product;gp_nll,run_3;run_2;run_1,0.025052,0,,,0.02626496469,0.025052,0.01725294251,0,
35,800,35,1,105,0.02613625654,0.007707040228;0.01928142736;0.006930350096;0.07062620848,0.03057415967;0.02206796696;0.025766643,biomass;glucose;product;gp_nll,run_3;run_1;run_2,0.024266,0,,,0.02613625654,0.024266,0.01707435226,0,
36,800,36,1,108,0.0260103073,0.00771462343;0.01919863839;0.006949790309;0.07017817707,0.03042267069;0.02197641155;0.02563183965,biomass;glucose;product;gp_nll,run_3;run_1;run_2,0.024471,0,,,0.0260103073,0.024471,0.01690922885,0,
37,800,37,1,111,0.02588667758,0.007721278254;0.01912055227;0.006966845033;0.06973803474,0.02549929001;0.02188527999;0.03027546273,biomass;glucose;product;gp_nll,run_2;run_1;run_3,0.024491,0,,,0.02588667758,0.024491,0.01675532849,0,
38,800,38,1,114,0.0257650059,0.007726671836;0.01904662824;0.006981409058;0.06930531446,0.02536880022;0.02179455869;0.03013165879,biomass;glucose;product;gp_nll,run_2;run_1;run_3,0.024191,0,,,0.0257650059,0.024191,0.01661086046,0,
39,800,39,1,117,0.02564499485,0.007730566511;0.01897639738;0.006993434648;0.06887958086,0.02999054753;0.02524019911;0.02170423791,biomass;glucose;product;gp_nll,run_3;run_2;run_1,0.024408,0,,,0.02564499485,0.024408,0.01647438747,0,
40,800,40,1,120,0.02552639937,0.007732799077;0.01890945191;0.007002917464;0.06846042902,0.02985155278;0.02161431009;0.02511333522,biomass;glucose;product;gp_nll,run_3;run_1;run_2,0.024362,0,,,0.02552639937,0.024362,0.0163447489,0,
41,800,41,1,123,0.02540901744,0.007733264544;0.01884543633;0.007009885734;0.06804748316,0.02971420866;0.02152476946;0.02498807421,biomass;glucose;product;gp_nll,run_3;run_1;run_2,0.024412,0,,,0.02540901744,0.024412,0.01622100161,0,
42,800,42,1,126,0.02529268247,0.007731903083;0.01878403996;0.007014391629;0.06764039523,0.02957813928;0.02143561146;0.02486429669,biomass;glucose;product;gp_nll,run_3;run_1;run_2,0.026765,0,,,0.02529268247,0.026765,0.01610237428,0,
43,800,43,1,129,0.025177257,0.007728689619;0.01872499052;0.007016504499;0.06723884336,0.0247418964;0.02134683235;0.02944304225,biomass;glucose;product;gp_nll,run_2;run_1;run_3,0.024552,0,,,0.025177257,0.024552,0.01598823205,0,
44,800,44,1,132,0.02506266906,0.007723630833;0.01866820911;0.00701630591;0.06684253039,0.024620903;0.02125842902;0.02930867516,biomass;glucose;product;gp_nll,run_2;run_1;run_3,0.026852,0,,,0.02506266906,0.026852,0.01587805803,0,
45,800,45,1,135,0.02494874209,0.007716736258;0.01861316663;0.00701388324;0.06645118223,0.02450098296;0.02117039861;0.0291748447,biomass;glucose;product;gp_nll,run_2;run_1;run_3,0.024946,0,,,0.02494874209,0.024946,0.01577139656,0,
46,800,46,1,138,0.02483544034,0.007708048493;0.01855983482;0.007009331411;0.06606454665,0.02108273857;0.02438218503;0.02904139743,biomass;glucose;product;gp_nll,run_1;run_2;run_3,0.024848,0,,,0.02483544034,0.024848,0.01566788876,0,
47,800,47,1,141,0.02472270014,0.007697614159;0.0185080486;0.007002746119;0.06568239167,0.02890821254;0.02099544644;0.02426444143,biomass;glucose;product;gp_nll,run_3;run_1;run_2,0.023810,0,,,0.02472270014,0.023810,0.01556722492,0,
48,800,48,1,144,0.02461046894,0.007685487126;0.01845766122;0.006994223255;0.06530450416,0.02414769138;0.02877519585;0.02090851959,biomass;glucose;product;gp_nll,run_2;run_3;run_1,0.025008,0,,,0.02461046894,0.025008,0.0154691425,0,
49,800,49,1,147,0.02449870344,0.007671725949;0.01840854182;0.006983857478;0.06493068854,0.02082195514;0.02403188031;0.02864227489,biomass;glucose;product;gp_nll,run_1;run_2;run_3,0.023914,0,,,0.02449870344,0.023914,0.01537341786,0,
50,800,50,1,150,0.02438736818,0.007656392342;0.01836057344;0.006971741513;0.06456076544,0.02850939485;0.0207357505;0.02391695921,biomass;glucose;product;gp_nll,run_3;run_1;run_2,0.024364,0,,,0.02438736818,0.024364,0.01527985949,0,
51,800,51,1,153,0.02427643101,0.007639538;0.01831366033;0.006957955169;0.06419457056,0.02837651534;0.02064990301;0.02380287469,biomass;glucose;product;gp_nll,run_3;run_1;run_2,0.024243,0,,,0.02427643101,0.024243,0.01518830044,0,
52,800,52,1,156,0.02416587503,0.007621248784;0.01826769278;0.006942605129;0.06383195344,0.02056440981;0.02368960773;0.02824360756,biomass;glucose;product;gp_nll,run_1;run_2;run_3,0.024287,0,,,0.02416587503,0.024287,0.01509860305,0,
53,800,53,1,159,0.02405567695,0.007601575933;0.01822259151;0.006925763894;0.06347277644,0.02357711103;0.0204792679;0.02811065191,biomass;glucose;product;gp_nll,run_2;run_1;run_3,0.026637,0,,,0.02405567695,0.026637,0.01501064199,0,
54,800,54,1,162,0.02394582074,0.007580580511;0.01817827854;0.006907510155;0.06311691375,0.027977636;0.020394474;0.02346535221,biomass;glucose;product;gp_nll,run_3;run_1;run_2,0.024508,0,,,0.02394582074,0.024508,0.01492431007,0,
55,800,55,1,165,0.02383629347,0.007558321657;0.01813468339;0.006887918498;0.06276425036,0.02335430198;0.02031002464;0.02784455381,biomass;glucose;product;gp_nll,run_2;run_1;run_3,0.025601,0,,,0.02383629347,0.025601,0.01483951389,0,
56,800,56,1,168,0.02372708468,0.007534856262;0.01809174178;0.006867059429;0.06241468124,0.02324393376;0.02771140421;0.02022591606,biomass;glucose;product;gp_nll,run_2;run_3;run_1,0.023958,0,,,0.02372708468,0.023958,0.01475617175,0,
57,800,57,1,171,0.0236181858,0.007510238773;0.01804939449;0.006844999446;0.0620681105,0.02313422342;0.02757818973;0.02014214426,biomass;glucose;product;gp_nll,run_2;run_3;run_1,0.026930,0,,,0.0236181858,0.026930,0.01467421216,0,
58,800,58,1,174,0.02350958988,0.007484521002;0.01800758696;0.006821800983;0.06172445059,0.02744491574;0.023025149;0.02005870491,biomass;glucose;product;gp_nll,run_3;run_2;run_1,0.036378,0,,,0.02350958988,0.036378,0.01459357192,0,
59,800,59,1,177,0.02340129134,0.007457751994;0.01796626907;0.006797522682;0.06138362163,0.02731159015;0.02291669042;0.01997559346,biomass;glucose;product;gp_nll,run_3;run_2;run_1,0.029060,0,,,0.02340129134,0.029060,0.01451419565,0,
60,800,60,1,180,0.02329328564,0.007429978069;0.01792539428;0.006772219488;0.06104555072,0.02717822263;0.02280882929;0.01989280499,biomass;glucose;product;gp_nll,run_3;run_2;run_1,0.027388,0,,,0.02329328564,0.027388,0.0144360343,0,
61,800,61,1,183,0.02318556889,0.007401242697;0.01788491885;0.006745942678;0.06071017134,0.02704482375;0.0227015487;0.01981033423,biomass;glucose;product;gp_nll,run_3;run_2;run_1,0.029336,0,,,0.02318556889,0.029336,0.01435904444,0,
62,800,62,1,186,0.02307813789,0.007371586804;0.01784480173;0.006718740245;0.0603774228,0.02691140505;0.02259483301;0.01972817562,biomass;glucose;product;gp_nll,run_3;run_2;run_1,0.028566,0,,,0.02307813789,0.028566,0.0142831876,0,
63,800,63,1,189,0.0229709899,0.007341048727;0.01780500417;0.006690656988;0.0600472497,0.02677797864;0.01964632332;0.02248866772,biomass;glucose;product;gp_nll,run_3;run_1;run_2,0.031005,0,,,0.0229709899,0.031005,0.01420842955,0,
64,800,64,1,192,0.02286412247,0.007309664288;0.01776548947;0.006661734683;0.05971960144,0.0223830393;0.02664455697;0.01956477115,biomass;glucose;product;gp_nll,run_2;run_3;run_1,0.027981,0,,,0.02286412247,0.027981,0.01413473987,0,
65,800,65,1,195,0.0227575334,0.007277466892;0.0177262226;0.006632012264;0.05939443184,0.02651115256;0.0194835126;0.02227793504,biomass;glucose;product;gp_nll,run_3;run_1;run_2,0.026617,0,,,0.0227575334,0.026617,0.01406209144,0,
66,800,66,1,198,0.02265122057,0.00724448763;0.01768717002;0.006601525987;0.05907169865,0.02637777792;0.02217334294;0.01940254086,biomass;glucose;product;gp_nll,run_3;run_2;run_1,0.026848,0,,,0.02265122057,0.026848,0.01399046004,0,
67,800,67,1,201,0.02254518192,0.007210755392;0.01764829942;0.006570309609;0.05875136325,0.02624444534;0.01932184881;0.0220692516,biomass;glucose;product;gp_nll,run_3;run_1;run_2,0.026093,0,,,0.02254518192,0.026093,0.01391982403,0,
68,800,68,1,204,0.02243941533,0.007176296972;0.01760957953;0.006538394547;0.05843339027,0.0261111669;0.01924142898;0.02196565012,biomass;glucose;product;gp_nll,run_3;run_1;run_2,0.030885,0,,,0.02243941533,0.030885,0.01385016405,0,
69,800,69,1,207,0.02233391863,0.007141137185;0.01757097998;0.006505810036;0.05811774731,0.02597795429;0.0191612736;0.02186252799,biomass;glucose;product;gp_nll,run_3;run_1;run_2,0.026064,0,,,0.02233391863,0.026064,0.01378146274,0,
70,800,70,1,210,0.0222286895,0.00710529897;0.01753247111;0.006472583278;0.05780440462,0.01908137461;0.02175987503;0.02584481884,biomass;glucose;product;gp_nll,run_1;run_2;run_3,0.026460,0,,,0.0222286895,0.026460,0.01371370453,0,
71,800,71,1,213,0.02212372545,0.007068803496;0.01749402384;0.006438739586;0.05749333487,0.02571177145;0.02165768129;0.01900172361,biomass;glucose;product;gp_nll,run_3;run_2;run_1,0.026963,0,,,0.02212372545,0.026963,0.01364687544,0,
72,800,72,1,216,0.02201902382,0.007031670265;0.01745560958;0.006404302516;0.0571845129,0.02155593699;0.02557882254;0.01892231191,biomass;glucose;product;gp_nll,run_2;run_3;run_1,0.028515,0,,,0.02201902382,0.028515,0.01358096291,0,
73,800,73,1,219,0.02191458171,0.006993917148;0.01741720027;0.006369293924;0.0568779155,0.01884313051;0.02544598209;0.02145463252,biomass;glucose;product;gp_nll,run_1;run_3;run_2,0.026478,0,,,0.02191458171,0.026478,0.01351595576,0,
74,800,74,1,222,0.02181039601,0.006955560573;0.01737876803;0.006333734204;0.05657352125,0.02531325958;0.02135375833;0.01876417012,biomass;glucose;product;gp_nll,run_3;run_2;run_1,0.027456,0,,,0.02181039601,0.027456,0.01345184387,0,
75,800,75,1,225,0.02170646335,0.006916615606;0.01734028512;0.006297642385;0.05627131028,0.01868542114;0.02125330487;0.02518066403,biomass;glucose;product;gp_nll,run_1;run_2;run_3,0.027014,0,,,0.02170646335,0.027014,0.0133886181,0,
76,800,76,1,228,0.02160278005,0.006877096001;0.01730172384;0.006261036207;0.05597126417,0.01860687369;0.0211532625;0.02504820397,biomass;glucose;product;gp_nll,run_1;run_2;run_3,0.025814,0,,,0.02160278005,0.025814,0.0133262702,0,
77,800,77,1,231,0.02149934207,0.006837014275;0.01726305603;0.006223932208;0.05567336578,0.01852851758;0.02105362114;0.02491588749,biomass;glucose;product;gp_nll,run_1;run_2;run_3,0.026776,0,,,0.02149934207,0.026776,0.01326479271,0,
78,800,78,1,234,0.02139614515,0.006796381787;0.01722425389;0.00618634583;0.0553775991,0.02095437088;0.01845034235;0.02478372222,biomass;glucose;product;gp_nll,run_2;run_1;run_3,0.026474,0,,,0.02139614515,0.026474,0.01320417892,0,
79,800,79,1,237,0.02129318479,0.006755208786;0.0171852897;0.006148291491;0.05508394917,0.02465171538;0.01837233723;0.02085550175,biomass;glucose;product;gp_nll,run_3;run_1;run_2,0.027354,0,,,0.02129318479,0.027354,0.01314442279,0,
80,800,80,1,240,0.02119045612,0.006713504375;0.01714613559;0.006109782579;0.05479240193,0.02451987377;0.02075700343;0.01829449116,biomass;glucose;product;gp_nll,run_3;run_2;run_1,0.027179,0,,,0.02119045612,0.027179,0.01308551887,0,
81,800,81,1,243,0.02108795228,0.006671276639;0.01710675644;0.006070831871;0.05450294418,0.02065886551;0.02438819853;0.0182167928,biomass;glucose;product;gp_nll,run_2;run_3;run_1,0.029061,0,,,0.02108795228,0.029061,0.01302746129,0,
82,800,82,1,246,0.02098567141,0.006628533103;0.01706713817;0.006031450945;0.05421556342,0.02425670628;0.02056107743;0.01813923053,biomass;glucose;product;gp_nll,run_3;run_2;run_1,0.031592,0,,,0.02098567141,0.031592,0.01297024725,0,
83,800,83,1,249,0.02088360611,0.006585280106;0.0170272455;0.005991650983;0.05393024784,0.02412539755;0.01806179241;0.02046362836,biomass;glucose;product;gp_nll,run_3;run_1;run_2,0.028288,0,,,0.02088360611,0.028288,0.01291387183,0,
84,800,84,1,252,0.02078175042,0.006541523249;0.01698704981;0.005951442416;0.0536469862,0.01798446623;0.02399427778;0.02036650725,biomass;glucose;product;gp_nll,run_1;run_3;run_2,0.032386,0,,,0.02078175042,0.032386,0.01285833111,0,
85,800,85,1,255,0.02068009812,0.006497267338;0.01694652226;0.005910835056;0.05336576782,0.02026970274;0.01790723951;0.0238633521,biomass;glucose;product;gp_nll,run_2;run_1;run_3,0.029688,0,,,0.02068009812,0.029688,0.01280362135,0,
86,800,86,1,258,0.02057864271,0.006452516448;0.01690563379;0.005869838168;0.05308658245,0.0201732032;0.02373262546;0.01783009947,biomass;glucose;product;gp_nll,run_2;run_3;run_1,0.030041,0,,,0.02057864271,0.030041,0.01274973901,0,
87,800,87,1,261,0.02047737745,0.006407273954;0.01686435505;0.005828460517;0.05280942029,0.01775303305;0.02360210257;0.02007699674,biomass;glucose;product;gp_nll,run_1;run_3;run_2,0.044870,0,,,0.02047737745,0.044870,0.01269668056,0,
88,800,88,1,264,0.02037629534,0.006361542574;0.01682265646;0.005786710416;0.05253427192,0.01767602692;0.02347178797;0.01998107115,biomass;glucose;product;gp_nll,run_1;run_3;run_2,0.028615,0,,,0.02037629534,0.028615,0.01264444241,0,
89,800,89,1,267,0.02027538913,0.00631532438;0.01678050814;0.005744595758;0.05226112825,0.0175990674;0.01988541393;0.02334168607,biomass;glucose;product;gp_nll,run_1;run_2;run_3,0.038143,0,,,0.02027538913,0.038143,0.01259302081,0,
90,800,90,1,270,0.02017465139,0.006268620922;0.01673788002;0.00570212413;0.05198998049,0.02321180119;0.0197900123;0.01752214068,biomass;glucose;product;gp_nll,run_3;run_2;run_1,0.031425,0,,,0.02017465139,0.031425,0.01254241175,0,
91,800,91,1,273,0.02007407441,0.006221433122;0.01669474166;0.005659302741;0.05172082012,0.02308213762;0.01969485317;0.01744523245,biomass;glucose;product;gp_nll,run_3;run_2;run_1,0.033017,0,,,0.02007407441,0.033017,0.01249261078,0,
92,800,92,1,276,0.01997365043,0.006173761549;0.01665106265;0.005616138669;0.05145363885,0.01959992317;0.01736832851;0.02295269961,biomass;glucose;product;gp_nll,run_2;run_1;run_3,0.029864,0,,,0.01997365043,0.029864,0.01244361298,0,
93,800,93,1,279,0.01987337146,0.00612560625;0.01660681225;0.00557263873;0.05118842862,0.0228234915;0.01950520864;0.01729141425,biomass;glucose;product;gp_nll,run_3;run_2;run_1,0.029523,0,,,0.01987337146,0.029523,0.01239541269,0,
94,800,94,1,282,0.01977322939,0.006076966872;0.01656195956;0.005528809588;0.05092518155,0.01721447481;0.01941069566;0.0226945177,biomass;glucose;product;gp_nll,run_1;run_2;run_3,0.028968,0,,,0.01977322939,0.028968,0.01234800342,0,
95,800,95,1,285,0.01967321599,0.006027842709;0.01651647353;0.005484657814;0.05066388992,0.01713749513;0.02256578282;0.01931637004,biomass;glucose;product;gp_nll,run_1;run_3;run_2,0.028283,0,,,0.01967321599,0.028283,0.01230137764,0,
96,800,96,1,288,0.01957333444,0.005978227349;0.01647036311;0.005440201151;0.05040454615,0.01922221733;0.01706045994;0.02243732605,biomass;glucose;product;gp_nll,run_2;run_1;run_3,0.033565,0,,,0.01957333444,0.033565,0.01225555191,0,
97,800,97,1,291,0.01947356554,0.005928119396;0.01642358194;0.005395417946;0.05014714289,0.02230908989;0.01698337338;0.01912823337,biomass;glucose;product;gp_nll,run_3;run_1;run_2,0.030231,0,,,0.01947356554,0.030231,0.01221045759,0,
98,800,98,1,294,0.01937389018,0.005877534949;0.01637601358;0.005350339415;0.04989167277,0.0221811081;0.01690618136;0.01903438107,biomass;glucose;product;gp_nll,run_3;run_1;run_2,0.030070,0,,,0.01937389018,0.030070,0.01216612331,0,
99,800,99,1,297,0.01927431033,0.005826460788;0.01632768713;0.005304964892;0.0496381285,0.01682888737;0.01894065712;0.02205338649,biomass;glucose;product;gp_nll,run_1;run_2;run_3,0.029245,0,,,0.01927431033,0.029245,0.01212252771,0,
100,800,100,1,300,0.01917481214,0.005774943781;0.01627846168;0.005259340195;0.04938650292,0.01675147564;0.01884702948;0.02192593132,biomass;glucose;product;gp_nll,run_1;run_2;run_3,0.034001,0,,,0.01917481214,0.034001,0.01207964988,0,
101,800,101,1,303,0.01907539942,0.005722886216;0.01622852705;0.005213395475;0.04913678895,0.02179874932;0.01667393037;0.01875351859,biomass;glucose;product;gp_nll,run_3;run_1;run_2,0.029488,0,,,0.01907539942,0.029488,0.01203748063,0,
102,800,102,1,306,0.01897605787,0.005670334206;0.01617774145;0.005167176326;0.04888897949,0.01659623573;0.01866008991;0.02167184797,biomass;glucose;product;gp_nll,run_1;run_2;run_3,0.030640,0,,,0.01897605787,0.030640,0.01199599396,0,
103,800,103,1,309,0.01887677982,0.005617286538;0.01612607457;0.005120690742;0.04864306743,0.02154523555;0.01856672796;0.01651837594,biomass;glucose;product;gp_nll,run_3;run_2;run_1,0.032376,0,,,0.01887677982,0.032376,0.01195516525,0,
104,800,104,1,312,0.01877755803,0.005563742319;0.01607349684;0.005073947323;0.04839904564,0.02141892141;0.01847341729;0.01644033539,biomass;glucose;product;gp_nll,run_3;run_2;run_1,0.029840,0,,,0.01877755803,0.029840,0.01191496646,0,
105,800,105,1,315,0.01867838559,0.005509701121;0.01601997898;0.005026955232;0.04815690701,0.01838014248;0.01636209867;0.0212929156,biomass;glucose;product;gp_nll,run_2;run_1;run_3,0.031451,0,,,0.01867838559,0.031451,0.01187536555,0,
106,800,106,1,318,0.01857925604,0.005455163102;0.01596549238;0.004979724343;0.04791664434,0.01828688827;0.02116722916;0.01628365069,biomass;glucose;product;gp_nll,run_2;run_3;run_1,0.030958,0,,,0.01857925604,0.030958,0.01183632622,0,
107,800,107,1,321,0.0184801636,0.005400129249;0.01591000916;0.00493226558;0.04767825039,0.01819363958;0.02104187441;0.0162049768,biomass;glucose;product;gp_nll,run_2;run_3;run_1,0.031830,0,,,0.0184801636,0.031830,0.01179780747,0,
108,800,108,1,324,0.01838110288,0.005344601119;0.01585350243;0.004884590155;0.04744171783,0.0181003816;0.02091686437;0.01612606269,biomass;glucose;product;gp_nll,run_2;run_3;run_1,0.031973,0,,,0.01838110288,0.031973,0.01175976309,0,
109,800,109,1,327,0.01828206956,0.005288581696;0.01579594626;0.004836711072;0.0472070392,0.01604689487;0.02079221392;0.01800709988,biomass;glucose;product;gp_nll,run_1;run_3;run_2,0.033413,0,,,0.01828206956,0.033413,0.0117221413,0,
110,800,110,1,330,0.01818306018,0.005232075114;0.01573731634;0.00478864236;0.04697420689,0.0159674609;0.0206679392;0.01791378043,biomass;glucose;product;gp_nll,run_1;run_3;run_2,0.032228,0,,,0.01818306018,0.032228,0.01168488465,0,
111,800,111,1,333,0.01808407233,0.005175086901;0.01567758988;0.004740399393;0.04674321315,0.02054405789;0.01782040979;0.01588774932,biomass;glucose;product;gp_nll,run_3;run_2;run_1,0.031349,0,,,0.01808407233,0.031349,0.01164792934,0,
112,800,112,1,336,0.01798510488,0.00511762426;0.01561674611;0.004691999167;0.04651405,0.01772697518;0.02042058964;0.01580774983,biomass;glucose;product;gp_nll,run_2;run_3;run_1,0.030986,0,,,0.01798510488,0.030986,0.0116112047,0,
113,800,113,1,339,0.01788615802,0.005059696229;0.01555476623;0.00464346039;0.04628670924,0.01763346459;0.01572745343;0.02029755605,biomass;glucose;product;gp_nll,run_2;run_1;run_3,0.043314,0,,,0.01788615802,0.043314,0.01157463282,0,
114,800,114,1,342,0.01778724888,0.005001350407;0.01549163789;0.004594824837;0.04606118239,0.01753986692;0.02017497998;0.01564689975,biomass;glucose;product;gp_nll,run_2;run_3;run_1,0.039270,0,,,0.01778724888,0.039270,0.01153816581,0,
115,800,115,1,345,0.01768834569,0.004942519549;0.01542733512;0.004546067579;0.04583746052,0.01556597844;0.01744617223;0.0200528864,biomass;glucose;product;gp_nll,run_1;run_2;run_3,0.032357,0,,,0.01768834569,0.032357,0.01150162887,0,
116,800,116,1,348,0.01758947266,0.004883263471;0.0153618537;0.004497238896;0.04561553456,0.0173523716;0.01548474425;0.01993130212,biomass;glucose;product;gp_nll,run_2;run_1;run_3,0.034566,0,,,0.01758947266,0.034566,0.01146496524,0,
117,800,117,1,351,0.01749063628,0.004823600448;0.01529518432;0.004448365291;0.04539539506,0.01540319581;0.01981025605;0.01725845699,biomass;glucose;product;gp_nll,run_1;run_3;run_2,0.037777,0,,,0.01749063628,0.037777,0.01142806526,0,
118,800,118,1,354,0.01739184523,0.004763551884;0.01522732108;0.004399475816;0.04517703214,0.01716442207;0.01532133431;0.01968977931,biomass;glucose;product;gp_nll,run_2;run_1;run_3,0.031800,0,,,0.01739184523,0.031800,0.01139081083,0,
119,800,119,1,357,0.01729311047,0.004703142517;0.0151582617;0.004350602189;0.04496043546,0.01523916383;0.01956990525;0.01707026232,biomass;glucose;product;gp_nll,run_1;run_3;run_2,0.031561,0,,,0.01729311047,0.031561,0.01135307541,0,
120,800,120,1,360,0.01719444538,0.004642400647;0.01508800781;0.004301778911;0.04474559417,0.01945066953;0.01697597502;0.01515669161,biomass;glucose;product;gp_nll,run_3;run_2;run_1,0.031949,0,,,0.01719444538,0.031949,0.01131472404,0,
121,800,121,1,363,0.01709586593,0.004581358343;0.01501656513;0.004253043357;0.04453249687,0.01507392819;0.0193321101;0.01688155948,biomass;glucose;product;gp_nll,run_1;run_3;run_2,0.035819,0,,,0.01709586593,0.035819,0.01127561366,0,
122,800,122,1,366,0.01699738894,0.004520052206;0.01494393602;0.004204435958;0.04432113158,0.01921426723;0.01499088821;0.01678701139,biomass;glucose;product;gp_nll,run_3;run_1;run_2,0.032679,0,,,0.01699738894,0.032679,0.01123559555,0,
123,800,123,1,369,0.01689904033,0.004458525082;0.01487014818;0.004156002337;0.04411148571,0.01490759379;0.01909718347;0.01669234373,biomass;glucose;product;gp_nll,run_1;run_3;run_2,0.041701,0,,,0.01689904033,0.041701,0.01119451163,0,
124,800,124,1,372,0.0168008423,0.004396818909;0.01479521689;0.004107787446;0.04390354596,0.01482406424;0.01659755901;0.01898090366,biomass;glucose;product;gp_nll,run_1;run_2;run_3,0.038519,0,,,0.0168008423,0.038519,0.01115219449,0,
125,800,125,1,375,0.01670282287,0.004334983564;0.01471916788;0.004059841721;0.04369729831,0.01650266639;0.01886547484;0.01474032737,biomass;glucose;product;gp_nll,run_2;run_3;run_1,0.034848,0,,,0.01670282287,0.034848,0.01110847357,0,
126,800,126,1,378,0.01660501339,0.004273073931;0.01464203253;0.004012219092;0.04349272802,0.014656416;0.01875094619;0.01640767799,biomass;glucose;product;gp_nll,run_1;run_3;run_2,0.032639,0,,,0.01660501339,0.032639,0.01106317374,0,
127,800,127,1,381,0.01650743843,0.004211148089;0.01456381885;0.003964967284;0.04328981951,0.01863733811;0.01457236818;0.01631260902,biomass;glucose;product;gp_nll,run_3;run_1;run_2,0.037117,0,,,0.01650743843,0.037117,0.01101609856,0,
128,800,128,1,384,0.01641015658,0.004149276576;0.01448462566;0.003918167722;0.04308855637,0.01621747811;0.01448822739;0.01852476425,biomass;glucose;product;gp_nll,run_2;run_1;run_3,0.036691,0,,,0.01641015658,0.036691,0.0109671025,0,
129,800,129,1,387,0.01631320017,0.00408752714;0.01440447782;0.003871874399;0.04288892133,0.01612230728;0.01440404283;0.01841325041,biomass;glucose;product;gp_nll,run_2;run_1;run_3,0.036044,0,,,0.01631320017,0.036044,0.01091599015,0,
130,800,130,1,390,0.01621661492,0.004025975997;0.01432343213;0.003826155281;0.04269089626,0.01431986946;0.01602712214;0.01830285315,biomass;glucose;product;gp_nll,run_1;run_2;run_3,0.032455,0,,,0.01621661492,0.032455,0.01086258504,0,
131,800,131,1,393,0.0161204498,0.003964704765;0.01424155075;0.003781081579;0.04249446209,0.01423576809;0.015931951;0.0181936303,biomass;glucose;product;gp_nll,run_1;run_2;run_3,0.033799,0,,,0.0161204498,0.033799,0.01080671547,0,
132,800,132,1,396,0.01602475167,0.003903783256;0.01415890398;0.003736720632;0.04229959881,0.01583682647;0.01415178786;0.01808564067,biomass;glucose;product;gp_nll,run_2;run_1;run_3,0.033981,0,,,0.01602475167,0.033981,0.01074816341,0,
133,800,133,1,399,0.01592958759,0.003843337103;0.01407556447;0.003693163314;0.04210628548,0.01797894249;0.01406803476;0.01574178552,biomass;glucose;product;gp_nll,run_3;run_1;run_2,0.034739,0,,,0.01592958759,0.034739,0.01068688033,0,
134,800,134,1,402,0.01583501149,0.003783447166;0.01399161595;0.003650482686;0.04191450017,0.01398457085;0.015646869;0.01787359464,biomass;glucose;product;gp_nll,run_1;run_2;run_3,0.032790,0,,,0.01583501149,0.032790,0.01062267898,0,
135,800,135,1,405,0.01574108571,0.003724214847;0.01390714765;0.003608760392;0.04172421997,0.01555212167;0.01776965626;0.01390147921,biomass;glucose;product;gp_nll,run_2;run_3;run_1,0.032429,0,,,0.01574108571,0.032429,0.01055543941,0,
136,800,136,1,408,0.01564787532,0.00366574565;0.01382225492;0.00356807974;0.04153542098,0.01381884774;0.01766718614;0.01545759209,biomass;glucose;product;gp_nll,run_1;run_3;run_2,0.032575,0,,,0.01564787532,0.032575,0.010485063,0,
137,800,137,1,411,0.01555544776,0.003608148604;0.01373703892;0.003528525107;0.04134807839,0.01536333255;0.01756624215;0.01373676856,biomass;glucose;product;gp_nll,run_2;run_3;run_1,0.044893,0,,,0.01555544776,0.044893,0.01041147607,0,
138,800,138,1,414,0.01546387238,0.003551535591;0.01365160619;0.003490181304;0.04116216644,0.01365533734;0.01526939887;0.01746688093,biomass;glucose;product;gp_nll,run_1;run_2;run_3,0.089961,0,,,0.01546387238,0.089961,0.01033463356,0,
139,800,139,1,417,0.01537322002,0.003496020574;0.01356606818;0.003453132864;0.04097765847,0.01517585019;0.01736915735;0.01357465254,biomass;glucose;product;gp_nll,run_2;run_3;run_1,0.076498,0,,,0.01537322002,0.076498,0.01025452258,0,
140,800,140,1,420,0.0152835624,0.003441718799;0.01348054048;0.003417463301;0.040794527,0.01727312409;0.01508274853;0.01349481457,biomass;glucose;product;gp_nll,run_3;run_2;run_1,0.036893,0,,,0.0152835624,0.036893,0.01017116581,0,
141,800,141,1,423,0.01519497152,0.003388745736;0.01339514236;0.003383254235;0.04061274374,0.01499015872;0.0171788312;0.01341592463,biomass;glucose;product;gp_nll,run_2;run_3;run_1,0.040189,0,,,0.01519497152,0.040189,0.01008462451,0,
142,800,142,1,426,0.01510751886,0.003337215516;0.01330999607;0.003350584174;0.04043227968,0.01708632562;0.01333808291;0.01489814805,biomass;glucose;product;gp_nll,run_3;run_1;run_2,0.038009,0,,,0.01510751886,0.038009,0.009995000211,0,
143,800,143,1,429,0.01502127488,0.003287240554;0.01322522577;0.003319528049;0.04025310513,0.01699565072;0.01480678546;0.01326138845,biomass;glucose;product;gp_nll,run_3;run_2;run_1,0.035840,0,,,0.01502127488,0.035840,0.009902437909,0,
144,800,144,1,432,0.01493630815,0.003238929979;0.0131409567;0.003290156022;0.04007518989,0.01471614119;0.01318593735;0.0169068459,biomass;glucose;product;gp_nll,run_2;run_1;run_3,0.033965,0,,,0.01493630815,0.033965,0.009807126719,0,
145,800,145,1,435,0.01485268458,0.00319238837;0.01305731422;0.003262532494;0.03989850324,0.01462628615;0.01311182146;0.01681994613,biomass;glucose;product;gp_nll,run_2;run_1;run_3,0.033994,0,,,0.01485268458,0.033994,0.009709300251,0,
146,800,146,1,438,0.01477046682,0.003147714747;0.01297442306;0.003236715309;0.03972301415,0.01673498169;0.01303912746;0.01453729131,biomass;glucose;product;gp_nll,run_3;run_1;run_2,0.035575,0,,,0.01477046682,0.035575,0.009609236833,0,
147,800,147,1,441,0.01468971299,0.003105000356;0.01289240587;0.00321275438;0.03954869134,0.01444922671;0.01296793385;0.0166519784,biomass;glucose;product;gp_nll,run_2;run_1;run_3,0.037773,0,,,0.01468971299,0.037773,0.009507254784,0,
148,800,148,1,444,0.01461047609,0.003064327869;0.01281138229;0.003190690789;0.0393755034,0.01436216087;0.01289831115;0.01657095624,biomass;glucose;product;gp_nll,run_2;run_1;run_3,0.034688,0,,,0.01461047609,0.034688,0.009403712408,0,
149,800,149,1,447,0.01453280341,0.003025770546;0.01273146781;0.003170556271;0.039203419,0.01427616074;0.01283032021;0.01649192928,biomass;glucose;product;gp_nll,run_2;run_1;run_3,0.034737,0,,,0.01453280341,0.034737,0.009299001971,0,
150,800,150,1,450,0.01445673575,0.002989390841;0.01265277287;0.003152372342;0.03903240694,0.01419129056;0.01276401106;0.01641490563,biomass;glucose;product;gp_nll,run_2;run_1;run_3,0.048209,0,,,0.01445673575,0.048209,0.009193544698,0,
151,800,151,1,453,0.01438230681,0.00295523938;0.01257540179;0.003136149702;0.03886243639,0.01410761111;0.012699422;0.01633988734,biomass;glucose;product;gp_nll,run_2;run_1;run_3,0.035317,0,,,0.01438230681,0.035317,0.009087784288,0,
152,800,152,1,456,0.01430954288,0.002923359026;0.01249944692;0.003121888622;0.03869347695,0.01402517901;0.01626687026;0.01263657937,biomass;glucose;product;gp_nll,run_2;run_3;run_1,0.034969,0,,,0.01430954288,0.034969,0.008982172103,0,
153,800,153,1,459,0.01423846208,0.002893766957;0.01242500681;0.003109575679;0.03852549889,0.01394404613;0.01257549608;0.01619584405,biomass;glucose;product;gp_nll,run_2;run_1;run_3,0.051372,0,,,0.01423846208,0.051372,0.008877188226,0,
154,800,154,1,462,0.01416907438,0.002866477782;0.01235215887;0.003099187628;0.03835847323,0.01251617206;0.01612679216;0.01386425892,biomass;glucose;product;gp_nll,run_1;run_3;run_2,0.043516,0,,,0.01416907438,0.043516,0.008773290253,0,
155,800,155,1,465,0.01410138107,0.002841488397;0.01228097509;0.003090688839;0.03819237196,0.0124585932;0.01378585798;0.01605969204,biomass;glucose;product;gp_nll,run_1;run_2;run_3,0.046223,0,,,0.01410138107,0.046223,0.008670929084,0,
156,800,156,1,468,0.01403537519,0.002818781965;0.0122115182;0.003084032474;0.03802716813,0.0137088776;0.0124027327;0.01599451527,biomass;glucose;product;gp_nll,run_2;run_1;run_3,0.050332,0,,,0.01403537519,0.050332,0.008570535948,0,
157,800,157,1,471,0.0139710416,0.00279832849;0.01214384098;0.003079160924;0.03786283599,0.01593122786;0.01234855149;0.01363334544,biomass;glucose;product;gp_nll,run_3;run_1;run_2,0.062187,0,,,0.0139710416,0.062187,0.008472512769,0,
158,800,158,1,474,0.01390835726,0.002780084926;0.01207798648;0.003076006449;0.03769935118,0.01355928231;0.01586979059;0.01229599887,biomass;glucose;product;gp_nll,run_2;run_3;run_1,0.042565,0,,,0.01390835726,0.042565,0.008377224853,0,
159,800,159,1,477,0.01384729129,0.002763994122;0.0120139886;0.003074491716;0.03753669074,0.01224501248;0.01581015942;0.01348670198,biomass;glucose;product;gp_nll,run_1;run_3;run_2,0.038063,0,,,0.01384729129,0.038063,0.008284993074,0,
160,800,160,1,480,0.01378780487,0.002749982809;0.01195187288;0.003074530448;0.03737483333,0.013415612;0.0121955167;0.0157522859,biomass;glucose;product;gp_nll,run_2;run_1;run_3,0.040832,0,,,0.01378780487,0.040832,0.008196084628,0,
161,800,161,1,483,0.01372985699,0.002737987075;0.01189164971;0.00307603194;0.03721375922,0.01334601158;0.01569611767;0.01214744171,biomass;glucose;product;gp_nll,run_2;run_3;run_1,0.035647,0,,,0.01372985699,0.035647,0.008110725251,0,
162,800,162,1,486,0.01367339522,0.002727908661;0.01183332596;0.003078895858;0.03705345041,0.01564159899;0.0132778939;0.01210069277,biomass;glucose;product;gp_nll,run_3;run_2;run_1,0.036318,0,,,0.01367339522,0.036318,0.008029066902,0,
163,800,163,1,489,0.01361836517,0.002719653203;0.01177689781;0.003083019002;0.03689389067,0.01558867128;0.0120551784;0.01321124583,biomass;glucose;product;gp_nll,run_3;run_1;run_2,0.039877,0,,,0.01361836517,0.039877,0.007951212671,0,
164,800,164,1,492,0.01356470813,0.002713118956;0.01172235336;0.003088294631;0.03673506559,0.01314604826;0.01201080246;0.01553727368,biomass;glucose;product;gp_nll,run_2;run_1;run_3,0.035533,0,,,0.01356470813,0.035533,0.007877208061,0,
165,800,165,1,495,0.01351236257,0.002708199119;0.01166967437;0.003094614217;0.03657696258,0.01548734362;0.01196746638;0.01308227771,biomass;glucose;product;gp_nll,run_3;run_1;run_2,0.035946,0,,,0.01351236257,0.035946,0.007807044715,0,
166,800,166,1,498,0.01346126339,0.002704782816;0.01161883242;0.003101867452;0.03641957087,0.01543881737;0.01192507069;0.0130199021,biomass;glucose;product;gp_nll,run_3;run_1;run_2,0.035541,0,,,0.01346126339,0.035541,0.007740662096,0,
167,800,167,1,501,0.01341134534,0.002702757312;0.0115697971;0.003109945417;0.03626288151,0.01539163059;0.01188351652;0.0129588889,biomass;glucose;product;gp_nll,run_3;run_1;run_2,0.036537,0,,,0.01341134534,0.036537,0.007677956278,0,
168,800,168,1,504,0.01336253603,0.002702010483;0.01152250238;0.003118743954;0.03610688732,0.0153457188;0.01184270687;0.01289918243,biomass;glucose;product;gp_nll,run_3;run_1;run_2,0.037092,0,,,0.01336253603,0.037092,0.007618764523,0,
169,800,169,1,507,0.01331477888,0.002702428628;0.0114769496;0.003128154406;0.03595158287,0.01284077087;0.0118025478;0.01530101795,biomass;glucose;product;gp_nll,run_2;run_1;run_3,0.036142,0,,,0.01331477888,0.036142,0.007562936019,0,
170,800,170,1,510,0.01326800693,0.002703899786;0.01143308807;0.003138075498;0.03579696436,0.01278360649;0.01525746478;0.01176294951,biomass;glucose;product;gp_nll,run_2;run_3;run_1,0.037238,0,,,0.01326800693,0.037238,0.007510263535,0,
171,800,171,1,513,0.01322214655,0.00270631695;0.01139082498;0.003148414694;0.03564302957,0.01521499398;0.0127276185;0.01172382716,biomass;glucose;product;gp_nll,run_3;run_2;run_1,0.038071,0,,,0.01322214655,0.038071,0.007460495121,0,
172,800,172,1,516,0.0131771422,0.002709577784;0.0113501316;0.003159081587;0.03548977781,0.01168510159;0.01267277395;0.01517355105,biomass;glucose;product;gp_nll,run_1;run_2;run_3,0.036521,0,,,0.0131771422,0.036521,0.007413409559,0,
173,800,173,1,519,0.01313293504,0.002713580314;0.0113109619;0.003169988209;0.03533720976,0.01261903071;0.01164669986;0.01513307457,biomass;glucose;product;gp_nll,run_2;run_1;run_3,0.036294,0,,,0.01313293504,0.036294,0.007368765864,0,
174,800,174,1,522,0.01308946588,0.002718230884;0.01127324804;0.00318105721;0.03518532739,0.01160855566;0.01256633395;0.01509350804,biomass;glucose;product;gp_nll,run_1;run_2;run_3,0.037366,0,,,0.01308946588,0.037366,0.007326310667,0,
175,800,175,1,525,0.01304668924,0.002723470532;0.01123691403;0.003192238533;0.03503413385,0.01505482276;0.01157060948;0.01251463547,biomass;glucose;product;gp_nll,run_3;run_1;run_2,0.037275,0,,,0.01304668924,0.037275,0.007285785505,0,
176,800,176,1,528,0.01300453841,0.002729152485;0.01120195105;0.00320341656;0.03488363354,0.01153280876;0.01501691444;0.01246389203,biomass;glucose;product;gp_nll,run_1;run_3;run_2,0.036383,0,,,0.01300453841,0.036383,0.007246992395,0,
177,800,177,1,531,0.01296297141,0.00273524091;0.01116824452;0.003214568599;0.03473383161,0.01241404531;0.01497976109;0.01149510783,biomass;glucose;product;gp_nll,run_2;run_3;run_1,0.037486,0,,,0.01296297141,0.037486,0.007209668776,0,
178,800,178,1,534,0.01292194649,0.002741660566;0.01113575605;0.003225635302;0.03458473404,0.01145746779;0.01236505538;0.01494331629,biomass;glucose;product;gp_nll,run_1;run_2;run_3,0.034937,0,,,0.01292194649,0.034937,0.007173614861,0,
179,800,179,1,537,0.01288142342,0.002748348426;0.01110442606;0.003236571677;0.03443634753,0.01231687772;0.01141985627;0.01490753628,biomass;glucose;product;gp_nll,run_2;run_1;run_3,0.054866,0,,,0.01288142342,0.054866,0.007138633698,0,
180,800,180,1,540,0.01284138211,0.002755272293;0.01107419737;0.003247379394;0.03428867936,0.01226946943;0.01138224709;0.01487242979,biomass;glucose;product;gp_nll,run_2;run_1;run_3,0.037449,0,,,0.01284138211,0.037449,0.007104568749,0,
181,800,181,1,543,0.01280175696,0.002762333417;0.01104501096;0.003257946265;0.0341417372,0.01483786146;0.01134461992;0.0122227895,biomass;glucose;product;gp_nll,run_3;run_1;run_2,0.043300,0,,,0.01280175696,0.043300,0.007071211945,0,
182,800,182,1,546,0.01276253364,0.002769511108;0.01101680944;0.003268284848;0.03399552918,0.01480384226;0.01217679879;0.01130695988,biomass;glucose;product;gp_nll,run_3;run_2;run_1,0.041920,0,,,0.01276253364,0.041920,0.00703844115,0,
183,800,183,1,549,0.01272368544,0.002776766637;0.0109895375;0.003278373885;0.03385006372,0.01126925705;0.01213146015;0.0147703391,biomass;glucose;product;gp_nll,run_1;run_2;run_3,0.037033,0,,,0.01272368544,0.037033,0.007006129942,0,
184,800,184,1,552,0.01268518861,0.002784066626;0.01096314124;0.003288197133;0.03370534942,0.0120867385;0.01123150601;0.01473732131,biomass;glucose;product;gp_nll,run_2;run_1;run_3,0.037420,0,,,0.01268518861,0.037420,0.006974169276,0,
185,800,185,1,555,0.01264702206,0.002791382503;0.01093756805;0.003297742764;0.03356139493,0.01204260077;0.01470476005;0.01119370537,biomass;glucose;product;gp_nll,run_2;run_3;run_1,0.036487,0,,,0.01264702206,0.036487,0.006942466638,0,
186,800,186,1,558,0.01260916731,0.002798690277;0.01091276698;0.003307003072;0.0334182089,0.01467262862;0.01115585736;0.01199901594,biomass;glucose;product;gp_nll,run_3;run_1;run_2,0.036489,0,,,0.01260916731,0.036489,0.006910945097,0,
187,800,187,1,561,0.01257160815,0.00280597007;0.01088868865;0.003315974016;0.03327579986,0.01464090236;0.01111796715;0.01195595494,biomass;glucose;product;gp_nll,run_3;run_1;run_2,0.036055,0,,,0.01257160815,0.036055,0.006879542206,0,
188,800,188,1,564,0.01253433054,0.002813205739;0.01086528544;0.003324654789;0.03313417621,0.01191339062;0.01460955846;0.01108004255,biomass;glucose;product;gp_nll,run_2;run_3;run_1,0.036511,0,,,0.01253433054,0.036511,0.006848208763,0,
189,800,189,1,567,0.01249732234,0.002820384465;0.01084251144;0.003333047379;0.03299334607,0.01457857588;0.0110420935;0.01187129764,biomass;glucose;product;gp_nll,run_3;run_1;run_2,0.039841,0,,,0.01249732234,0.039841,0.006816907523,0,
190,800,190,1,570,0.01246057308,0.0028274964;0.01082032244;0.003341156202;0.03285331729,0.01454793513;0.0110041317;0.01182965242,biomass;glucose;product;gp_nll,run_3;run_1;run_2,0.039079,0,,,0.01246057308,0.039079,0.006785611887,0,
191,800,191,1,573,0.01242407384,0.002834534345;0.01079867582;0.00334898782;0.03271409737,0.01451761816;0.01178843312;0.01096617024,biomass;glucose;product;gp_nll,run_3;run_2;run_1,0.038264,0,,,0.01242407384,0.038264,0.006754304604,0,
192,800,192,1,576,0.01238781689,0.002841493148;0.01077753071;0.003356550284;0.0325756934,0.01448760809;0.01174761937;0.0109282232,biomass;glucose;product;gp_nll,run_3;run_2;run_1,0.039016,0,,,0.01238781689,0.039016,0.006722976562,0,
193,800,193,1,579,0.01235179469,0.002848368721;0.01075684526;0.003363852771;0.03243811203,0.01170719223;0.01445788952;0.01089030233,biomass;glucose;product;gp_nll,run_2;run_3;run_1,0.038740,0,,,0.01235179469,0.038740,0.006691625203,0,
194,800,194,1,582,0.0123160035,0.002855161095;0.01073658722;0.003370906209;0.03230135946,0.01442844815;0.01085242823;0.0116671341,biomass;glucose;product;gp_nll,run_3;run_1;run_2,0.038085,0,,,0.0123160035,0.038085,0.006660255076,0,
195,800,195,1,585,0.0122804377,0.002861869253;0.01071671861;0.003377721565;0.03216544137,0.01162742864;0.01439927068;0.01081461377,biomass;glucose;product;gp_nll,run_2;run_3;run_1,0.039164,0,,,0.0122804377,0.039164,0.006628874154,0,
196,800,196,1,588,0.01224509317,0.002868493932;0.01069720534;0.00338431052;0.03203036291,0.01077687418;0.01437034471;0.01158806064,biomass;glucose;product;gp_nll,run_1;run_3;run_2,0.037991,0,,,0.01224509317,0.037991,0.006597494679,0,
197,800,197,1,591,0.01220996633,0.002875036682;0.0106780149;0.003390685035;0.03189612872,0.01154901598;0.01073922438;0.01434165864,biomass;glucose;product;gp_nll,run_2;run_1;run_3,0.040840,0,,,0.01220996633,0.040840,0.006566131846,0,
198,800,198,1,594,0.012175054,0.002881499667;0.01065911634;0.003396857157;0.03176274284,0.01151028155;0.01431320162;0.01070167884,biomass;glucose;product;gp_nll,run_2;run_3;run_1,0.040744,0,,,0.012175054,0.040744,0.006534803025,0,
199,800,199,1,597,0.01214035623,0.002887890899;0.01064048278;0.003402842438;0.0316302088,0.01066426012;0.01147184512;0.01428496346,biomass;glucose;product;gp_nll,run_1;run_2;run_3,0.042826,0,,,0.01214035623,0.042826,0.006503525922,0,
200,800,200,1,600,0.01210586453,0.00289420244;0.01062208083;0.003408645348;0.03149852952,0.01062696374;0.01143369531;0.01425693455,biomass;glucose;product;gp_nll,run_1;run_2;run_3,0.053480,0,,,0.01210586453,0.053480,0.006472322615,0,
201,800,201,1,603,0.01207157936,0.002900447734;0.0106038758;0.00341428653;0.03136770737,0.01422910584;0.01058981102;0.01139582122,biomass;glucose;product;gp_nll,run_3;run_1;run_2,0.054259,0,,,0.01207157936,0.054259,0.006441214201,0,
202,800,202,1,606,0.01203749847,0.002906619189;0.0105858655;0.003419765036;0.03123774415,0.01135821323;0.01055281342;0.01420146875,biomass;glucose;product;gp_nll,run_2;run_1;run_3,0.044490,0,,,0.01203749847,0.044490,0.006410216513,0,
203,800,203,1,609,0.01200361709,0.002912721808;0.01056801271;0.00342509272;0.03110864113,0.01417401515;0.01051597396;0.01132086216,biomass;glucose;product;gp_nll,run_3;run_1;run_2,0.048213,0,,,0.01200361709,0.048213,0.006379351259,0,
204,800,204,1,612,0.01196993792,0.002918765901;0.01055029768;0.003430289091;0.03098039901,0.0104793171;0.01128375934;0.01414673732,biomass;glucose;product;gp_nll,run_1;run_2;run_3,0.041281,0,,,0.01196993792,0.041281,0.006348637793,0,
205,800,205,1,615,0.01193645629,0.002924750731;0.01053269768;0.003435358767;0.03085301798,0.01411962788;0.01044284422;0.01124689677,biomass;glucose;product;gp_nll,run_3;run_1;run_2,0.045291,0,,,0.01193645629,0.045291,0.006318094027,0,
206,800,206,1,618,0.0119031699,0.002930678921;0.01051519259;0.003440310409;0.0307264977,0.01409267982;0.01040656302;0.01121026687,biomass;glucose;product;gp_nll,run_3;run_1;run_2,0.043098,0,,,0.0119031699,0.043098,0.006287736943,0,
207,800,207,1,621,0.0118700764,0.002936552848;0.01049776346;0.003445151986;0.03060083733,0.01117386252;0.01406588642;0.01037048027,biomass;glucose;product;gp_nll,run_2;run_3;run_1,0.039995,0,,,0.0118700764,0.039995,0.006257582292,0,
208,800,208,1,624,0.01183717337,0.002942374627;0.01048039252;0.003449890787;0.03047603554,0.0103346018;0.01403924125;0.01113767705,biomass;glucose;product;gp_nll,run_1;run_3;run_2,0.043065,0,,,0.01183717337,0.043065,0.006227644504,0,
209,800,209,1,627,0.01180445829,0.002948146101;0.01046306311;0.003454533428;0.03035209054,0.01110170418;0.01029893254;0.01401273816,biomass;glucose;product;gp_nll,run_2;run_1;run_3,0.044243,0,,,0.01180445829,0.044243,0.006197936642,0,
210,800,210,1,630,0.0117719286,0.002953868839;0.01044575964;0.003459085862;0.03022900008,0.01398637123;0.01026347657;0.01106593801,biomass;glucose;product;gp_nll,run_3;run_1;run_2,0.042053,0,,,0.0117719286,0.042053,0.006168470393,0,
211,800,211,1,633,0.01173958165,0.002959544133;0.01042846757;0.003463553388;0.03010676149,0.01103037301;0.01022823714;0.01396013478,biomass;glucose;product;gp_nll,run_2;run_1;run_3,0.039990,0,,,0.01173958165,0.039990,0.006139256073,0,
212,800,212,1,636,0.01170741469,0.002965173005;0.01041117338;0.003467940673;0.02998537171,0.01393402336;0.01099500397;0.01019321674,biomass;glucose;product;gp_nll,run_3;run_2;run_1,0.039981,0,,,0.01170741469,0.039981,0.006110302668,0,
213,800,213,1,639,0.01167542495,0.00297075622;0.0103938645;0.003472251778;0.02986482729,0.01390803171;0.01095982598;0.01015841714,biomass;glucose;product;gp_nll,run_3;run_2;run_1,0.039229,0,,,0.01167542495,0.039229,0.006081617884,0,
214,800,214,1,642,0.01164360955,0.002976294297;0.01037652932;0.003476490184;0.0297451244,0.01388215477;0.01012383944;0.01092483444,biomass;glucose;product;gp_nll,run_3;run_1;run_2,0.042524,0,,,0.01164360955,0.042524,0.006053208209,0,
215,800,215,1,645,0.01161195342,0.002981790909;0.01035910259;0.003480661278;0.02962625889,0.0100894841;0.01088998851;0.01385638765,biomass;glucose;product;gp_nll,run_1;run_2;run_3,0.039547,0,,,0.01161195342,0.039547,0.006025075639,0,
216,800,216,1,648,0.01158047757,0.002987239411;0.01034168189;0.003484762633;0.02950822635,0.01005535103;0.01383072565;0.01085535604,biomass;glucose;product;gp_nll,run_1;run_3;run_2,0.042677,0,,,0.01158047757,0.042677,0.005997231201,0,
217,800,217,1,651,0.01154916719,0.002992643022;0.01032420516;0.003488798574;0.02939102201,0.01002143964;0.01082089774;0.0138051642,biomass;glucose;product;gp_nll,run_1;run_2;run_3,0.042558,0,,,0.01154916719,0.042558,0.005969674867,0,
218,800,218,1,654,0.01151801924,0.00299800143;0.01030666412;0.003492770564;0.02927464084,0.01078660998;0.009987748832;0.0137796989,biomass;glucose;product;gp_nll,run_2;run_1;run_3,0.039005,0,,,0.01151801924,0.039005,0.005942409078,0,
219,800,219,1,657,0.01148703066,0.003003314162;0.01028905125;0.003496679645;0.02915907758,0.01375432551;0.009954277126;0.01075248934,biomass;glucose;product;gp_nll,run_3;run_1;run_2,0.039458,0,,,0.01148703066,0.039458,0.005915435479,0,
220,800,220,1,660,0.01145619837,0.003008580595;0.01027135972;0.003500526464;0.02904432671,0.01071853259;0.01372903988;0.009921022655,biomass;glucose;product;gp_nll,run_2;run_3;run_1,0.049062,0,,,0.01145619837,0.049062,0.005888755009,0,
221,800,221,1,663,0.0114255193,0.003013799971;0.01025358337;0.003504311304;0.02893038255,0.013703838;0.01068473667;0.009887983226,biomass;glucose;product;gp_nll,run_3;run_2;run_1,0.039214,0,,,0.0114255193,0.039214,0.005862367983,0,
222,800,222,1,666,0.01139499034,0.003018971414;0.01023571665;0.003508034113;0.0288172392,0.0106510987;0.01367871597;0.009855156362,biomass;glucose;product;gp_nll,run_2;run_3;run_1,0.042267,0,,,0.01139499034,0.042267,0.005836274168,0,
223,800,223,1,669,0.01136458949,0.003024051972;0.01021776647;0.003511648909;0.02870489062,0.01061761593;0.01365361321;0.009822539337,biomass;glucose;product;gp_nll,run_2;run_3;run_1,0.041900,0,,,0.01136458949,0.041900,0.005810466779,0,
224,800,224,1,672,0.01133435185,0.003029125278;0.01019970427;0.003515247174;0.02859333069,0.01362864061;0.009790129245;0.0105842857,biomass;glucose;product;gp_nll,run_3;run_1;run_2,0.041723,0,,,0.01133435185,0.041723,0.005784957289,0,
225,800,225,1,675,0.01130425506,0.003034147428;0.01018153821;0.003518781523;0.02848255309,0.01055110556;0.009757922926;0.0136037367,biomass;glucose;product;gp_nll,run_2;run_1;run_3,0.039271,0,,,0.01130425506,0.039271,0.005759737786,0,
226,800,226,1,678,0.01127429607,0.003039117179;0.01016326492;0.003522250823;0.02837255137,0.01051807317;0.01357889793;0.009725917114,biomass;glucose;product;gp_nll,run_2;run_3;run_1,0.039651,0,,,0.01127429607,0.039651,0.00573480653,0,
227,800,227,1,681,0.01124447185,0.003044033226;0.01014488147;0.003525653731;0.02826331899,0.01048518629;0.01355412084;0.009694108427,biomass;glucose;product;gp_nll,run_2;run_3;run_1,0.043219,0,,,0.01124447185,0.043219,0.005710161544,0,
228,800,228,1,684,0.0112147794,0.003048894203;0.01012638537;0.003528988715;0.02815484932,0.009662493395;0.01045244281;0.013529402,biomass;glucose;product;gp_nll,run_1;run_2;run_3,0.038958,0,,,0.0112147794,0.038958,0.005685800663,0,
229,800,229,1,687,0.01118521574,0.003053698696;0.01010777447;0.003532254071;0.02804713571,0.009631068478;0.01350473805;0.01041984068,biomass;glucose;product;gp_nll,run_1;run_3;run_2,0.044906,0,,,0.01118521574,0.044906,0.00566172157,0,
230,800,230,1,690,0.0111557779,0.003058445242;0.01008904702;0.00353544794;0.0279401714,0.01348012567;0.009599830085;0.01038737795,biomass;glucose;product;gp_nll,run_3;run_1;run_2,0.041412,0,,,0.0111557779,0.041412,0.005637921831,0,
231,800,231,1,693,0.01112646297,0.003063132337;0.01007020156;0.003538568328;0.02783394965,0.009568774597;0.01035505275;0.01345556156,biomass;glucose;product;gp_nll,run_1;run_2;run_3,0.043174,0,,,0.01112646297,0.043174,0.005614398925,0,
232,800,232,1,696,0.01109726804,0.003067758439;0.01005123694;0.003541613115;0.02772846366,0.009537898382;0.01032286327;0.01343104247,biomass;glucose;product;gp_nll,run_1;run_2;run_3,0.039179,0,,,0.01109726804,0.039179,0.005591150267,0,
233,800,233,1,699,0.01106819024,0.003072321972;0.01003215229;0.003544580076;0.02762370663,0.01029080776;0.009507197808;0.01340656516,biomass;glucose;product;gp_nll,run_2;run_1;run_3,0.040854,0,,,0.01106819024,0.040854,0.005568173228,0,
234,800,234,1,702,0.01103922674,0.003076821327;0.01001294696;0.003547466886;0.02751967177,0.009476669255;0.0133821264;0.01025888455,biomass;glucose;product;gp_nll,run_1;run_3;run_2,0.039287,0,,,0.01103922674,0.039287,0.005545465147,0,
235,800,235,1,705,0.01101037471,0.003081254866;0.009993620555;0.003550271138;0.02741635226,0.009446309131;0.01022709198;0.013357723,biomass;glucose;product;gp_nll,run_1;run_2;run_3,0.039668,0,,,0.01101037471,0.039668,0.005523023348,0,
236,800,236,1,708,0.01098162046,0.003085590441;0.009974185459;0.003552964586;0.02731374135,0.01019542849;0.009416081145;0.01333335175,biomass;glucose;product;gp_nll,run_2;run_1;run_3,0.039693,0,,,0.01098162046,0.039693,0.005500843321,0,
237,800,237,1,711,0.01095298354,0.003089888104;0.009954616738;0.003555597003;0.0272118323,0.0133090094;0.01016389249;0.009386048719,biomass;glucose;product;gp_nll,run_3;run_2;run_1,0.041630,0,,,0.01095298354,0.041630,0.005478926279,0,
238,800,238,1,714,0.01092444983,0.003094114899;0.009934926678;0.003558139351;0.02711061839,0.01013248248;0.009356174231;0.01328469277,biomass;glucose;product;gp_nll,run_2;run_1;run_3,0.041728,0,,,0.01092444983,0.041728,0.005457267515,0,
239,800,239,1,717,0.01089601665,0.003098269091;0.009915115602;0.003560588986;0.02701009293,0.01326039864;0.01010119702;0.009326454296,biomass;glucose;product;gp_nll,run_3;run_2;run_1,0.039148,0,,,0.01089601665,0.039148,0.005435864343,0,
240,800,240,1,720,0.01086768133,0.003102348903;0.009895183923;0.003562943223;0.02691024928,0.009296885546;0.0132361238;0.01007003465,biomass;glucose;product;gp_nll,run_1;run_3;run_2,0.041129,0,,,0.01086768133,0.041129,0.005414714088,0,
241,800,241,1,723,0.01083944121,0.003106352504;0.00987513219;0.003565199309;0.02681108083,0.01321186501;0.009267464644;0.01003899397,biomass;glucose;product;gp_nll,run_3;run_1;run_2,0.049517,0,,,0.01083944121,0.049517,0.005393814074,0,
242,800,242,1,726,0.01081129367,0.003110278072;0.009854961034;0.003567354502;0.02671258107,0.009238188352;0.01318761904;0.01000807362,biomass;glucose;product;gp_nll,run_1;run_3;run_2,0.039237,0,,,0.01081129367,0.039237,0.005373161628,0,
243,800,243,1,729,0.01078323612,0.003114123772;0.009834671165;0.003569406054;0.02661474349,0.009977272233;0.00920905351;0.01316338262,biomass;glucose;product;gp_nll,run_2;run_1;run_3,0.050375,0,,,0.01078323612,0.050375,0.005352754072,0,
244,800,244,1,732,0.01075526601,0.003117887749;0.009814263376;0.003571351209;0.0265175617,0.009946588501;0.01313915249;0.009180057029,biomass;glucose;product;gp_nll,run_2;run_3;run_1,0.046021,0,,,0.01075526601,0.046021,0.005332588723,0,
245,800,245,1,735,0.01072738077,0.003121568082;0.009793738531;0.003573187146;0.02642102932,0.009916021047;0.009151195898;0.01311492537,biomass;glucose;product;gp_nll,run_2;run_1;run_3,0.040757,0,,,0.01072738077,0.040757,0.005312662891,0,
246,800,246,1,738,0.0106995779,0.003125162871;0.009773097562;0.003574911091;0.02632514009,0.009885568581;0.01309069796;0.009122467176,biomass;glucose;product;gp_nll,run_2;run_3;run_1,0.039793,0,,,0.0106995779,0.039793,0.005292973861,0,
247,800,247,1,741,0.01067185499,0.003128670308;0.009752341489;0.00357652039;0.02622988779,0.009855229969;0.01306646695;0.009093868063,biomass;glucose;product;gp_nll,run_2;run_3;run_1,0.043235,0,,,0.01067185499,0.043235,0.00527351885,0,
248,800,248,1,744,0.01064420962,0.003132088511;0.009731471395;0.003578012321;0.02613526627,0.009825003998;0.01304222903;0.009065395839,biomass;glucose;product;gp_nll,run_2;run_3;run_1,0.040058,0,,,0.01064420962,0.040058,0.005254295051,0,
249,800,249,1,747,0.01061663935,0.003135415508;0.00971048827;0.003579384161;0.02604126946,0.01301798089;0.009794889489;0.009037047673,biomass;glucose;product;gp_nll,run_3;run_2;run_1,0.039330,0,,,0.01061663935,0.039330,0.005235299679,0,
250,800,250,1,750,0.0105891418,0.003138649368;0.009689393239;0.003580633222;0.02594789138,0.009764885288;0.01299371919;0.009008820923,biomass;glucose;product;gp_nll,run_2;run_3;run_1,0.038884,0,,,0.0105891418,0.038884,0.005216529862,0,
251,800,251,1,753,0.01056171464,0.003141788153;0.009668187467;0.003581756844;0.02585512609,0.008980713021;0.009734990279;0.01296944061,biomass;glucose;product;gp_nll,run_1;run_2;run_3,0.039869,0,,,0.01056171464,0.039869,0.005197982669,0,
252,800,252,1,756,0.01053435556,0.003144829924;0.009646872159;0.003582752407;0.02576296774,0.009705203374;0.01294514183;0.008952721474,biomass;glucose;product;gp_nll,run_2;run_3;run_1,0.039609,0,,,0.01053435556,0.039609,0.005179655109,0,
253,800,253,1,759,0.0105070623,0.003147772744;0.009625448562;0.003583617324;0.02567141057,0.009675523525;0.008924843859;0.01292081952,biomass;glucose;product;gp_nll,run_2;run_1;run_3,0.039015,0,,,0.0105070623,0.039015,0.005161544116,0,
254,800,254,1,762,0.01047983264,0.003150614681;0.009603917964;0.00358434906;0.02558044887,0.008897077827;0.009645949721;0.01289647039,biomass;glucose;product;gp_nll,run_1;run_2;run_3,0.040225,0,,,0.01047983264,0.040225,0.005143646551,0,
255,800,255,1,765,0.01045266441,0.003153353808;0.009582281694;0.003584945124;0.02549007702,0.01287209115;0.009616480991;0.008869421096,biomass;glucose;product;gp_nll,run_3;run_2;run_1,0.043004,0,,,0.01045266441,0.043004,0.005125959184,0,
256,800,256,1,768,0.01042555547,0.003155988212;0.009560541126;0.003585403083;0.02540028945,0.009587116406;0.01284767854;0.008841871458,biomass;glucose;product;gp_nll,run_2;run_3;run_1,0.097986,0,,,0.01042555547,0.097986,0.005108478696,0,
257,800,257,1,771,0.01039850373,0.003158515993;0.009538697678;0.00358572056;0.02531108069,0.008814426769;0.009557855084;0.01282322933,biomass;glucose;product;gp_nll,run_1;run_2;run_3,0.082715,0,,,0.01039850373,0.082715,0.005091201667,0,
258,800,258,1,774,0.01037150716,0.003160935273;0.009516752818;0.003585895244;0.0252224453,0.008787084957;0.01279874033;0.009528696188,biomass;glucose;product;gp_nll,run_1;run_3;run_2,0.041619,0,,,0.01037150716,0.041619,0.005074124575,0,
259,800,259,1,777,0.01034456378,0.003163244198;0.009494708064;0.003585924894;0.02513437796,0.01277420839;0.009499638935;0.008759844014,biomass;glucose;product;gp_nll,run_3;run_2;run_1,0.048614,0,,,0.01034456378,0.048614,0.005057243786,0,
260,800,260,1,780,0.01031767166,0.003165440943;0.009472564988;0.003585807343;0.02504687337,0.00947068259;0.008732702002;0.01274963039,biomass;glucose;product;gp_nll,run_2;run_1;run_3,0.040566,0,,,0.01031767166,0.040566,0.00504055555,0,
261,800,261,1,783,0.01029082894,0.003167523718;0.009450325222;0.003585540504;0.02495992632,0.0127250033;0.009441826478;0.008705657044,biomass;glucose;product;gp_nll,run_3;run_2;run_1,0.050144,0,,,0.01029082894,0.050144,0.005024055996,0,
262,800,262,1,786,0.01026403382,0.003169490772;0.009427990458;0.003585122376;0.02487353166,0.01270032414;0.00941306998;0.008678707333,biomass;glucose;product;gp_nll,run_3;run_2;run_1,0.041005,0,,,0.01026403382,0.041005,0.005007741129,0,
263,800,263,1,789,0.01023724679,0.003171254943;0.009405580662;0.003584467279;0.02478768429,0.009384412536;0.01267547672;0.008651851125,biomass;glucose;product;gp_nll,run_2;run_3;run_1,0.039591,0,,,0.01023724679,0.039591,0.004991613846,0,
264,800,264,1,792,0.01021054205,0.003172986575;0.009383060274;0.003583742103;0.02470237924,0.008625085754;0.01265068677;0.009355853624,biomass;glucose;product;gp_nll,run_1;run_3;run_2,0.038619,0,,,0.01021054205,0.038619,0.004975655749,0,
265,800,265,1,795,0.01018388036,0.003174597779;0.009360451898;0.003582860254;0.02461761153,0.008598412001;0.01262583628;0.009327392813,biomass;glucose;product;gp_nll,run_1;run_3;run_2,0.038264,0,,,0.01018388036,0.038264,0.004959869327,0,
266,800,266,1,798,0.01015725967,0.003176086686;0.00933775568;0.003581820099;0.02453337622,0.01260092261;0.008571826658;0.009299029744,biomass;glucose;product;gp_nll,run_3;run_1;run_2,0.043164,0,,,0.01015725967,0.043164,0.004944250394,0,
267,800,267,1,801,0.01013067864,0.003177452124;0.009314973553;0.003580620447;0.02444966844,0.008545328173;0.009270764124;0.01257594363,biomass;glucose;product;gp_nll,run_1;run_2;run_3,0.037842,0,,,0.01013067864,0.037842,0.004928794545,0,
268,800,268,1,804,0.01010413562,0.003178691958;0.009292107776;0.003579259373;0.02436648338,0.008518915025;0.009242595732;0.01255089611,biomass;glucose;product;gp_nll,run_1;run_2;run_3,0.039303,0,,,0.01010413562,0.039303,0.004913496692,0,
269,800,269,1,807,0.01007762943,0.003179805148;0.009269160416;0.003577735884;0.02428381627,0.009214524418;0.01252577813;0.008492585738,biomass;glucose;product;gp_nll,run_2;run_3;run_1,0.039546,0,,,0.01007762943,0.039546,0.004898352138,0,
270,800,270,1,810,0.01005115882,0.003180790378;0.009246133686;0.003576048835;0.02420166238,0.01250058751;0.008466338844;0.009186550103,biomass;glucose;product;gp_nll,run_3;run_1;run_2,0.041686,0,,,0.01005115882,0.041686,0.004883355913,0,
271,800,271,1,813,0.01002472264,0.003181646412;0.009223029876;0.003574197212;0.02412001704,0.008440172917;0.009158672782;0.01247532221,biomass;glucose;product;gp_nll,run_1;run_2;run_3,0.037174,0,,,0.01002472264,0.037174,0.004868502931,0,
272,800,272,1,816,0.009998344455,0.003182402063;0.009199884582;0.003572215549;0.02403887563,0.01244998032;0.008414086607;0.009130966438,biomass;glucose;product;gp_nll,run_3;run_1;run_2,0.038475,0,,,0.009998344455,0.038475,0.004853774311,0,
273,800,273,1,819,0.009971974892,0.003182996862;0.009176636441;0.003570032782;0.02395823348,0.009103285903;0.01242456015;0.00838807863,biomass;glucose;product;gp_nll,run_2;run_3;run_1,0.037776,0,,,0.009971974892,0.037776,0.004839192433,0,
274,800,274,1,822,0.009945636743,0.003183459131;0.009153318743;0.003567683018;0.02387808608,0.008362147728;0.00907570241;0.01239906009,biomass;glucose;product;gp_nll,run_1;run_2;run_3,0.040800,0,,,0.009945636743,0.040800,0.00482473795,0,
275,800,275,1,825,0.009919329234,0.003183788059;0.009129934095;0.003565165867;0.02379842891,0.00833629269;0.009048216283;0.01237347873,biomass;glucose;product;gp_nll,run_1;run_2;run_3,0.038285,0,,,0.009919329234,0.038285,0.004810405368,0,
276,800,276,1,828,0.009893051674,0.003183982934;0.009106485172;0.003562481065;0.02371925752,0.009020827871;0.0123478148;0.008310512351,biomass;glucose;product;gp_nll,run_2;run_3;run_1,0.038339,0,,,0.009893051674,0.038339,0.004796189101,0,
277,800,277,1,831,0.00986680348,0.003184043182;0.009082974723;0.003559628529;0.02364056749,0.01232206725;0.008993537598;0.008284805596,biomass;glucose;product;gp_nll,run_3;run_2;run_1,0.040284,0,,,0.00986680348,0.040284,0.004782083494,0,
278,800,278,1,834,0.009840584162,0.003183968328;0.00905940559;0.003556608317;0.02356235441,0.008966345965;0.01229623517;0.008259171353,biomass;glucose;product;gp_nll,run_2;run_3;run_1,0.037656,0,,,0.009840584162,0.037656,0.004768082814,0,
279,800,279,1,837,0.00981439333,0.003183758022;0.009035780697;0.003553420653;0.02348461395,0.008233608601;0.01227031784;0.008939253553,biomass;glucose;product;gp_nll,run_1;run_3;run_2,0.038930,0,,,0.00981439333,0.038930,0.004754181262,0,
280,800,280,1,840,0.009788230708,0.003183412066;0.009012103045;0.003550065956;0.02340734177,0.00891226102;0.01224431474;0.008208116366,biomass;glucose;product;gp_nll,run_2;run_3;run_1,0.037498,0,,,0.009788230708,0.037498,0.004740373015,0,
281,800,281,1,843,0.009762096126,0.003182930399;0.008988375713;0.003546544817;0.02333053357,0.01221822555;0.008182693726;0.0088853691,biomass;glucose;product;gp_nll,run_3;run_1;run_2,0.048711,0,,,0.009762096126,0.048711,0.004726652218,0,
282,800,282,1,846,0.009735970515,0.003182277959;0.008964594514;0.003542824477;0.02325418511,0.008157339807;0.01219199313;0.008858578603,biomass;glucose;product;gp_nll,run_1;run_3;run_2,0.038279,0,,,0.009735970515,0.038279,0.004713011034,0,
283,800,283,1,849,0.009709892111,0.003181525619;0.008940777353;0.003538973346;0.02317829213,0.008831890413;0.008132053792;0.01216573213,biomass;glucose;product;gp_nll,run_2;run_1;run_3,0.050363,0,,,0.009709892111,0.050363,0.00469944737,0,
284,800,284,1,852,0.009683841912,0.003180638297;0.008916920242;0.003534958692;0.02310285042,0.008805305489;0.008106834912;0.01213938534,biomass;glucose;product;gp_nll,run_2;run_1;run_3,0.041795,0,,,0.009683841912,0.041795,0.004685953582,0,
285,800,285,1,855,0.009657820392,0.003179617014;0.008893026404;0.003530782343;0.02302785581,0.01211295388;0.008778824843;0.008081682454,biomass;glucose;product;gp_nll,run_3;run_2;run_1,0.037244,0,,,0.009657820392,0.037244,0.004672524262,0,
286,800,286,1,858,0.009631827513,0.003178461518;0.008869099539;0.003526444857;0.02295330414,0.01208643723;0.008752449548;0.008056595761,biomass;glucose;product;gp_nll,run_3;run_2;run_1,0.037344,0,,,0.009631827513,0.037344,0.004659152808,0,
287,800,287,1,861,0.009605864006,0.00317717321;0.008845143033;0.0035219485;0.02287919128,0.008726180744;0.008031574233;0.01205983704,biomass;glucose;product;gp_nll,run_2;run_1;run_3,0.040125,0,,,0.009605864006,0.040125,0.004645833972,0,
288,800,288,1,864,0.009579930502,0.003175753168;0.00882116048;0.003517295228;0.02280551313,0.008700019626;0.008006617334;0.01203315454,biomass;glucose;product;gp_nll,run_2;run_1;run_3,0.036281,0,,,0.009579930502,0.036281,0.00463256217,0,
289,800,289,1,867,0.009554027726,0.003174202616;0.008797155505;0.003512487175;0.02273226561,0.01200639112;0.008673967445;0.007981724611,biomass;glucose;product;gp_nll,run_3;run_2;run_1,0.035925,0,,,0.009554027726,0.035925,0.004619331866,0,
290,800,290,1,870,0.009528156526,0.003172522959;0.008773131815;0.003507526677;0.02265944465,0.0086480255;0.01197954837;0.007956895713,biomass;glucose;product;gp_nll,run_2;run_3;run_1,0.037165,0,,,0.009528156526,0.037165,0.004606137599,0,
291,800,291,1,873,0.009502317821,0.003170715741;0.008749093088;0.003502416214;0.02258704624,0.008622195137;0.00793213025;0.01195262808,biomass;glucose;product;gp_nll,run_2;run_1;run_3,0.039897,0,,,0.009502317821,0.039897,0.004592974146,0,
292,800,292,1,876,0.009476512653,0.003168782698;0.00872504309;0.003497158474;0.02251506635,0.008596477745;0.01192563225;0.007907427964,biomass;glucose;product;gp_nll,run_2;run_3;run_1,0.036942,0,,,0.009476512653,0.036942,0.004579836356,0,
293,800,293,1,879,0.009450742141,0.003166725705;0.008700985544;0.003491756311;0.02244350101,0.008570874747;0.0118985631;0.007882788581,biomass;glucose;product;gp_nll,run_2;run_3;run_1,0.036620,0,,,0.009450742141,0.036620,0.004566719231,0,
294,800,294,1,882,0.0094250075,0.003164546802;0.008676924188;0.003486212774;0.02237234624,0.007858211894;0.008545387602;0.011871423,biomass;glucose;product;gp_nll,run_1;run_2;run_3,0.036494,0,,,0.0094250075,0.036494,0.004553617958,0,
295,800,295,1,885,0.009399305197,0.003162245605;0.008652859262;0.003480517812;0.02230159811,0.007833683232;0.008520017796;0.01184421456,biomass;glucose;product;gp_nll,run_1;run_2;run_3,0.036352,0,,,0.009399305197,0.036352,0.004540523062,0,
296,800,296,1,888,0.009373646923,0.003159830233;0.008628802545;0.003474702231;0.02223125268,0.01181694056;0.007809233373;0.00849476684,biomass;glucose;product;gp_nll,run_3;run_1;run_2,0.036660,0,,,0.009373646923,0.036660,0.004527438363,0,
297,800,297,1,891,0.009348028706,0.003157299951;0.00860475339;0.003468755409;0.02216130607,0.007784845922;0.01178960393;0.008469636265,biomass;glucose;product;gp_nll,run_1;run_3;run_2,0.037152,0,,,0.009348028706,0.037152,0.00451435615,0,
298,800,298,1,894,0.00932245213,0.00315465743;0.008580715635;0.003462681045;0.02209175441,0.0117622078;0.008444627614;0.007760520974,biomass;glucose;product;gp_nll,run_3;run_2;run_1,0.037846,0,,,0.00932245213,0.037846,0.00450127236,0,
299,800,299,1,897,0.009296918845,0.003151905486;0.008556693069;0.00345648298;0.02202259384,0.008419742439;0.007736258649;0.01173475545,biomass;glucose;product;gp_nll,run_2;run_1;run_3,0.038828,0,,,0.009296918845,0.038828,0.004488183112,0,
300,800,300,1,900,0.009271430485,0.003149046966;0.008532689322;0.003450165098;0.02195382055,0.01170725006;0.008394982296;0.007712059096,biomass;glucose;product;gp_nll,run_3;run_2;run_1,0.036580,0,,,0.009271430485,0.036580,0.004475084803,0,
301,800,301,1,903,0.009245988886,0.003146084995;0.008508708267;0.003443731545;0.02188543074,0.008370348743;0.01167969536;0.007687922552,biomass;glucose;product;gp_nll,run_2;run_3;run_1,0.037589,0,,,0.009245988886,0.037589,0.004461973973,0,
302,800,302,1,906,0.00922059595,0.003143022826;0.008484753768;0.003437186578;0.02181742063,0.01165209518;0.008345843326;0.00766384934,biomass;glucose;product;gp_nll,run_3;run_2;run_1,0.036553,0,,,0.00922059595,0.036553,0.00444884736,0,
303,800,303,1,909,0.009195253608,0.003139863807;0.00846082962;0.003430534533;0.02174978647,0.008321467585;0.01162445337;0.007639839867,biomass;glucose;product;gp_nll,run_2;run_3;run_1,0.044268,0,,,0.009195253608,0.044268,0.004435701912,0,
304,800,304,1,912,0.009169963816,0.003136611382;0.008436939482;0.003423779857;0.02168252454,0.008297223043;0.01159677393;0.007615894478,biomass;glucose;product;gp_nll,run_2;run_3;run_1,0.038079,0,,,0.009169963816,0.038079,0.004422534734,0,
305,800,305,1,915,0.00914472859,0.003133269082;0.008413087054;0.003416927076;0.02161563115,0.007592013626;0.008273111206;0.01156906094,biomass;glucose;product;gp_nll,run_1;run_2;run_3,0.048796,0,,,0.00914472859,0.048796,0.004409343152,0,
306,800,306,1,918,0.009119545429,0.003129831174;0.008389277276;0.003409970659;0.02154910261,0.007568197852;0.008249119865;0.01154131857,biomass;glucose;product;gp_nll,run_1;run_2;run_3,0.041328,0,,,0.009119545429,0.041328,0.004396133569,0,
307,800,307,1,921,0.009094425498,0.003126320098;0.008365510768;0.003402935828;0.0214829353,0.008225277609;0.01151355106;0.007544447819,biomass;glucose;product;gp_nll,run_2;run_3;run_1,0.037270,0,,,0.009094425498,0.037270,0.004382885866,0,
308,800,308,1,924,0.009069366511,0.003122730395;0.008341793125;0.00339581693;0.02141712559,0.01148576279;0.008201572473;0.00752076427,biomass;glucose;product;gp_nll,run_3;run_2;run_1,0.035515,0,,,0.009069366511,0.035515,0.004369606748,0,
309,800,309,1,927,0.009044370678,0.003119065981;0.008318128075;0.003388618754;0.0213516699,0.01145795818;0.007497147996;0.008178005857,biomass;glucose;product;gp_nll,run_3;run_1;run_2,0.036311,0,,,0.009044370678,0.036311,0.004356294181,0,
310,800,310,1,930,0.009019440254,0.003115330871;0.008294519343;0.003381346154;0.02128656465,0.01143014175;0.008154579134;0.007473599879,biomass;glucose;product;gp_nll,run_3;run_2;run_1,0.036028,0,,,0.009019440254,0.036028,0.004342946251,0,
311,800,311,1,933,0.008994577527,0.003111529155;0.008270970648;0.003374004017;0.02122180629,0.01140231807;0.008131293631;0.007450120878,biomass;glucose;product;gp_nll,run_3;run_2;run_1,0.040633,0,,,0.008994577527,0.040633,0.004329561158,0,
312,800,312,1,936,0.008969784815,0.00310766499;0.00824748569;0.003366597269;0.02115739131,0.008108150625;0.007426712023;0.0113744918,biomass;glucose;product;gp_nll,run_2;run_1;run_3,0.036324,0,,,0.008969784815,0.036324,0.004316137221,0,
313,800,313,1,939,0.008945064454,0.00310374258;0.008224068158;0.003359130856;0.02109331622,0.01134666762;0.008085151339;0.007403374408,biomass;glucose;product;gp_nll,run_3;run_2;run_1,0.037732,0,,,0.008945064454,0.037732,0.004302672807,0,
314,800,314,1,942,0.008920418809,0.003099766182;0.008200721769;0.003351609719;0.02102957757,0.008062296946;0.007380109229;0.01131885025,biomass;glucose;product;gp_nll,run_2;run_1;run_3,0.037924,0,,,0.008920418809,0.037924,0.004289166305,0,
315,800,315,1,945,0.008895850266,0.003095740092;0.008177450274;0.003344038792;0.02096617191,0.00735691776;0.01129104448;0.00803958856,biomass;glucose;product;gp_nll,run_1;run_3;run_2,0.035449,0,,,0.008895850266,0.035449,0.004275616264,0,
316,800,316,1,948,0.008871364894,0.003091672214;0.008154266691;0.003336424831;0.02090309584,0.008017038227;0.007333801355;0.0112632551,biomass;glucose;product;gp_nll,run_2;run_1;run_3,0.034816,0,,,0.008871364894,0.034816,0.004262012438,0,
317,800,317,1,951,0.008846957304,0.003087559363;0.008131154782;0.00332876907;0.020840346,0.007310761449;0.007994623496;0.01123548697,biomass;glucose;product;gp_nll,run_1;run_2;run_3,0.034541,0,,,0.008846957304,0.034541,0.004248371545,0,
318,800,318,1,954,0.008822634144,0.003083409936;0.008108129326;0.003321078267;0.02077791905,0.007287799556;0.01120774495;0.007972357928,biomass;glucose;product;gp_nll,run_1;run_3;run_2,0.035710,0,,,0.008822634144,0.035710,0.004234682874,0,
319,800,319,1,957,0.008798397927,0.003079228366;0.008085194388;0.003313357304;0.02071581165,0.007950242478;0.01118003392;0.00726491738,biomass;glucose;product;gp_nll,run_2;run_3;run_1,0.036259,0,,,0.008798397927,0.036259,0.004220945008,0,
320,800,320,1,960,0.008774251114,0.003075019067;0.008062353888;0.00330561098;0.02065402052,0.007242116513;0.007928278024;0.0111523588,biomass;glucose;product;gp_nll,run_1;run_2;run_3,0.035404,0,,,0.008774251114,0.035404,0.004207156597,0,
321,800,321,1,963,0.008750196182,0.003070786457;0.008039611826;0.003297844051;0.02059254239,0.007906465328;0.01112472451;0.00721939871,biomass;glucose;product;gp_nll,run_2;run_3;run_1,0.039977,0,,,0.008750196182,0.039977,0.004193316247,0,
322,800,322,1,966,0.008726235609,0.003066534955;0.008016972226;0.003290061221;0.02053137404,0.007196765808;0.01109713598;0.007884805038,biomass;glucose;product;gp_nll,run_1;run_3;run_2,0.036751,0,,,0.008726235609,0.036751,0.004179422604,0,
323,800,323,1,969,0.008702371925,0.00306226899;0.007994439334;0.003282267143;0.02047051223,0.007174219728;0.01106959819;0.00786329786,biomass;glucose;product;gp_nll,run_1;run_3;run_2,0.033707,0,,,0.008702371925,0.033707,0.00416547422,0,
324,800,324,1,972,0.008678607677,0.003057992984;0.007972017499;0.00327446642;0.0204099538,0.007841944449;0.01104211611;0.00715176247,biomass;glucose;product;gp_nll,run_2;run_3;run_1,0.034560,0,,,0.008678607677,0.034560,0.004151469595,0,
325,800,325,1,975,0.008654945413,0.003053711322;0.007949711172;0.003266663562;0.0203496956,0.007129396101;0.01101469473;0.007820745407,biomass;glucose;product;gp_nll,run_1;run_3;run_2,0.045269,0,,,0.008654945413,0.045269,0.004137407193,0,
326,800,326,1,978,0.00863138767,0.003049428331;0.007927524908;0.003258862965;0.02028973448,0.01098733899;0.00710712274;0.007799701281,biomass;glucose;product;gp_nll,run_3;run_1;run_2,0.034953,0,,,0.00863138767,0.034953,0.004123285464,0,
327,800,327,1,981,0.008607936974,0.003045148262;0.0079054634;0.003251068884;0.02023006735,0.00777881257;0.01096005376;0.007084944589,biomass;glucose;product;gp_nll,run_2;run_3;run_1,0.035100,0,,,0.008607936974,0.035100,0.004109102836,0,
328,800,328,1,984,0.008584595795,0.00304087522;0.007883531483;0.003243285338;0.02017069114,0.01093284373;0.007758079723;0.007062863926,biomass;glucose;product;gp_nll,run_3;run_2;run_1,0.047455,0,,,0.008584595795,0.047455,0.004094857704,0,
329,800,329,1,987,0.0085613725,0.003036623524;0.007861733852;0.003235529834;0.02011160279,0.007040883129;0.01090573123;0.007737503144,biomass;glucose;product;gp_nll,run_1;run_3;run_2,0.039208,0,,,0.0085613725,0.039208,0.004080542097,0,
330,800,330,1,990,0.008538259643,0.003032379856;0.007840076081;0.003227783378;0.02005279926,0.007019004683;0.007717083191;0.01087869106,biomass;glucose;product;gp_nll,run_1;run_2;run_3,0.037089,0,,,0.008538259643,0.037089,0.004066165521,0,
331,800,331,1,993,0.008515264379,0.003028156287;0.007818563331;0.003220060354;0.01999427754,0.00699723109;0.007696820182;0.01085174186,biomass;glucose;product;gp_nll,run_1;run_2;run_3,0.035803,0,,,0.008515264379,0.035803,0.004051721271,0,
332,800,332,1,996,0.008492389221,0.003023956724;0.007797201099;0.003212364398;0.01993603466,0.007676714391;0.01082488835;0.006975564926,biomass;glucose;product;gp_nll,run_2;run_3;run_1,0.039505,0,,,0.008492389221,0.039505,0.004037207815,0,
333,800,333,1,999,0.008469636885,0.00301978532;0.007775995044;0.0032046995;0.01987806767,0.006954008833;0.007656766228;0.01079813559,biomass;glucose;product;gp_nll,run_1;run_2;run_3,0.036413,0,,,0.008469636885,0.036413,0.00402262337,0,
334,800,334,1,1002,0.008447010684,0.003015647161;0.007754951016;0.003197070914;0.01982037364,0.00763697557;0.01077149096;0.006932565521,biomass;glucose;product;gp_nll,run_2;run_3;run_1,0.039127,0,,,0.008447010684,0.039127,0.004007965339,0,
335,800,335,1,1005,0.008424514435,0.003011548306;0.007734074833;0.003189484935;0.01976294967,0.006911237738;0.01074496283;0.007617342741,biomass;glucose;product;gp_nll,run_1;run_3;run_2,0.038108,0,,,0.008424514435,0.038108,0.003993232417,0,
336,800,336,1,1008,0.008402150645,0.003007492332;0.007713372672;0.003181944725;0.01970579285,0.01071855575;0.006890028297;0.007597867882,biomass;glucose;product;gp_nll,run_3;run_1;run_2,0.035859,0,,,0.008402150645,0.035859,0.003978423932,0,
337,800,337,1,1011,0.008379921268,0.003003481681;0.007692851016;0.003174452055;0.01964890032,0.01069227265;0.007578551108;0.006868940044,biomass;glucose;product;gp_nll,run_3;run_2;run_1,0.035988,0,,,0.008379921268,0.035988,0.003963539118,0,
338,800,338,1,1014,0.008357828711,0.002999519525;0.007672516456;0.003167009641;0.01959226922,0.006847975892;0.007559392499;0.01066611774,biomass;glucose;product;gp_nll,run_1;run_2;run_3,0.036655,0,,,0.008357828711,0.036655,0.003948577159,0,
339,800,339,1,1017,0.008335864895,0.002995589188;0.007652377972;0.003159595697;0.01953589672,0.01064006375;0.007540392115;0.006827138817,biomass;glucose;product;gp_nll,run_3;run_2;run_1,0.033811,0,,,0.008335864895,0.033811,0.003933534745,0,
340,800,340,1,1020,0.008314056294,0.00299173877;0.007632437621;0.003152268722;0.01947978006,0.010614187;0.007521550055;0.00680643183,biomass;glucose;product;gp_nll,run_3;run_2;run_1,0.034138,0,,,0.008314056294,0.034138,0.003918416631,0,
341,800,341,1,1023,0.008292392764,0.002987947587;0.007612705331;0.003145001706;0.01942391643,0.007502866546;0.006785857966;0.01058845378,biomass;glucose;product;gp_nll,run_2;run_1;run_3,0.034605,0,,,0.008292392764,0.034605,0.003903220662,0,
342,800,342,1,1026,0.008270859902,0.002984186382;0.007593192571;0.003137757592;0.01936830306,0.01056281781;0.006765420285;0.007484341611,biomass;glucose;product;gp_nll,run_3;run_1;run_2,0.035209,0,,,0.008270859902,0.035209,0.003887937029,0,
343,800,343,1,1029,0.008249499023,0.002980531902;0.007573897206;0.003130629731;0.01931293725,0.006745121878;0.007465975246;0.01053739995,biomass;glucose;product;gp_nll,run_1;run_2;run_3,0.034818,0,,,0.008249499023,0.034818,0.003872588194,0,
344,800,344,1,1032,0.008228291747,0.002976947189;0.007554831967;0.003123571572;0.01925781626,0.007447767406;0.01051214201;0.006724965827,biomass;glucose;product;gp_nll,run_2;run_3;run_1,0.038353,0,,,0.008228291747,0.038353,0.003857164409,0,
345,800,345,1,1035,0.008207241099,0.0029734359;0.007536004509;0.003116586636;0.01920293735,0.006704955209;0.01048705003;0.007429718059,biomass;glucose;product;gp_nll,run_1;run_3;run_2,0.037271,0,,,0.008207241099,0.037271,0.003841667653,0,
346,800,346,1,1038,0.008186350008,0.002970001478;0.00751742246;0.003109678264;0.01914829783,0.01046212983;0.007411827101;0.006685093093,biomass;glucose;product;gp_nll,run_3;run_2;run_1,0.034977,0,,,0.008186350008,0.034977,0.003826100456,0,
347,800,347,1,1041,0.008165621302,0.002966647009;0.007499093621;0.003102849565;0.01909389501,0.01043738692;0.006665382595;0.007394094391,biomass;glucose;product;gp_nll,run_3;run_1;run_2,0.035014,0,,,0.008165621302,0.035014,0.003810465887,0,
348,800,348,1,1044,0.008145057852,0.002963375937;0.00748102536;0.003096103868;0.01903972624,0.01041282709;0.00737651978;0.006645826691,biomass;glucose;product;gp_nll,run_3;run_2;run_1,0.038199,0,,,0.008145057852,0.038199,0.003794767909,0,
349,800,349,1,1047,0.008124662241,0.002960190856;0.007463225692;0.003089443521;0.01898578889,0.006626428327;0.007359103086;0.01038845531,biomass;glucose;product;gp_nll,run_1;run_2;run_3,0.034455,0,,,0.008124662241,0.034455,0.00377901048,0,
350,800,350,1,1050,0.008104436734,0.002957093845;0.007445702579;0.003082870157;0.01893208035,0.007341844154;0.006607190415;0.01036427563,biomass;glucose;product;gp_nll,run_2;run_1;run_3,0.034362,0,,,0.008104436734,0.034362,0.00376319699,0,
351,800,351,1,1053,0.008084383815,0.002954087306;0.007428463526;0.003076386384;0.01887859804,0.01034029285;0.007324742792;0.006588115799,biomass;glucose;product;gp_nll,run_3;run_2;run_1,0.037866,0,,,0.008084383815,0.037866,0.003747333334,0,
352,800,352,1,1056,0.008064505757,0.002951172813;0.007411516408;0.003069994399;0.01882533941,0.006569207238;0.007307798719;0.01031651132,biomass;glucose;product;gp_nll,run_1;run_2;run_3,0.047717,0,,,0.008064505757,0.047717,0.003731427412,0,
353,800,353,1,1059,0.008044806705,0.002948354528;0.007394869354;0.003063701018;0.01877230192,0.01029294112;0.006550467383;0.007291011612,biomass;glucose;product;gp_nll,run_3;run_1;run_2,0.034978,0,,,0.008044806705,0.034978,0.00371549173,0,
354,800,354,1,1062,0.008025288837,0.002945634611;0.007378529426;0.00305750824;0.01871948307,0.007274381097;0.006531898784;0.01026958663,biomass;glucose;product;gp_nll,run_2;run_1;run_3,0.035628,0,,,0.008025288837,0.035628,0.003699532675,0,
355,800,355,1,1065,0.008005953379,0.002943014121;0.007362503171;0.003051415833;0.01866688039,0.007257906742;0.01024644952;0.006513503874,biomass;glucose;product;gp_nll,run_2;run_3;run_1,0.037293,0,,,0.008005953379,0.037293,0.003683556217,0,
356,800,356,1,1068,0.007986802283,0.002940494512;0.00734679747;0.003045425711;0.01861449144,0.007241588058;0.01022353386;0.006495284933,biomass;glucose;product;gp_nll,run_2;run_3;run_1,0.033494,0,,,0.007986802283,0.033494,0.00366757175,0,
357,800,357,1,1071,0.007967837535,0.002938077173;0.007331419037;0.003039540125;0.01856231381,0.007225424491;0.006477244088;0.01020084403,biomass;glucose;product;gp_nll,run_2;run_1;run_3,0.034349,0,,,0.007967837535,0.034349,0.003651589841,0,
358,800,358,1,1074,0.007949049704,0.002935725313;0.007316404233;0.003033724153;0.01851034511,0.01017835046;0.007209415419;0.006459383232,biomass;glucose;product;gp_nll,run_3;run_2;run_1,0.035411,0,,,0.007949049704,0.035411,0.003635601386,0,
359,800,359,1,1077,0.007930461466,0.002933511137;0.007301702041;0.003028049575;0.01845858311,0.006441703998;0.01015612022;0.007193560181,biomass;glucose;product;gp_nll,run_1;run_3;run_2,0.036070,0,,,0.007930461466,0.036070,0.003619655746,0,
360,800,360,1,1080,0.007912064343,0.002931401872;0.007287344831;0.003022485173;0.0184070255,0.01013412732;0.006424207971;0.007177857739,biomass;glucose;product;gp_nll,run_3;run_1;run_2,0.035283,0,,,0.007912064343,0.035283,0.003603746664,0,
361,800,361,1,1083,0.007893859662,0.002929398086;0.007273337959;0.003017032591;0.01835567001,0.006406896543;0.007162307761;0.01011237468,biomass;glucose;product;gp_nll,run_1;run_2;run_3,0.043058,0,,,0.007893859662,0.043058,0.003587886445,0,
362,800,362,1,1086,0.0078758483,0.002927499936;0.007259685925;0.003011692905;0.01830451443,0.007146909043;0.01009086496;0.0063897709,biomass;glucose;product;gp_nll,run_2;run_3;run_1,0.033362,0,,,0.0078758483,0.033362,0.003572087337,0,
363,800,363,1,1089,0.007858031016,0.002925707364;0.00724639288;0.003006467229;0.01825355659,0.00713166055;0.006372832004;0.01006960049,biomass;glucose;product;gp_nll,run_2;run_1;run_3,0.033020,0,,,0.007858031016,0.033020,0.003556361931,0,
364,800,364,1,1092,0.007840408345,0.002924020048;0.007233462451;0.003001356523;0.01820279436,0.007116561155;0.006356080585;0.01004858329,biomass;glucose;product;gp_nll,run_2;run_1;run_3,0.032729,0,,,0.007840408345,0.032729,0.003540722921,0,
365,800,365,1,1095,0.007822980587,0.002922437411;0.0072208977;0.00299636158;0.01815222566,0.01002781499;0.007101609637;0.006339517135,biomass;glucose;product;gp_nll,run_3;run_2;run_1,0.037340,0,,,0.007822980587,0.037340,0.003525182998,0,
366,800,366,1,1098,0.00780574768,0.002920958464;0.007208700932;0.002991482859;0.01810184846,0.007086804676;0.006323141518;0.01000729685,biomass;glucose;product;gp_nll,run_2;run_1;run_3,0.033107,0,,,0.00780574768,0.033107,0.003509754714,0,
367,800,367,1,1101,0.007788709699,0.002919582452;0.007196874375;0.002986721163;0.01805166081,0.007072144855;0.009987029755;0.006306954488,biomass;glucose;product;gp_nll,run_2;run_3;run_1,0.038130,0,,,0.007788709699,0.038130,0.003494450479,0,
368,800,368,1,1104,0.007771867745,0.0029183105;0.007185419849;0.00298207986;0.01800166077,0.006290960345;0.009967014235;0.007057628655,biomass;glucose;product;gp_nll,run_1;run_3;run_2,0.036397,0,,,0.007771867745,0.036397,0.003479279544,0,
369,800,369,1,1107,0.007755217932,0.002917136065;0.007174336492;0.002977552675;0.0179518465,0.009947250449;0.007043254463;0.006275148885,biomass;glucose;product;gp_nll,run_3;run_2;run_1,0.037454,0,,,0.007755217932,0.037454,0.003464259172,0,
370,800,370,1,1110,0.00773876092,0.002916059783;0.007163624945;0.002973142758;0.0179022162,0.007029020566;0.00992773818;0.006259524016,biomass;glucose;product;gp_nll,run_2;run_3;run_1,0.039006,0,,,0.00773876092,0.039006,0.003449397511,0,
371,800,371,1,1113,0.007722495567,0.002915079655;0.007153284491;0.002968849986;0.01785276813,0.006244084687;0.00990847686;0.007014925152,biomass;glucose;product;gp_nll,run_1;run_3;run_2,0.032784,0,,,0.007722495567,0.032784,0.003434705013,0,
372,800,372,1,1116,0.007706420498,0.002914193444;0.00714331374;0.002964674151;0.01780350066,0.006228829593;0.009889465579;0.007000966321,biomass;glucose;product;gp_nll,run_1;run_3;run_2,0.036381,0,,,0.007706420498,0.036381,0.003420191453,0,
373,800,373,1,1119,0.007690534109,0.002913398693;0.00713371063;0.002960614948;0.01775441216,0.006213757177;0.009870703071;0.006987142078,biomass;glucose;product;gp_nll,run_1;run_3;run_2,0.038562,0,,,0.007690534109,0.038562,0.003405865848,0,
374,800,374,1,1122,0.007674834557,0.002912692795;0.007124472419;0.002956671881;0.01770550113,0.006973450345;0.006198865633;0.009852187694,biomass;glucose;product;gp_nll,run_2;run_1;run_3,0.034740,0,,,0.007674834557,0.034740,0.003391736292,0,
375,800,375,1,1125,0.00765931977,0.002912073108;0.00711559572;0.002952844136;0.01765676612,0.006184152922;0.00983391742;0.006959888969,biomass;glucose;product;gp_nll,run_1;run_3;run_2,0.045890,0,,,0.00765931977,0.045890,0.003377809783,0,
376,800,376,1,1128,0.007643987459,0.00291153697;0.007107076531;0.002949130605;0.01760820573,0.006946455701;0.006169616799;0.009815889876,biomass;glucose;product;gp_nll,run_2;run_1;run_3,0.033680,0,,,0.007643987459,0.033680,0.00336409215,0,
377,800,377,1,1131,0.007628835146,0.002911081599;0.007098910282;0.002945530034;0.01755981867,0.009798102418;0.006155254785;0.006933148234,biomass;glucose;product;gp_nll,run_3;run_1;run_2,0.033865,0,,,0.007628835146,0.033865,0.003350588169,0,
378,800,378,1,1134,0.007613860199,0.002910704058;0.007091091902;0.002942041135;0.0175116037,0.009780552176;0.006919964198;0.006141064224,biomass;glucose;product;gp_nll,run_3;run_2;run_1,0.032433,0,,,0.007613860199,0.032433,0.003337301616,0,
379,800,379,1,1137,0.007599059812,0.002910401302;0.007083615683;0.002938662589;0.01746355967,0.009763236068;0.006127042204;0.006906901164,biomass;glucose;product;gp_nll,run_3;run_1;run_2,0.035733,0,,,0.007599059812,0.035733,0.003324235257,0,
380,800,380,1,1140,0.007584431032,0.002910170209;0.007076475402;0.002935393015;0.0174156855,0.006893956652;0.0097461508;0.006113185645,biomass;glucose;product;gp_nll,run_2;run_3;run_1,0.032422,0,,,0.007584431032,0.032422,0.003311390816,0,
381,800,381,1,1143,0.007569970779,0.002910007607;0.007069664371;0.002932230951;0.01736798019,0.00609949132;0.006881128144;0.009729292874,biomass;glucose;product;gp_nll,run_1;run_2;run_3,0.075098,0,,,0.007569970779,0.075098,0.003298768967,0,
382,800,382,1,1146,0.007555675846,0.002909910294;0.007063175455;0.002929174837;0.0173204428,0.006085955852;0.009712658599;0.006868413086,biomass;glucose;product;gp_nll,run_1;run_3;run_2,0.045733,0,,,0.007555675846,0.045733,0.00328636935,0,
383,800,383,1,1149,0.007541542917,0.002909875056;0.007057001115;0.002926223021;0.01727307248,0.006072575736;0.009696244116;0.0068558089,biomass;glucose;product;gp_nll,run_1;run_3;run_2,0.060450,0,,,0.007541542917,0.060450,0.003274190598,0,
384,800,384,1,1152,0.007527594752,0.002909929712;0.007051178846;0.002923402005;0.01722586845,0.009680123913;0.006843312989;0.006059347354,biomass;glucose;product;gp_nll,run_3;run_2;run_1,0.032726,0,,,0.007527594752,0.032726,0.003262210522,0,
385,800,385,1,1155,0.007513775809,0.002910008985;0.007045610801;0.002920653451;0.01717883,0.006830922755;0.009664137662;0.00604626701,biomass;glucose;product;gp_nll,run_2;run_3;run_1,0.031611,0,,,0.007513775809,0.031611,0.003250465519,0,
386,800,386,1,1158,0.007500108495,0.002910140891;0.007040332697;0.002918003886;0.0171319565,0.009648358986;0.006033330911;0.006818635587,biomass;glucose;product;gp_nll,run_3;run_1;run_2,0.031984,0,,,0.007500108495,0.031984,0.003238931863,0,
387,800,387,1,1161,0.007486589213,0.002910322318;0.007035335795;0.002915451343;0.01708524739,0.009632783555;0.00680644888;0.006020535203,biomass;glucose;product;gp_nll,run_3;run_2;run_1,0.031841,0,,,0.007486589213,0.031841,0.003227604701,0,
388,800,388,1,1164,0.007473214328,0.002910550293;0.007030611265;0.00291299358;0.01703870217,0.009617406943;0.006794360053;0.006007875988,biomass;glucose;product;gp_nll,run_3;run_2;run_1,0.032207,0,,,0.007473214328,0.032207,0.003216478352,0,
389,800,389,1,1167,0.00745998019,0.002910821709;0.007026149987;0.002910628649;0.01699232041,0.009602224681;0.006782366539;0.005995349348,biomass;glucose;product;gp_nll,run_3;run_2;run_1,0.034119,0,,,0.00745998019,0.034119,0.003205546806,0,
390,800,390,1,1170,0.007446883164,0.002911133665;0.007021942774;0.00290835447;0.01694610175,0.009587232334;0.005982951355;0.006770465802,biomass;glucose;product;gp_nll,run_3;run_1;run_2,0.035842,0,,,0.007446883164,0.035842,0.003194803413,0,
391,800,391,1,1173,0.007433917066,0.002911471112;0.007017979194;0.002906172088;0.01690004587,0.005970678084;0.009572417774;0.006758655339,biomass;glucose;product;gp_nll,run_1;run_3;run_2,0.034405,0,,,0.007433917066,0.034405,0.00318424549,0,
392,800,392,1,1176,0.00742108238,0.002911851376;0.007014251554;0.002904074048;0.01685415254,0.006746932687;0.005958525631;0.009557788821,biomass;glucose;product;gp_nll,run_2;run_1;run_3,0.040355,0,,,0.00742108238,0.040355,0.003173857667,0,
393,800,393,1,1179,0.007408373798,0.002912263321;0.007010749897;0.002902060397;0.01680842158,0.009543335829;0.006735295432;0.005946490135,biomass;glucose;product;gp_nll,run_3;run_2;run_1,0.033261,0,,,0.007408373798,0.033261,0.003163635551,0,
394,800,394,1,1182,0.007395787774,0.002912704344;0.00700746495;0.002900128954;0.01676285285,0.005934567786;0.006723741212;0.009529054325,biomass;glucose;product;gp_nll,run_1;run_2;run_3,0.035461,0,,,0.007395787774,0.035461,0.003153571163,0,
395,800,395,1,1185,0.007383320815,0.002913171952;0.00700438751;0.002898277533;0.01671744626,0.006712267719;0.009514939888;0.005922754838,biomass;glucose;product;gp_nll,run_2;run_3;run_1,0.033187,0,,,0.007383320815,0.033187,0.003143656388,0,
396,800,396,1,1188,0.007370969493,0.002913663759;0.007001508473;0.002896503948;0.01667220179,0.005911047621;0.006700872709;0.00950098815,biomass;glucose;product;gp_nll,run_1;run_2;run_3,0.033479,0,,,0.007370969493,0.033479,0.003133883052,0,
397,800,397,1,1191,0.007358730446,0.002914177464;0.006998818863;0.002894806016;0.01662711944,0.005899442551;0.009487194788;0.006689553998,biomass;glucose;product;gp_nll,run_1;run_3;run_2,0.042950,0,,,0.007358730446,0.042950,0.003124242989,0,
398,800,398,1,1194,0.007346600378,0.002914710841;0.006996309855;0.002893181562;0.01658219925,0.009473555523;0.005887936138;0.006678309472,biomass;glucose;product;gp_nll,run_3;run_1;run_2,0.037577,0,,,0.007346600378,0.037577,0.003114728095,0,
399,800,399,1,1197,0.007334576073,0.002915261763;0.006993972794;0.002891628419;0.01653744132,0.005876524995;0.006667137085;0.00946006614,biomass;glucose;product;gp_nll,run_1;run_2;run_3,0.033585,0,,,0.007334576073,0.033585,0.003105330378,0,
400,800,400,1,1200,0.007322654406,0.002915828222;0.006991799217;0.002890144435;0.01649284575,0.009446722514;0.006656034862;0.005865205843,biomass;glucose;product;gp_nll,run_3;run_2;run_1,0.033236,0,,,0.007322654406,0.033236,0.003096042007,0,
401,800,401,1,1203,0.007310832346,0.00291640833;0.006989780872;0.002888727477;0.01644841271,0.006645000903;0.009433520616;0.005853975521,biomass;glucose;product;gp_nll,run_2;run_3;run_1,0.036738,0,,,0.007310832346,0.036738,0.003086855356,0,
402,800,402,1,1206,0.007299106962,0.002917000324;0.006987909732;0.002887375435;0.01640414236,0.005842830985;0.009420456517;0.006634033385,biomass;glucose;product;gp_nll,run_1;run_3;run_2,0.032757,0,,,0.007299106962,0.032757,0.003077763042,0,
403,800,403,1,1209,0.007287475421,0.00291760255;0.006986178007;0.002886086221;0.01636003491,0.009407526393;0.006623130554;0.005831769316,biomass;glucose;product;gp_nll,run_3;run_2;run_1,0.032525,0,,,0.007287475421,0.032525,0.003068757959,0,
404,800,404,1,1212,0.00727593499,0.00291821346;0.006984578155;0.002884857774;0.01631609057,0.006612290732;0.00582078772;0.009394726519,biomass;glucose;product;gp_nll,run_2;run_1;run_3,0.032906,0,,,0.00727593499,0.032906,0.003059833303,0,
405,800,405,1,1215,0.007264483378,0.002918831271;0.006983104905;0.002883687739;0.0162723096,0.005809883529;0.006601513334;0.009382053271,biomass;glucose;product;gp_nll,run_1;run_2;run_3,0.035070,0,,,0.007264483378,0.035070,0.0030509809,0,
406,800,406,1,1218,0.007253119718,0.002919463404;0.006981748802;0.002882574435;0.01622869223,0.006590794766;0.005799054212;0.009369510178,biomass;glucose;product;gp_nll,run_2;run_1;run_3,0.033992,0,,,0.007253119718,0.033992,0.003042199382,0,
407,800,407,1,1221,0.0072418369,0.002920090853;0.00698050156;0.002881516452;0.01618523873,0.006580134619;0.009357078731;0.00578829735,biomass;glucose;product;gp_nll,run_2;run_3;run_1,0.031520,0,,,0.0072418369,0.031520,0.003033478553,0,
408,800,408,1,1224,0.007230635305,0.002920721917;0.006979358677;0.002880511251;0.01614194938,0.006569531504;0.009344763752;0.00577761066,biomass;glucose;product;gp_nll,run_2;run_3;run_1,0.031892,0,,,0.007230635305,0.031892,0.003024814259,0,
409,800,409,1,1227,0.007219512695,0.002921355488;0.006978313916;0.002879556944;0.01609882443,0.005766991982;0.006558984101;0.009332562003,biomass;glucose;product;gp_nll,run_1;run_2;run_3,0.032314,0,,,0.007219512695,0.032314,0.00301620144,0,
410,800,410,1,1230,0.007208466932,0.002921990548;0.006977361314;0.002878651682;0.01605586419,0.009320470352;0.00575643928;0.006548491166,biomass;glucose;product;gp_nll,run_3;run_1;run_2,0.031380,0,,,0.007208466932,0.031380,0.003007635392,0,
411,800,411,1,1233,0.007197495974,0.002922626159;0.006976495174;0.002877793649;0.01601306891,0.009308485766;0.005745950637;0.006538051518,biomass;glucose;product;gp_nll,run_3;run_1;run_2,0.031719,0,,,0.007197495974,0.031719,0.002999111767,0,
412,800,412,1,1236,0.00718659787,0.00292326146;0.006975710065;0.002876981068;0.01597043889,0.009296605313;0.006527664042;0.005735524255,biomass;glucose;product;gp_nll,run_3;run_2;run_1,0.032778,0,,,0.00718659787,0.032778,0.002990626565,0,
413,800,413,1,1239,0.007175770763,0.002923895663;0.006975000812;0.002876212197;0.01592797438,0.009284826157;0.006517327684;0.005725158449,biomass;glucose;product;gp_nll,run_3;run_2;run_1,0.031874,0,,,0.007175770763,0.031874,0.002982176127,0,
414,800,414,1,1242,0.007165012882,0.002924528043;0.006974362497;0.002875485333;0.01588567566,0.009273145554;0.005714851641;0.006507041451,biomass;glucose;product;gp_nll,run_3;run_1;run_2,0.033490,0,,,0.007165012882,0.033490,0.002973757125,0,
415,800,415,1,1245,0.007154322541,0.002925157939;0.006973790449;0.002874798814;0.01584354296,0.006496804405;0.005704602361;0.009261560856,biomass;glucose;product;gp_nll,run_2;run_1;run_3,0.033928,0,,,0.007154322541,0.033928,0.002965366552,0,
416,800,416,1,1248,0.007143698126,0.002925784735;0.006973280244;0.002874150992;0.01580157653,0.006486615665;0.005694409215;0.009250069499,biomass;glucose;product;gp_nll,run_2;run_1;run_3,0.039727,0,,,0.007143698126,0.039727,0.002957001706,0,
417,800,417,1,1251,0.007133138135,0.002926407934;0.006972827692;0.002873540307;0.0157597766,0.006476474402;0.009238669061;0.005684270941,biomass;glucose;product;gp_nll,run_2;run_3;run_1,0.031937,0,,,0.007133138135,0.031937,0.002948660187,0,
418,800,418,1,1254,0.007122641118,0.002927027045;0.006972428822;0.002872965223;0.01571814338,0.009227357149;0.006466379836;0.005674186368,biomass;glucose;product;gp_nll,run_3;run_2;run_1,0.035270,0,,,0.007122641118,0.035270,0.002940339865,0,
419,800,419,1,1257,0.00711220568,0.002927641564;0.006972079877;0.002872424222;0.01567667706,0.006456331235;0.009216131404;0.0056641544,biomass;glucose;product;gp_nll,run_2;run_3;run_1,0.031459,0,,,0.00711220568,0.031459,0.00293203886,0,
420,800,420,1,1260,0.007101830511,0.002928251082;0.006971777319;0.002871915839;0.0156353778,0.005654174022;0.009204989598;0.006446327912,biomass;glucose;product;gp_nll,run_1;run_3;run_2,0.031546,0,,,0.007101830511,0.031546,0.002923755548,0,
421,800,421,1,1263,0.007091514366,0.002928855229;0.006971517812;0.002871438646;0.01559424578,0.009193929579;0.006436369222;0.005644244297,biomass;glucose;product;gp_nll,run_3;run_2;run_1,0.033634,0,,,0.007091514366,0.033634,0.002915488538,0,
422,800,422,1,1266,0.007081256064,0.002929453674;0.006971298213;0.002870991255;0.01555328111,0.006426454559;0.009182949274;0.005634364358,biomass;glucose;product;gp_nll,run_2;run_3;run_1,0.035605,0,,,0.007081256064,0.035605,0.002907236653,0,
423,800,423,1,1269,0.007071054481,0.002930046118;0.006971115568;0.00287057232;0.01551248392,0.006416583356;0.009172046679;0.005624533407,biomass;glucose;product;gp_nll,run_2;run_3;run_1,0.041649,0,,,0.007071054481,0.041649,0.002898998918,0,
424,800,424,1,1272,0.007060908551,0.002930632292;0.006970967101;0.002870180527;0.01547185428,0.009161219862;0.00640675508;0.00561475071,biomass;glucose;product;gp_nll,run_3;run_2;run_1,0.031446,0,,,0.007060908551,0.031446,0.002890774541,0,
425,800,425,1,1275,0.00705081726,0.00293121195;0.006970850216;0.002869814598;0.01543139227,0.005605015589;0.00915046696;0.00639696923,biomass;glucose;product;gp_nll,run_1;run_3;run_2,0.031792,0,,,0.00705081726,0.031792,0.002882562904,0,
426,800,426,1,1278,0.007040779645,0.002931784892;0.006970762447;0.002869473311;0.01539109793,0.005595327421;0.009139786173;0.006387225341,biomass;glucose;product;gp_nll,run_1;run_3;run_2,0.035195,0,,,0.007040779645,0.035195,0.002874363539,0,
427,800,427,1,1281,0.007030794791,0.00293235093;0.006970701498;0.002869155469;0.01535097127,0.009129175769;0.006377522972;0.005585685632,biomass;glucose;product;gp_nll,run_3;run_2;run_1,0.031901,0,,,0.007030794791,0.031901,0.002866176123,0,
428,800,428,1,1284,0.007020861827,0.002932909899;0.00697066522;0.002868859916;0.01531101227,0.005576089695;0.009118634073;0.006367861713,biomass;glucose;product;gp_nll,run_1;run_3;run_2,0.031791,0,,,0.007020861827,0.031791,0.002858000463,0,
429,800,429,1,1287,0.007010979925,0.002933461654;0.0069706516;0.002868585529;0.01527122092,0.005566539125;0.006358241176;0.009108159474,biomass;glucose;product;gp_nll,run_1;run_2;run_3,0.031850,0,,,0.007010979925,0.031850,0.00284983648,0,
430,800,430,1,1290,0.007001148306,0.002934006097;0.006970658762;0.002868331227;0.01523159714,0.005557033475;0.006348660998;0.009097750445,biomass;glucose;product;gp_nll,run_1;run_2;run_3,0.034618,0,,,0.007001148306,0.034618,0.002841684218,0,
431,800,431,1,1293,0.006991366277,0.002934543296;0.006970684986;0.002868095981;0.01519214084,0.005547572331;0.009087405664;0.006339120836,biomass;glucose;product;gp_nll,run_1;run_3;run_2,0.034365,0,,,0.006991366277,0.034365,0.002833543895,0,
432,800,432,1,1296,0.00698163305,0.00293507294;0.006970728583;0.00286787875;0.01515285193,0.009077123472;0.005538155313;0.006329620366,biomass;glucose;product;gp_nll,run_3;run_1;run_2,0.031713,0,,,0.00698163305,0.031713,0.002825415595,0,
433,800,433,1,1299,0.006971947939,0.002935594945;0.006970788018;0.002867678547;0.01511373025,0.005528782067;0.009066902474;0.006320159275,biomass;glucose;product;gp_nll,run_1;run_3;run_2,0.032123,0,,,0.006971947939,0.032123,0.002817299589,0,
434,800,434,1,1302,0.006962310284,0.002936109234;0.006970861853;0.002867494412;0.01507477564,0.006310737256;0.00905674133;0.005519452268,biomass;glucose;product;gp_nll,run_2;run_3;run_1,0.032483,0,,,0.006962310284,0.032483,0.002809196208,0,
435,800,435,1,1305,0.00695271945,0.002936615734;0.006970948746;0.002867325408;0.01503598791,0.005510165609;0.006301353996;0.009046638744,biomass;glucose;product;gp_nll,run_1;run_2;run_3,0.031564,0,,,0.00695271945,0.031564,0.002801105833,0,
436,800,436,1,1308,0.00694317482,0.002937114375;0.006971047436;0.002867170616;0.01499736685,0.00903659347;0.005500921806;0.006292009182,biomass;glucose;product;gp_nll,run_3;run_1;run_2,0.032039,0,,,0.00694317482,0.032039,0.00279302889,0,
437,800,437,1,1311,0.006933675806,0.0029376051;0.006971156752;0.002867029154;0.01495891222,0.009026604306;0.006282702517;0.005491720593,biomass;glucose;product;gp_nll,run_3;run_2;run_1,0.031060,0,,,0.006933675806,0.031060,0.002784965851,0,
438,800,438,1,1314,0.006924221854,0.002938087874;0.00697127561;0.002866900189;0.01492062374,0.009016670094;0.00627343375;0.005482561719,biomass;glucose;product;gp_nll,run_3;run_2;run_1,0.031531,0,,,0.006924221854,0.031531,0.002776917228,0,
439,800,439,1,1317,0.006914812446,0.002938562687;0.006971403012;0.002866782942;0.01488250114,0.006264202672;0.005473444946;0.009006789719,biomass;glucose;product;gp_nll,run_2;run_1;run_3,0.033387,0,,,0.006914812446,0.033387,0.002768883568,0,
440,800,440,1,1320,0.006905447084,0.002939029536;0.006971538033;0.002866676667;0.0148445441,0.005464370048;0.008996962106;0.006255009097,biomass;glucose;product;gp_nll,run_1;run_3;run_2,0.042759,0,,,0.006905447084,0.042759,0.002760865438,0,
441,800,441,1,1323,0.006896125289,0.00293948842;0.006971679812;0.002866580641;0.01480675228,0.00545533681;0.006245852835;0.008987186221,biomass;glucose;product;gp_nll,run_1;run_2;run_3,0.035282,0,,,0.006896125289,0.035282,0.002752863419,0,
442,800,442,1,1326,0.006886846593,0.002939939339;0.006971827546;0.002866494162;0.01476912533,0.008977461067;0.005446345023;0.006236733691,biomass;glucose;product;gp_nll,run_3;run_1;run_2,0.032537,0,,,0.006886846593,0.032537,0.0027448781,0,
443,800,443,1,1329,0.006877610546,0.002940382292;0.006971980487;0.002866416549;0.01473166286,0.005437394487;0.006227651466;0.008967785684,biomass;glucose;product;gp_nll,run_1;run_2;run_3,0.034086,0,,,0.006877610546,0.034086,0.002736910074,0,
444,800,444,1,1332,0.006868416707,0.002940817281;0.006972137939;0.002866347144;0.01469436446,0.008958159149;0.006218605965;0.005428485007,biomass;glucose;product;gp_nll,run_3;run_2;run_1,0.031379,0,,,0.006868416707,0.031379,0.002728959935,0,
445,800,445,1,1335,0.006859264653,0.002941244311;0.006972299257;0.002866285314;0.01465722973,0.008948580572;0.005419616393;0.006209596994,biomass;glucose;product;gp_nll,run_3;run_1;run_2,0.031861,0,,,0.006859264653,0.031861,0.002721028279,0,
446,800,446,1,1338,0.006850153973,0.00294166339;0.006972463842;0.002866230449;0.01462025821,0.008939049096;0.006200624364;0.005410788459,biomass;glucose;product;gp_nll,run_3;run_2;run_1,0.033622,0,,,0.006850153973,0.033622,0.002713115695,0,
447,800,447,1,1341,0.00684108484,0.002942074523;0.006972632864;0.002866182531;0.01458344944,0.008929563897;0.006191689604;0.005402001018,biomass;glucose;product;gp_nll,run_3;run_2;run_1,0.035001,0,,,0.00684108484,0.035001,0.002705223494,0,
448,800,448,1,1344,0.006832055709,0.002942477702;0.006972802364;0.002866139834;0.01454680294,0.008920124184;0.006182789056;0.005393253888,biomass;glucose;product;gp_nll,run_3;run_2;run_1,0.042056,0,,,0.006832055709,0.042056,0.002697350851,0,
449,800,449,1,1347,0.006823066795,0.002942872973;0.006972973584;0.002866102421;0.0145103182,0.006173924305;0.005384546885;0.008910729194,biomass;glucose;product;gp_nll,run_2;run_1;run_3,0.031861,0,,,0.006823066795,0.031861,0.002689499002,0,
450,800,450,1,1350,0.006814117731,0.002943260356;0.006973146081;0.002866069777;0.01447399471,0.008901378191;0.006165095175;0.005375879829,biomass;glucose;product;gp_nll,run_3;run_2;run_1,0.031511,0,,,0.006814117731,0.031511,0.0026816685,0,
451,800,451,1,1353,0.006805208166,0.00294363987;0.006973319449;0.002866041407;0.01443783194,0.008892070467;0.006156301493;0.005367252536,biomass;glucose;product;gp_nll,run_3;run_2;run_1,0.037788,0,,,0.006805208166,0.037788,0.002673859884,0,
452,800,452,1,1356,0.006796337752,0.00294401154;0.006973493308;0.002866016838;0.01440182932,0.005358664825;0.008882805343;0.006147543088,biomass;glucose;product;gp_nll,run_1;run_3;run_2,0.031455,0,,,0.006796337752,0.031455,0.002666073678,0,
453,800,453,1,1359,0.006787506154,0.002944375389;0.00697366731;0.002865995616;0.0143659863,0.00613881979;0.00535011651;0.008873582163,biomass;glucose;product;gp_nll,run_2;run_1;run_3,0.032174,0,,,0.006787506154,0.032174,0.002658310391,0,
454,800,454,1,1362,0.006778709006,0.00294471721;0.006973839609;0.002865976908;0.0143303023,0.008864388179;0.006130131433;0.005341607405,biomass;glucose;product;gp_nll,run_3;run_2;run_1,0.032932,0,,,0.006778709006,0.032932,0.002650561799,0,
455,800,455,1,1365,0.006769953941,0.002945065087;0.00697401287;0.002865961087;0.01429477672,0.008855246626;0.006121477852;0.005333137346,biomass;glucose;product;gp_nll,run_3;run_2;run_1,0.033162,0,,,0.006769953941,0.033162,0.002642845524,0,
456,800,456,1,1368,0.006761236733,0.002945405233;0.006974185376;0.002865947355;0.01425940897,0.008846145178;0.006112858881;0.00532470614,biomass;glucose;product;gp_nll,run_3;run_2;run_1,0.034492,0,,,0.006761236733,0.034492,0.002635153621,0,
457,800,457,1,1371,0.006752557074,0.002945737677;0.006974356873;0.002865935335;0.01422419841,0.008837083274;0.005316313592;0.006104274356,biomass;glucose;product;gp_nll,run_3;run_1;run_2,0.035283,0,,,0.006752557074,0.035283,0.002627486523,0,
458,800,458,1,1374,0.006743914665,0.002946062447;0.006974527128;0.002865924664;0.01418914442,0.008828060376;0.005307959508;0.006095724111,biomass;glucose;product;gp_nll,run_3;run_1;run_2,0.033336,0,,,0.006743914665,0.033336,0.002619844643,0,
459,800,459,1,1377,0.006735309211,0.002946379574;0.006974695924;0.002865915;0.01415424634,0.005299643686;0.008819075963;0.006087207983,biomass;glucose;product;gp_nll,run_1;run_3;run_2,0.032607,0,,,0.006735309211,0.032607,0.002612228375,0,
460,800,460,1,1380,0.006726740423,0.002946689087;0.006974863063;0.002865906012;0.01411950353,0.006078725806;0.008810129537;0.005291365925,biomass;glucose;product;gp_nll,run_2;run_3;run_1,0.032890,0,,,0.006726740423,0.032890,0.002604638093,0,
461,800,461,1,1383,0.006718208019,0.00294699102;0.006975028362;0.00286589739;0.0140849153,0.00528312602;0.006070277418;0.008801220619,biomass;glucose;product;gp_nll,run_1;run_2;run_3,0.032230,0,,,0.006718208019,0.032230,0.002597074152,0,
462,800,462,1,1386,0.00670971172,0.002947285403;0.006975191651;0.002865888833;0.01405048099,0.005274923762;0.006061862653;0.008792348745,biomass;glucose;product;gp_nll,run_1;run_2;run_3,0.032544,0,,,0.00670971172,0.032544,0.002589536887,0,
463,800,463,1,1389,0.006701251255,0.002947572269;0.006975352776;0.00286588006;0.01401619991,0.008783513473;0.006053481349;0.005266758942,biomass;glucose;product;gp_nll,run_3;run_2;run_1,0.036658,0,,,0.006701251255,0.036658,0.002582026613,0,
464,800,464,1,1392,0.006692826353,0.002947851651;0.006975511593;0.002865870798;0.01398207137,0.005258631344;0.008774714373;0.006045133341,biomass;glucose;product;gp_nll,run_1;run_3;run_2,0.043537,0,,,0.006692826353,0.043537,0.002574543628,0,
465,800,465,1,1395,0.00668443675,0.002948123581;0.006975667972;0.002865860792;0.01394809466,0.008765951033;0.006036818465;0.005250540754,biomass;glucose;product;gp_nll,run_3;run_2;run_1,0.033137,0,,,0.00668443675,0.033137,0.002567088209,0,
466,800,466,1,1398,0.006676082188,0.002948388094;0.006975821792;0.002865849797;0.01391426907,0.006028536557;0.008757223057;0.00524248695,biomass;glucose;product;gp_nll,run_2;run_3;run_1,0.033191,0,,,0.006676082188,0.033191,0.002559660614,0,
467,800,467,1,1401,0.006667762408,0.002948645222;0.006975972943;0.002865837582;0.01388059389,0.006020287452;0.005234469711;0.008748530062,biomass;glucose;product;gp_nll,run_2;run_1;run_3,0.034292,0,,,0.006667762408,0.034292,0.002552261086,0,
468,800,468,1,1404,0.00665947716,0.002948895;0.006976121323;0.002865823924;0.01384706839,0.005226488813;0.00873987168;0.006012070985,biomass;glucose;product;gp_nll,run_1;run_3;run_2,0.035421,0,,,0.00665947716,0.035421,0.002544889847,0,
469,800,469,1,1407,0.006651226193,0.002949137459;0.00697626684;0.002865808617;0.01381369186,0.008731247557;0.005218544029;0.006003886993,biomass;glucose;product;gp_nll,run_3;run_1;run_2,0.032728,0,,,0.006651226193,0.032728,0.002537547103,0,
470,800,470,1,1410,0.006643009266,0.002949372639;0.00697640941;0.002865791467;0.01378046355,0.008722657351;0.005995735318;0.005210635129,biomass;glucose;product;gp_nll,run_3;run_2;run_1,0.035695,0,,,0.006643009266,0.035695,0.002530233042,0,
471,800,471,1,1413,0.006634826136,0.002949600571;0.006976548958;0.002865772288;0.01374738273,0.008714100732;0.005987615796;0.00520276188,biomass;glucose;product;gp_nll,run_3;run_2;run_1,0.036325,0,,,0.006634826136,0.036325,0.002522947836,0,
472,800,472,1,1416,0.006626676561,0.002949821286;0.006976685408;0.002865750894;0.01371444866,0.008705577383;0.005194924051;0.00597952825,biomass;glucose;product;gp_nll,run_3;run_1;run_2,0.046701,0,,,0.006626676561,0.046701,0.002515691643,0,
473,800,473,1,1419,0.006618560306,0.002950034819;0.006976818695;0.002865727116;0.01368166059,0.005187121403;0.005971472515;0.008697086998,biomass;glucose;product;gp_nll,run_1;run_2;run_3,0.033779,0,,,0.006618560306,0.033779,0.002508464602,0,
474,800,474,1,1422,0.006610477136,0.002950241202;0.006976948761;0.002865700797;0.01364901778,0.00868862928;0.005179353701;0.005963448425,biomass;glucose;product;gp_nll,run_3;run_1;run_2,0.034606,0,,,0.006610477136,0.034606,0.00250126684,0,
475,800,475,1,1425,0.006602426821,0.002950440471;0.006977075551;0.002865671786;0.01361651948,0.005171620704;0.008680203946;0.005955455814,biomass;glucose;product;gp_nll,run_1;run_3;run_2,0.036383,0,,,0.006602426821,0.036383,0.002494098469,0,
476,800,476,1,1428,0.006594409135,0.002950632658;0.006977199018;0.002865639942;0.01358416492,0.005163922172;0.008671810718;0.005947494515,biomass;glucose;product;gp_nll,run_1;run_3;run_2,0.033217,0,,,0.006594409135,0.033217,0.002486959586,0,
477,800,477,1,1431,0.006586423852,0.002950817797;0.006977319116;0.00286560513;0.01355195337,0.005939564363;0.005156257861;0.008663449333,biomass;glucose;product;gp_nll,run_2;run_1;run_3,0.033439,0,,,0.006586423852,0.033439,0.002479850274,0,
478,800,478,1,1434,0.00657847075,0.002950995922;0.006977435805;0.002865567225;0.01351988405,0.008655119531;0.005148627529;0.005931665191,biomass;glucose;product;gp_nll,run_3;run_1;run_2,0.032656,0,,,0.00657847075,0.032656,0.002472770606,0,
479,800,479,1,1437,0.00657054961,0.002951167066;0.006977549049;0.002865526109;0.01348795622,0.005923796833;0.00514103093;0.008646821067,biomass;glucose;product;gp_nll,run_2;run_1;run_3,0.032336,0,,,0.00657054961,0.032336,0.00246572064,0,
480,800,480,1,1440,0.006562660213,0.002951331262;0.006977658815;0.00286548167;0.0134561691,0.005915959122;0.005133467818;0.008638553698,biomass;glucose;product;gp_nll,run_2;run_1;run_3,0.034505,0,,,0.006562660213,0.034505,0.002458700423,0,
481,800,481,1,1443,0.006554802344,0.002951488543;0.006977765074;0.002865433805;0.01342452196,0.008630317194;0.005908151892;0.005125937946,biomass;glucose;product;gp_nll,run_3;run_2;run_1,0.032392,0,,,0.006554802344,0.032392,0.00245170999,0,
482,800,482,1,1446,0.006546975791,0.002951638943;0.006977867798;0.002865382414;0.01339301401,0.005118441068;0.005900374977;0.008622111329,biomass;glucose;product;gp_nll,run_1;run_2;run_3,0.032689,0,,,0.006546975791,0.032689,0.002444749365,0,
483,800,483,1,1449,0.006539180343,0.002951782494;0.006977966965;0.002865327407;0.01336164451,0.008613935885;0.005110976934;0.00589262821,biomass;glucose;product;gp_nll,run_3;run_1;run_2,0.032485,0,,,0.006539180343,0.032485,0.002437818562,0,
484,800,484,1,1452,0.006531415791,0.002951919228;0.006978062552;0.002865268697;0.01333041269,0.005103545297;0.005884911425;0.008605790653,biomass;glucose;product;gp_nll,run_1;run_2;run_3,0.033051,0,,,0.006531415791,0.033051,0.002430917586,0,
485,800,485,1,1455,0.00652368193,0.002952049179;0.00697815454;0.002865206204;0.0132993178,0.008597675426;0.005877224457;0.005096145906,biomass;glucose;product;gp_nll,run_3;run_2;run_1,0.032786,0,,,0.00652368193,0.032786,0.00242404643,0,
486,800,486,1,1458,0.006515978553,0.002952172378;0.006978242913;0.002865139854;0.01326835907,0.005869567139;0.005088778514;0.008589590007,biomass;glucose;product;gp_nll,run_2;run_1;run_3,0.032742,0,,,0.006515978553,0.032742,0.00241720508,0,
487,800,487,1,1461,0.00650830546,0.002952288858;0.006978327655;0.002865069576;0.01323753575,0.005861939306;0.008581534203;0.00508144287,biomass;glucose;product;gp_nll,run_2;run_3;run_1,0.042460,0,,,0.00650830546,0.042460,0.002410393512,0,
488,800,488,1,1464,0.006500662448,0.002952398649;0.006978408754;0.002864995306;0.01320684708,0.005854340792;0.005074138726;0.008573507827,biomass;glucose;product;gp_nll,run_2;run_1;run_3,0.041444,0,,,0.006500662448,0.041444,0.002403611694,0,
489,800,489,1,1467,0.006493049321,0.002952501785;0.006978486198;0.002864916985;0.01317629232,0.005066865832;0.008565510698;0.005846771433,biomass;glucose;product;gp_nll,run_1;run_3;run_2,0.033431,0,,,0.006493049321,0.033431,0.002396859588,0,
490,800,490,1,1470,0.00648546588,0.002952598295;0.006978559977;0.002864834555;0.0131458707,0.00505962394;0.005839231063;0.008557542639,biomass;glucose;product;gp_nll,run_1;run_2;run_3,0.033506,0,,,0.00648546588,0.033506,0.002390137145,0,
491,800,491,1,1473,0.006477911932,0.002952688211;0.006978630081;0.002864747966;0.01311558147,0.0050524128;0.005831719518;0.008549603478,biomass;glucose;product;gp_nll,run_1;run_2;run_3,0.032810,0,,,0.006477911932,0.032810,0.002383444312,0,
492,800,492,1,1476,0.006470387282,0.002952771564;0.006978696504;0.00286465717;0.01308542389,0.008541693047;0.005045232164;0.005824236635,biomass;glucose;product;gp_nll,run_3;run_1;run_2,0.035077,0,,,0.006470387282,0.035077,0.002376781029,0,
493,800,493,1,1479,0.00646289174,0.002952848383;0.00697875924;0.002864562123;0.01305539721,0.008533811184;0.005816782249;0.005038081786,biomass;glucose;product;gp_nll,run_3;run_2;run_1,0.034110,0,,,0.00646289174,0.034110,0.002370147228,0,
494,800,494,1,1482,0.006455425115,0.0029529187;0.006978818283;0.002864462786;0.01302550069,0.00852595773;0.005809356196;0.005030961418,biomass;glucose;product;gp_nll,run_3;run_2;run_1,0.033318,0,,,0.006455425115,0.033318,0.002363542836,0,
495,800,495,1,1485,0.00644798722,0.002952982544;0.006978873628;0.002864359122;0.01299573358,0.005801958316;0.008518132529;0.005023870814,biomass;glucose;product;gp_nll,run_2;run_3;run_1,0.042385,0,,,0.00644798722,0.042385,0.002356967775,0,
496,800,496,1,1488,0.006440577867,0.002953039945;0.006978925272;0.002864251098;0.01296609515,0.008510335429;0.005016809729;0.005794588444,biomass;glucose;product;gp_nll,run_3;run_1;run_2,0.034149,0,,,0.006440577867,0.034149,0.002350421961,0,
497,800,497,1,1491,0.006433196873,0.002953090931;0.006978973213;0.002864138684;0.01293658467,0.005009777918;0.008502566284;0.005787246419,biomass;glucose;product;gp_nll,run_1;run_3;run_2,0.038132,0,,,0.006433196873,0.038132,0.002343905305,0,
498,800,498,1,1494,0.006425844055,0.002953135533;0.006979017448;0.002864021852;0.01290720139,0.005002775137;0.008494824948;0.005779932079,biomass;glucose;product;gp_nll,run_1;run_3;run_2,0.032614,0,,,0.006425844055,0.032614,0.002337417714,0,
499,800,499,1,1497,0.00641851923,0.002953173777;0.006979057976;0.002863900578;0.01287794459,0.005772645265;0.004995801144;0.00848711128,biomass;glucose;product;gp_nll,run_2;run_1;run_3,0.037093,0,,,0.00641851923,0.037093,0.002330959089,0,
500,800,500,1,1500,0.006411222218,0.002953205694;0.006979094796;0.002863774841;0.01284881354,0.004988855697;0.00847942514;0.005765385816,biomass;glucose;product;gp_nll,run_1;run_3;run_2,0.032889,0,,,0.006411222218,0.032889,0.002324529329,0,
501,800,501,1,1503,0.006403952841,0.00295323131;0.006979127907;0.00286364462;0.01281980753,0.005758153571;0.008471766394;0.004981938557,biomass;glucose;product;gp_nll,run_2;run_3;run_1,0.032922,0,,,0.006403952841,0.032922,0.002318128327,0,
502,800,502,1,1506,0.006396710922,0.002953250653;0.006979157311;0.002863509899;0.01279092582,0.008464134908;0.004975049485;0.005750948373,biomass;glucose;product;gp_nll,run_3;run_1;run_2,0.033586,0,,,0.006396710922,0.033586,0.002311755974,0,
503,800,503,1,1509,0.006389496285,0.002953263751;0.006979183007;0.002863370664;0.01276216772,0.004968188242;0.00845653055;0.005743770062,biomass;glucose;product;gp_nll,run_1;run_3;run_2,0.035050,0,,,0.006389496285,0.035050,0.002305412158,0,
504,800,504,1,1512,0.006382308756,0.002953270631;0.006979204996;0.002863226902;0.0127335325,0.004961354592;0.008448953194;0.005736618481,biomass;glucose;product;gp_nll,run_1;run_3;run_2,0.034975,0,,,0.006382308756,0.034975,0.002299096762,0,
505,800,505,1,1515,0.006375148162,0.002953271318;0.006979223279;0.002863078601;0.01270501945,0.008441402713;0.004954548301;0.005729493474,biomass;glucose;product;gp_nll,run_3;run_1;run_2,0.032996,0,,,0.006375148162,0.032996,0.002292809667,0,
506,800,506,1,1518,0.006368014333,0.00295326584;0.006979237858;0.002862925755;0.01267662788,0.008433878983;0.005722394883;0.004947769134,biomass;glucose;product;gp_nll,run_3;run_2;run_1,0.033643,0,,,0.006368014333,0.033643,0.002286550753,0,
507,800,507,1,1521,0.006360907098,0.002953254222;0.006979248735;0.002862768355;0.01264835708,0.00494101686;0.005715322552;0.008426381881,biomass;glucose;product;gp_nll,run_1;run_2;run_3,0.033143,0,,,0.006360907098,0.033143,0.002280319893,0,
508,800,508,1,1524,0.006353826288,0.002953236489;0.006979255911;0.002862606397;0.01262020635,0.005708276328;0.008418911288;0.004934291248,biomass;glucose;product;gp_nll,run_2;run_3;run_1,0.032388,0,,,0.006353826288,0.032388,0.002274116964,0,
509,800,509,1,1527,0.006346771737,0.002953212667;0.006979259389;0.002862439876;0.01259217501,0.004927592069;0.008411467085;0.005701256056,biomass;glucose;product;gp_nll,run_1;run_3;run_2,0.032181,0,,,0.006346771737,0.032181,0.002267941835,0,
510,800,510,1,1530,0.006339743278,0.002953182781;0.006979259171;0.002862268791;0.01256426237,0.004920919096;0.005694261582;0.008404049156,biomass;glucose;product;gp_nll,run_1;run_2;run_3,0.032955,0,,,0.006339743278,0.032955,0.002261794377,0,
511,800,511,1,1533,0.006332740747,0.002953146855;0.006979255259;0.002862093141;0.01253646773,0.004914272103;0.005687292754;0.008396657385,biomass;glucose;product;gp_nll,run_1;run_2;run_3,0.044219,0,,,0.006332740747,0.044219,0.002255674457,0,
512,800,512,1,1536,0.006325763981,0.002953104913;0.006979247656;0.002861912926;0.01250879043,0.008389291659;0.004907650866;0.005680349419,biomass;glucose;product;gp_nll,run_3;run_1;run_2,0.036145,0,,,0.006325763981,0.036145,0.002249581941,0,
513,800,513,1,1539,0.006318812818,0.002953056979;0.006979236364;0.002861728149;0.01248122978,0.004901055162;0.008381951866;0.005673431427,biomass;glucose;product;gp_nll,run_1;run_3;run_2,0.033189,0,,,0.006318812818,0.033189,0.002243516695,0,
514,800,514,1,1542,0.006311887097,0.002953003075;0.006979221387;0.002861538811;0.01245378512,0.005666538627;0.008374637894;0.004894484771,biomass;glucose;product;gp_nll,run_2;run_3;run_1,0.032986,0,,,0.006311887097,0.032986,0.002237478581,0,
515,800,515,1,1545,0.006304986659,0.002952943226;0.006979202726;0.002861344917;0.01242645577,0.008367349634;0.004887939474;0.00565967087,biomass;glucose;product;gp_nll,run_3;run_1;run_2,0.034329,0,,,0.006304986659,0.034329,0.002231467462,0,
516,800,516,1,1548,0.006298111346,0.002952877453;0.006979180385;0.002861146471;0.01239924107,0.004881419053;0.008360086977;0.005652828007,biomass;glucose;product;gp_nll,run_1;run_3;run_2,0.036275,0,,,0.006298111346,0.036275,0.002225483199,0,
517,800,517,1,1551,0.006291261,0.002952805779;0.006979154366;0.00286094348;0.01237214037,0.008352849816;0.004874923293;0.00564600989,biomass;glucose;product;gp_nll,run_3;run_1;run_2,0.033371,0,,,0.006291261,0.033371,0.002219525652,0,
518,800,518,1,1554,0.006284435466,0.002952728226;0.006979124673;0.002860735951;0.01234515301,0.008345638045;0.005639216372;0.004868451981,biomass;glucose;product;gp_nll,run_3;run_2;run_1,0.088082,0,,,0.006284435466,0.088082,0.002213594681,0,
519,800,519,1,1557,0.006277634589,0.002952644815;0.006979091308;0.00286052389;0.01231827834,0.004862004904;0.005632447306;0.008338451557,biomass;glucose;product;gp_nll,run_1;run_2;run_3,0.042888,0,,,0.006277634589,0.042888,0.002207690144,0,
520,800,520,1,1560,0.006270858216,0.002952555567;0.006979054274;0.002860307306;0.01229151572,0.008331290248;0.005625702548;0.004855581853,biomass;glucose;product;gp_nll,run_3;run_2;run_1,0.063304,0,,,0.006270858216,0.063304,0.002201811899,0,
521,800,521,1,1563,0.006264106195,0.002952460503;0.006979013574;0.002860086207;0.0122648645,0.004849182619;0.008324154014;0.005618981952,biomass;glucose;product;gp_nll,run_1;run_3;run_2,0.037361,0,,,0.006264106195,0.037361,0.002195959805,0,
522,800,522,1,1566,0.006257378374,0.002952359643;0.006978969211;0.002859860604;0.01223832404,0.005612285375;0.004842806995;0.008317042753,biomass;glucose;product;gp_nll,run_2;run_1;run_3,0.033603,0,,,0.006257378374,0.033603,0.002190133718,0,
523,800,523,1,1569,0.006250674605,0.002952253007;0.006978921187;0.002859630506;0.01221189372,0.008309956361;0.004836454778;0.005605612674,biomass;glucose;product;gp_nll,run_3;run_1;run_2,0.033097,0,,,0.006250674605,0.033097,0.002184333495,0,
524,800,524,1,1572,0.006243994737,0.002952140615;0.006978869505;0.002859395925;0.0121855729,0.008302894738;0.005598963707;0.004830125764,biomass;glucose;product;gp_nll,run_3;run_2;run_1,0.033176,0,,,0.006243994737,0.033176,0.002178558992,0,
525,800,525,1,1575,0.006237338623,0.002952022486;0.006978814169;0.00285915687;0.01215936097,0.005592338333;0.004823819753;0.008295857783,biomass;glucose;product;gp_nll,run_2;run_1;run_3,0.035404,0,,,0.006237338623,0.035404,0.002172810067,0,
526,800,526,1,1578,0.006230706117,0.002951898639;0.006978755181;0.002858913354;0.01213325729,0.008288845394;0.005585736411;0.004817536545,biomass;glucose;product;gp_nll,run_3;run_2;run_1,0.036185,0,,,0.006230706117,0.036185,0.002167086576,0,
527,800,527,1,1581,0.006224097072,0.002951769092;0.006978692543;0.002858665389;0.01210726127,0.004811275944;0.008281857472;0.005579157802,biomass;glucose;product;gp_nll,run_1;run_3;run_2,0.032306,0,,,0.006224097072,0.032306,0.002161388374,0,
528,800,528,1,1584,0.006217511346,0.002951633863;0.006978626258;0.002858412987;0.01208137228,0.008274893918;0.005572602367;0.004805037753,biomass;glucose;product;gp_nll,run_3;run_2;run_1,0.033593,0,,,0.006217511346,0.033593,0.002155715319,0,
529,800,529,1,1587,0.006210948794,0.002951492971;0.006978556329;0.00285815616;0.01205558972,0.00479882178;0.008267954633;0.005566069969,biomass;glucose;product;gp_nll,run_1;run_3;run_2,0.032747,0,,,0.006210948794,0.032747,0.002150067266,0,
530,800,530,1,1590,0.006204409274,0.002951346433;0.006978482758;0.002857894921;0.01202991298,0.00555956047;0.008261039518;0.004792627833,biomass;glucose;product;gp_nll,run_2;run_3;run_1,0.032682,0,,,0.006204409274,0.032682,0.002144444074,0,
531,800,531,1,1593,0.006197892644,0.002951194265;0.006978405549;0.002857629284;0.01200434148,0.005553073735;0.004786455723;0.008254148476,biomass;glucose;product;gp_nll,run_2;run_1;run_3,0.032279,0,,,0.006197892644,0.032279,0.002138845597,0,
532,800,532,1,1596,0.006191398766,0.002951036484;0.006978324702;0.002857359262;0.01197887461,0.005546609628;0.008247281409;0.00478030526,biomass;glucose;product;gp_nll,run_2;run_3;run_1,0.040573,0,,,0.006191398766,0.040573,0.002133271695,0,
533,800,533,1,1599,0.006184927498,0.002950873107;0.006978240221;0.002857084868;0.0119535118,0.00477417626;0.008240438219;0.005540168015,biomass;glucose;product;gp_nll,run_1;run_3;run_2,0.035827,0,,,0.006184927498,0.035827,0.002127722223,0,
534,800,534,1,1602,0.006178478704,0.002950704149;0.006978152109;0.002856806116;0.01192825244,0.005533748763;0.008233618809;0.004768068538,biomass;glucose;product;gp_nll,run_2;run_3;run_1,0.036836,0,,,0.006178478704,0.036836,0.002122197041,0,
535,800,535,1,1605,0.006172052245,0.002950529627;0.006978060367;0.00285652302;0.01190309597,0.00552735174;0.004761981912;0.008226823083,biomass;glucose;product;gp_nll,run_2;run_1;run_3,0.032877,0,,,0.006172052245,0.032877,0.002116696006,0,
536,800,536,1,1608,0.006165647986,0.002950349555;0.006977964998;0.002856235594;0.0118780418,0.004755916201;0.008220050944;0.005520976812,biomass;glucose;product;gp_nll,run_1;run_3;run_2,0.032791,0,,,0.006165647986,0.032791,0.002111218977,0,
537,800,537,1,1611,0.006159265791,0.002950163948;0.006977866003;0.002855943852;0.01185308936,0.008213302296;0.004749871227;0.00551462385,biomass;glucose;product;gp_nll,run_3;run_1;run_2,0.033300,0,,,0.006159265791,0.033300,0.002105765813,0,
538,800,538,1,1614,0.006152905527,0.002949972821;0.006977763386;0.002855647807;0.01182823809,0.005508292724;0.004743846813;0.008206577044,biomass;glucose;product;gp_nll,run_2;run_1;run_3,0.036135,0,,,0.006152905527,0.036135,0.002100336375,0,
539,800,539,1,1617,0.006146567059,0.002949776188;0.006977657149;0.002855347474;0.01180348743,0.00819987509;0.004737842783;0.005501983304,biomass;glucose;product;gp_nll,run_3;run_1;run_2,0.032216,0,,,0.006146567059,0.032216,0.002094930522,0,
540,800,540,1,1620,0.006140250256,0.002949574062;0.006977547293;0.002855042867;0.0117788368,0.005495695462;0.004731858965;0.00819319634,biomass;glucose;product;gp_nll,run_2;run_1;run_3,0.033309,0,,,0.006140250256,0.033309,0.002089548116,0,
541,800,541,1,1623,0.006133954985,0.002949366458;0.006977433821;0.002854734;0.01175428566,0.008186540697;0.005489429071;0.004725895187,biomass;glucose;product;gp_nll,run_3;run_2;run_1,0.033709,0,,,0.006133954985,0.033709,0.002084189017,0,
542,800,542,1,1626,0.006127681117,0.002949153389;0.006977316734;0.002854420887;0.01172983346,0.00471995128;0.005483184004;0.008179908068,biomass;glucose;product;gp_nll,run_1;run_2;run_3,0.033936,0,,,0.006127681117,0.033936,0.002078853088,0,
543,800,543,1,1629,0.006121428522,0.002948934866;0.006977196036;0.002854103542;0.01170547964,0.005476960135;0.008173298355;0.004714027075,biomass;glucose;product;gp_nll,run_2;run_3;run_1,0.047005,0,,,0.006121428522,0.047005,0.002073540193,0,
544,800,544,1,1632,0.006115197071,0.002948710904;0.006977071727;0.002853781979;0.01168122367,0.004708122408;0.008166711465;0.005470757339,biomass;glucose;product;gp_nll,run_1;run_3;run_2,0.033414,0,,,0.006115197071,0.033414,0.002068250193,0,
545,800,545,1,1635,0.006108986636,0.002948481513;0.00697694381;0.002853456212;0.01165706501,0.004702237113;0.005464575493;0.008160147302,biomass;glucose;product;gp_nll,run_1;run_2;run_3,0.037008,0,,,0.006108986636,0.037008,0.002062982954,0,
546,800,546,1,1638,0.00610279709,0.002948246706;0.006976812287;0.002853126253;0.01163300312,0.008153605771;0.005458414473;0.004696371028,biomass;glucose;product;gp_nll,run_3;run_2;run_1,0.033564,0,,,0.00610279709,0.033564,0.002057738341,0,
547,800,547,1,1641,0.006096628308,0.002948006494;0.006976677159;0.002852792118;0.01160903746,0.008147086777;0.004690523992;0.005452274156,biomass;glucose;product;gp_nll,run_3;run_1;run_2,0.033302,0,,,0.006096628308,0.033302,0.002052516219,0,
548,800,548,1,1644,0.006090480165,0.002947760889;0.00697653843;0.00285245382;0.01158516752,0.005446154421;0.008140590225;0.004684695847,biomass;glucose;product;gp_nll,run_2;run_3;run_1,0.033510,0,,,0.006090480165,0.033510,0.002047316455,0,
549,800,549,1,1647,0.006084352535,0.002947509901;0.0069763961;0.002852111371;0.01156139277,0.005440055148;0.004678886435;0.008134116021,biomass;glucose;product;gp_nll,run_2;run_1;run_3,0.036108,0,,,0.006084352535,0.036108,0.002042138915,0,
550,800,550,1,1650,0.006078245296,0.002947253541;0.006976250172;0.002851764785;0.01153771268,0.004673095601;0.008127664069;0.005433976216,biomass;glucose;product;gp_nll,run_1;run_3;run_2,0.034574,0,,,0.006078245296,0.034574,0.002036983469,0,
551,800,551,1,1653,0.006072158324,0.002946991818;0.006976100647;0.002851414076;0.01151412676,0.008121234275;0.005427917506;0.004667323192,biomass;glucose;product;gp_nll,run_3;run_2;run_1,0.033057,0,,,0.006072158324,0.033057,0.002031849984,0,
552,800,552,1,1656,0.006066091499,0.002946724744;0.006975947528;0.002851059255;0.01149063447,0.004661569054;0.0054218789;0.008114826544,biomass;glucose;product;gp_nll,run_1;run_2;run_3,0.033937,0,,,0.006066091499,0.033937,0.00202673833,0,
553,800,553,1,1659,0.006060044699,0.002946452328;0.006975790816;0.002850700336;0.01146723532,0.004655833037;0.00541586028;0.00810844078,biomass;glucose;product;gp_nll,run_1;run_2;run_3,0.033095,0,,,0.006060044699,0.033095,0.002021648378,0,
554,800,554,1,1662,0.006054017804,0.002946174578;0.006975630514;0.002850337332;0.01144392879,0.004650114994;0.005409861529;0.00810207689,biomass;glucose;product;gp_nll,run_1;run_2;run_3,0.033264,0,,,0.006054017804,0.033264,0.00201658,0,
555,800,555,1,1665,0.006048010696,0.002945891505;0.006975466622;0.002849970253;0.0114207144,0.005403882533;0.008095734777;0.004644414777,biomass;glucose;product;gp_nll,run_2;run_3;run_1,0.033864,0,,,0.006048010696,0.033864,0.002011533066,0,
556,800,556,1,1668,0.006042023254,0.002945603116;0.006975299145;0.002849599113;0.01139759164,0.008089414348;0.005397923175;0.00463873224,biomass;glucose;product;gp_nll,run_3;run_2;run_1,0.032344,0,,,0.006042023254,0.032344,0.002006507451,0,
557,800,557,1,1671,0.006036055363,0.00294530942;0.006975128082;0.002849223923;0.01137456002,0.004633067241;0.008083115506;0.005391983341,biomass;glucose;product;gp_nll,run_1;run_3;run_2,0.035067,0,,,0.006036055363,0.035067,0.002001503028,0,
558,800,558,1,1674,0.006030106904,0.002945010425;0.006974953437;0.002848844696;0.01135161906,0.005386062918;0.008076838157;0.004627419637,biomass;glucose;product;gp_nll,run_2;run_3;run_1,0.037149,0,,,0.006030106904,0.037149,0.001996519671,0,
559,800,559,1,1677,0.006024177762,0.00294470614;0.006974775211;0.002848461442;0.01132876826,0.005380161792;0.004621789288;0.008070582206,biomass;glucose;product;gp_nll,run_2;run_1;run_3,0.033673,0,,,0.006024177762,0.033673,0.001991557256,0,
560,800,560,1,1680,0.006018267822,0.002944396571;0.006974593407;0.002848074172;0.01130600714,0.004616176055;0.005374279852;0.008064347558,biomass;glucose;product;gp_nll,run_1;run_2;run_3,0.032267,0,,,0.006018267822,0.032267,0.001986615661,0,
561,800,561,1,1683,0.006012376968,0.002944081727;0.006974408026;0.002847682897;0.01128333522,0.005368416987;0.008058134116;0.004610579801,biomass;glucose;product;gp_nll,run_2;run_3;run_1,0.033708,0,,,0.006012376968,0.033708,0.001981694761,0,
562,800,562,1,1686,0.006006505088,0.002943761613;0.00697421907;0.002847287629;0.01126075204,0.008051941787;0.005362573086;0.004605000391,biomass;glucose;product;gp_nll,run_3;run_2;run_1,0.035376,0,,,0.006006505088,0.035376,0.001976794435,0,
563,800,563,1,1689,0.006000652068,0.002943436237;0.006974026543;0.002846888378;0.01123825711,0.004599437691;0.008045770473;0.00535674804,biomass;glucose;product;gp_nll,run_1;run_3;run_2,0.032603,0,,,0.006000652068,0.032603,0.001971914562,0,
564,800,564,1,1692,0.005994817796,0.002943105606;0.006973830445;0.002846485153;0.01121584998,0.00803962008;0.004593891568;0.005350941739,biomass;glucose;product;gp_nll,run_3;run_1;run_2,0.031741,0,,,0.005994817796,0.031741,0.001967055022,0,
565,800,565,1,1695,0.00598900216,0.002942769725;0.00697363078;0.002846077965;0.01119353017,0.005345154075;0.008033490512;0.004588361893,biomass;glucose;product;gp_nll,run_2;run_3;run_1,0.035416,0,,,0.00598900216,0.035416,0.001962215696,0,
566,800,566,1,1698,0.005983205049,0.0029424286;0.006973427549;0.002845666823;0.01117129723,0.005339384941;0.008027381672;0.004582848536,biomass;glucose;product;gp_nll,run_2;run_3;run_1,0.039794,0,,,0.005983205049,0.039794,0.001957396465,0,
567,800,567,1,1701,0.005977426355,0.002942082238;0.006973220755;0.002845251737;0.01114915069,0.00533363423;0.004577351369;0.008021293466,biomass;glucose;product;gp_nll,run_2;run_1;run_3,0.032457,0,,,0.005977426355,0.032457,0.001952597212,0,
568,800,568,1,1704,0.005971665966,0.002941730644;0.006973010401;0.002844832715;0.0111270901,0.004571870266;0.005327901836;0.008015225796,biomass;glucose;product;gp_nll,run_1;run_2;run_3,0.042309,0,,,0.005971665966,0.042309,0.001947817821,0,
569,800,569,1,1707,0.005965923775,0.002941373823;0.006972796489;0.002844409767;0.01110511502,0.008009178568;0.004566405104;0.005322187653,biomass;glucose;product;gp_nll,run_3;run_1;run_2,0.035790,0,,,0.005965923775,0.035790,0.001943058175,0,
570,800,570,1,1710,0.005960199674,0.00294101178;0.00697257902;0.002843982901;0.01108322499,0.008003151683;0.005316491578;0.00456095576,biomass;glucose;product;gp_nll,run_3;run_2;run_1,0.033076,0,,,0.005960199674,0.033076,0.00193831816,0,
571,800,571,1,1713,0.005954493555,0.002940644519;0.006972357999;0.002843552126;0.01106141958,0.007997145047;0.005310813506;0.004555522112,biomass;glucose;product;gp_nll,run_3;run_2;run_1,0.032140,0,,,0.005954493555,0.032140,0.001933597662,0,
572,800,572,1,1716,0.005948805312,0.002940272046;0.006972133428;0.002843117449;0.01103969833,0.004550104039;0.005305153335;0.007991158562,biomass;glucose;product;gp_nll,run_1;run_2;run_3,0.032973,0,,,0.005948805312,0.032973,0.001928896568,0,
573,800,573,1,1719,0.005943134839,0.002939894365;0.006971905309;0.002842678878;0.01101806081,0.004544701426;0.007985192131;0.005299510962,biomass;glucose;product;gp_nll,run_1;run_3;run_2,0.033954,0,,,0.005943134839,0.033954,0.001924214766,0,
574,800,574,1,1722,0.005937482032,0.002939511479;0.006971673645;0.002842236421;0.01099650658,0.007979245658;0.005293886284;0.004539314153,biomass;glucose;product;gp_nll,run_3;run_2;run_1,0.034358,0,,,0.005937482032,0.034358,0.001919552144,0,
575,800,575,1,1725,0.005931846785,0.002939123393;0.00697143844;0.002841790084;0.01097503522,0.004533942107;0.007973319046;0.005288279202,biomass;glucose;product;gp_nll,run_1;run_3;run_2,0.032118,0,,,0.005931846785,0.032118,0.001914908592,0,
576,800,576,1,1728,0.005926228995,0.00293873011;0.006971199695;0.002841339875;0.0109536463,0.004528585173;0.007967412197;0.005282689615,biomass;glucose;product;gp_nll,run_1;run_3;run_2,0.032090,0,,,0.005926228995,0.032090,0.001910284,0,
577,800,577,1,1731,0.005920628558,0.002938331634;0.006970957416;0.002840885801;0.01093233938,0.005277117423;0.004523243239;0.007961525014,biomass;glucose;product;gp_nll,run_2;run_1;run_3,0.032204,0,,,0.005920628558,0.032204,0.00190567826,0,
578,800,578,1,1734,0.005915045374,0.002937927968;0.006970711603;0.002840427866;0.01091111406,0.007955657399;0.005271562527;0.004517916194,biomass;glucose;product;gp_nll,run_3;run_2;run_1,0.032081,0,,,0.005915045374,0.032081,0.001901091264,0,
579,800,579,1,1737,0.005909479338,0.002937519115;0.006970462262;0.002839966078;0.0108899699,0.007949809255;0.00526602483;0.00451260393,biomass;glucose;product;gp_nll,run_3;run_2;run_1,0.038844,0,,,0.005909479338,0.038844,0.001896522904,0,
580,800,580,1,1740,0.005903930352,0.002937105078;0.006970209394;0.002839500442;0.01086890649,0.005260504233;0.007943980484;0.004507306338,biomass;glucose;product;gp_nll,run_2;run_3;run_1,0.032639,0,,,0.005903930352,0.032639,0.001891973075,0,
581,800,581,1,1743,0.005898398313,0.00293668586;0.006969953004;0.002839030964;0.01084792342,0.007938170989;0.00525500064;0.004502023311,biomass;glucose;product;gp_nll,run_3;run_2;run_1,0.032822,0,,,0.005898398313,0.032822,0.001887441671,0,
582,800,582,1,1746,0.005892883123,0.002936261462;0.006969693096;0.002838557649;0.01082702029,0.005249513954;0.004496754745;0.00793238067,biomass;glucose;product;gp_nll,run_2;run_1;run_3,0.034763,0,,,0.005892883123,0.034763,0.001882928588,0,
583,800,583,1,1749,0.005887384682,0.002935831888;0.006969429672;0.002838080501;0.01080619667,0.004491500536;0.00524404408;0.007926609429,biomass;glucose;product;gp_nll,run_1;run_2;run_3,0.036120,0,,,0.005887384682,0.036120,0.001878433722,0,
584,800,584,1,1752,0.005881902892,0.00293539714;0.006969162737;0.002837599525;0.01078545216,0.005238590923;0.004486260582;0.007920857169,biomass;glucose;product;gp_nll,run_2;run_1;run_3,0.034715,0,,,0.005881902892,0.034715,0.001873956971,0,
585,800,585,1,1755,0.005876437654,0.002934957219;0.006968892294;0.002837114726;0.01076478638,0.00791512379;0.005233154389;0.004481034783,biomass;glucose;product;gp_nll,run_3;run_2;run_1,0.033326,0,,,0.005876437654,0.033326,0.001869498232,0,
586,800,586,1,1758,0.005870988872,0.002934512127;0.006968618348;0.002836626107;0.0107441989,0.005227734384;0.004475823038;0.007909409193,biomass;glucose;product;gp_nll,run_2;run_1;run_3,0.035389,0,,,0.005870988872,0.035389,0.001865057404,0,
587,800,587,1,1761,0.005865556448,0.002934061866;0.006968340902;0.002836133673;0.01072368935,0.00790371328;0.004470625251;0.005222330815,biomass;glucose;product;gp_nll,run_3;run_1;run_2,0.033233,0,,,0.005865556448,0.033233,0.001860634387,0,
588,800,588,1,1764,0.005860140288,0.002933606438;0.006968059962;0.002835637426;0.01070325733,0.00789803595;0.004465441324;0.005216943589,biomass;glucose;product;gp_nll,run_3;run_1;run_2,0.032201,0,,,0.005860140288,0.032201,0.001856229082,0,
589,800,589,1,1767,0.005854740295,0.002933145843;0.006967775531;0.002835137371;0.01068290244,0.004460271162;0.005211572616;0.007892377106,biomass;glucose;product;gp_nll,run_1;run_2;run_3,0.033496,0,,,0.005854740295,0.033496,0.00185184139,0,
590,800,590,1,1770,0.005849356374,0.002932680083;0.006967487613;0.002834633509;0.01066262429,0.007886736647;0.005206217804;0.004455114672,biomass;glucose;product;gp_nll,run_3;run_2;run_1,0.037587,0,,,0.005849356374,0.037587,0.001847471212,0,
591,800,591,1,1773,0.005843988433,0.002932209159;0.006967196214;0.002834125844;0.01064242251,0.007881114474;0.005200879062;0.004449971762,biomass;glucose;product;gp_nll,run_3;run_2;run_1,0.032353,0,,,0.005843988433,0.032353,0.001843118453,0,
592,800,592,1,1776,0.005838636375,0.002931733072;0.006966901337;0.002833614377;0.01062229671,0.007875510487;0.005195556301;0.004444842339,biomass;glucose;product;gp_nll,run_3;run_2;run_1,0.033136,0,,,0.005838636375,0.033136,0.001838783015,0,
593,800,593,1,1779,0.00583330011,0.002931251823;0.006966602989;0.002833099112;0.01060224652,0.004439726315;0.005190249431;0.007869924585,biomass;glucose;product;gp_nll,run_1;run_2;run_3,0.042449,0,,,0.00583330011,0.042449,0.001834464803,0,
594,800,594,1,1782,0.005827979545,0.002930765413;0.006966301174;0.00283258005;0.01058227154,0.0044346236;0.007864356669;0.005184958365,biomass;glucose;product;gp_nll,run_1;run_3;run_2,0.035368,0,,,0.005827979545,0.035368,0.001830163722,0,
595,800,595,1,1785,0.005822674587,0.002930273841;0.006965995896;0.002832057192;0.01056237142,0.005179683013;0.004429534109;0.007858806637,biomass;glucose;product;gp_nll,run_2;run_1;run_3,0.032552,0,,,0.005822674587,0.032552,0.001825879679,0,
596,800,596,1,1788,0.005817385145,0.002929777108;0.006965687162;0.00283153054;0.01054254577,0.00785327439;0.004424457755;0.00517442329,biomass;glucose;product;gp_nll,run_3;run_1;run_2,0.033388,0,,,0.005817385145,0.033388,0.00182161258,0,
597,800,597,1,1791,0.005812111129,0.002929275216;0.006965374976;0.002831000095;0.01052279423,0.004419394454;0.005169179106;0.007847759827,biomass;glucose;product;gp_nll,run_1;run_2;run_3,0.032288,0,,,0.005812111129,0.032288,0.001817362334,0,
598,800,598,1,1794,0.005806852449,0.002928768163;0.006965059345;0.002830465858;0.01050311643,0.007842262847;0.004414344122;0.005163950378,biomass;glucose;product;gp_nll,run_3;run_1;run_2,0.031772,0,,,0.005806852449,0.031772,0.001813128847,0,
599,800,599,1,1797,0.005801609015,0.00292825595;0.006964740273;0.002829927829;0.01048351201,0.005158737019;0.007836783349;0.004409306678,biomass;glucose;product;gp_nll,run_2;run_3;run_1,0.037149,0,,,0.005801609015,0.037149,0.00180891203,0,
600,800,600,1,1800,0.005796380739,0.002927738578;0.006964417767;0.002829386009;0.0104639806,0.005153538944;0.004404282042;0.007831321231,biomass;glucose;product;gp_nll,run_2;run_1;run_3,0.032879,0,,,0.005796380739,0.032879,0.001804711793,0,
601,800,601,1,1803,0.005791167531,0.002927216046;0.006964091833;0.002828840398;0.01044452185,0.007825876392;0.005148356068;0.004399270134,biomass;glucose;product;gp_nll,run_3;run_2;run_1,0.032532,0,,,0.005791167531,0.032532,0.001800528046,0,
602,800,602,1,1806,0.005785969305,0.002926688354;0.006963762476;0.002828290996;0.0104251354,0.007820448731;0.005143188308;0.004394270877,biomass;glucose;product;gp_nll,run_3;run_2;run_1,0.040622,0,,,0.005785969305,0.040622,0.0017963607,0,
603,800,603,1,1809,0.005780785973,0.002926155502;0.006963429703;0.002827737802;0.01040582089,0.007815038145;0.005138035582;0.004389284193,biomass;glucose;product;gp_nll,run_3;run_2;run_1,0.035397,0,,,0.005780785973,0.035397,0.001792209667,0,
604,800,604,1,1812,0.005775617448,0.002925617489;0.00696309352;0.002827180816;0.01038657797,0.007809644533;0.004384310007;0.005132897805,biomass;glucose;product;gp_nll,run_3;run_1;run_2,0.033686,0,,,0.005775617448,0.033686,0.001788074861,0,
605,800,605,1,1815,0.005770463645,0.002925074316;0.006962753935;0.002826620037;0.01036740629,0.005127774896;0.004379348245;0.007804267794,biomass;glucose;product;gp_nll,run_2;run_1;run_3,0.032365,0,,,0.005770463645,0.032365,0.001783956195,0,
606,800,606,1,1818,0.005765324477,0.002924525982;0.006962410952;0.002826055464;0.01034830551,0.007798907824;0.005122666773;0.004374398834,biomass;glucose;product;gp_nll,run_3;run_2;run_1,0.036452,0,,,0.005765324477,0.036452,0.001779853584,0,
607,800,607,1,1821,0.00576019986,0.002923972487;0.00696206458;0.002825487096;0.01032927528,0.005117573356;0.007793564521;0.004369461702,biomass;glucose;product;gp_nll,run_2;run_3;run_1,0.035863,0,,,0.00576019986,0.035863,0.001775766942,0,
608,800,608,1,1824,0.005755089709,0.00292341383;0.006961714825;0.002824914932;0.01031031525,0.007788237783;0.005112494564;0.004364536779,biomass;glucose;product;gp_nll,run_3;run_2;run_1,0.033139,0,,,0.005755089709,0.033139,0.001771696184,0,
609,800,609,1,1827,0.00574999394,0.002922850011;0.006961361695;0.002824338969;0.01029142509,0.007782927507;0.004359623996;0.005107430318,biomass;glucose;product;gp_nll,run_3;run_1;run_2,0.032017,0,,,0.00574999394,0.032017,0.001767641229,0,
610,800,610,1,1830,0.005744912471,0.002922281028;0.006961005196;0.002823759206;0.01027260445,0.00777763359;0.004354723284;0.005102380537,biomass;glucose;product;gp_nll,run_3;run_1;run_2,0.031758,0,,,0.005744912471,0.031758,0.001763601993,0,
611,800,611,1,1833,0.005739845217,0.002921706883;0.006960645337;0.002823175641;0.01025385301,0.00777235593;0.004349834577;0.005097345144,biomass;glucose;product;gp_nll,run_3;run_1;run_2,0.034948,0,,,0.005739845217,0.034948,0.001759578393,0,
612,800,612,1,1836,0.005734792097,0.002921127574;0.006960282124;0.002822588271;0.01023517042,0.00509232406;0.007767094424;0.004344957808,biomass;glucose;product;gp_nll,run_2;run_3;run_1,0.032528,0,,,0.005734792097,0.032528,0.001755570348,0,
613,800,613,1,1839,0.00572975303,0.002920543101;0.006959915566;0.002821997095;0.01021655636,0.004340092914;0.007761848968;0.005087317207,biomass;glucose;product;gp_nll,run_1;run_3;run_2,0.032485,0,,,0.00572975303,0.032485,0.001751577778,0,
614,800,614,1,1842,0.005724727933,0.002919953462;0.00695954567;0.00282140211;0.01019801049,0.007756619458;0.004335239831;0.005082324509,biomass;glucose;product;gp_nll,run_3;run_1;run_2,0.032639,0,,,0.005724727933,0.032639,0.001747600602,0,
615,800,615,1,1845,0.005719716726,0.002919358658;0.006959172445;0.002820803312;0.01017953249,0.007751405792;0.005077345889;0.004330398497,biomass;glucose;product;gp_nll,run_3;run_2;run_1,0.036525,0,,,0.005719716726,0.036525,0.001743638742,0,
616,800,616,1,1848,0.005714719329,0.002918758688;0.006958795898;0.0028202007;0.01016112203,0.00507238127;0.007746207867;0.00432556885,biomass;glucose;product;gp_nll,run_2;run_3;run_1,0.032585,0,,,0.005714719329,0.032585,0.001739692118,0,
617,800,617,1,1851,0.005709735662,0.00291815355;0.006958416038;0.002819594269;0.01014277879,0.004320750832;0.005067430578;0.007741025577,biomass;glucose;product;gp_nll,run_1;run_2;run_3,0.034538,0,,,0.005709735662,0.034538,0.001735760652,0,
618,800,618,1,1854,0.005704765647,0.002917543246;0.006958032874;0.002818984017;0.01012450245,0.005062493737;0.004315944382;0.00773585882,biomass;glucose;product;gp_nll,run_2;run_1;run_3,0.032279,0,,,0.005704765647,0.032279,0.001731844268,0,
619,800,619,1,1857,0.005699809205,0.002916927775;0.006957646415;0.002818369943;0.01010629269,0.005057570679;0.007730707492;0.004311149444,biomass;glucose;product;gp_nll,run_2;run_3;run_1,0.032247,0,,,0.005699809205,0.032247,0.001727942887,0,
620,800,620,1,1860,0.00569486626,0.002916307139;0.006957256672;0.002817752047;0.01008814918,0.005052661331;0.007725571489;0.004306365961,biomass;glucose;product;gp_nll,run_2;run_3;run_1,0.032682,0,,,0.00569486626,0.032682,0.001724056435,0,
621,800,621,1,1863,0.005689936732,0.002915681333;0.006956863651;0.002817130319;0.01007007162,0.007720450706;0.005047765613;0.004301593877,biomass;glucose;product;gp_nll,run_3;run_2;run_1,0.033615,0,,,0.005689936732,0.033615,0.001720184836,0,
622,800,622,1,1866,0.005685020543,0.002915050358;0.006956467361;0.002816504755;0.0100520597,0.00771534504;0.005042883451;0.004296833139,biomass;glucose;product;gp_nll,run_3;run_2;run_1,0.044289,0,,,0.005685020543,0.044289,0.001716328016,0,
623,800,623,1,1869,0.005680117618,0.002914414214;0.006956067811;0.002815875351;0.01003411309,0.005038014775;0.004292083692;0.007710254386,biomass;glucose;product;gp_nll,run_2;run_1;run_3,0.034515,0,,,0.005680117618,0.034515,0.001712485901,0,
624,800,624,1,1872,0.005675227879,0.002913772899;0.006955665011;0.002815242104;0.0100162315,0.005033159511;0.004287345485;0.007705178641,biomass;glucose;product;gp_nll,run_2;run_1;run_3,0.033618,0,,,0.005675227879,0.033618,0.001708658417,0,
625,800,625,1,1875,0.005670350949,0.002913126718;0.006955257716;0.002814604747;0.009998414613,0.005028316679;0.004282618467;0.007700117699,biomass;glucose;product;gp_nll,run_2;run_1;run_3,0.036737,0,,,0.005670350949,0.036737,0.001704843714,0,
626,800,626,1,1878,0.005665487348,0.00291247504;0.006954848452;0.002813963776;0.009980662124,0.005023488;0.004277902593;0.00769507145,biomass;glucose;product;gp_nll,run_2;run_1;run_3,0.038534,0,,,0.005665487348,0.038534,0.001701045319,0,
627,800,627,1,1881,0.005660636709,0.002911818191;0.006954435969;0.002813318944;0.009962973731,0.005018672522;0.007690039791;0.004273197814,biomass;glucose;product;gp_nll,run_2;run_3;run_1,0.032359,0,,,0.005660636709,0.032359,0.001697261347,0,
628,800,628,1,1884,0.005655798957,0.002911156172;0.006954020276;0.002812670247;0.009945349132,0.007685022617;0.00426850408;0.005013870173,biomass;glucose;product;gp_nll,run_3;run_1;run_2,0.032804,0,,,0.005655798957,0.032804,0.001693491727,0,
629,800,629,1,1887,0.005650974018,0.002910488981;0.006953601383;0.002812017681;0.009927788027,0.007680019825;0.005009080884;0.004263821345,biomass;glucose;product;gp_nll,run_3;run_2;run_1,0.032921,0,,,0.005650974018,0.032921,0.001689736387,0,
630,800,630,1,1890,0.00564616182,0.002909816619;0.0069531793;0.002811361242;0.009910290117,0.005004304587;0.007675031312;0.004259149561,biomass;glucose;product;gp_nll,run_2;run_3;run_1,0.037980,0,,,0.00564616182,0.037980,0.001685995257,0,
631,800,631,1,1893,0.005641362289,0.002909139086;0.006952754037;0.002810700926;0.009892855107,0.007670056972;0.004999541212;0.004254488683,biomass;glucose;product;gp_nll,run_3;run_2;run_1,0.032992,0,,,0.005641362289,0.032992,0.001682268267,0,
632,800,632,1,1896,0.005636575353,0.002908456381;0.006952325606;0.002810036726;0.0098754827,0.004994790691;0.007665096702;0.004249838666,biomass;glucose;product;gp_nll,run_2;run_3;run_1,0.036872,0,,,0.005636575353,0.036872,0.001678555347,0,
633,800,633,1,1899,0.005631800941,0.002907768505;0.006951894015;0.002809368639;0.009858172605,0.004245199468;0.004990052957;0.007660150398,biomass;glucose;product;gp_nll,run_1;run_2;run_3,0.032200,0,,,0.005631800941,0.032200,0.00167485643,0,
634,800,634,1,1902,0.005627038981,0.002907075457;0.006951459278;0.002808696659;0.009840924531,0.007655217956;0.004240571045;0.004985327942,biomass;glucose;product;gp_nll,run_3;run_1;run_2,0.031787,0,,,0.005627038981,0.031787,0.001671171446,0,
635,800,635,1,1905,0.005622289403,0.002906377239;0.006951021403;0.002808020782;0.009823738187,0.00498061558;0.007650299272;0.004235953356,biomass;glucose;product;gp_nll,run_2;run_3;run_1,0.034949,0,,,0.005622289403,0.034949,0.00166750033,0,
636,800,636,1,1908,0.005617552136,0.00290567385;0.006950580404;0.002807341003;0.009806613286,0.004975915804;0.007645394242;0.004231346361,biomass;glucose;product;gp_nll,run_2;run_3;run_1,0.032523,0,,,0.005617552136,0.032523,0.001663843014,0,
637,800,637,1,1911,0.005612827109,0.002904965291;0.006950136289;0.002806657316;0.009789549542,0.004226750019;0.004971228549;0.007640502761,biomass;glucose;product;gp_nll,run_1;run_2;run_3,0.032270,0,,,0.005612827109,0.032270,0.001660199432,0,
638,800,638,1,1914,0.005608114255,0.002904251562;0.006949689072;0.002805969716;0.009772546671,0.007635624726;0.004966553748;0.004222164292,biomass;glucose;product;gp_nll,run_3;run_2;run_1,0.033718,0,,,0.005608114255,0.033718,0.001656569518,0,
639,800,639,1,1917,0.005603413504,0.002903532664;0.006949238764;0.002805278198;0.009755604389,0.007630760031;0.004961891337;0.004217589143,biomass;glucose;product;gp_nll,run_3;run_2;run_1,0.037911,0,,,0.005603413504,0.037911,0.001652953209,0,
640,800,640,1,1920,0.005598729045,0.002902824109;0.006948786841;0.002804582813;0.009738722417,0.007625921349;0.004213024534;0.004957241252,biomass;glucose;product;gp_nll,run_3;run_1;run_2,0.031831,0,,,0.005598729045,0.031831,0.001649361017,0,
641,800,641,1,1923,0.005594052213,0.002902094602;0.006948330341;0.00280388345;0.009721900461,0.004952603425;0.004208470393;0.007621082822,biomass;glucose;product;gp_nll,run_2;run_1;run_3,0.030999,0,,,0.005594052213,0.030999,0.001645771486,0,
642,800,642,1,1926,0.00558938728,0.002901359925;0.006947870783;0.002803180168;0.009705138245,0.004203926691;0.004947977793;0.007616257358,biomass;glucose;product;gp_nll,run_1;run_2;run_3,0.041911,0,,,0.00558938728,0.041911,0.001642195327,0,
643,800,643,1,1929,0.005584734179,0.002900620081;0.00694740818;0.002802472959;0.009688435495,0.007611444849;0.004943364292;0.004199393396,biomass;glucose;product;gp_nll,run_3;run_2;run_1,0.033810,0,,,0.005584734179,0.033810,0.001638632485,0,
644,800,644,1,1932,0.005580092842,0.002899875071;0.006946942544;0.002801761817;0.009671791938,0.004938762862;0.007606645186;0.004194870479,biomass;glucose;product;gp_nll,run_2;run_3;run_1,0.031072,0,,,0.005580092842,0.031072,0.001635082902,0,
645,800,645,1,1935,0.005575463205,0.002899124895;0.006946473889;0.002801046733;0.009655207301,0.007601858264;0.004934173439;0.004190357912,biomass;glucose;product;gp_nll,run_3;run_2;run_1,0.030783,0,,,0.005575463205,0.030783,0.001631546519,0,
646,800,646,1,1938,0.0055708452,0.002898369557;0.006946002226;0.002800327702;0.009638681315,0.004185855664;0.004929595962;0.007597083974,biomass;glucose;product;gp_nll,run_1;run_2;run_3,0.030472,0,,,0.0055708452,0.030472,0.001628023281,0,
647,800,647,1,1941,0.005566238763,0.002897609057;0.006945527568;0.002799604716;0.009622213711,0.00759232221;0.00418136371;0.00492503037,biomass;glucose;product;gp_nll,run_3;run_1;run_2,0.032837,0,,,0.005566238763,0.032837,0.001624513131,0,
648,800,648,1,1944,0.00556164383,0.002896843399;0.006945049929;0.002798877769;0.009605804222,0.007587572866;0.004920476603;0.00417688202,biomass;glucose;product;gp_nll,run_3;run_2;run_1,0.033468,0,,,0.00556164383,0.033468,0.001621016011,0,
649,800,649,1,1947,0.005557060335,0.002896072583;0.00694456932;0.002798146854;0.009589452581,0.007582835836;0.004915934599;0.004172410569,biomass;glucose;product;gp_nll,run_3;run_2;run_1,0.031796,0,,,0.005557060335,0.031796,0.001617531866,0,
650,800,650,1,1950,0.005552488214,0.002895296613;0.006944085755;0.002797411965;0.009573158524,0.004167949329;0.0049114043;0.007578111014,biomass;glucose;product;gp_nll,run_1;run_2;run_3,0.030886,0,,,0.005552488214,0.030886,0.00161406064,0,
651,800,651,1,1953,0.005547927405,0.002894515491;0.006943599248;0.002796673095;0.009556921788,0.007573398295;0.004163498276;0.004906885645,biomass;glucose;product;gp_nll,run_3;run_1;run_2,0.031028,0,,,0.005547927405,0.031028,0.001610602277,0,
652,800,652,1,1956,0.005543377845,0.00289372922;0.00694310981;0.002795930237;0.009540742112,0.007568697575;0.004902378576;0.004159057384,biomass;glucose;product;gp_nll,run_3;run_2;run_1,0.031060,0,,,0.005543377845,0.031060,0.001607156722,0,
653,800,653,1,1959,0.00553883947,0.002892937803;0.006942617456;0.002795183387;0.009524619234,0.004897883033;0.007564008748;0.004154626628,biomass;glucose;product;gp_nll,run_2;run_3;run_1,0.031688,0,,,0.00553883947,0.031688,0.001603723919,0,
654,800,654,1,1962,0.005534312219,0.002892141242;0.006942122199;0.002794432538;0.009508552896,0.004893398959;0.004150205985;0.007559331712,biomass;glucose;product;gp_nll,run_2;run_1;run_3,0.031269,0,,,0.005534312219,0.031269,0.001600303814,0,
655,800,655,1,1965,0.005529796029,0.002891339541;0.006941624052;0.002793677684;0.00949254284,0.007554666362;0.00414579543;0.004888926295,biomass;glucose;product;gp_nll,run_3;run_1;run_2,0.064524,0,,,0.005529796029,0.064524,0.001596896352,0,
656,800,656,1,1968,0.00552529084,0.002890532704;0.006941123029;0.00279291882;0.009476588809,0.004884464984;0.004141394941;0.007550012596,biomass;glucose;product;gp_nll,run_2;run_1;run_3,0.049024,0,,,0.00552529084,0.049024,0.001593501479,0,
657,800,657,1,1971,0.005520796591,0.002889720733;0.006940619143;0.00279215594;0.00946069055,0.007545370309;0.004880014969;0.004137004496,biomass;glucose;product;gp_nll,run_3;run_2;run_1,0.064346,0,,,0.005520796591,0.064346,0.001590119141,0,
658,800,658,1,1974,0.005516313225,0.002888903642;0.006940112411;0.00279138904;0.009444847807,0.004875576193;0.004132624071;0.007540739411,biomass;glucose;product;gp_nll,run_2;run_1;run_3,0.034307,0,,,0.005516313225,0.034307,0.001586749291,0,
659,800,659,1,1977,0.005511840678,0.002888081427;0.006939602844;0.002790618113;0.009429060329,0.004128253647;0.004871148599;0.007536119789,biomass;glucose;product;gp_nll,run_1;run_2;run_3,0.031836,0,,,0.005511840678,0.031836,0.00158339187,0,
660,800,660,1,1980,0.005507378891,0.00288725409;0.006939090455;0.002789843154;0.009413327865,0.004866732131;0.00753151134;0.004123893202,biomass;glucose;product;gp_nll,run_2;run_3;run_1,0.031089,0,,,0.005507378891,0.031089,0.001580046824,0,
661,800,661,1,1983,0.005502927804,0.002886421635;0.006938575259;0.002789064158;0.009397650164,0.004862326735;0.007526913962;0.004119542715,biomass;glucose;product;gp_nll,run_2;run_3;run_1,0.032840,0,,,0.005502927804,0.032840,0.0015767141,0,
662,800,662,1,1986,0.005498487359,0.002885584067;0.00693805727;0.00278828112;0.009382026979,0.007522327556;0.004115202167;0.004857932355,biomass;glucose;product;gp_nll,run_3;run_1;run_2,0.035732,0,,,0.005498487359,0.035732,0.001573393646,0,
663,800,663,1,1989,0.005494057498,0.002884741392;0.006937536502;0.002787494036;0.009366458061,0.007517752019;0.004110871539;0.004853548935,biomass;glucose;product;gp_nll,run_3;run_1;run_2,0.032757,0,,,0.005494057498,0.032757,0.001570085409,0,
664,800,664,1,1992,0.005489638162,0.002883893613;0.006937012968;0.0027867029;0.009350943166,0.004849176421;0.004106550811;0.007513187252,biomass;glucose;product;gp_nll,run_2;run_1;run_3,0.030901,0,,,0.005489638162,0.030901,0.001566789339,0,
665,800,665,1,1995,0.005485229294,0.002883040735;0.006936486683;0.002785907709;0.009335482047,0.00484481476;0.007508633155;0.004102239965,biomass;glucose;product;gp_nll,run_2;run_3;run_1,0.031881,0,,,0.005485229294,0.031881,0.001563505383,0,
666,800,666,1,1998,0.005480830837,0.002882182765;0.006935957661;0.002785108458;0.009320074462,0.007504089628;0.004097938984;0.004840463898,biomass;glucose;product;gp_nll,run_3;run_1;run_2,0.045219,0,,,0.005480830837,0.045219,0.00156023349,0,
667,800,667,1,2001,0.005476442734,0.002881319707;0.006935425917;0.002784305143;0.009304720169,0.00483612378;0.004093647849;0.007499556572,biomass;glucose;product;gp_nll,run_2;run_1;run_3,0.031195,0,,,0.005476442734,0.031195,0.00155697361,0,
668,800,668,1,2004,0.005472064828,0.00288045141;0.00693489141;0.002783497569;0.009289418925,0.007495033888;0.004089366543;0.004831794054,biomass;glucose;product;gp_nll,run_3;run_1;run_2,0.031835,0,,,0.005472064828,0.031835,0.001553725559,0,
669,800,669,1,2007,0.005467697259,0.00287957818;0.006934354262;0.002782686101;0.009274170493,0.004085095051;0.007490521476;0.004827475249,biomass;glucose;product;gp_nll,run_1;run_3;run_2,0.030774,0,,,0.005467697259,0.030774,0.001550489544,0,
670,800,670,1,2010,0.005463339875,0.002878699878;0.006933814434;0.002781870555;0.009258974632,0.004080833355;0.00482316703;0.007486019239,biomass;glucose;product;gp_nll,run_1;run_2;run_3,0.033180,0,,,0.005463339875,0.033180,0.001547265391,0,
671,800,671,1,2013,0.005458992622,0.002877816511;0.006933271942;0.002781050928;0.009243831105,0.004818869345;0.00748152708;0.00407658144,biomass;glucose;product;gp_nll,run_2;run_3;run_1,0.033321,0,,,0.005458992622,0.033321,0.001544053051,0,
672,800,672,1,2016,0.005454655445,0.002876928085;0.0069327268;0.002780227217;0.009228739676,0.004072339291;0.007477044901;0.004814582142,biomass;glucose;product;gp_nll,run_1;run_3;run_2,0.038404,0,,,0.005454655445,0.038404,0.001540852473,0,
673,800,673,1,2019,0.00545032829,0.002876034606;0.006932179023;0.002779399419;0.009213700111,0.00481030537;0.007472572606;0.004068106892,biomass;glucose;product;gp_nll,run_2;run_3;run_1,0.030697,0,,,0.00545032829,0.030697,0.00153766361,0,
674,800,674,1,2022,0.005446011102,0.002875136081;0.006931628625;0.00277856753;0.009198712174,0.007468110099;0.004806038978;0.00406388423,biomass;glucose;product;gp_nll,run_3;run_2;run_1,0.031027,0,,,0.005446011102,0.031027,0.001534486412,0,
675,800,675,1,2025,0.00544170383,0.002874232517;0.006931075621;0.002777731548;0.009183775633,0.004801782916;0.007463657284;0.00405967129,biomass;glucose;product;gp_nll,run_2;run_3;run_1,0.032269,0,,,0.00544170383,0.032269,0.001531320832,0,
676,800,676,1,2028,0.005437406419,0.002873323923;0.006930520026;0.002776891471;0.009168890256,0.007459214066;0.004797537133;0.004055468058,biomass;glucose;product;gp_nll,run_3;run_2;run_1,0.030861,0,,,0.005437406419,0.030861,0.001528166821,0,
677,800,677,1,2031,0.005433118817,0.002872410304;0.006929961854;0.002776047295;0.009154055814,0.004793301579;0.00745478035;0.004051274521,biomass;glucose;product;gp_nll,run_2;run_3;run_1,0.030934,0,,,0.005433118817,0.030934,0.001525024332,0,
678,800,678,1,2034,0.005428840971,0.00287149167;0.00692940112;0.002775199018;0.009139272075,0.007450356042;0.004789076205;0.004047090666,biomass;glucose;product;gp_nll,run_3;run_2;run_1,0.031603,0,,,0.005428840971,0.031603,0.001521893317,0,
679,800,679,1,2037,0.00542457283,0.002870568027;0.006928837839;0.00277434664;0.009124538813,0.004042916479;0.004784860961;0.007445941049,biomass;glucose;product;gp_nll,run_1;run_2;run_3,0.036146,0,,,0.00542457283,0.036146,0.001518773729,0,
680,800,680,1,2040,0.005420314342,0.002869639385;0.006928272027;0.002773490157;0.0091098558,0.00403875195;0.007441535277;0.004780655799,biomass;glucose;product;gp_nll,run_1;run_3;run_2,0.033999,0,,,0.005420314342,0.033999,0.001515665522,0,
681,800,681,1,2043,0.005416065456,0.002868705751;0.006927703697;0.002772629568;0.009095222809,0.004034597065;0.007437138633;0.004776460671,biomass;glucose;product;gp_nll,run_1;run_3;run_2,0.035177,0,,,0.005416065456,0.035177,0.001512568648,0,
682,800,682,1,2046,0.005411826122,0.002867767135;0.006927132866;0.002771764872;0.009080639615,0.004772275528;0.007432751024;0.004030451813,biomass;glucose;product;gp_nll,run_2;run_3;run_1,0.031345,0,,,0.005411826122,0.031345,0.001509483063,0,
683,800,683,1,2049,0.005407596289,0.002866823544;0.006926559547;0.002770896068;0.009066105996,0.004768100323;0.007428372361;0.004026316182,biomass;glucose;product;gp_nll,run_2;run_3;run_1,0.031103,0,,,0.005407596289,0.031103,0.001506408719,0,
684,800,684,1,2052,0.005403375906,0.002865874989;0.006925983756;0.002770023154;0.009051621727,0.00742400255;0.004763935008;0.004022190161,biomass;glucose;product;gp_nll,run_3;run_2;run_1,0.032591,0,,,0.005403375906,0.032591,0.001503345571,0,
685,800,685,1,2055,0.005399164926,0.002864921479;0.006925405507;0.00276914613;0.009037186587,0.007419641502;0.004018073739;0.004759779536,biomass;glucose;product;gp_nll,run_3;run_1;run_2,0.030296,0,,,0.005399164926,0.030296,0.001500293575,0,
686,800,686,1,2058,0.005394963298,0.002863963022;0.006924824817;0.002768264996;0.009022800355,0.004013966906;0.004755633861;0.007415289126,biomass;glucose;product;gp_nll,run_1;run_2;run_3,0.031276,0,,,0.005394963298,0.031276,0.001497252684,0,
687,800,687,1,2061,0.005390770973,0.00286299963;0.006924241699;0.002767379751;0.009008462812,0.00400986965;0.004751497936;0.007410945333,biomass;glucose;product;gp_nll,run_1;run_2;run_3,0.032564,0,,,0.005390770973,0.032564,0.001494222855,0,
688,800,688,1,2064,0.005386587904,0.002862031312;0.00692365617;0.002766490395;0.008994173738,0.004005781962;0.004747371715;0.007406610034,biomass;glucose;product;gp_nll,run_1;run_2;run_3,0.033573,0,,,0.005386587904,0.033573,0.001491204042,0,
689,800,689,1,2067,0.005382414041,0.002861058078;0.006923068243;0.002765596929;0.008979932916,0.00740228314;0.004001703831;0.004743255153,biomass;glucose;product;gp_nll,run_3;run_1;run_2,0.031532,0,,,0.005382414041,0.031532,0.001488196202,0,
690,800,690,1,2070,0.005378249338,0.002860079939;0.006922477934;0.002764699352;0.00896574013,0.007397964564;0.004739148203;0.003997635248,biomass;glucose;product;gp_nll,run_3;run_2;run_1,0.031686,0,,,0.005378249338,0.031686,0.001485199291,0,
691,800,691,1,2073,0.005374093769,0.002859097001;0.006921885235;0.002763797675;0.008951595164,0.007393654218;0.004735050884;0.003993576203,biomass;glucose;product;gp_nll,run_3;run_2;run_1,0.037952,0,,,0.005374093769,0.037952,0.00148221335,0,
692,800,692,1,2076,0.005369947229,0.002858109062;0.006921290199;0.002762891854;0.008937497802,0.007389352016;0.003989526687;0.004730962986,biomass;glucose;product;gp_nll,run_3;run_1;run_2,0.031769,0,,,0.005369947229,0.031769,0.001479238145,0,
693,800,693,1,2079,0.005365809711,0.002857116253;0.006920692828;0.002761981929;0.008923447832,0.003985486689;0.007385057871;0.004726884571,biomass;glucose;product;gp_nll,run_1;run_3;run_2,0.032009,0,,,0.005365809711,0.032009,0.001476273739,0,
694,800,694,1,2082,0.005361681172,0.002856118605;0.00692009314;0.002761067905;0.00890944504,0.004722815597;0.003981456202;0.007380771719,biomass;glucose;product;gp_nll,run_2;run_1;run_3,0.031408,0,,,0.005361681172,0.031408,0.001473320108,0,
695,800,695,1,2085,0.005357561588,0.002855116185;0.006919491159;0.002760149792;0.008895489216,0.003977435216;0.00737649353;0.004718756018,biomass;glucose;product;gp_nll,run_1;run_3;run_2,0.031476,0,,,0.005357561588,0.031476,0.001470377262,0,
696,800,696,1,2088,0.005353450886,0.00285410893;0.006918886887;0.00275922758;0.008881580148,0.007372223145;0.004714705791;0.003973423722,biomass;glucose;product;gp_nll,run_3;run_2;run_1,0.040836,0,,,0.005353450886,0.040836,0.001467445087,0,
697,800,697,1,2091,0.005349349022,0.002853096853;0.006918280338;0.00275830127;0.008867717626,0.003969421711;0.004710664873;0.007367960481,biomass;glucose;product;gp_nll,run_1;run_2;run_3,0.031348,0,,,0.005349349022,0.031348,0.001464523541,0,
698,800,698,1,2094,0.00534525595,0.002852079966;0.006917671526;0.002757370866;0.008853901443,0.003965429175;0.00470663322;0.007363705455,biomass;glucose;product;gp_nll,run_1;run_2;run_3,0.031300,0,,,0.00534525595,0.031300,0.001461612581,0,
699,800,699,1,2097,0.005341171626,0.00285105828;0.006917060467;0.002756436367;0.008840131389,0.003961446105;0.007359457984;0.004702610789,biomass;glucose;product;gp_nll,run_1;run_3;run_2,0.030909,0,,,0.005341171626,0.030909,0.001458712166,0,
700,800,700,1,2100,0.005337096005,0.002850031809;0.006916447176;0.002755497778;0.008826407259,0.007355217987;0.003957472492;0.004698597537,biomass;glucose;product;gp_nll,run_3;run_1;run_2,0.030780,0,,,0.005337096005,0.030780,0.001455822252,0,
701,800,701,1,2103,0.005333029044,0.002849000564;0.006915831666;0.002754555101;0.008812728846,0.003953508328;0.004694593422;0.007350985384,biomass;glucose;product;gp_nll,run_1;run_2;run_3,0.031427,0,,,0.005333029044,0.031427,0.001452942798,0,
702,800,702,1,2106,0.005328970699,0.002847964559;0.006915213953;0.002753608339;0.008799095944,0.0046905984;0.003949553604;0.007346760092,biomass;glucose;product;gp_nll,run_2;run_1;run_3,0.032107,0,,,0.005328970699,0.032107,0.001450073762,0,
703,800,703,1,2109,0.005324920926,0.002846923806;0.006914594052;0.002752657495;0.008785508352,0.003945608314;0.007342542034;0.004686612431,biomass;glucose;product;gp_nll,run_1;run_3;run_2,0.032778,0,,,0.005324920926,0.032778,0.001447215102,0,
704,800,704,1,2112,0.005320879683,0.002845878319;0.006913971977;0.002751702571;0.008771965864,0.003941672447;0.004682635472;0.007338331129,biomass;glucose;product;gp_nll,run_1;run_2;run_3,0.033609,0,,,0.005320879683,0.033609,0.001444366778,0,
705,800,705,1,2115,0.005316846926,0.002844828111;0.006913347743;0.002750743573;0.008758468279,0.0073341273;0.003937745997;0.004678667482,biomass;glucose;product;gp_nll,run_3;run_1;run_2,0.036745,0,,,0.005316846926,0.036745,0.001441528747,0,
706,800,706,1,2118,0.005312822615,0.002843773195;0.006912721364;0.002749780504;0.008745015395,0.00467470842;0.007329930469;0.003933828955,biomass;glucose;product;gp_nll,run_2;run_3;run_1,0.031094,0,,,0.005312822615,0.031094,0.001438700969,0,
707,800,707,1,2121,0.005308806706,0.002842713586;0.006912092856;0.002748813368;0.008731607013,0.007325740558;0.004670758245;0.003929921314,biomass;glucose;product;gp_nll,run_3;run_2;run_1,0.031280,0,,,0.005308806706,0.031280,0.001435883404,0,
708,800,708,1,2124,0.005304799158,0.002841649298;0.006911462232;0.00274784217;0.008718242932,0.007321557492;0.004666816917;0.003926023065,biomass;glucose;product;gp_nll,run_3;run_2;run_1,0.031629,0,,,0.005304799158,0.031629,0.00143307601,0,
709,800,709,1,2127,0.00530079993,0.002840580344;0.006910829508;0.002746866915;0.008704922954,0.004662884396;0.007317381195;0.0039221342,biomass;glucose;product;gp_nll,run_2;run_3;run_1,0.034323,0,,,0.00530079993,0.034323,0.001430278747,0,
710,800,710,1,2130,0.005296808982,0.00283950674;0.006910194699;0.002745887606;0.008691646882,0.007313211591;0.004658960642;0.003918254712,biomass;glucose;product;gp_nll,run_3;run_2;run_1,0.031704,0,,,0.005296808982,0.031704,0.001427491575,0,
711,800,711,1,2133,0.00529282627,0.002838428496;0.006909557819;0.002744904248;0.008678414518,0.007309048606;0.003914384592;0.004655045612,biomass;glucose;product;gp_nll,run_3;run_1;run_2,0.031155,0,,,0.00529282627,0.031155,0.001424714456,0,
712,800,712,1,2136,0.005288851756,0.002837345626;0.006908918885;0.002743916844;0.008665225667,0.004651139267;0.003910523832;0.007304892168,biomass;glucose;product;gp_nll,run_2;run_1;run_3,0.033119,0,,,0.005288851756,0.033119,0.001421947353,0,
713,800,713,1,2139,0.005284885399,0.002836258151;0.006908277909;0.002742925404;0.008652080134,0.003906672425;0.007300742203;0.00464724157,biomass;glucose;product;gp_nll,run_1;run_3;run_2,0.035387,0,,,0.005284885399,0.035387,0.001419190221,0,
714,800,714,1,2142,0.005280927162,0.002835166085;0.006907634904;0.002741929934;0.008638977725,0.003902830363;0.007296598638;0.004643352484,biomass;glucose;product;gp_nll,run_1;run_3;run_2,0.032905,0,,,0.005280927162,0.032905,0.00141644302,0,
715,800,715,1,2145,0.005276977004,0.002834069443;0.006906989886;0.002740930441;0.008625918245,0.003898997637;0.004639471971;0.007292461403,biomass;glucose;product;gp_nll,run_1;run_2;run_3,0.031846,0,,,0.005276977004,0.031846,0.001413705711,0,
716,800,716,1,2148,0.005273034886,0.002832968241;0.006906342869;0.00273992693;0.008612901503,0.003895174239;0.004635599991;0.007288330427,biomass;glucose;product;gp_nll,run_1;run_2;run_3,0.030961,0,,,0.005273034886,0.030961,0.001410978255,0,
717,800,717,1,2151,0.00526910077,0.002831862496;0.006905693867;0.00273891941;0.008599927308,0.00728420564;0.004631736509;0.003891360162,biomass;glucose;product;gp_nll,run_3;run_2;run_1,0.042101,0,,,0.00526910077,0.042101,0.001408260613,0,
718,800,718,1,2154,0.005265174618,0.002830752222;0.006905042894;0.002737907886;0.008586995468,0.004627881485;0.007280086972;0.003887555396,biomass;glucose;product;gp_nll,run_2;run_3;run_1,0.032134,0,,,0.005265174618,0.032134,0.001405552746,0,
719,800,719,1,2157,0.005261256391,0.002829637437;0.006904389966;0.002736892367;0.008574105794,0.007275974355;0.004624034884;0.003883759934,biomass;glucose;product;gp_nll,run_3;run_2;run_1,0.032262,0,,,0.005261256391,0.032262,0.001402854614,0,
720,800,720,1,2160,0.005257346052,0.002828518157;0.006903735095;0.002735872859;0.008561258096,0.007271867721;0.003879973767;0.004620196667,biomass;glucose;product;gp_nll,run_3;run_1;run_2,0.032781,0,,,0.005257346052,0.032781,0.001400166179,0,
721,800,721,1,2163,0.005253443563,0.002827394398;0.006903078296;0.002734849372;0.008548452187,0.003876196887;0.007267767003;0.004616366799,biomass;glucose;product;gp_nll,run_1;run_3;run_2,0.034098,0,,,0.005253443563,0.034098,0.001397487403,0,
722,800,722,1,2166,0.005249548888,0.002826266177;0.006902419584;0.002733821913;0.008535687878,0.003872429285;0.007263672136;0.004612545244,biomass;glucose;product;gp_nll,run_1;run_3;run_2,0.031165,0,,,0.005249548888,0.031165,0.001394818247,0,
723,800,723,1,2169,0.005245661989,0.002825133512;0.006901758972;0.00273279049;0.008522964985,0.007259583052;0.003868670953;0.004608731964,biomass;glucose;product;gp_nll,run_3;run_1;run_2,0.031631,0,,,0.005245661989,0.031631,0.001392158672,0,
724,800,724,1,2172,0.005241782835,0.002823996429;0.006901096475;0.002731755116;0.00851028332,0.003864921881;0.004604926924;0.007255499699,biomass;glucose;product;gp_nll,run_1;run_2;run_3,0.031402,0,,,0.005241782835,0.031402,0.001389508647,0,
725,800,725,1,2175,0.005237911388,0.002822854946;0.006900432106;0.0027307158;0.008497642699,0.007251422012;0.003861182062;0.004601130089,biomass;glucose;product;gp_nll,run_3;run_1;run_2,0.031597,0,,,0.005237911388,0.031597,0.001386868133,0,
726,800,726,1,2178,0.005234047609,0.00282170907;0.00689976588;0.002729672548;0.008485042938,0.007247349918;0.003857451486;0.004597341423,biomass;glucose;product;gp_nll,run_3;run_1;run_2,0.031001,0,,,0.005234047609,0.031001,0.001384237086,0,
727,800,727,1,2181,0.005230191463,0.002820558819;0.006899097811;0.002728625367;0.008472483853,0.007243283353;0.004593560892;0.003853730143,biomass;glucose;product;gp_nll,run_3;run_2;run_1,0.031709,0,,,0.005230191463,0.031709,0.001381615469,0,
728,800,728,1,2184,0.005226342914,0.00281940421;0.006898427911;0.002727574269;0.008459965263,0.004589788459;0.007239222255;0.003850018026,biomass;glucose;product;gp_nll,run_2;run_3;run_1,0.031948,0,,,0.005226342914,0.031948,0.001379003243,0,
729,800,729,1,2187,0.005222501927,0.002818245262;0.006897756196;0.002726519263;0.008447486985,0.007235166565;0.003846315123;0.004586024092,biomass;glucose;product;gp_nll,run_3;run_1;run_2,0.031944,0,,,0.005222501927,0.031944,0.001376400372,0,
730,800,730,1,2190,0.005218668467,0.002817081992;0.006897082678;0.00272546036;0.008435048839,0.004582267756;0.00723111622;0.003842621427,biomass;glucose;product;gp_nll,run_2;run_3;run_1,0.033871,0,,,0.005218668467,0.033871,0.001373806816,0,
731,800,731,1,2193,0.005214842501,0.002815914419;0.006896407372;0.002724397568;0.008422650645,0.007227071161;0.003838936927;0.004578519416,biomass;glucose;product;gp_nll,run_3;run_1;run_2,0.031417,0,,,0.005214842501,0.031417,0.001371222539,0,
732,800,732,1,2196,0.005211023994,0.002814742561;0.006895730291;0.002723330901;0.008410292224,0.003835261613;0.007223031331;0.004574779038,biomass;glucose;product;gp_nll,run_1;run_3;run_2,0.031370,0,,,0.005211023994,0.031370,0.001368647503,0,
733,800,733,1,2199,0.005207212912,0.002813566436;0.006895051449;0.002722260367;0.008397973396,0.003831595476;0.007218996669;0.00457104659,biomass;glucose;product;gp_nll,run_1;run_3;run_2,0.031457,0,,,0.005207212912,0.031457,0.001366081671,0,
734,800,734,1,2202,0.005203409221,0.002812386064;0.006894370859;0.002721185978;0.008385693985,0.004567322038;0.00721496712;0.003827938506,biomass;glucose;product;gp_nll,run_2;run_3;run_1,0.031290,0,,,0.005203409221,0.031290,0.001363525005,0,
735,800,735,1,2205,0.005199612889,0.002811201462;0.006893688534;0.002720107746;0.008373453814,0.007210942626;0.004563605349;0.003824290692,biomass;glucose;product;gp_nll,run_3;run_2;run_1,0.031079,0,,,0.005199612889,0.031079,0.001360977468,0,
736,800,736,1,2208,0.005195823882,0.00281001265;0.006893004488;0.002719025682;0.008361252706,0.00455989649;0.007206923132;0.003820652024,biomass;glucose;product;gp_nll,run_2;run_3;run_1,0.031564,0,,,0.005195823882,0.031564,0.001358439022,0,
737,800,737,1,2211,0.005192042167,0.002808819647;0.006892318735;0.002717939798;0.008349090486,0.007202908581;0.003817022491;0.004556195428,biomass;glucose;product;gp_nll,run_3;run_1;run_2,0.031454,0,,,0.005192042167,0.031454,0.001355909632,0,
738,800,738,1,2214,0.005188267712,0.002807622472;0.006891631288;0.002716850106;0.00833696698,0.007198898921;0.004552502131;0.003813402083,biomass;glucose;product;gp_nll,run_3;run_2;run_1,0.031126,0,,,0.005188267712,0.031126,0.001353389259,0,
739,800,739,1,2217,0.005184500484,0.002806421145;0.00689094216;0.002715756619;0.008324882015,0.004548816567;0.00380979079;0.007194894097,biomass;glucose;product;gp_nll,run_2;run_1;run_3,0.035087,0,,,0.005184500484,0.035087,0.001350877867,0,
740,800,740,1,2220,0.005180740453,0.002805215684;0.006890251364;0.002714659348;0.008312835416,0.004545138704;0.003806188599;0.007190894056,biomass;glucose;product;gp_nll,run_2;run_1;run_3,0.032766,0,,,0.005180740453,0.032766,0.001348375418,0,
741,800,741,1,2223,0.005176987585,0.002804006109;0.006889558913;0.002713558307;0.008300827012,0.007186898746;0.00454146851;0.0038025955,biomass;glucose;product;gp_nll,run_3;run_2;run_1,0.032217,0,,,0.005176987585,0.032217,0.001345881877,0,
742,800,742,1,2226,0.005173242472,0.00280279464;0.006888863381;0.002712455234;0.008288856632,0.004537807819;0.003799011481;0.007182908116,biomass;glucose;product;gp_nll,run_2;run_1;run_3,0.032351,0,,,0.005173242472,0.032351,0.001343395737,0,
743,800,743,1,2229,0.005169503858,0.002801576954;0.006888167651;0.002711346723;0.008276924103,0.003795436527;0.004534152929;0.007178922118,biomass;glucose;product;gp_nll,run_1;run_2;run_3,0.042613,0,,,0.005169503858,0.042613,0.001340919884,0,
744,800,744,1,2232,0.005165772315,0.00280035522;0.006887470306;0.002710234479;0.008265029256,0.007174940702;0.003791870625;0.004530505618,biomass;glucose;product;gp_nll,run_3;run_1;run_2,0.031597,0,,,0.005165772315,0.031597,0.001338452839,0,
745,800,745,1,2235,0.005162047813,0.002799129457;0.006886771358;0.002709118516;0.008253171922,0.004526865855;0.00717096382;0.003788313765,biomass;glucose;product;gp_nll,run_2;run_3;run_1,0.031406,0,,,0.005162047813,0.031406,0.001335994563,0,
746,800,746,1,2238,0.005158330322,0.002797899686;0.00688607082;0.002707998848;0.008241351933,0.004523233609;0.007166991421;0.003784765935,biomass;glucose;product;gp_nll,run_2;run_3;run_1,0.038363,0,,,0.005158330322,0.038363,0.001333545019,0,
747,800,747,1,2241,0.00515461981,0.002796665926;0.006885368705;0.002706875489;0.00822956912,0.003781227122;0.007163023459;0.004519608849,biomass;glucose;product;gp_nll,run_1;run_3;run_2,0.033931,0,,,0.00515461981,0.033931,0.001331104171,0,
748,800,748,1,2244,0.005150916248,0.002795428197;0.006884665026;0.002705748454;0.008217823317,0.004515991546;0.007159059885;0.003777697314,biomass;glucose;product;gp_nll,run_2;run_3;run_1,0.032427,0,,,0.005150916248,0.032427,0.001328671979,0,
749,800,749,1,2247,0.005147219607,0.00279418652;0.006883959795;0.002704617757;0.008206114358,0.0037741765;0.004512381669;0.007155100653,biomass;glucose;product;gp_nll,run_1;run_2;run_3,0.030999,0,,,0.005147219607,0.030999,0.001326248408,0,
750,800,750,1,2250,0.005143529857,0.002792940914;0.006883253024;0.002703483413;0.008194442078,0.004508779189;0.007151145717;0.003770664666,biomass;glucose;product;gp_nll,run_2;run_3;run_1,0.032206,0,,,0.005143529857,0.032206,0.001323833419,0,
751,800,751,1,2253,0.005139846969,0.002791691401;0.006882544728;0.002702345437;0.008182806312,0.007147195033;0.004505184076;0.003767161799,biomass;glucose;product;gp_nll,run_3;run_2;run_1,0.032459,0,,,0.005139846969,0.032459,0.001321426977,0,
752,800,752,1,2256,0.005136170914,0.002790437999;0.006881834917;0.002701203845;0.008171206896,0.0045015963;0.003763667888;0.007143248555,biomass;glucose;product;gp_nll,run_2;run_1;run_3,0.031523,0,,,0.005136170914,0.031523,0.001319029044,0,
753,800,753,1,2259,0.005132501663,0.002789180731;0.006881123605;0.002700058651;0.008159643666,0.003760182917;0.004498015833;0.00713930624,biomass;glucose;product;gp_nll,run_1;run_2;run_3,0.031823,0,,,0.005132501663,0.031823,0.001316639583,0,
754,800,754,1,2262,0.005128839188,0.002787919616;0.006880410804;0.002698909872;0.008148116462,0.004494442645;0.007135368045;0.003756706876,biomass;glucose;product;gp_nll,run_2;run_3;run_1,0.032369,0,,,0.005128839188,0.032369,0.001314258557,0,
755,800,755,1,2265,0.005125183461,0.002786654675;0.006879696526;0.002697757523;0.00813662512,0.003753239748;0.004490876709;0.007131433927,biomass;glucose;product;gp_nll,run_1;run_2;run_3,0.035763,0,,,0.005125183461,0.035763,0.00131188593,0,
756,800,756,1,2268,0.005121534454,0.00278538593;0.006878980784;0.002696601621;0.008125169481,0.003749781522;0.004487317994;0.007127503845,biomass;glucose;product;gp_nll,run_1;run_2;run_3,0.034566,0,,,0.005121534454,0.034566,0.001309521665,0,
757,800,757,1,2271,0.005117892139,0.002784113403;0.00687826359;0.002695442181;0.008113749383,0.007123577761;0.003746332182;0.004483766474,biomass;glucose;product;gp_nll,run_3;run_1;run_2,0.036318,0,,,0.005117892139,0.036318,0.001307165726,0,
758,800,758,1,2274,0.00511425649,0.002782837114;0.006877544955;0.002694279222;0.008102364667,0.003742891715;0.00448022212;0.007119655634,biomass;glucose;product;gp_nll,run_1;run_2;run_3,0.038280,0,,,0.00511425649,0.038280,0.001304818076,0,
759,800,759,1,2277,0.005110627478,0.002781557086;0.006876824893;0.002693112759;0.008091015175,0.004476684904;0.003739460107;0.007115737423,biomass;glucose;product;gp_nll,run_2;run_1;run_3,0.035067,0,,,0.005110627478,0.035067,0.00130247868,0,
760,800,760,1,2280,0.005107005078,0.002780273339;0.006876103415;0.002691942809;0.008079700748,0.007111823092;0.004473154799;0.003736037342,biomass;glucose;product;gp_nll,run_3;run_2;run_1,0.032253,0,,,0.005107005078,0.032253,0.001300147501,0,
761,800,761,1,2283,0.005103389262,0.002778985895;0.006875380533;0.002690769389;0.00806842123,0.007107912601;0.003732623406;0.004469631777,biomass;glucose;product;gp_nll,run_3;run_1;run_2,0.032679,0,,,0.005103389262,0.032679,0.001297824503,0,
762,800,762,1,2286,0.005099780003,0.002777694775;0.006874656259;0.002689592515;0.008057176464,0.004466115811;0.003729218285;0.007104005913,biomass;glucose;product;gp_nll,run_2;run_1;run_3,0.035903,0,,,0.005099780003,0.035903,0.00129550965,0,
763,800,763,1,2289,0.005096177276,0.0027764;0.006873930605;0.002688412205;0.008045966293,0.007100102991;0.003725821963;0.004462606874,biomass;glucose;product;gp_nll,run_3;run_1;run_2,0.037711,0,,,0.005096177276,0.037711,0.001293202905,0,
764,800,764,1,2292,0.005092581054,0.002775101592;0.006873203584;0.002687228476;0.008034790563,0.003722434424;0.004459104938;0.007096203799,biomass;glucose;product;gp_nll,run_1;run_2;run_3,0.032536,0,,,0.005092581054,0.032536,0.001290904233,0,
765,800,765,1,2295,0.005088991299,0.00277379956;0.006872475182;0.002686041335;0.00802364912,0.007092308264;0.004455609978;0.003719055654,biomass;glucose;product;gp_nll,run_3;run_2;run_1,0.032744,0,,,0.005088991299,0.032744,0.001288613553,0,
766,800,766,1,2298,0.005085407995,0.002772493932;0.00687174543;0.002684850807;0.008012541809,0.004452121967;0.00708841638;0.003715685637,biomass;glucose;product;gp_nll,run_2;run_3;run_1,0.032692,0,,,0.005085407995,0.032692,0.001286330863,0,
767,800,767,1,2301,0.005081831118,0.002771184734;0.006871014346;0.002683656913;0.008001468478,0.007084528117;0.003712324357;0.004448640878,biomass;glucose;product;gp_nll,run_3;run_1;run_2,0.041497,0,,,0.005081831118,0.041497,0.001284056137,0,
768,800,768,1,2304,0.005078260642,0.002769871986;0.006870281941;0.002682459669;0.007990428974,0.007080643443;0.004445166686;0.003708971798,biomass;glucose;product;gp_nll,run_3;run_2;run_1,0.031687,0,,,0.005078260642,0.031687,0.001281789339,0,
769,800,769,1,2307,0.005074696544,0.002768555711;0.006869548226;0.002681259093;0.007979423147,0.007076762324;0.003705627944;0.004441699365,biomass;glucose;product;gp_nll,run_3;run_1;run_2,0.032122,0,,,0.005074696544,0.032122,0.001279530434,0,
770,800,770,1,2310,0.005071138798,0.002767235929;0.006868813214;0.002680055204;0.007968450845,0.003702292779;0.007072884727;0.004438238888,biomass;glucose;product;gp_nll,run_1;run_3;run_2,0.032477,0,,,0.005071138798,0.032477,0.001277279386,0,
771,800,771,1,2313,0.005067587379,0.002765912664;0.006868076915;0.00267884802;0.007957511918,0.00706901062;0.003698966286;0.004434785231,biomass;glucose;product;gp_nll,run_3;run_1;run_2,0.032351,0,,,0.005067587379,0.032351,0.001275036159,0,
772,800,772,1,2316,0.005064042263,0.002764585936;0.006867339341;0.002677637558;0.007946606217,0.004431338368;0.007065139972;0.003695648448,biomass;glucose;product;gp_nll,run_2;run_3;run_1,0.032011,0,,,0.005064042263,0.032011,0.00127280072,0,
773,800,773,1,2319,0.005060503426,0.002763255769;0.006866600504;0.002676423837;0.007935733593,0.007061272753;0.004427898274;0.00369233925,biomass;glucose;product;gp_nll,run_3;run_2;run_1,0.031920,0,,,0.005060503426,0.031920,0.001270573032,0,
774,800,774,1,2322,0.005056970843,0.002761922183;0.006865860415;0.002675206875;0.007924893898,0.003689038674;0.007057408931;0.004424464924,biomass;glucose;product;gp_nll,run_1;run_3;run_2,0.031999,0,,,0.005056970843,0.031999,0.001268353061,0,
775,800,775,1,2325,0.005053444491,0.0027605852;0.006865119086;0.002673986692;0.007914086985,0.007053548478;0.003685746702;0.004421038293,biomass;glucose;product;gp_nll,run_3;run_1;run_2,0.032884,0,,,0.005053444491,0.032884,0.001266140771,0,
776,800,776,1,2328,0.005049924346,0.002759244844;0.006864376527;0.002672763305;0.007903312707,0.004417618356;0.007049691364;0.003682463318,biomass;glucose;product;gp_nll,run_2;run_3;run_1,0.032290,0,,,0.005049924346,0.032290,0.001263936128,0,
777,800,777,1,2331,0.005046410385,0.002757901134;0.00686363275;0.002671536734;0.007892570919,0.004414205089;0.007045837561;0.003679188504,biomass;glucose;product;gp_nll,run_2;run_3;run_1,0.031868,0,,,0.005046410385,0.031868,0.001261739097,0,
778,800,778,1,2334,0.005042902584,0.002756554095;0.006862887767;0.002670306997;0.007881861475,0.003675922242;0.00704198704;0.004410798468,biomass;glucose;product;gp_nll,run_1;run_3;run_2,0.032202,0,,,0.005042902584,0.032202,0.001259549643,0,
779,800,779,1,2337,0.00503940092,0.002755203747;0.006862141588;0.002669074114;0.00787118423,0.007038139776;0.003672664516;0.004407398468,biomass;glucose;product;gp_nll,run_3;run_1;run_2,0.034058,0,,,0.00503940092,0.034058,0.00125736773,0,
780,800,780,1,2340,0.005035905371,0.002753850114;0.006861394224;0.002667838103;0.007860539042,0.004404005067;0.003669415306;0.00703429574,biomass;glucose;product;gp_nll,run_2;run_1;run_3,0.036629,0,,,0.005035905371,0.036629,0.001255193326,0,
781,800,781,1,2343,0.005032415913,0.002752493216;0.006860645687;0.002666598984;0.007849925766,0.007030454907;0.003666174594;0.004400618238,biomass;glucose;product;gp_nll,run_3;run_1;run_2,0.031889,0,,,0.005032415913,0.031889,0.001253026394,0,
782,800,782,1,2346,0.005028932525,0.002751133076;0.006859895987;0.002665356776;0.00783934426,0.003662942364;0.007026617251;0.00439723796,biomass;glucose;product;gp_nll,run_1;run_3;run_2,0.031978,0,,,0.005028932525,0.031978,0.0012508669,0,
783,800,783,1,2349,0.005025455183,0.002749769717;0.006859145136;0.002664111498;0.007828794383,0.003659718595;0.004393864209;0.007022782746,biomass;glucose;product;gp_nll,run_1;run_2;run_3,0.031786,0,,,0.005025455183,0.031786,0.001248714811,0,
784,800,784,1,2352,0.005021983867,0.00274840316;0.006858393144;0.002662863169;0.007818275993,0.007018951369;0.00365650327;0.004390496961,biomass;glucose;product;gp_nll,run_3;run_1;run_2,0.034494,0,,,0.005021983867,0.034494,0.00124657009,0,
785,800,785,1,2355,0.005018518553,0.002747033428;0.006857640023;0.002661611811;0.00780778895,0.007015123096;0.003653296371;0.004387136193,biomass;glucose;product;gp_nll,run_3;run_1;run_2,0.031548,0,,,0.005018518553,0.031548,0.001244432705,0,
786,800,786,1,2358,0.00501505922,0.002745660543;0.006856885783;0.002660357441;0.007797333114,0.007011297902;0.004383781882;0.003650097877,biomass;glucose;product;gp_nll,run_3;run_2;run_1,0.031480,0,,,0.00501505922,0.031480,0.001242302621,0,
787,800,787,1,2361,0.005011605847,0.002744284527;0.006856130435;0.00265910008;0.007786908347,0.003646907771;0.004380434005;0.007007475765,biomass;glucose;product;gp_nll,run_1;run_2;run_3,0.033943,0,,,0.005011605847,0.033943,0.001240179804,0,
788,800,788,1,2364,0.005008158412,0.002742905402;0.006855373989;0.002657839748;0.007776514509,0.00437709254;0.007003656662;0.003643726034,biomass;glucose;product;gp_nll,run_2;run_3;run_1,0.035478,0,,,0.005008158412,0.035478,0.001238064219,0,
789,800,789,1,2367,0.005004716894,0.002741523191;0.006854616458;0.002656576464;0.007766151463,0.004373757465;0.006999840572;0.003640552645,biomass;glucose;product;gp_nll,run_2;run_3;run_1,0.033028,0,,,0.005004716894,0.033028,0.001235955834,0,
790,800,790,1,2370,0.005001277643,0.00274012625;0.006853856082;0.002655309166;0.007755819073,0.004370428755;0.006996016585;0.003637387587,biomass;glucose;product;gp_nll,run_2;run_3;run_1,0.033601,0,,,0.005001277643,0.033601,0.001233843465,0,
791,800,791,1,2373,0.004997847807,0.002738737656;0.006853096366;0.002654039999;0.007745517209,0.006992206166;0.004367106398;0.003634230857,biomass;glucose;product;gp_nll,run_3;run_2;run_1,0.032930,0,,,0.004997847807,0.032930,0.001231749165,0,
792,800,792,1,2376,0.004994423825,0.002737346056;0.006852335583;0.002652767926;0.007735245734,0.003631082435;0.004363790369;0.00698839867,biomass;glucose;product;gp_nll,run_1;run_2;run_3,0.037670,0,,,0.004994423825,0.037670,0.00122966202,0,
793,800,793,1,2379,0.004991005675,0.002735951471;0.006851573746;0.002651492969;0.007725004514,0.0036279423;0.004360480647;0.006984594079,biomass;glucose;product;gp_nll,run_1;run_2;run_3,0.044240,0,,,0.004991005675,0.044240,0.00122758199,0,
794,800,794,1,2382,0.004987593337,0.002734553922;0.006850810864;0.00265021515;0.007714793413,0.004357177209;0.006980792375;0.003624810429,biomass;glucose;product;gp_nll,run_2;run_3;run_1,0.040099,0,,,0.004987593337,0.040099,0.001225509037,0,
795,800,795,1,2385,0.004984186791,0.002733153428;0.006850046949;0.002648934491;0.007704612297,0.00697699354;0.004353880033;0.003621686801,biomass;glucose;product;gp_nll,run_3;run_2;run_1,0.035658,0,,,0.004984186791,0.035658,0.001223443123,0,
796,800,796,1,2388,0.004980786017,0.002731750012;0.006849282011;0.002647651011;0.007694461032,0.003618571396;0.006973197558;0.004350589097,biomass;glucose;product;gp_nll,run_1;run_3;run_2,0.083371,0,,,0.004980786017,0.083371,0.001221384209,0,
797,800,797,1,2391,0.004977390994,0.002730343694;0.006848516062;0.002646364735;0.007684339485,0.006969404412;0.004347304379;0.003615464191,biomass;glucose;product;gp_nll,run_3;run_2;run_1,0.071131,0,,,0.004977390994,0.071131,0.001219332257,0,
798,800,798,1,2394,0.004974001703,0.002728934496;0.006847749112;0.002645075681;0.007674247524,0.003612365166;0.004344025858;0.006965614085,biomass;glucose;product;gp_nll,run_1;run_2;run_3,0.034176,0,,,0.004974001703,0.034176,0.001217287231,0,
799,800,799,1,2397,0.004970618124,0.002727522437;0.006846981171;0.002643783873;0.007664185016,0.006961826563;0.003609274299;0.004340753512,biomass;glucose;product;gp_nll,run_3;run_1;run_2,0.032330,0,,,0.004970618124,0.032330,0.001215249092,0,
800,800,800,1,2400,0.004967240239,0.00272610754;0.006846212251;0.002642489332;0.007654151832,0.006958041828;0.00433748732;0.003606191568,biomass;glucose;product;gp_nll,run_3;run_2;run_1,0.032958,0,,,0.004967240239,0.032958,0.001213217805,0,
