process,t,prediction_valid,c_biomass,c_glucose,c_product,V_real,q_biomass,q_glucose,q_product,aux_rate_std_0,aux_rate_std_1,aux_rate_std_2
run_1,0.0,True,0.1,10.0,0.0,1.0,0.5686414411208738,-12.408380301163191,0.048000880909542264,0.9478462792298331,0.9478462792298331,0.9478462792298331
run_1,0.07035175879396985,True,0.10406058562913807,9.916579320299661,0.00034131533742665603,1.0,0.5627779981977484,-10.851207526071214,0.047113819001563986,0.9057661269906158,0.9057661269906158,0.9057661269906158
run_1,0.1407035175879397,True,0.1082385838768218,9.84132311038529,0.0006897828718641804,1.0,0.5561846017761215,-9.320835264787073,0.046226247385542915,0.8770637562242779,0.8770637562242779,0.8770637562242779
run_1,0.21105527638190955,True,0.1125299683999362,9.774763772831749,0.0010453278193685088,1.0,0.5489180636708229,-7.827580587603369,0.04534594118149219,0.8600468008915169,0.8600468008915169,0.8600468008915169
run_1,0.2814070351758794,True,0.11692980194321421,9.7173890299017,0.001407880497325075,1.0,0.5410481980403078,-6.3819512966262755,0.044481051191100775,0.852618565548189,0.852618565548189,0.852618565548189
run_1,0.35175879396984927,True,0.12143152621438523,9.66969872015493,0.0017773157614493745,1.0,0.5326580455721869,-4.99477776449199,0.0436401843803441,0.8525492220685427,0.8525492220685427,0.8525492220685427
run_1,0.4221105527638191,True,0.12602915247011254,9.632035481569835,0.002153609625716429,1.0,0.5238413131483457,-3.6763915916427856,0.04283179905037731,0.8577466660024314,0.8577466660024314,0.8577466660024314
run_1,0.49246231155778897,True,0.13071730558363792,9.604581301920772,0.002536842490082404,1.0,0.5147003037524133,-2.436610993816761,0.042064129512003376,0.8664318473923586,0.8664318473923586,0.8664318473923586
run_1,0.5628140703517588,True,0.1354912240447817,9.587357518778052,0.0029271991404846228,1.0,0.5053438841635202,-1.28475833710613,0.04134513832853601,0.8772121020249669,0.8772121020249669,0.8772121020249669
run_1,0.6331658291457287,True,0.14034675995994267,9.580224819507938,0.0033249687488415398,1.0,0.49588550073791565,-0.2296882126268362,0.04068248257435503,0.8890752829101296,0.8890752829101296,0.8890752829101296
run_1,0.7035175879396985,True,0.14528037905209804,9.582883241272654,0.003730544873052762,1.0,0.4864412578137965,0.7201811751099318,0.040083489537947416,0.9013349332051424,0.9013349332051424,0.9013349332051424
run_1,0.7738693467336684,True,0.1502891606608037,9.594872171030374,0.00414442545699905,1.0,0.47712805787667184,1.5568418499484906,0.03955513576943635,0.9135514736797214,0.9135514736797214,0.9135514736797214
run_1,0.8442211055276382,True,0.15537079774219378,9.615570345535234,0.004567212830542292,1.0,0.46806178851877506,2.2726849355516885,0.03910402191552843,0.9254460425054806,0.9254460425054806,0.9254460425054806
run_1,0.9145728643216081,True,0.16052359686898116,9.644195851337322,0.004999613709525547,1.0,0.4593555294534109,2.8605155657293877,0.038736334407651146,0.9368171016870801,0.9368171016870801,0.9368171016870801
run_1,0.9849246231155779,True,0.16574737951226198,9.679763275632542,0.005442480009276008,1.0,0.451116975958862,3.3136450526230603,0.03845773198733186,0.9474738716037684,0.9474738716037684,0.9474738716037684
run_1,1.0,True,0.16687628765827536,9.688168289612957,0.005538843476694691,1.0,0.4494220615720779,3.392625038243225,0.0384101108529239,0.9496446530294417,0.9496446530294417,0.9496446530294417
run_1,1.0552763819095479,True,0.1710452503727922,9.720995325433732,0.005896894296383044,1.0,0.44344505493911013,3.6259648902196235,0.03827321506424346,0.9571917030158088,0.9571917030158088,0.9571917030158088
run_1,1.1256281407035176,True,0.17642124996602784,9.766436780245066,0.006364068574935271,1.0,0.43643019024849633,3.7918586352646013,0.03818722601629271,0.9656488633981408,0.9656488633981408,0.9656488633981408
run_1,1.1959798994974873,True,0.18188115090460594,9.81442119074972,0.006845378948680058,1.0,0.43015200117352753,3.80641874590356,0.03820345706009167,0.972411460129427,0.972411460129427,0.972411460129427
run_1,1.2663316582914574,True,0.18743250224453137,9.863068838561691,0.007342367589048802,1.0,0.4246775403494216,3.6657238161909564,0.03832462849784607,0.9769412857378093,0.9769412857378093,0.9769412857378093
run_1,1.3366834170854272,True,0.19308462948517718,9.910286736225807,0.007856742735156927,1.0,0.42005944352250263,3.3672608058790305,0.038552160282228236,0.9786412085291756,0.9786412085291756,0.9786412085291756
run_1,1.407035175879397,True,0.1988486345692847,9.953768627217714,0.008390378693803891,1.0,0.4163339452129705,2.910520058488737,0.038885713846923076,0.9769522245227633,0.9769522245227633,0.9769522245227633
run_1,1.4773869346733668,True,0.20473739588296325,9.990994985943892,0.008945315839473188,1.0,0.41351880345394265,2.2977829133629295,0.0393225894637201,0.9715218635200829,0.9715218635200829,0.9715218635200829
run_1,1.5477386934673367,True,0.21076556825569032,10.019233017741636,0.009523760614332332,1.0,0.41161124759911394,1.5351103171148546,0.039856975153303345,0.9624698258008751,0.9624698258008751,0.9624698258008751
run_1,1.6180904522613067,True,0.21694894218297825,10.035768368231734,0.010127913170719212,1.0,0.41058876610806205,0.6338599103538176,0.04047896153343293,0.9507535689620192,0.9507535689620192,0.9507535689620192
run_1,1.6884422110552764,True,0.22330437991097316,10.037814045580191,0.010760030532948184,1.0,0.41040608930711703,-0.3880045889603529,0.04117351263367856,0.9387002734305407,0.9387002734305407,0.9387002734305407
run_1,1.758793969849246,True,0.22984973598219016,10.022659944316468,0.011422311236350421,1.0,0.41099576379557584,-1.5043642261921548,0.041919443910564375,0.9305480949784758,0.9305480949784758,0.9305480949784758
run_1,1.8291457286432162,True,0.23660273917617175,9.988180547383129,0.012116518160112343,1.0,0.41227285825350574,-2.6790705614266885,0.042688432269755265,0.9326889771196122,0.9326889771196122,0.9326889771196122
run_1,1.899497487437186,True,0.24358098730969985,9.932837071236035,0.012843976935324833,1.0,0.4141351738612453,-3.865671255650196,0.043444942847536354,0.9530976175470671,0.9530976175470671,0.9530976175470671
run_1,1.9698492462311559,True,0.2508019472367962,9.855677465844334,0.013605575944983279,1.0,0.41646581864722876,-5.008536050194978,0.04414728920806254,0.9993499371465014,0.9993499371465014,0.9993499371465014
run_1,2.0,True,0.25397524350928646,9.815819041654496,0.013942554411846941,1.0,0.41757687770798724,-5.469705887915361,0.04442050642223962,1.0283101919275877,1.0283101919275877,1.0283101919275877
run_1,2.0402010050251254,True,0.258282773583635,9.75638326254614,0.014401755802141557,1.0,0.4191388583405692,-6.045615999911345,0.04475004953430502,1.0756272619159892,1.0756272619159892,1.0756272619159892
run_1,2.1105527638190957,True,0.2660390620205198,9.636325962338784,0.015231727842008665,1.0,0.4220333973490514,-6.911852700493573,0.04520764255458768,1.1801378205671316,1.1801378205671316,1.1801378205671316
run_1,2.1809045226130657,True,0.27408521096092436,9.498630492473664,0.016093404506766586,1.0,0.42503863492561805,-7.546476095919033,0.045480144854505966,1.3047265807134611,1.3047265807134611,1.3047265807134611
run_1,2.251256281407035,True,0.28243458879872646,9.347295289538645,0.016984260619957878,1.0,0.42805501731107026,-7.902188236756687,0.045539851002815886,1.43664413783538,1.43664413783538,1.43664413783538
run_1,2.321608040201005,True,0.29109951035209947,9.187161447155429,0.01790136888624188,1.0,0.43099963811594394,-7.951806111326312,0.045376275453288865,1.5607145029829639,1.5607145029829639,1.5607145029829639
run_1,2.3919597989949746,True,0.300091236863512,9.023912715979561,0.018841399891394665,1.0,0.43380797977859836,-7.69268800492141,0.044999124557610994,1.66124965121425,1.66124965121425,1.66124965121425
run_1,2.462311557788945,True,0.30941997599972837,8.864075503700427,0.019800622102309096,1.0,0.43643134373272574,-7.147988110505394,0.04443838957108456,1.7237187259189186,1.7237187259189186,1.7237187259189186
run_1,2.532663316582915,True,0.3190942754299047,8.714320953303108,0.020775425562428316,1.0,0.43882894459985133,-6.363991583522455,0.04374081528326136,1.736561810047531,1.736561810047531,1.736561810047531
run_1,2.6030150753768844,True,0.3291231811068754,8.579894693791935,0.021763846720902997,1.0,0.44095853481045943,-5.40267296883162,0.042962545336898465,1.693169602226955,1.693169602226955,1.693169602226955
run_1,2.6733668341708543,True,0.3395157171963957,8.465270965689983,0.022764865788148788,1.0,0.4427714268116173,-4.333598845643782,0.042162253742259556,1.5935498282383087,1.5935498282383087,1.5935498282383087
run_1,2.7437185929648242,True,0.35027766435766045,8.373563749919846,0.023778532155384516,1.0,0.44420384732487384,-3.2263174558167456,0.04139439161718359,1.4473331583313735,1.4473331583313735,1.4473331583313735
run_1,2.814070351758794,True,0.3614115228877752,8.306512105798006,0.024805972729079,1.0,0.4451722089028438,-2.144003408485793,0.040703829476439926,1.2788659682113206,1.2788659682113206,1.2788659682113206
run_1,2.884422110552764,True,0.37291651272175613,8.264480171034835,0.02584939193095105,1.0,0.4455703658976958,-1.13894782505193,0.04012222117856562,1.1350583338867648,1.1350583338867648,1.1350583338867648
run_1,2.9547738693467336,True,0.38478857343253026,8.246457161734583,0.026912071697969504,1.0,0.44527045139409044,-0.2498864947154205,0.03966611138642422,1.0854428264326652,1.0854428264326652,1.0854428264326652
run_1,3.0,True,0.39261137988104955,8.246598031941302,0.027607252668195466,1.0,0.4446433539605809,0.24849090468676738,0.03944037058196074,1.13028534228292,1.13028534228292,1.13028534228292
run_1,3.0251256281407035,True,0.39702042916063546,8.250384196674844,0.027997933965861355,1.0,0.4441316467173481,0.498782817007332,0.03933682384743871,1.1818586846742647,1.1818586846742647,1.1818586846742647
run_1,3.0954773869346734,True,0.40959402118785115,8.273520880613964,0.029110589975757703,1.0,0.44202249808662186,1.0965355133017693,0.03912173201105765,1.40446833880456,1.40446833880456,1.40446833880456
run_1,3.1658291457286434,True,0.42248429149421834,8.312493149480389,0.030253548039323286,1.0,0.43885699283555707,1.546223591646705,0.0389967140344315,1.6880874848167975,1.6880874848167975,1.6880874848167975
run_1,3.2361809045226133,True,0.4356665903679297,8.364120435531966,0.03142956490565411,1.0,0.43465109301372995,1.8615337015785898,0.03893134839537678,1.9716173235804406,1.9716173235804406,1.9716173235804406
run_1,3.306532663316583,True,0.44911676620456703,8.425432428672291,0.0326406287154165,1.0,0.429583527519887,2.063343499290316,0.03889609362850889,2.210688898022311,2.210688898022311,2.210688898022311
run_1,3.3768844221105527,True,0.4628111655071023,8.493669076450711,0.03388795900084722,1.0,0.4240482706339239,2.174613875327176,0.03887104461851695,2.3766237877937244,2.3766237877937244,2.3766237877937244
run_1,3.4472361809045227,True,0.4767356532671722,8.566251102832327,0.03517251964445562,1.0,0.41867453329026255,2.2146696250623394,0.03885435003019131,2.456098418506121,2.456098418506121,2.456098418506121
run_1,3.517587939698492,True,0.4909084263666272,8.64132689555322,0.03649529460612484,1.0,0.41430050614755976,2.193916794012866,0.03886800845499462,2.4506061014791594,2.4506061014791594,2.4506061014791594
run_1,3.5879396984924625,True,0.50537809407034,8.7170526539335,0.03785842724239641,1.0,0.41187737548028863,2.111307300819134,0.03895767108833026,2.3731090034215283,2.3731090034215283,2.3731090034215283
run_1,3.6582914572864325,True,0.5202344994059453,8.790786980745537,0.03926712856651395,1.0,0.41232969359834254,1.954883898779866,0.0391863087630298,2.2392841657674953,2.2392841657674953,2.2392841657674953
run_1,3.728643216080402,True,0.535608981507714,8.859082692121362,0.04072970441486707,1.0,0.41640478526898334,1.7052316720772664,0.03962291460335642,2.054706153573049,2.054706153573049,2.054706153573049
run_1,3.798994974874372,True,0.551673265125045,8.917708700839924,0.04225748600608942,1.0,0.42450276247590435,1.3420124882001603,0.0403261421916605,1.8072742688736103,1.8072742688736103,1.8072742688736103
run_1,3.8693467336683423,True,0.5686206196229444,8.961480519687889,0.043864769537641554,1.0,0.4364912924802211,0.8534475085182417,0.04132260450810603,1.4849623056690948,1.4849623056690948,1.4849623056690948
run_1,3.9396984924623117,True,0.5866608038477894,8.983865500695762,0.0455694296502165,1.0,0.4515341280663424,0.24808012472300137,0.04258065383194752,1.172008098658649,1.172008098658649,1.172008098658649
run_1,4.0,True,0.6031127438774935,8.98222955327873,0.04711860302165525,1.0,0.46557539885065197,-0.3314319756190539,0.04377656790129041,1.2120200512579422,1.2120200512579422,1.2120200512579422
run_1,4.010050251256281,True,0.6059484075400734,8.979926121314906,0.04738515742783956,1.0,0.46790648649695954,-0.429822881917413,0.04397678353527644,1.2704992411230631,1.2704992411230631,1.2704992411230631
run_1,4.080402010050251,True,0.6265663598141784,8.946873513020734,0.049319946510158134,1.0,0.483093122496504,-1.0914212703657602,0.04527774155371441,2.0267924192375166,2.0267924192375166,2.0267924192375166
run_1,4.150753768844221,True,0.6485139742051076,8.884870697134323,0.05137378474329163,1.0,0.4943475854605791,-1.6134862023349255,0.04616564548828802,3.0652135104281597,3.0652135104281597,3.0652135104281597
run_1,4.2211055276381915,True,0.6716128412663389,8.802862385145511,0.05352382402139264,1.0,0.499633843884729,-1.876419864554066,0.04632956814083496,3.9919351682422035,3.9919351682422035,3.9919351682422035
run_1,4.291457286432161,True,0.6956272719510579,8.713335141443885,0.05573620542800516,1.0,0.49867041623822517,-1.8289079147460767,0.04561547708307955,4.493397398904048,4.493397398904048,4.493397398904048
run_1,4.361809045226131,True,0.7203367099249268,8.628837690094427,0.05797384980697295,1.0,0.4929227078584695,-1.522872887367941,0.04411391783945927,4.412702502291254,4.412702502291254,4.412702502291254
run_1,4.4321608040201,True,0.745543470355942,8.561308855763873,0.060198389755332773,1.0,0.48464229891174543,-1.091487755865304,0.04212888709402803,3.878045637392154,3.878045637392154,3.878045637392154
run_1,4.50251256281407,True,0.7711577268608659,8.514480595834593,0.06238949130481352,1.0,0.47572407313434134,-0.6837672126271743,0.04003432084369524,3.399019895524613,3.399019895524613,3.399019895524613
run_1,4.572864321608041,True,0.7971661560504787,8.4846848349349,0.06454493249920605,1.0,0.4671992124586045,-0.40975273406056745,0.03814688257706282,3.620789193686668,3.620789193686668,3.620789193686668
run_1,4.64321608040201,True,0.8235736975224495,8.464711046656003,0.06667506187011873,1.0,0.45936442335003075,-0.3216979721084073,0.03667326837502231,4.45546240311389,4.45546240311389,4.45546240311389
run_1,4.71356783919598,True,0.850402078660154,8.443946149153005,0.06880270464016047,1.0,0.45207228778129555,-0.41992303655340485,0.03570685478726734,5.262393939680178,5.262393939680178,5.262393939680178
run_1,4.783919597989949,True,0.877663556881268,8.411612802343386,0.07095636822949034,1.0,0.4449770225212673,-0.6668864566426848,0.03525276955331634,5.552233580410233,5.552233580410233,5.552233580410233
run_1,4.8542713567839195,True,0.9053411341336489,8.359426130022872,0.07316541965525386,1.0,0.4376613366798401,-0.9977947005396457,0.0352477748574966,5.053510905911226,5.053510905911226,5.053510905911226
run_1,4.92462311557789,True,0.9333943537970331,8.283785751997229,0.0754546716558199,1.0,0.42973940953291945,-1.3287781225664628,0.035575439832936664,3.691753352746874,3.691753352746874,3.691753352746874
run_1,4.994974874371859,True,0.961757572241175,8.186479547944357,0.07784267647081801,1.0,0.4210536421456907,-1.5698867406663728,0.036092386263197926,1.7306581534415515,1.7306581534415515,1.7306581534415515
run_1,5.0,True,0.9637931362954759,8.178856495731306,0.07801739036108998,1.0,0.4204104418336794,-1.5815145597686955,0.03613302284632695,1.5981386554230472,1.5981386554230472,1.5981386554230472
run_1,5.06532663316583,True,0.9903680126810603,8.074427010434363,0.08034185821257481,1.0,0.4120625528074716,-1.6472341106136243,0.036680304553137165,1.748626585324728,1.748626585324728,1.748626585324728
run_1,5.135678391959798,True,1.0192065432251856,7.961273837872,0.0829566090227016,1.0,0.4043254570944931,-1.5310528896219702,0.03730896705545959,4.09108215801032,4.09108215801032,4.09108215801032
run_1,5.206030150753769,True,1.0484338660407702,7.859827348690186,0.08569582653523021,1.0,0.4005716134309346,-1.257197616634053,0.03806211768482784,6.031669997416746,6.031669997416746,6.031669997416746
run_1,5.276381909547739,True,1.0784690038272164,7.778009242858095,0.08857884557326069,1.0,0.4039141565834727,-0.9264228375264324,0.03906819773823258,7.054585589069989,7.054585589069989,7.054585589069989
run_1,5.346733668341709,True,1.1099590359160505,7.717471633793236,0.09163312329553398,1.0,0.4159444722549391,-0.6785290753178408,0.0403322192177258,7.122373254569402,7.122373254569402,7.122373254569402
run_1,5.417085427135678,True,1.1436403819003278,7.666547355716043,0.09488054429390061,1.0,0.4341247342923553,-0.638589986242249,0.04154900481451198,6.45688147351455,6.45688147351455,6.45688147351455
run_1,5.4874371859296485,True,1.17984452145853,7.607731345034741,0.09830651586617747,1.0,0.45081208342454493,-0.8365414802427498,0.04213668542371183,5.157756055544616,5.157756055544616,5.157756055544616
run_1,5.557788944723618,True,1.2182649276902722,7.523796292435675,0.10185142669582045,1.0,0.45789828385180864,-1.154676746902873,0.041744583414102324,3.536029047548174,3.536029047548174,3.536029047548174
run_1,5.628140703517588,True,1.2580663636568101,7.411658858504145,0.10544827407169328,1.0,0.4550991578563821,-1.3983941286143784,0.04085042049842312,3.925064183471057,3.925064183471057,3.925064183471057
run_1,5.698492462311558,True,1.2987674240852694,7.2822272419421585,0.1090984125508126,1.0,0.450828264154293,-1.4402736592018257,0.040526062006165646,6.185269090526197,6.185269090526197,6.185269090526197
run_1,5.768844221105528,True,1.3406609917122347,7.1548469803725645,0.11289450433658511,1.0,0.45320126750205775,-1.2738341225694279,0.04148577316361706,7.244858197751863,7.244858197751863,7.244858197751863
run_1,5.839195979899498,True,1.3844203453484243,7.046427054567712,0.11695221131621202,1.0,0.45861629415626937,-0.9792448869920083,0.04307101413412135,5.511128744019105,5.511128744019105,5.511128744019105
run_1,5.909547738693467,True,1.4294324019821032,6.965008724614758,0.12122877926715638,1.0,0.44531604438487354,-0.6759282983249952,0.04274261488307473,1.3338216080447638,1.3338216080447638,1.3338216080447638
run_1,5.9798994974874375,True,1.472589911576927,6.908396175629861,0.12540299944719277,1.0,0.39444799907177885,-0.44936415038221905,0.03841499492829117,4.85783953844633,4.85783953844633,4.85783953844633
run_1,6.0,True,1.4840057687888586,6.895757328358904,0.1265165940798838,1.0,0.37458348581723366,-0.40136426520471896,0.036605776919633355,6.215560171353968,6.215560171353968,6.215560171353968
run_1,6.050251256281407,True,1.510213520461804,6.869298453695,0.1290884843647452,1.0,0.32227087137128735,-0.30840107284196605,0.03177401407535649,9.001648214998983,9.001648214998983,9.001648214998983
run_1,6.1206030150753765,True,1.5411577782600365,6.8409627426057,0.13216203831790554,1.0,0.2574068568944085,-0.22751529813451105,0.02579753322982283,11.456357658405729,11.456357658405729,11.456357658405729
run_1,6.190954773869347,True,1.566614977884618,6.818727947848256,0.13474102229759433,1.0,0.211488781935593,-0.1845868589999444,0.021697691578593466,12.72604258133085,12.72604258133085,12.72604258133085
run_1,6.261306532663316,True,1.5884148319370393,6.799418184894859,0.13700873324993995,1.0,0.18420674344537355,-0.16675222100978687,0.019451106482940034,13.293548209649757,13.293548209649757,13.293548209649757
run_1,6.331658291457287,True,1.6083622884616693,6.78075440350145,0.13914595884766182,1.0,0.1731254959841316,-0.16815986360092425,0.018808068143291026,13.409425121303588,13.409425121303588,13.409425121303588
run_1,6.402010050251256,True,1.6281709264624047,6.760662203171953,0.14132170612308056,1.0,0.17781640247629682,-0.18843563808636543,0.01969711331470101,13.147310209409941,13.147310209409941,13.147310209409941
run_1,6.472361809045227,True,1.6498171403927442,6.736651442602718,0.14372516320541362,1.0,0.2011404247432004,-0.23260707670285632,0.022309449682495028,12.449177434070293,12.449177434070293,12.449177434070293
run_1,6.542713567839196,True,1.675898702677067,6.7052143673042695,0.14658863766099423,1.0,0.2494676071702431,-0.3118335654906822,0.02699042849142192,11.157104314204041,11.157104314204041,11.157104314204041
run_1,6.613065326633166,True,1.70997638782269,6.661019128244332,0.1501775190864416,1.0,0.3277674286408413,-0.4390413488071669,0.033481642434207703,9.23534452868171,9.23534452868171,9.23534452868171
run_1,6.683417085427136,True,1.7555877625701022,6.597683025647876,0.154624883488004,1.0,0.4182524723023295,-0.5998771638902715,0.03885370941339673,7.350589821643137,7.350589821643137,7.350589821643137
run_1,6.7537688442211055,True,1.811591329489363,6.51448191924385,0.15951556881570905,1.0,0.46148518775426356,-0.7083539904068602,0.03779819528786211,5.559731397652812,5.559731397652812,5.559731397652812
run_1,6.824120603015075,True,1.8698020357156802,6.422463021220517,0.16398639550512262,1.0,0.4271386910686873,-0.6939423816341171,0.030719484854077272,3.641816421210606,3.641816421210606,3.641816421210606
run_1,6.894472361809045,True,1.9222231863813282,6.33546440162383,0.167553120535387,1.0,0.35735558148567914,-0.6047637492442994,0.023027300590252407,5.1462296544314405,5.1462296544314405,5.1462296544314405
run_1,6.964824120603015,True,1.9664147985860974,6.259568560866446,0.17028177277282033,1.0,0.29077514281262673,-0.5063671390491923,0.017222443385492586,7.7134179912283365,7.7134179912283365,7.7134179912283365
run_1,7.0,True,1.9856313246214021,6.225911862250143,0.17140079204212594,1.0,0.26271052421568797,-0.46269300071616365,0.015046841260188607,8.76767295050186,8.76767295050186,8.76767295050186
run_1,7.035175879396984,True,2.0031799862696547,6.194851591490833,0.17239166855286922,1.0,0.23827439300655254,-0.4238611802597697,0.013262816689840777,9.644909324463434,9.644909324463434,9.644909324463434
run_1,7.105527638190955,True,2.034060948995993,6.139442980029701,0.1740719283309037,1.0,0.1989150234965183,-0.3600523227288068,0.010594539148973233,10.961771666334158,10.961771666334158,10.961771666334158
run_1,7.175879396984925,True,2.060488230958756,6.091226758494731,0.1754570495178414,1.0,0.1694940401790596,-0.31164181481612613,0.008769873732474228,11.86034714369599,11.86034714369599,11.86034714369599
run_1,7.2462311557788945,True,2.0835089478947273,6.048579985487112,0.17663778601945743,1.0,0.14724636860185125,-0.27490361039522515,0.007501059876943343,12.488443963281753,12.488443963281753,12.488443963281753
run_1,7.316582914572865,True,2.1038882443353066,6.010240788015113,0.17767333515737932,1.0,0.1302350362435625,-0.24699128723790115,0.006613517235962871,12.939103688965357,12.939103688965357,12.939103688965357
run_1,7.3869346733668335,True,2.1222284328169847,5.975174436418439,0.1786076081328002,1.0,0.11709807667359794,-0.2258105823901281,0.00599758872280251,13.271267618624458,13.271267618624458,13.271267618624458
run_1,7.457286432160804,True,2.1389870128224695,5.94257278298438,0.17947361099537693,1.0,0.10692350424196755,-0.2099396586827058,0.0055858890781041,13.52186477540162,13.52186477540162,13.52186477540162
run_1,7.527638190954773,True,2.154522589966208,5.911775533577547,0.18029700997965425,1.0,0.0991247144348969,-0.19848037207321675,0.005338550153379569,13.714203828073424,13.714203828073424,13.714203828073424
run_1,7.597989949748744,True,2.169131650253031,5.882216964514546,0.1810990677791411,1.0,0.09335048822308656,-0.1909387348120672,0.005234512566570603,13.86315892367913,13.86315892367913,13.86315892367913
run_1,7.668341708542714,True,2.183094123047344,5.853334426560021,0.18190074911092827,1.0,0.0894271329231546,-0.18715728645142385,0.005267372711949116,13.978395775697875,13.978395775697875,13.978395775697875
run_1,7.7386934673366845,True,2.196689472127496,5.8245358049353975,0.1827241107243662,1.0,0.08736324408454521,-0.18735335006026538,0.005445568940007435,14.065642224789187,14.065642224789187,14.065642224789187
run_1,7.809045226130653,True,2.2102274779327344,5.795127963383214,0.18359485367164466,1.0,0.08738390173671688,-0.19222468569813017,0.005795641796086014,14.127277803810664,14.127277803810664,14.127277803810664
run_1,7.8793969849246235,True,2.2240416499326026,5.764344666555337,0.18454147731181106,1.0,0.0900061873992793,-0.2031283253624579,0.006367552246665605,14.161871815230656,14.161871815230656,14.161871815230656
run_1,7.949748743718593,True,2.2385563199178673,5.73118027827144,0.18560148067387108,1.0,0.09617557296378522,-0.22243957865015215,0.007247788360428596,14.163021626579722,14.163021626579722,14.163021626579722
run_1,8.0,True,2.2497754844534117,5.705015147848322,0.18646551396337047,1.0,0.10372583694786525,-0.24380799658180283,0.008154353852256406,14.134878446514648,14.134878446514648,14.134878446514648
run_1,8.020100502512562,True,2.25456146960739,5.69372996733639,0.18684490591049863,1.0,0.10775076577454387,-0.2547924623802303,0.008606154291620186,14.114009706588496,14.114009706588496,14.114009706588496
run_1,8.090452261306533,True,2.2732284082250387,5.649152072755561,0.18837568385454823,1.0,0.1282960085480625,-0.3089422887291975,0.01075903825105341,13.972360921723176,13.972360921723176,13.972360921723176
run_1,8.160804020100501,True,2.296495074081529,5.592720208624915,0.19036586550906373,1.0,0.1647511878296273,-0.40187225686331607,0.014316389380223577,13.624614675503235,13.624614675503235,13.624614675503235
run_1,8.231155778894472,True,2.3281548605555042,5.515160546979519,0.1931510972553476,1.0,0.23111444871293904,-0.5678749581205452,0.02050931987700305,12.717611720654023,12.717611720654023,12.717611720654023
run_1,8.301507537688442,True,2.3752295704814617,5.3992854776976165,0.19735124953140512,1.0,0.3472981169997199,-0.8557439146057794,0.0310841891100703,10.063017503184403,10.063017503184403,10.063017503184403
run_1,8.371859296482413,True,2.445784281651476,5.2253722822397535,0.2036739710790344,1.0,0.47215492058336933,-1.1640270022833454,0.0423360469721416,3.1580213145271183,3.1580213145271183,3.1580213145271183
run_1,8.442211055276383,True,2.5267198615370883,5.025828886175,0.21093327842468998,1.0,0.4169366194051858,-1.0279946272978016,0.0374164092111286,7.314063568931017,7.314063568931017,7.314063568931017
run_1,8.512562814070352,True,2.588112554223711,4.874431627346244,0.2164540304350287,1.0,0.26967076101578824,-0.6652841922345393,0.02435249330759488,11.97610877998123,11.97610877998123,11.97610877998123
run_1,8.582914572864322,True,2.627939771683977,4.776090021767577,0.22008217914964195,1.0,0.17396450186442883,-0.4301930147809163,0.01607136050397409,13.464704344673756,13.464704344673756,13.464704344673756
run_1,8.653266331658292,True,2.6548845230012232,4.709302386888588,0.22262324890856927,1.0,0.12119741492706172,-0.3014208120663547,0.011756344888095172,13.961777220667447,13.961777220667447,13.961777220667447
run_1,8.723618090452263,True,2.6745218469674255,4.660242250373033,0.22459634225740976,1.0,0.09099062833629386,-0.22866560367016242,0.00954602830902834,14.136011928498425,14.136011928498425,14.136011928498425
run_1,8.793969849246231,True,2.6898565003267705,4.621422242692167,0.2262863343157115,1.0,0.07310089770968334,-0.18671233192316755,0.008520472569047642,14.171188670975285,14.171188670975285,14.171188670975285
run_1,8.8643216080402,True,2.702665819810845,4.588360865339366,0.22787099158090818,1.0,0.06305247558332712,-0.16469162146885097,0.008304979201074404,14.114995506922776,14.114995506922776,14.114995506922776
run_1,8.93467336683417,True,2.7142257077477643,4.557767448188939,0.22949015931238184,1.0,0.0594074051131539,-0.1594090316390507,0.008826538218791972,13.95937626159548,13.95937626159548,13.95937626159548
run_1,9.0,True,2.724975427039695,4.528548927184313,0.23116267793065842,1.0,0.06250732003605472,-0.17197566333595857,0.010128424881258364,13.671463055344086,13.671463055344086,13.671463055344086
run_1,9.00502512562814,True,2.725838870486174,4.526171509017954,0.23130270294982969,1.0,0.0630773674530768,-0.17384806251684923,0.01027130752999949,13.640500038745998,13.640500038745998,13.640500038745998
run_1,9.075376884422111,True,2.739151723453066,4.4890784655068785,0.23352430664431537,1.0,0.07836780245431345,-0.2201486737786422,0.013190562544580247,12.979999422149744,12.979999422149744,12.979999422149744
run_1,9.145728643216081,True,2.757517340584421,4.437258790380313,0.23656263660635113,1.0,0.11722411079188191,-0.3313070142289571,0.018865852243201777,11.461568391286711,11.461568391286711,11.461568391286711
run_1,9.21608040201005,True,2.788002489426752,4.35131562155849,0.24116930202288,1.0,0.20669380264595372,-0.5806551626699593,0.029239556743890446,7.723152183563828,7.723152183563828,7.723152183563828
run_1,9.28643216080402,True,2.842745443255423,4.198519977887576,0.24813737190534402,1.0,0.34415342706244895,-0.9550935766538393,0.03963899353670958,3.298966358086195,3.298966358086195,3.298966358086195
run_1,9.35678391959799,True,2.9165111663252725,3.994973378488659,0.25576273594119775,1.0,0.3503909450476441,-0.9621384157402,0.03270814820855077,8.442007233242357,8.442007233242357,8.442007233242357
run_1,9.42713567839196,True,2.978953439596426,3.8240486363873223,0.2611932575666137,1.0,0.25073755674883635,-0.6844309409530417,0.02037897153554059,11.557105734621354,11.557105734621354,11.557105734621354
run_1,9.49748743718593,True,3.023212874504497,3.7034348723280135,0.2646418052925438,1.0,0.1744370435640378,-0.4746390393960668,0.013049574037933906,12.936968362309647,12.936968362309647,12.936968362309647
run_1,9.567839195979898,True,3.0550986960283093,3.616759895845665,0.2669635211023107,1.0,0.1279221707325957,-0.34740204136862113,0.009070676890945768,13.562282066095644,13.562282066095644,13.562282066095644
run_1,9.638190954773869,True,3.079327702783608,3.5510058707858287,0.268647777652144,1.0,0.098813573229968,-0.26800229440470213,0.006747369490437984,13.875074140945621,13.875074140945621,13.875074140945621
run_1,9.708542713567839,True,3.098568201906406,3.498846718963299,0.2699430393193321,1.0,0.07949483626190752,-0.21540207691377866,0.005276605302561702,14.047724277331783,14.047724277331783,14.047724277331783
run_1,9.77889447236181,True,3.1143820469499754,3.456012771508761,0.2709809539371604,1.0,0.06598739153217141,-0.17867206527976479,0.004283597992788859,14.150890103237016,14.150890103237016,14.150890103237016
run_1,9.84924623115578,True,3.1277366503200668,3.4198633367087705,0.2718401329139621,1.0,0.05610948961792725,-0.15183791802256572,0.0035769783178362003,14.216688789199834,14.216688789199834,14.216688789199834
run_1,9.919597989949748,True,3.1392406370909165,3.388739924945333,0.27256792176711225,1.0,0.04863247865020256,-0.1315417230170053,0.0030538382114326497,14.260817855084316,14.260817855084316,14.260817855084316
run_1,9.989949748743719,True,3.149320868515464,3.361480527150703,0.27319665133686066,1.0,0.04280213449328588,-0.11572540553752117,0.002653403576637525,14.291695152767556,14.291695152767556,14.291695152767556
run_1,10.0,True,3.150663990413154,3.357849202693713,0.2732798300226779,1.0,0.04207299097476968,-0.11374806362320648,0.002603810293221211,14.295332992841766,14.295332992841766,14.295332992841766
run_1,10.06030150753769,True,3.1582827322296647,3.337254282331477,0.2737491020639248,1.0,0.03813827452670299,-0.10308022219648541,0.0023381315946220936,14.314087246346567,14.314087246346567,14.314087246346567
run_1,10.13065326633166,True,3.1663323809553976,3.315500883205276,0.27424023016209614,1.0,0.03433596409217553,-0.09277568881421945,0.002084640874113275,14.330778627394537,14.330778627394537,14.330778627394537
run_1,10.201005025125628,True,3.173627190640118,3.295792914006856,0.27468121623058406,1.0,0.031184978922416617,-0.08423970621397803,0.001877141284146202,14.343517543975398,14.343517543975398,14.343517543975398
run_1,10.271356783919597,True,3.1802898932881534,3.2777971724097625,0.27508068753901543,1.0,0.02853596023750354,-0.07706608363811626,0.0017046154394729548,14.353442197962412,14.353442197962412,14.353442197962412
run_1,10.341708542713567,True,3.186420024237759,3.261243502458754,0.27544558865987184,1.0,0.026279421985278717,-0.0709572473807463,0.0015591214675544562,14.361318927766186,14.361318927766186,14.361318927766186
run_1,10.412060301507537,True,3.192093928443952,3.2459247774668802,0.275781181944164,1.0,0.02433599223018437,-0.0656975614264792,0.0014349687664600335,14.367668801037658,14.367668801037658,14.367668801037658
run_1,10.482412060301508,True,3.197370706235543,3.2316807376001204,0.27609148053920446,1.0,0.022646982408985914,-0.06112763776836966,0.0013279909925231043,14.372855644994317,14.372855644994317,14.372855644994317
run_1,10.552763819095478,True,3.202299904547838,3.218377068835519,0.27637981935999145,1.0,0.021166901245210337,-0.05712397976734927,0.0012349956900313084,14.377143296089363,14.377143296089363,14.377143296089363
run_1,10.623115577889449,True,3.20692098549662,3.205906838765082,0.27664882281649084,1.0,0.019860862258462356,-0.053591906405969204,0.0011535541316923606,14.380724091018863,14.380724091018863,14.380724091018863
run_1,10.693467336683417,True,3.2112689537555235,3.1941752023214987,0.27690081238342484,1.0,0.018700607047204977,-0.05045475434337008,0.0010817208026115044,14.383743724564441,14.383743724564441,14.383743724564441
run_1,10.763819095477388,True,3.215374377235606,3.1830993455728374,0.27713780809973293,1.0,0.017663269972659233,-0.047650510461611624,0.0010179363551837389,14.386313279495326,14.386313279495326,14.386313279495326
run_1,10.834170854271356,True,3.219263387085352,3.1726084857225407,0.27736152856857116,1.0,0.016730401932335062,-0.04512915262481687,0.000960952336376895,14.388517936741982,14.388517936741982,14.388517936741982
run_1,10.904522613065327,True,3.2229576776906708,3.1626438711094265,0.2775733909573124,1.0,0.015887190444442766,-0.04285052664787173,0.0009097721135955924,14.390423345631628,14.390423345631628,14.390423345631628
run_1,10.974874371859297,True,3.2264745066748945,3.15315878120769,0.2777745109975465,1.0,0.015121833142164025,-0.04078264191236428,0.0008636041746135692,14.392080321381764,14.392080321381764,14.392080321381764
run_1,11.0,True,3.227690239854525,3.1498800719659514,0.2778439108053565,1.0,0.014865482939604555,-0.04009009956392516,0.0008482048387625438,14.392619775874246,14.392619775874246,14.392619775874246
run_1,11.045226130653266,True,3.2298289156791076,3.1441125056451065,0.2779658530493679,1.0,0.01442449742006711,-0.03889885214375132,0.0008217929799484004,14.393529424314387,14.393529424314387,14.393529424314387
run_1,11.115577889447236,True,3.2330355168935365,3.135465496669383,0.27814835390690923,1.0,0.013786593349425303,-0.037175885896739314,0.0007837712797085663,14.39480398944843,14.39480398944843,14.39480398944843
run_1,11.185929648241206,True,3.236105709236025,3.1271869140062147,0.278322736582254,1.0,0.013201214979969294,-0.03559503454998307,0.0007490833959367138,14.395930362837035,14.395930362837035,14.395930362837035
run_1,11.256281407035177,True,3.239050045874456,3.119248206920725,0.2784896694922971,1.0,0.012662377765261766,-0.03414008911566699,0.000717337069557566,14.396930332113556,14.396930332113556,14.396930332113556
run_1,11.326633165829147,True,3.2418782590526987,3.1116230469160833,0.27864976813068404,1.0,0.01216489025201739,-0.03279699146665629,0.0006881941224720678,14.397821984767278,14.397821984767278,14.397821984767278
run_1,11.396984924623116,True,3.2445992600906064,3.104287327733511,0.27880359506781105,1.0,0.011704250031426047,-0.03155355153731642,0.0006613628990269324,14.398620384198736,14.398620384198736,14.398620384198736
run_1,11.467336683417086,True,3.247221139384017,3.097219165352276,0.27895165995082477,1.0,0.011276554874562725,-0.030399205881714166,0.0006365918726163149,14.399338112656112,14.399338112656112,14.399338112656112
run_1,11.537688442211056,True,3.2497511664047534,3.0903988979896955,0.2790944195036225,1.0,0.010878426630675784,-0.02932481097713321,0.0006136642186526598,14.399985709035095,14.399985709035095,14.399985709035095
run_1,11.608040201005025,True,3.2521957897006235,3.0838090861011382,0.27923227752685215,1.0,0.010506945852842639,-0.028322465718312085,0.0005923931899134612,14.400572023365772,14.400572023365772,14.400572023365772
run_1,11.678391959798995,True,3.2545606368954214,3.077434512380019,0.2793655848979122,1.0,0.010159595445581064,-0.02738535845163999,0.0005726181591225962,14.40110450504244,14.40110450504244,14.40110450504244
run_1,11.748743718592964,True,3.256850514688923,3.071262181757803,0.27949463957095166,1.0,0.009834211911132873,-0.026507634670111205,0.0005542012176034611,14.401589438153877,14.401589438153877,14.401589438153877
run_1,11.819095477386934,True,3.2590694577162043,3.0652811891494136,0.2796196897199816,1.0,0.009528935477086175,-0.025684261826240826,0.0005370238158783583,14.402032145172086,14.402032145172086,14.402032145172086
run_1,11.889447236180905,True,3.2612221420926533,3.0594788930285555,0.2797410248325983,1.0,0.009241962730395452,-0.024910361706204014,0.0005209724877676843,14.40243743755811,14.40243743755811,14.40243743755811
run_1,11.959798994974875,True,3.2633125228830857,3.0538446030097366,0.2798588885454693,1.0,0.008971743852586573,-0.024181742121191556,0.0005059497310730549,14.402809397332803,14.402809397332803,14.402809397332803
run_1,12.0,True,3.2644803189586407,3.050697019380796,0.27992475809356004,1.0,0.008824337941031582,-0.023784318866664156,0.0004977945063628728,14.403008335545612,14.403008335545612,14.403008335545612
run_1,12.030150753768845,True,3.265343872761278,3.0483694752081503,0.2799734810782433,1.0,0.008716948202301573,-0.023494803662509337,0.0004918717226121448,14.403151499884947,14.403151499884947,14.403151499884947
run_1,12.100502512562814,True,3.2673193103798903,3.0430450820592325,0.2800849931871628,1.0,0.008476367494667644,-0.02284627832836754,0.00047866268181723877,14.403466801579,14.403466801579,14.403466801579
run_1,12.170854271356784,True,3.2692418003704713,3.03786341231866,0.28019360616506417,1.0,0.008248904357850298,-0.022233198472577802,0.0004662540771351692,14.403757994688544,14.403757994688544,14.403757994688544
run_1,12.241206030150753,True,3.271114153343455,3.0328168710623506,0.28029949184137803,1.0,0.008033562072759484,-0.021652868969167845,0.0004545839181318148,14.404027454529011,14.404027454529011,14.404027454529011
run_1,12.311557788944723,True,3.272939025888163,3.0278982796864633,0.2804028125821287,1.0,0.007829435361298038,-0.02110284222619288,0.00044359612292143403,14.404277279976144,14.404277279976144,14.404277279976144
run_1,12.381909547738694,True,3.2747189205728033,3.0231008759073994,0.2805037212899345,1.0,0.0076357021038425165,-0.020580895723849364,0.0004332399518269988,14.404509328367173,14.404509328367173,14.404509328367173
run_1,12.452261306532662,True,3.27645618594447,3.0184183137618015,0.28060236140400774,1.0,0.0074516158802595085,-0.020085011789182688,0.0004234694993015906,14.404725245623652,14.404725245623652,14.404725245623652
run_1,12.522613065326633,True,3.278153016529144,3.0138446636065526,0.28069886690015466,1.0,0.0072764992408659935,-0.019613359352726865,0.00041424323712379235,14.404926492302833,14.404926492302833,14.404926492302833
run_1,12.592964824120603,True,3.279811452831692,3.009374412118777,0.28079336229077556,1.0,0.007109737624509273,-0.01916427746178802,0.00040552360274040205,14.405114366173851,14.405114366173851,14.405114366173851
run_1,12.663316582914574,True,3.28143338133587,3.0050024622958422,0.2808859626248645,1.0,0.006950773850513756,-0.018736260351182275,0.00039727662738344626,14.405290021822491,14.405290021822491,14.405290021822491
run_1,12.733668341708544,True,3.2830205345043164,3.0007241334553543,0.28097677348800953,1.0,0.006799103119765419,-0.01832794389546609,0.00038947159925007037,14.405454487710571,14.405454487710571,14.405454487710571
run_1,12.804020100502512,True,3.2845744907785597,2.9965351612351627,0.2810658910023929,1.0,0.00665426846779525,-0.01793809328737173,0.00038208075761532337,14.405608681050769,14.405608681050769,14.405608681050769
run_1,12.874371859296483,True,3.286096674579013,2.992431697593358,0.2811534018267904,1.0,0.006515856619487025,-0.017565591805575504,0.00037507901425972963,14.405753420802824,14.405753420802824,14.405753420802824
run_1,12.944723618090453,True,3.287588356304978,2.988410310808271,0.28123938315657215,1.0,0.006383494201076626,-0.017209430551367796,0.00036844369904548327,14.405889439050869,14.405889439050869,14.405889439050869
run_1,13.0,True,3.288739726415289,2.9853062503651606,0.28130591138068484,1.0,0.006283518341270788,-0.016940456429295113,0.0003634738827184453,14.405990621378578,14.405990621378578,14.405990621378578
run_1,13.015075376884422,True,3.28905065233464,2.9844679854784757,0.281323902723702,1.0,0.006256844270512459,-0.016868699048489068,0.00036215432687508966,14.406017390982601,14.406017390982601,14.406017390982601
run_1,13.085427135678392,True,3.290484652538678,2.9806017779410827,0.28140702658161365,1.0,0.006135591937914335,-0.016542546505325228,0.00035619183587015733,14.406137874689303,14.406137874689303,14.406137874689303
run_1,13.15577889447236,True,3.2918917887668604,2.9768078203119286,0.2814888417462721,1.0,0.0060194112212195875,-0.01623009265457494,0.00035053695570076097,14.40625146731395,14.40625146731395,14.40625146731395
run_1,13.226130653266331,True,3.2932731666508985,2.973083125995885,0.28156941553138687,1.0,0.005908023314522083,-0.015930584467497167,0.0003451730566687405,14.406358670610878,14.406358670610878,14.406358670610878
run_1,13.296482412060302,True,3.294629814054918,2.969424918427043,0.28164881062189195,1.0,0.005801171872703604,-0.015643329621297372,0.0003400848853441662,14.406459939571942,14.406459939571942,14.406459939571942
run_1,13.366834170854272,True,3.295962717669933,2.965830532186307,0.28172708730270324,1.0,0.0056986184280579935,-0.015367684144846903,0.0003352583161502837,14.406555689838061,14.406555689838061,14.406555689838061
run_1,13.437185929648242,True,3.2972728230138433,2.9622974130014006,0.28180430345871854,1.0,0.005600141192791879,-0.015103049174843498,0.00033068027200272945,14.40664630139006,14.40664630139006,14.40664630139006
run_1,13.507537688442211,True,3.2985610344314362,2.9588231177468627,0.2818805145748178,1.0,0.005505533947251659,-0.014848867944411707,0.0003263386507161189,14.406732121863717,14.406732121863717,14.406732121863717
run_1,13.577889447236181,True,3.2998282150943874,2.955405314444048,0.2819557737358627,1.0,0.005414605006494114,-0.014604622984092734,0.00032222225665481003,14.406813469530658,14.406813469530658,14.406813469530658
run_1,13.64824120603015,True,3.3010751870012593,2.952041782261128,0.28203013162669704,1.0,0.005327176258448626,-0.01436983351688917,0.00031832073715180024,14.406890635981826,14.406890635981826,14.406890635981826
run_1,13.71859296482412,True,3.3023027309775035,2.9487304115130897,0.28210363653214643,1.0,0.005243082267500156,-0.014144053030611326,0.00031462452326259005,14.406963888546013,14.406963888546013,14.406963888546013
run_1,13.78894472361809,True,3.3035115866754556,2.9454692036617383,0.2821763343370186,1.0,0.005162169437852914,-0.013926867012215162,0.0003111247744596594,14.407033472472106,14.407033472472106,14.407033472472106
run_1,13.859296482412061,True,3.304702452574342,2.942256271315693,0.2822482685261032,1.0,0.005084295231516324,-0.01371789083013155,0.00030781332690819294,14.407099612900431,14.407099612900431,14.407099612900431
run_1,13.92964824120603,True,3.305875985980274,2.939089838230391,0.2823194801841717,1.0,0.005009327436200886,-0.013516767751798515,0.00030468264499566654,14.407162516645649,14.407162516645649,14.407162516645649
run_1,14.0,True,3.307032803026253,2.935968239308085,0.2823900079959777,1.0,0.004937143478815858,-0.013323167084706922,0.00030172577581677343,14.407222373811118,14.407222373811118,14.407222373811118
run_2,0.0,True,0.08,15.0,0.0,1.0,0.4610402001133316,-16.656383312444998,0.050909728241240904,0.736063427398157,0.736063427398157,0.736063427398157
run_2,0.07035175879396985,True,0.0826407315006307,14.909015347338057,0.00028917127550400157,1.0,0.4621361337450468,-15.162912878587708,0.0501920609291636,0.7027111011439167,0.7027111011439167,0.7027111011439167
run_2,0.1407035175879397,True,0.08537394379845746,14.8238231541661,0.0005836210265432903,1.0,0.4628114876480018,-13.679579804894432,0.0494630699653731,0.6811678813061895,0.6811678813061895,0.6811678813061895
run_2,0.21105527638190955,True,0.08820084703164223,14.744781735553062,0.0008833778359505494,1.0,0.4630829851489361,-12.212991672137024,0.048727175535073886,0.6695974976439149,0.6695974976439149,0.6695974976439149
run_2,0.2814070351758794,True,0.09112239737084746,14.67224359192819,0.0011884679917728022,1.0,0.46297294321859944,-10.770001787912273,0.04798911279015821,0.6657688481031098,0.6657688481031098,0.6657688481031098
run_2,0.35175879396984927,True,0.09413859603433626,14.606622115550927,0.0014988455742750996,1.0,0.46250845814623026,-9.358009698657924,0.047254079225741714,0.6673632748034547,0.6673632748034547,0.6673632748034547
run_2,0.4221105527638191,True,0.097249743973659,14.548262841688807,0.0018145152878704471,1.0,0.46172325715254603,-7.984225171688188,0.046527358583023634,0.6722387236254134,0.6722387236254134,0.6722387236254134
run_2,0.49246231155778897,True,0.10045646883759897,14.497440700095412,0.0021355351175448524,1.0,0.46065702919278473,-6.655636560303072,0.04581427276092666,0.678601217452442,0.678601217452442,0.678601217452442
run_2,0.5628140703517588,True,0.10375972497217237,14.4543600150104,0.0024620163288573325,1.0,0.45935464678053994,-5.379002168951064,0.04512014617139508,0.6850743451378749,0.6850743451378749,0.6850743451378749
run_2,0.6331658291457287,True,0.10716079342062833,14.419154505159478,0.0027941234679399133,1.0,0.45786533588193684,-4.160848294600359,0.0444502749856139,0.6906985482790942,0.6906985482790942,0.6906985482790942
run_2,0.7035175879396985,True,0.11066128192344885,14.391887283754416,0.0031320743614976143,1.0,0.4562418002718865,-3.0074720659867573,0.04380990038098375,0.6948937625247287,0.6948937625247287,0.6948937625247287
run_2,0.7738693467336684,True,0.11426312491834884,14.372550858493048,0.0034761401168084713,1.0,0.45453930373617796,-1.9249467299113119,0.0432041844166404,0.6974085322939598,0.6974085322939598,0.6974085322939598
run_2,0.8442211055276382,True,0.11796858354027619,14.361067131559263,0.003826645121723523,1.0,0.4528147103495855,-0.9191265832878839,0.042638186686198724,0.6982675090799201,0.6982675090799201,0.6982675090799201
run_2,0.9145728643216081,True,0.12178024562141163,14.35728739962302,0.004183967044666812,1.0,0.45112548001475955,0.004351680144645453,0.04211683942545771,0.6977212982194365,0.6977212982194365,0.6977212982194365
run_2,0.9849246231155779,True,0.1257010256911688,14.360992353840325,0.004548536834635389,1.0,0.44952861378800324,0.8400748476734484,0.0416449182969067,0.6961980396505734,0.6961980396505734,0.6961980396505734
run_2,1.0,True,0.12655569440715925,14.362733537538952,0.004627647389218436,1.0,0.44920381139951737,1.0072396837152897,0.04155066699180509,0.6957961384626837,0.6957961384626837,0.6957961384626837
run_2,1.0552763819095479,True,0.1297341649761944,14.371892079853254,0.0049208387211993115,1.0,0.4480795415544374,1.582870309993086,0.041227005642811225,0.6942539789295675,0.6942539789295675,0.6942539789295675
run_2,1.1256281407035176,True,0.1338832561333236,14.389621248898896,0.00530141392491753,1.0,0.44683094893521813,2.2278460662498434,0.04086743788731455,0.6925199396872899,0.6925199396872899,0.6925199396872899
run_2,1.1959798994974873,True,0.1381534133428795,14.413591027915157,0.005690986930399442,1.0,0.44583153734388464,2.770633650058153,0.040570115348382764,0.691642771705662,0.691642771705662,0.691642771705662
run_2,1.2663316582914574,True,0.14255116319117755,14.443137061517676,0.00609037363369293,1.0,0.4451242427749797,3.2071110396833826,0.040338639725565936,0.6922213901547697,0.6922213901547697,0.6922213901547697
run_2,1.3366834170854272,True,0.14708353697603715,14.47751414713887,0.006500462113876637,1.0,0.44474502367592433,3.5334434680102658,0.04017625157202948,0.6947418149420566,0.6947418149420566,0.6947418149420566
run_2,1.407035175879397,True,0.151758201910178,14.5158372070579,0.006922253503411733,1.0,0.44472135361179427,3.746228409007943,0.0400856908040072,0.6995165733278293,0.6995165733278293,0.6995165733278293
run_2,1.4773869346733668,True,0.15658346112121999,14.557081288400697,0.0073568619881419,1.0,0.44507053449017053,3.8425981866479875,0.04006907808273592,0.7066369343389367,0.7066369343389367,0.7066369343389367
run_2,1.5477386934673367,True,0.16156825365168323,14.60008156313995,0.007805514807293336,1.0,0.44579796839358654,3.820389808123859,0.04012774542057376,0.7159471933122523,0.7159471933122523,0.7159471933122523
run_2,1.6180904522613067,True,0.16672215445898803,14.643533328095113,0.008269552253474755,1.0,0.446895423901594,3.678393842154263,0.04026200695667013,0.7270476532879248,0.7270476532879248,0.7270476532879248
run_2,1.6884422110552764,True,0.17205537441545496,14.685992004932393,0.008750427672677384,1.0,0.44833936743433084,3.416692648249455,0.040470862787643704,0.7393290824221935,0.7393290824221935,0.7393290824221935
run_2,1.758793969849246,True,0.17757876030830477,14.725873140164767,0.00924970746427497,1.0,0.45008947641095065,3.0370949356809693,0.04075163250889493,0.7520377306411482,0.7520377306411482,0.7520377306411482
run_2,1.8291457286432162,True,0.1833037948396586,14.761452405151962,0.009769071081023787,1.0,0.4520875097224849,2.5436676344076115,0.0410995215175548,0.7643678492729239,0.7643678492729239,0.7643678492729239
run_2,1.899497487437186,True,0.1892414521545404,14.791054890674314,0.010310140636844493,1.0,0.4542576397268199,1.9436234068060858,0.04150700862305142,0.7755764987867046,0.7755764987867046,0.7755764987867046
run_2,1.9698492462311559,True,0.19540179089599907,14.812848434282026,0.010874625182775498,1.0,0.4565060690603752,1.2478820603875238,0.04196337600856184,0.785126429142583,0.785126429142583,0.785126429142583
run_2,2.0,True,0.19811267517021988,14.81929017419435,0.011124177005934306,1.0,0.45746678657326884,0.9239897967224192,0.042170523644919015,0.7886491321078802,0.7886491321078802,0.7886491321078802
run_2,2.0402010050251254,True,0.2017949305335632,14.824834976083256,0.011464340978220524,1.0,0.45872277196154604,0.4716671599186891,0.04245429257244551,0.7928296008193749,0.7928296008193749,0.7928296008193749
run_2,2.1105527638190957,True,0.20842918174235792,14.825378453908733,0.012080764841465341,1.0,0.4607882377429864,-0.36407606818138266,0.04296111006297767,0.7989819385172898,0.7989819385172898,0.7989819385172898
run_2,2.1809045226130657,True,0.2153110263488393,14.813209328884183,0.012725030241859147,1.0,0.4625803226137619,-1.2322617785556673,0.0434608072139047,0.8044466431772658,0.8044466431772658,0.8044466431772658
run_2,2.251256281407035,True,0.22244511733079544,14.787424585430331,0.013397927299814648,1.0,0.46398327305779746,-2.0999441273117485,0.043926534070255055,0.8106046724617608,0.8106046724617608,0.8106046724617608
run_2,2.321608040201005,True,0.22983427881734575,14.747487731262893,0.014099902786808016,1.0,0.46489862220189476,-2.9294489192507296,0.044328879379670505,0.8191098009744163,0.8191098009744163,0.8191098009744163
run_2,2.3919597989949746,True,0.23747950608894133,14.69322879739259,0.014831060125378893,1.0,0.4652571516701071,-3.6804369172605114,0.04463791388931438,0.8314433211785706,0.8314433211785706,0.8314433211785706
run_2,2.462311557788945,True,0.2453810341717613,14.624888474967388,0.015591213009949242,1.0,0.465030866097433,-4.312858297069482,0.044825942532779425,0.8483757788288997,0.8483757788288997,0.8483757788288997
run_2,2.532663316582915,True,0.2535369841081562,14.544335593533981,0.016378875314890583,1.0,0.4642503199365782,-4.789237581372358,0.044870462539009406,0.8694788716367252,0.8694788716367252,0.8694788716367252
run_2,2.6030150753768844,True,0.26194375537875625,14.454564145743113,0.017191637068274288,1.0,0.46300364878382944,-5.080262755690535,0.044758353658356904,0.8930443496616594,0.8930443496616594,0.8930443496616594
run_2,2.6733668341708543,True,0.2706007771775912,14.358715598613838,0.01802725714026994,1.0,0.4614245294350977,-5.169910369611352,0.04448895337628393,0.9165992070165527,0.9165992070165527,0.9165992070165527
run_2,2.7437185929648242,True,0.279510594947595,14.260067426638008,0.018883678589166824,1.0,0.4596801035535264,-5.0573894552785434,0.04407509466954848,0.9377409698671192,0.9377409698671192,0.9377409698671192
run_2,2.814070351758794,True,0.28867887038060597,14.162033111780282,0.01975902866137398,1.0,0.45795342780296355,-4.757397801906335,0.04354254286937661,0.955034350877931,0.955034350877931,0.955034350877931
run_2,2.884422110552764,True,0.2981143814173665,14.068162143478114,0.020651618791420173,1.0,0.4564220768788154,-4.298663816592883,0.042927813628218445,0.9687378898942554,0.9687378898942554,0.9687378898942554
run_2,2.9547738693467336,True,0.3078290222475234,13.982140018641767,0.021559944601953904,1.0,0.4552353953280829,-3.7209700832609753,0.042274591951941776,0.981199911794646,0.981199911794646,0.981199911794646
run_2,3.0,True,0.31422772382792297,13.932685995003034,0.022151580627232843,1.0,0.45470355336733265,-3.308388068765568,0.04185592182758984,0.9905093547479807,0.9905093547479807,0.9905093547479807
run_2,3.0251256281407035,True,0.31783578502760007,13.907434157663175,0.02248288054030766,1.0,0.4544929709200769,-3.071065718584645,0.04162914204844444,0.9967528755935514,0.9967528755935514,0.9967528755935514
run_2,3.0954773869346734,True,0.3281537543799204,13.84557368023213,0.023421400404829002,1.0,0.4542284930388703,-2.3972081893437687,0.041034795965972405,1.020807536972431,1.020807536972431,1.020807536972431
run_2,3.1658291457286434,True,0.33880998221678116,13.79709416393588,0.024377866914199967,1.0,0.45440598670004184,-1.7445967352863472,0.04052839053652215,1.0581500340636028,1.0581500340636028,1.0581500340636028
run_2,3.2361809045226133,True,0.3498259281579147,13.761874016006244,0.02535503213093418,1.0,0.45491402831194544,-1.15255186568218,0.040137690512044626,1.1109698656107734,1.1109698656107734,1.1109698656107734
run_2,3.306532663316583,True,0.361217033473353,13.739120994566624,0.02635602651995389,1.0,0.45556209926072533,-0.651653528704312,0.03987867017188506,1.1772926793253564,1.1772926793253564,1.1772926793253564
run_2,3.3768844221105527,True,0.3729927210834282,13.727372208632007,0.027384358948590044,1.0,0.4560836402646421,-0.26141536854690467,0.03975351070071695,1.2504099670753581,1.2504099670753581,1.2504099670753581
run_2,3.4472361809045227,True,0.385156395558772,13.72449411810895,0.0284439166865822,1.0,0.456149490131721,0.011292791574947416,0.03974966859969587,1.3193100397551332,1.3193100397551332,1.3193100397551332
run_2,3.517587939698492,True,0.39770544312031625,13.7276825337956,0.0295389654060786,1.0,0.4553961781290645,0.17280113958868162,0.039840475722443626,1.3697580980305872,1.3697580980305872,1.3697580980305872
run_2,3.5879396984924625,True,0.4106316490579272,13.733781706649737,0.030673842291645787,1.0,0.4534746779507501,0.24173461264101861,0.039987802030405535,1.3859465108787383,1.3859465108787383,1.3859465108787383
run_2,3.6582914572864325,True,0.42390200736033756,13.741012235754685,0.031850288230259254,1.0,0.45013411389091396,0.2458933297650222,0.04014725824260518,1.3533626001106784,1.3533626001106784,1.3533626001106784
run_2,3.728643216080402,True,0.437466072276841,13.748211315779638,0.033068435775606475,1.0,0.4453225562407063,0.21759057909419832,0.04027741614127952,1.2650807873942584,1.2650807873942584,1.2650807873942584
run_2,3.798994974874372,True,0.4512858126771454,13.754743059366088,0.03432821178633175,1.0,0.43927150697722256,0.1864962186323441,0.0403514738823876,1.1344814547524678,1.1344814547524678,1.1344814547524678
run_2,3.8693467336683423,True,0.46533663842139344,13.760533343335897,0.03562934789580959,1.0,0.4325392904798432,0.1720849943830113,0.04036771741371997,1.018777915907974,1.018777915907974,1.018777915907974
run_2,3.9396984924623117,True,0.47960740036016275,13.766069808691332,0.03697138051214475,1.0,0.4259848621006755,0.17801232685451904,0.040355506246151515,1.0318354359414437,1.0318354359414437,1.0318354359414437
run_2,4.0,True,0.4920164074697673,13.771352017242076,0.03815382102793553,1.0,0.42130050156421245,0.1891458562831339,0.04036641728756118,1.2080385731292478,1.2080385731292478,1.2080385731292478
run_2,4.010050251256281,True,0.4941018749072499,13.772297153650339,0.03835383815605361,1.0,0.42065480941410044,0.19036001328263796,0.040373728945187475,1.250686145006973,1.250686145006973,1.250686145006973
run_2,4.080402010050251,True,0.5088759789092597,13.778973171000084,0.039779814260702796,1.0,0.417590585405858,0.18132924608662568,0.04050068464486363,1.6118660947611538,1.6118660947611538,1.6118660947611538
run_2,4.150753768844221,True,0.5240422051082574,13.784464083301724,0.041256688166129325,1.0,0.41764494933198376,0.1159756350444319,0.040818593213407174,1.9975570544629244,1.9975570544629244,1.9975570544629244
run_2,4.2211055276381915,True,0.5397333829184706,13.786048673325407,0.04279441162616839,1.0,0.4213112366814313,-0.03897857949497532,0.0413942750906168,2.3052684032968513,2.3052684032968513,2.3052684032968513
run_2,4.291457286432161,True,0.5561009828693623,13.779841283950132,0.04440553599345278,1.0,0.4285620522149302,-0.3044806333401942,0.04225662212473152,2.4574014496945886,2.4574014496945886,2.4574014496945886
run_2,4.361809045226131,True,0.5733150952907919,13.760797915499417,0.046105195839673256,1.0,0.43873296936173606,-0.6776808140558618,0.04337226540953757,2.41585451833433,2.41585451833433,2.41585451833433
run_2,4.4321608040201,True,0.5915365741239831,13.724064353921987,0.04790766937038294,1.0,0.45046725104757546,-1.1207729834510236,0.044620361435338776,2.2218053063116034,2.2218053063116034,2.2218053063116034
run_2,4.50251256281407,True,0.6108328757974738,13.667423504917162,0.04981994691114181,1.0,0.46181636459455716,-1.5548204818579752,0.045778115776597975,2.0509988895716824,2.0509988895716824,2.0509988895716824
run_2,4.572864321608041,True,0.6312003116976206,13.592417651380051,0.05183781483963596,1.0,0.4707047107512566,-1.8715580262832165,0.04654879280101182,2.1316161575440193,2.1316161575440193,2.1316161575440193
run_2,4.64321608040201,True,0.6525739006001675,13.504800358982505,0.05394446842273349,1.0,0.47568287948918,-1.971574703628433,0.04665022311531,2.3986142596323043,2.3986142596323043,2.3986142596323043
run_2,4.71356783919598,True,0.6748273686702475,13.414536476173124,0.056110511816484555,1.0,0.47650470463495637,-1.8155015476891394,0.04593654451143155,2.4962391587881596,2.4962391587881596,2.4962391587881596
run_2,4.783919597989949,True,0.6977855828977636,13.334839974704732,0.05829610971522754,1.0,0.47405586205263356,-1.4539453636134445,0.04448216690045698,2.148163318192068,2.148163318192068,2.148163318192068
run_2,4.8542713567839195,True,0.7213426395691735,13.273409345035166,0.06046958531584487,1.0,0.46968481253096867,-1.005084541479861,0.042549973932573565,1.4131069182410236,1.4131069182410236,1.4131069182410236
run_2,4.92462311557789,True,0.7454446524543232,13.232193738639214,0.06261131330842795,1.0,0.4644527953353996,-0.5988455643723758,0.04047543179443256,1.3109154419755826,1.3109154419755826,1.3109154419755826
run_2,4.994974874371859,True,0.7700556234778864,13.208245685653912,0.06471596407554508,1.0,0.45887836758202494,-0.3299631739604236,0.03855523439039896,2.564694762613312,2.564694762613312,2.564694762613312
run_2,5.0,True,0.771832468367801,13.207014774668075,0.06486503881573237,1.0,0.45847166599660316,-0.31744499614879607,0.03842993968666917,2.6713065110488894,2.6713065110488894,2.6713065110488894
run_2,5.06532663316583,True,0.7951585741299618,13.193625747113627,0.06679292159535873,1.0,0.45307372472152757,-0.24075522292452373,0.03699035180111846,4.030300673335381,4.030300673335381,4.030300673335381
run_2,5.135678391959798,True,0.8207374585402358,13.178366876354733,0.06886117417216535,1.0,0.4469642011212972,-0.32741978471204475,0.03588423945457203,5.1965961690033735,5.1965961690033735,5.1965961690033735
run_2,5.206030150753769,True,0.8467626220027604,13.152879922830126,0.07094558964126972,1.0,0.4404322733332381,-0.5528831472324018,0.035261777553024794,5.810038145251602,5.810038145251602,5.810038145251602
run_2,5.276381909547739,True,0.8731967269562565,13.110278605345705,0.07307180103476393,1.0,0.4333873221116955,-0.8572330223051433,0.0350894177138265,5.745386077654057,5.745386077654057,5.745386077654057
run_2,5.346733668341709,True,0.899993974934164,13.047092910355882,0.07526473101657523,1.0,0.42581821547686366,-1.1659226257232291,0.0352911921315475,5.051182425382394,5.051182425382394,5.051182425382394
run_2,5.417085427135678,True,0.9271138676168136,12.963767720382833,0.07754769987814114,1.0,0.41791564903356004,-1.3996491260444472,0.03577083645510117,4.094999435949427,4.094999435949427,4.094999435949427
run_2,5.4874371859296485,True,0.9545124636107051,12.867471459285,0.07993642420483497,1.0,0.4103395955355422,-1.4892843284955217,0.03644476447948002,3.7364024607218345,3.7364024607218345,3.7364024607218345
run_2,5.557788944723618,True,0.9822421737282676,12.768462105372798,0.08244624064442643,1.0,0.40454744422124334,-1.398519247792693,0.037287629751727516,4.469269932918015,4.469269932918015,4.469269932918015
run_2,5.628140703517588,True,1.0105135483637457,12.678236632781555,0.0850961053565627,1.0,0.4029576294239456,-1.1444338707855317,0.03835611525509955,5.429400357902576,5.429400357902576,5.429400357902576
run_2,5.698492462311558,True,1.039702372054164,12.607779376792642,0.08790870050311882,1.0,0.4084740204084975,-0.80794586257811,0.03974272677593971,5.722717986308095,5.722717986308095,5.722717986308095
run_2,5.768844221105528,True,1.0705246646486428,12.55905052214986,0.0909216891893127,1.0,0.4229272225767176,-0.5226514326722401,0.04143753335971584,5.080862106993314,5.080862106993314,5.080862106993314
run_2,5.839195979899498,True,1.1036760273839659,12.523990823722775,0.09415784777265487,1.0,0.44426236256611185,-0.43462366207384256,0.04310965334855496,3.867108685131716,3.867108685131716,3.867108685131716
run_2,5.909547738693467,True,1.1395567456558757,12.484549554803706,0.0976032775891259,1.0,0.4644940774461754,-0.6143206833420897,0.04405964464573834,2.570726293129592,2.570726293129592,2.570726293129592
run_2,5.9798994974874375,True,1.1779078538427445,12.420501992757645,0.10119156979619989,1.0,0.47348409027990307,-0.970464427555059,0.04370944488613182,1.1404411064132673,1.1404411064132673,1.1404411064132673
run_2,6.0,True,1.189160988847507,12.396258682877786,0.10222699380484816,1.0,0.47331712491112055,-1.0750352090484838,0.04338918585368132,1.1111644739908408,1.1111644739908408,1.1111644739908408
run_2,6.050251256281407,True,1.2176399362159265,12.32444106881517,0.104819058905278,1.0,0.46871127075490715,-1.2906736656293067,0.04239114102416767,2.6955281575639027,2.6955281575639027,2.6955281575639027
run_2,6.1206030150753765,True,1.2580091992421696,12.20474605792159,0.1084547795119895,1.0,0.45853203529800113,-1.4122565930235074,0.04126404959859799,5.614078883217528,5.614078883217528,5.614078883217528
run_2,6.190954773869347,True,1.29893973394527,12.080891076726,0.11215650936468097,1.0,0.45305879822455175,-1.3078301254743019,0.041286160320730396,7.347008513629525,7.347008513629525,7.347008513629525
run_2,6.261306532663316,True,1.3410187072075426,11.970819655632702,0.11603471512872707,1.0,0.45296722870363293,-1.0489996435526718,0.04224400379061097,6.739213720754948,6.739213720754948,6.739213720754948
run_2,6.331658291457287,True,1.3841570814090443,11.88485801808561,0.1201058174023308,1.0,0.44313907696627164,-0.7498927132886548,0.04227261956695405,4.20810013115052,4.20810013115052,4.20810013115052
run_2,6.402010050251256,True,1.426277510857122,11.82346253689394,0.12415843021472266,1.0,0.40389341167766646,-0.5065891097780856,0.039160196104146054,4.753350675182398,4.753350675182398,4.753350675182398
run_2,6.472361809045227,True,1.4641677052987132,11.780723186509064,0.12785473178399456,1.0,0.3398756141611593,-0.3466117835377205,0.03337366137495794,8.269644964606762,8.269644964606762,8.269644964606762
run_2,6.542713567839196,True,1.4961010061542745,11.750048601660843,0.13101233433374423,1.0,0.27544895949844583,-0.25156676469469635,0.02746501215409475,10.89418682647078,10.89418682647078,10.89418682647078
run_2,6.613065326633166,True,1.5225786888651878,11.726447755755773,0.1336794708995362,1.0,0.22616023465337393,-0.19891671932270058,0.023059082167112673,12.385552377502085,12.385552377502085,12.385552377502085
run_2,6.683417085427136,True,1.5451369488476228,11.706526955517484,0.13601164255132417,1.0,0.19478759490144817,-0.17418838096535336,0.0204535965497195,13.110564576958916,13.110564576958916,13.110564576958916
run_2,6.7537688442211055,True,1.5655046250270501,11.687836075037675,0.13818481248935158,1.0,0.1798724461838346,-0.17022682179962106,0.019505438226514432,13.32233104003951,13.32233104003951,13.32233104003951
run_2,6.824120603015075,True,1.5853350369013557,11.668324164046355,0.1403667143911128,1.0,0.18107788273691472,-0.18573085997775532,0.020167823544686426,13.099968040734462,13.099968040734462,13.099968040734462
run_2,6.894472361809045,True,1.6065917272703747,11.645520228137078,0.14275150825812577,1.0,0.20129435993680775,-0.2252122047393016,0.022670734933250208,12.358724041843574,12.358724041843574,12.358724041843574
run_2,6.964824120603015,True,1.6318812023745206,11.615989557572586,0.14558587621515592,1.0,0.24791447070671313,-0.3005801166965731,0.02752712728757241,10.817615627402212,10.817615627402212,10.817615627402212
run_2,7.0,True,1.6471801904605357,11.597086163750168,0.1472692638042939,1.0,0.28424730286659927,-0.3574647295885553,0.03095853029631242,9.613224726972291,9.613224726972291,9.613224726972291
run_2,7.035175879396984,True,1.6650215119805267,11.57423888569294,0.1491857397217503,1.0,0.329942503828803,-0.4297747169413923,0.03491733053489768,8.085612357822095,8.085612357822095,8.085612357822095
run_2,7.105527638190955,True,1.7104782823753921,11.512764452115295,0.1537928427569583,1.0,0.4353384727023704,-0.6089933731247813,0.042132238815935155,4.801261827016366,4.801261827016366,4.801261827016366
run_2,7.175879396984925,True,1.768269657774837,11.42877083870006,0.15904700872536795,1.0,0.49407329789286897,-0.7440034446954307,0.042076261594111056,3.072203450429882,3.072203450429882,3.072203450429882
run_2,7.2462311557788945,True,1.8292608936605856,11.333867302355012,0.16390065057682474,1.0,0.45677052344875874,-0.7326383095556832,0.03390845835515818,1.3308829757232743,1.3308829757232743,1.3308829757232743
run_2,7.316582914572865,True,1.8837212753449186,11.244444879737454,0.16771360747224656,1.0,0.37562829291781,-0.6301489551095178,0.02482407740511223,4.51080557710158,4.51080557710158,4.51080557710158
run_2,7.3869346733668335,True,1.9288825227994968,11.167472123102261,0.1705681189437922,1.0,0.30047388569432965,-0.5198396579453017,0.018182201653570495,7.587569380094832,7.587569380094832,7.587569380094832
run_2,7.457286432160804,True,1.9659004063119971,11.102699905294461,0.1727366961203793,1.0,0.24317239680036692,-0.4303063740546425,0.013800802344645046,9.667791575545934,9.667791575545934,9.667791575545934
run_2,7.527638190954773,True,1.9967083071877811,11.047674119260396,0.17444380098607792,1.0,0.20130359456976304,-0.36281018703367,0.010921330413351044,11.02688499798324,11.02688499798324,11.02688499798324
run_2,7.597989949748744,True,2.022901769445472,11.000072312411673,0.1758424764672154,1.0,0.17055275750236454,-0.31251196843246176,0.008985374113531546,11.933199357353988,11.933199357353988,11.933199357353988
run_2,7.668341708542714,True,2.0455922230603187,10.958167287352527,0.17702763375700215,1.0,0.1476572249348833,-0.27495526284422606,0.007659250467973951,12.555945496826268,12.555945496826268,12.555945496826268
run_2,7.7386934673366845,True,2.0656336385573746,10.920544239523648,0.17806454682106715,1.0,0.1303367591585804,-0.24675782264843849,0.006741270373868248,12.998075014678331,12.998075014678331,12.998075014678331
run_2,7.809045226130653,True,2.083648393085017,10.88614505971526,0.17899953891212952,1.0,0.11707467625623116,-0.22558304330313134,0.006109899761200794,13.321572210009352,13.321572210009352,13.321572210009352
run_2,7.8793969849246235,True,2.1000968962681847,10.854157501046142,0.179865903692241,1.0,0.10689434051728827,-0.20990965245356136,0.005692502864199606,13.564006975103995,13.564006975103995,13.564006975103995
run_2,7.949748743718593,True,2.1153431248362122,10.823916249523759,0.1806895291391116,1.0,0.09917224098639761,-0.1987837288281126,0.005446249179826179,13.74884760863654,13.74884760863654,13.74884760863654
run_2,8.0,True,2.125673531835707,10.803048993829318,0.18126447489569208,1.0,0.09494216064835709,-0.19330990106107157,0.005361861341174905,13.85421293868458,13.85421293868458,13.85421293868458
run_2,8.020100502512562,True,2.129703006699977,10.79481814399227,0.18149342561087994,1.0,0.09352747501788222,-0.1916717054801752,0.005348384096668057,13.891177471242067,13.891177471242067,13.891177471242067
run_2,8.090452261306533,True,2.143458945829212,10.766295830978951,0.18229902279509064,1.0,0.0897865649168763,-0.18842724033387007,0.005392567870191555,14.000386177705,14.000386177705,14.000386177705
run_2,8.160804020100501,True,2.156919363218183,10.737684653605795,0.1831309792453439,1.0,0.0879679203755477,-0.18930948713714477,0.0055888848265350025,14.082037292816644,14.082037292816644,14.082037292816644
run_2,8.231155778894472,True,2.1703252233904125,10.708460989195137,0.18400897789263937,1.0,0.08832592057611773,-0.19505037709837042,0.0059635661504151005,14.137572582059214,14.137572582059214,14.137572582059214
run_2,8.301507537688442,True,2.1840006971466406,10.677878573427337,0.18496094682078695,1.0,0.09137117616272868,-0.20699528071413684,0.006565823795267895,14.165452313718383,14.165452313718383,14.165452313718383
run_2,8.371859296482413,True,2.198505689399865,10.644607655799339,0.18603597933095978,1.0,0.09813000397508888,-0.22776503982453736,0.007492687671801163,14.158786540553145,14.158786540553145,14.158786540553145
run_2,8.442211055276383,True,2.2146358622817504,10.60673494576697,0.18730433586972908,1.0,0.11057877579591319,-0.2622613898544248,0.008922772019344436,14.09871312413096,14.09871312413096,14.09871312413096
run_2,8.512562814070352,True,2.233491322841198,10.561594524601292,0.18886356845855254,1.0,0.13230252890268676,-0.3192578346385248,0.011171385016412088,13.939791721028337,13.939791721028337,13.939791721028337
run_2,8.582914572864322,True,2.2571105866873227,10.504215126835035,0.19089446031173254,1.0,0.170367199013258,-0.41605862011320444,0.0148603292257509,13.56072451359618,13.56072451359618,13.56072451359618
run_2,8.653266331658292,True,2.289261443780692,10.425392391602248,0.1937298496172753,1.0,0.23821795579737137,-0.5855917650113133,0.021170563703050864,12.596367928631146,12.596367928631146,12.596367928631146
run_2,8.723618090452263,True,2.3366393235457816,10.308745604061759,0.19796010240443232,1.0,0.3518158776401065,-0.8669498862913666,0.031497704703098095,9.918873682906707,9.918873682906707,9.918873682906707
run_2,8.793969849246231,True,2.405715576480774,10.138472012217106,0.20415094244490742,1.0,0.4616172799417606,-1.138053716664448,0.04139220286238071,4.323105333926573,4.323105333926573,4.323105333926573
run_2,8.8643216080402,True,2.482739078466917,9.948572863394723,0.21105959207709504,1.0,0.40334582304844335,-0.9944925926987576,0.036198729535416224,7.961875504868144,7.961875504868144,7.961875504868144
run_2,8.93467336683417,True,2.541614097304262,9.803382242295612,0.21635407347448463,1.0,0.26621504393022977,-0.6567683442572926,0.024036124447472662,12.045289930048522,12.045289930048522,12.045289930048522
run_2,9.0,True,2.5782563582570828,9.712912037881239,0.21968713213471847,1.0,0.179698254268625,-0.44424275738016855,0.016534050832089354,13.399477545483398,13.399477545483398,13.399477545483398
run_2,9.00502512562814,True,2.58055217055969,9.707235794070009,0.21989859518886884,1.0,0.1747509856163547,-0.4321226679792693,0.016114571597893507,13.457740401568204,13.457740401568204,13.457740401568204
run_2,9.075376884422111,True,2.607267452755347,9.641023990095585,0.22240924535343454,1.0,0.12312207366675611,-0.3061448760616971,0.011873423088453811,13.951942746554689,13.951942746554689,13.951942746554689
run_2,9.145728643216081,True,2.6269450303737574,9.59188007003185,0.22436899839963104,1.0,0.09318549196806399,-0.2340544948703833,0.009655046862373218,14.133706376962778,14.133706376962778,14.133706376962778
run_2,9.21608040201005,True,2.642421882546525,9.552731341218472,0.22604644110876312,1.0,0.07540935832902491,-0.19238673314757967,0.00860132609348754,14.17933105110104,14.17933105110104,14.17933105110104
run_2,9.28643216080402,True,2.6554538564157677,9.519148030738021,0.22761568744423888,1.0,0.06546988882817989,-0.17064506559590764,0.008347825097419088,14.13792823302986,14.13792823302986,14.13792823302986
run_2,9.35678391959799,True,2.6672795249353385,9.487936639015794,0.22921043103067912,1.0,0.06198776979416396,-0.16576928275099073,0.00881889432205515,14.006204156568506,14.006204156568506,14.006204156568506
run_2,9.42713567839196,True,2.6791582629554354,9.455747756370359,0.2309795800358053,1.0,0.0658562699100924,-0.18066923601954948,0.010183228883037784,13.732534766295522,13.732534766295522,13.732534766295522
run_2,9.49748743718593,True,2.6928334955484927,9.417832875921961,0.23313915584535372,1.0,0.08140971323171595,-0.22756659305502386,0.012978862535804757,13.16561065302565,13.16561065302565,13.16561065302565
run_2,9.567839195979898,True,2.711495964037952,9.365418624289163,0.23606889990665475,1.0,0.12069728019729288,-0.3396946916993426,0.018464327849908382,11.87150630510698,11.87150630510698,11.87150630510698
run_2,9.638190954773869,True,2.7423373482971996,9.278776915350676,0.24051615051796824,1.0,0.21317578138922577,-0.5970882982616513,0.028876971225782772,8.610997261779548,8.610997261779548,8.610997261779548
run_2,9.708542713567839,True,2.799014966646591,9.12097436905727,0.24744150109272098,1.0,0.37071227162225967,-1.0265941467627704,0.04106117861808022,2.067555502538849,2.067555502538849,2.067555502538849
run_2,9.77889447236181,True,2.879507866320169,8.89933012408748,0.2554164231059454,1.0,0.3945008857757167,-1.0810864334931138,0.03520923973106007,5.987267037657125,5.987267037657125,5.987267037657125
run_2,9.84924623115578,True,2.9489755371347672,8.709551550779079,0.26117757684100745,1.0,0.2801186024732654,-0.7631452244472697,0.02166152967163586,10.438675192721652,10.438675192721652,10.438675192721652
run_2,9.919597989949748,True,2.997530706952941,8.577479281330282,0.2647763618963739,1.0,0.19173277546606746,-0.5207446389018816,0.013632687180229856,12.436809721218292,12.436809721218292,12.436809721218292
run_2,9.989949748743719,True,3.032062913397521,8.483781503497145,0.2671637053516783,1.0,0.13899038512753326,-0.3768073817798253,0.009369882149347628,13.306345596169415,13.306345596169415,13.306345596169415
run_2,10.0,True,3.036213526067503,8.472531031108183,0.2674420483575383,1.0,0.1333863106799653,-0.36154121827767033,0.008937549393680605,13.385319734943392,13.385319734943392,13.385319734943392
run_2,10.06030150753769,True,3.058097672965904,8.41324622931521,0.26888475656305577,1.0,0.1064555945077977,-0.28825220384806455,0.006914587494343296,13.728173888666799,13.728173888666799,13.728173888666799
run_2,10.13065326633166,True,3.078623081738605,8.35769408590721,0.2701993761691302,1.0,0.08514925619108848,-0.23035725318812894,0.005379536628403238,13.955142337177772,13.955142337177772,13.955142337177772
run_2,10.201005025125628,True,3.0954222030821197,8.312262293576131,0.2712492192719575,1.0,0.07037685470906874,-0.19026466285538202,0.00435091015307282,14.088418056650728,14.088418056650728,14.088418056650728
run_2,10.271356783919597,True,3.1095545851776,8.274065416225028,0.2721153611122762,1.0,0.05965174643531776,-0.16118274666004048,0.003623651723294986,14.172218513024076,14.172218513024076,14.172218513024076
run_2,10.341708542713567,True,3.121694089174747,8.241271257779974,0.2728472026324815,1.0,0.05157819684765837,-0.13930632147143004,0.0030878253578747674,14.227802637026013,14.227802637026013,14.227802637026013
run_2,10.412060301507537,True,3.132319770306477,8.212578108372092,0.2734792552679574,1.0,0.04529999073773607,-0.12230454426161,0.0026785576235457105,14.266411562156962,14.266411562156962,14.266411562156962
run_2,10.482412060301508,True,3.141747405064437,8.187128620993727,0.27403375107067235,1.0,0.04029623898194964,-0.10876070746904082,0.0023573406457083413,14.294200156782045,14.294200156782045,14.294200156782045
run_2,10.552763819095478,True,3.15020179191811,8.164313081036681,0.27452605464262586,1.0,0.03622917801065739,-0.09775687548047936,0.00209973169826984,14.314783727527926,14.314783727527926,14.314783727527926
run_2,10.623115577889449,True,3.157852611203866,8.143671490600244,0.27496759958666345,1.0,0.032867452390453425,-0.08866473660910303,0.0018893153551128596,14.330408753002901,14.330408753002901,14.330408753002901
run_2,10.693467336683417,True,3.1648363976037053,8.12483379649061,0.27536752080052473,1.0,0.03004521402199166,-0.08103417960273883,0.0017145447079923203,14.342534897499853,14.342534897499853,14.342534897499853
run_2,10.763819095477388,True,3.171258704283053,8.107514010698223,0.27573280965965324,1.0,0.02764399750269339,-0.07454384490271862,0.0015672871158927458,14.35212594863195,14.35212594863195,14.35212594863195
run_2,10.834170854271356,True,3.1771970610024893,8.09150218437939,0.2760685182376297,1.0,0.025579536538651505,-0.0689652172733474,0.0014418115858828929,14.35982903343568,14.35982903343568,14.35982903343568
run_2,10.904522613065327,True,3.1827166499565744,8.0766218631549,0.27637885149118924,1.0,0.023787368795078912,-0.064123561335731,0.001333789780977758,14.366102791886874,14.366102791886874,14.366102791886874
run_2,10.974874371859297,True,3.187867577397008,8.06273746532731,0.2766669974760272,1.0,0.022219370680429777,-0.059888464043668266,0.0012400151778766328,14.371272294695467,14.371272294695467,14.371272294695467
run_2,11.0,True,3.189626329386996,8.057997170168802,0.2767650672719756,1.0,0.021706157821964292,-0.058502499348243635,0.0012094794166808145,14.37289884625438,14.37289884625438,14.37289884625438
run_2,11.045226130653266,True,3.1926935006877253,8.049730874350429,0.2769357227197633,1.0,0.02083724020285376,-0.056156166689031305,0.0011579640810860312,14.375578556146001,14.375578556146001,14.375578556146001
run_2,11.115577889447236,True,3.197232652810288,8.037498659402218,0.2771874427099851,1.0,0.019610228003711858,-0.052843398166572304,0.001085631145930244,14.379202547019217,14.379202547019217,14.379202547019217
run_2,11.185929648241206,True,3.201517842363886,8.025952075384792,0.2774242218942474,1.0,0.018513703462739443,-0.04988347555661472,0.0010214236799318379,14.38228106795688,14.38228106795688,14.38228106795688
run_2,11.256281407035177,True,3.2055764535653353,8.015017062924434,0.2776477736800727,1.0,0.017528022422696715,-0.04722322705510682,0.0009640797154365978,14.384918147476714,14.384918147476714,14.384918147476714
run_2,11.326633165829147,True,3.2094304462490784,8.00463424837157,0.2778594604349506,1.0,0.016637628197038085,-0.044820550351082206,0.0009126040314653265,14.387193300642053,14.387193300642053,14.387193300642053
run_2,11.396984924623116,True,3.2130970832554806,7.994756975192136,0.27806034003794716,1.0,0.015830150469993406,-0.04264196964181871,0.0008662073083286276,14.389168004931362,14.389168004931362,14.389168004931362
run_2,11.467336683417086,True,3.2165941547898695,7.985337162059136,0.2782515024026816,1.0,0.015094601069974276,-0.04065776012833594,0.0008241965712382094,14.390892881960477,14.390892881960477,14.390892881960477
run_2,11.537688442211056,True,3.219935538073794,7.976337314290742,0.2784337898651103,1.0,0.014422200678365686,-0.038844173458705444,0.000786018859467304,14.392407543216237,14.392407543216237,14.392407543216237
run_2,11.608040201005025,True,3.223133468299461,7.967724377807841,0.27860794219177887,1.0,0.013805522152870087,-0.037181122183732936,0.000751208749878202,14.393744142816042,14.393744142816042,14.393744142816042
run_2,11.678391959798995,True,3.226199267533975,7.9594677665643845,0.2787746431002843,1.0,0.013238139929988324,-0.035651231154413744,0.000719366161588371,14.394929196873415,14.394929196873415,14.394929196873415
run_2,11.748743718592964,True,3.229143344719333,7.951539362547388,0.2789345202592749,1.0,0.012714494511114286,-0.03423946980883541,0.000690146966336245,14.395984648910938,14.395984648910938,14.395984648910938
run_2,11.819095477386934,True,3.231975195672432,7.9439135157769325,0.27908814528844983,1.0,0.01222977731214056,-0.03293283982435283,0.0006632550876614697,14.396928718475438,14.396928718475438,14.396928718475438
run_2,11.889447236180905,True,3.234703403085059,7.936567044306161,0.2792360337585599,1.0,0.011779832568450355,-0.03172010911803907,0.0006384358300591209,14.397776579930046,14.397776579930046,14.397776579930046
run_2,11.959798994974875,True,3.2373356365239006,7.929479234221281,0.27937864519140665,1.0,0.011361073519951862,-0.0305915846362753,0.0006154702251641702,14.398540907762955,14.398540907762955,14.398540907762955
run_2,12.0,True,3.2387993173592835,7.925538067211066,0.27945792574011896,1.0,0.01113457675553456,-0.029981257119960303,0.0006031057550883191,14.39894432048963,14.39894432048963,14.39894432048963
run_2,12.030150753768845,True,3.2398786524305363,7.922631839641565,0.2795163830598433,1.0,0.01097041055514879,-0.029538917615925777,0.0005941702199407528,14.399232316591975,14.399232316591975,14.399232316591975
run_2,12.100502512562814,True,3.2423382941214434,7.916009082719347,0.27964959478777385,1.0,0.010605189379891517,-0.028554936054938945,0.0005743745632119067,14.399859717767638,14.399859717767638,14.399859717767638
run_2,12.170854271356784,True,3.244719491787993,7.9095976536400245,0.27977857175015386,1.0,0.010263137605188887,-0.027633500026611222,0.0005559452728505186,14.400430609638896,14.400430609638896,14.400430609638896
run_2,12.241206030150753,True,3.2470263780195388,7.903386398428047,0.2799035563263617,1.0,0.009942300642473036,-0.026769328330739896,0.0005387636375873158,14.400951343265163,14.400951343265163,14.400951343265163
run_2,12.311557788944723,True,3.249264061910778,7.897361524295446,0.28002485043837316,1.0,0.009640739015151467,-0.025957182792589163,0.0005227136779839627,14.401427722154676,14.401427722154676,14.401427722154676
run_2,12.381909547738694,True,3.251436603777775,7.891512072157102,0.2801426924740413,1.0,0.009356827630739466,-0.0251926740780278,0.0005076979606807093,14.401864599476001,14.401864599476001,14.401864599476001
run_2,12.452261306532662,True,3.253547396231422,7.8858288867930995,0.28025728049399223,1.0,0.009089164698603732,-0.024472015931216604,0.0004936323550604731,14.402266116318033,14.402266116318033,14.402266116318033
run_2,12.522613065326633,True,3.2555996774587976,7.88030322976677,0.28036880353811144,1.0,0.008836476783283325,-0.023791769208494774,0.0004804407645500681,14.402635912864088,14.402635912864088,14.402635912864088
run_2,12.592964824120603,True,3.2575965312231645,7.874926779424694,0.2804774416255432,1.0,0.008597606791733244,-0.02314880933950225,0.000468054336254642,14.402977194348324,14.402977194348324,14.402977194348324
run_2,12.663316582914574,True,3.2595408868639693,7.8696916308967015,0.2805833657546913,1.0,0.008371503204206838,-0.022540297162011495,0.00045641075576874525,14.403292787604295,14.403292787604295,14.403292787604295
run_2,12.733668341708544,True,3.2614355192968456,7.864590296095869,0.28068673790321824,1.0,0.008157210407547442,-0.021963652746548417,0.000445453616892352,14.403585189642278,14.403585189642278,14.403585189642278
run_2,12.804020100502512,True,3.263283049013609,7.859615703718522,0.28078771102804584,1.0,0.007953860005699465,-0.02141653187061942,0.0004351318572472536,14.40385660946166,14.40385660946166,14.40385660946166
run_2,12.874371859296483,True,3.265085942082262,7.854761199244235,0.2808864290653551,1.0,0.007760662996515478,-0.020896804841238126,0.00042539925189719453,14.404109004112593,14.404109004112593,14.404109004112593
run_2,12.944723618090453,True,3.2668465101469906,7.85002054493583,0.2809830269305859,1.0,0.00757690271660831,-0.020402537398958462,0.00041621395804375514,14.404344109860894,14.404344109860894,14.404344109860894
run_2,13.0,True,3.268201531988781,7.84637180806066,0.28105752021293934,1.0,0.007438713768434765,-0.020030895345175347,0.00040935609863928184,14.404517718036104,14.404517718036104,14.404517718036104
run_2,13.015075376884422,True,3.2685669104281656,7.845387919839375,0.2810776305184375,1.0,0.007401928467257289,-0.01993197346727001,0.00040753810471780977,14.404563469176047,14.404563469176047,14.404563469176047
run_2,13.085427135678392,True,3.2702491457223437,7.84085791978419,0.28117035670286805,1.0,0.007235149744387931,-0.01948351953844466,0.0003993374221292571,14.404768454150163,14.404768454150163,14.404768454150163
run_2,13.15577889447236,True,3.271895064402265,7.836425557382842,0.281261313337095,1.0,0.007076031004540964,-0.01905573051111535,0.00039158090598924157,14.40496028686165,14.40496028686165,14.40496028686165
run_2,13.226130653266331,True,3.273506360416855,7.832086262031145,0.2813505992535948,1.0,0.006924086906666143,-0.01864729681639279,0.0003842405126916392,14.40514005711855,14.40514005711855,14.40514005711855
run_2,13.296482412060302,True,3.2750845732912235,7.827835879908161,0.28143830426410305,1.0,0.006778877976628738,-0.018257032688486385,0.0003772908817444786,14.405308737950145,14.405308737950145,14.405308737950145
run_2,13.366834170854272,True,3.2766310881266656,7.823670673976203,0.28152450915961447,1.0,0.006640006647604943,-0.01788386545287311,0.0003707090822864077,14.405467199159698,14.405467199159698,14.405467199159698
run_2,13.437185929648242,True,3.278147135600661,7.81958732398083,0.28160928571038285,1.0,0.006507113635158925,-0.017526825720305426,0.00036447438091633634,14.405616219204122,14.405616219204122,14.405616219204122
run_2,13.507537688442211,True,3.2796337919668734,7.815582926450849,0.2816926966659212,1.0,0.006379874610816128,-0.017185038388577996,0.0003585680284127425,14.405756495626754,14.405756495626754,14.405756495626754
run_2,13.577889447236181,True,3.2810920484969923,7.811654807370832,0.2817747997479787,1.0,0.006257991296831179,-0.01685769866820289,0.0003529727964057837,14.405888660522592,14.405888660522592,14.405888660522592
run_2,13.64824120603015,True,3.282523319186912,7.80779915230784,0.2818556770628496,1.0,0.006141147525669046,-0.016543954065077426,0.00034767095689850706,14.406013331653625,14.406013331653625,14.406013331653625
run_2,13.71859296482412,True,3.2839287717536294,7.804012810800055,0.2819353968904872,1.0,0.006029065953626803,-0.016243056694900598,0.0003426468890885726,14.40613105398036,14.40613105398036,14.40613105398036
run_2,13.78894472361809,True,3.2853094442920594,7.800292981961236,0.28201402015523164,1.0,0.005921495652521764,-0.015954329905512935,0.00033788645883350507,14.406242317548484,14.406242317548484,14.406242317548484
run_2,13.859296482412061,True,3.2866663243129945,7.796637001298161,0.2820916049455732,1.0,0.005818203952327666,-0.015677146341424794,0.0003333766188900705,14.406347569480618,14.406347569480618,14.406347569480618
run_2,13.92964824120603,True,3.288000348743105,7.793042340710641,0.28216820651415275,1.0,0.005718975181053645,-0.015410924535888462,0.00032910532926100854,14.406447218061878,14.406447218061878,14.406447218061878
run_2,14.0,True,3.289312403924942,7.789506608491506,0.28224387727776146,1.0,0.005623609493782616,-0.015155125744218933,0.00032506148316359954,14.406541636405862,14.406541636405862,14.406541636405862
run_3,0.0,True,0.12,20.0,0.0,1.0,0.33633302369753987,-21.324248337548543,0.0504473551317566,0.9651229100645373,0.9651229100645373,0.9651229100645373
run_3,0.07035175879396985,True,0.12291822769916826,19.827887032543615,0.00042735062642838183,1.0,0.3466102182967862,-18.98023379124557,0.04958720976314921,0.897496865581422,0.897496865581422,0.897496865581422
run_3,0.1407035175879397,True,0.12599518149018255,19.671858545478578,0.0008576088491195665,1.0,0.3561478965439192,-16.68251563318623,0.04870445328830745,0.8571287679775431,0.8571287679775431,0.8571287679775431
run_3,0.21105527638190955,True,0.12923302401218634,19.532201867225613,0.001290837077424303,1.0,0.3649942367932378,-14.448576344971409,0.047812309907780584,0.8374989367650418,0.8374989367650418,0.8374989367650418
run_3,0.2814070351758794,True,0.13263407020244058,19.409092391772415,0.0017271674645967007,1.0,0.37321091309477744,-12.294656827932052,0.04692379455952401,0.8316588393493052,0.8316588393493052,0.8316588393493052
run_3,0.35175879396984927,True,0.1362003290245309,19.302633643581867,0.002166754638477412,1.0,0.38086905126442167,-10.235860855334256,0.04605159783317319,0.833546934652716,0.833546934652716,0.833546934652716
run_3,0.4221105527638191,True,0.13993488952530447,19.21278553450645,0.0026098895543963004,1.0,0.38804920774394536,-8.28547498128217,0.0452076895581201,0.8386764232358591,0.8386764232358591,0.8386764232358591
run_3,0.49246231155778897,True,0.14384194909966724,19.139362798235688,0.0030570018674925393,1.0,0.3948379568155197,-6.454992235058241,0.0444031926487542,0.8442353390594037,0.8442353390594037,0.8442353390594037
run_3,0.5628140703517588,True,0.14792681349058381,19.082034990296126,0.0035086599327146376,1.0,0.4013243576349395,-4.7542081554959355,0.0436483078149954,0.8488593168652436,0.8488593168652436,0.8488593168652436
run_3,0.6331658291457287,True,0.1521958967890774,19.040326488051367,0.003965570804820417,1.0,0.4075964241456979,-3.191358578036243,0.04295227472299388,0.8523031108309899,0.8523031108309899,0.8523031108309899
run_3,0.7035175879396985,True,0.1566567214342299,19.013616490702045,0.004428580238377021,1.0,0.4137376264335308,-1.7732801969121157,0.04232335725163204,0.8551161298716787,0.8551161298716787,0.8551161298716787
run_3,0.7738693467336684,True,0.1613179182131819,19.00113901928584,0.004898672687760914,1.0,0.41982342899820246,-0.5055740512139537,0.041768838429808365,0.8583465962046104,0.8583465962046104,0.8583465962046104
run_3,0.8442211055276382,True,0.16618922626113256,19.001982916677463,0.005376971307157878,1.0,0.42591785531170673,0.6072483623874957,0.04129500906940223,0.8632665527165843,0.8632665527165843,0.8632665527165843
run_3,0.9145728643216081,True,0.17128149306133977,19.015091847588675,0.005864737950563025,1.0,0.43207006174972146,1.5616568054673088,0.04090713300729686,0.87110814296481,0.87110814296481,0.87110814296481
run_3,0.9849246231155779,True,0.17660667444512013,19.03926429856827,0.006363373171780779,1.0,0.4383109104171491,2.355052209528468,0.040609371284450226,0.8828153258514214,0.8828153258514214,0.8828153258514214
run_3,1.0,True,0.17777932102105154,19.04575691477317,0.006471782795224231,1.0,0.4396610970483397,2.5039406927377375,0.04055759559996197,0.8858810706659538,0.8858810706659538,0.8858810706659538
run_3,1.0552763819095479,True,0.18217733380937304,19.0731631218404,0.006874405078083995,1.0,0.44464939196562664,2.98578114145853,0.04040464946079372,0.8988330405131487,0.8988330405131487,0.8988330405131487
run_3,1.1256281407035176,True,0.18800729936526236,19.11527783205284,0.007399593662602072,1.0,0.4510706309181835,3.453365649251614,0.04029442999584164,0.9189602861998353,0.9189602861998353,0.9189602861998353
run_3,1.1959798994974873,True,0.19411303265201912,19.163886694921043,0.007940951279773187,1.0,0.4575325750152796,3.7585867159202824,0.04027850753383048,0.9422923759513294,0.9422923759513294,0.9422923759513294
run_3,1.2663316582914574,True,0.20050957179841064,19.217156477428027,0.008500536509039248,1.0,0.4639602540039275,3.9036490582134755,0.04035463056862881,0.9672637940494904,0.9672637940494904,0.9672637940494904
run_3,1.3366834170854272,True,0.20721030094330345,19.273147819993806,0.009080444642994264,1.0,0.47024387992690214,3.892875455596026,0.04051789097963662,0.9917656551656926,0.9917656551656926,0.9917656551656926
run_3,1.407035175879397,True,0.21422695023566304,19.329815236475387,0.009682807687384335,1.0,0.47623849778606553,3.7335116861351043,0.04076004658246166,1.0133305370157077,1.0133305370157077,1.0133305370157077
run_3,1.4773869346733668,True,0.22156959583455413,19.38500711416676,0.010309794361107676,1.0,0.4817657795436994,3.4365769061582823,0.0410688365193482,1.0293783153682445,1.0293783153682445,1.0293783153682445
run_3,1.5477386934673367,True,0.2292466599091403,19.436465713798906,0.01096361009621459,1.0,0.48661883303231385,3.0176801932095274,0.04142737609889563,1.0375334274679617,1.0375334274679617,1.0375334274679617
run_3,1.6180904522613067,True,0.23726492529157095,19.481885925320544,0.011646448551536924,1.0,0.4905710292793407,2.497757929808696,0.04181370832875835,1.0360527941677846,1.0360527941677846,1.0360527941677846
run_3,1.6884422110552764,True,0.24562494104694008,19.519449065883254,0.012359899842023936,1.0,0.4933909290843352,1.904299765795219,0.04220026341501086,1.0244789413582795,1.0244789413582795,1.0244789413582795
run_3,1.758793969849246,True,0.2543162302706761,19.547412033277492,0.013105120892037558,1.0,0.4948656341589445,1.270967521896364,0.04255481960029675,1.0043624742826567,1.0043624742826567,1.0043624742826567
run_3,1.8291457286432162,True,0.26332505099259074,19.564668083730158,0.013882597355993129,1.0,0.49483176957638403,0.6368388394067928,0.04284207972280472,0.9802481653569618,0.9802481653569618,0.9802481653569618
run_3,1.899497487437186,True,0.2726352970804404,19.57089528522724,0.014692047561905498,1.0,0.493208279836917,0.0440423911467262,0.04302671695158945,0.960440470752326,0.960440470752326,0.960440470752326
run_3,1.9698492462311559,True,0.28222849823992635,19.566556517513842,0.015532422511389062,1.0,0.4900255888248492,-0.4662097256986969,0.0430776938884254,0.9567773125333178,0.9567773125333178,0.9567773125333178
run_3,2.0,True,0.2864214097030701,19.561743976113874,0.01590162701744476,1.0,0.48821942108461686,-0.65053297420356,0.04305277921584924,0.963424586510015,0.963424586510015,0.963424586510015
run_3,2.0402010050251254,True,0.29208382001469496,19.55289947209415,0.016401905879657733,1.0,0.4854450875305995,-0.8586095537161582,0.04297323242187553,0.982185100196432,0.982185100196432,0.982185100196432
run_3,2.1105527638190957,True,0.30217806378633744,19.531956652231457,0.01729791401552498,1.0,0.479762586003245,-1.1089348697700763,0.042705547746859605,1.0458075141152736,1.0458075141152736,1.0458075141152736
run_3,2.1809045226130657,True,0.3124857342341141,19.506537057115235,0.018217106796096647,1.0,0.47339064525281804,-1.2083393416876966,0.042284216523832366,1.1485579465394191,1.1485579465394191,1.1485579465394191
run_3,2.251256281407035,True,0.3229912424327578,19.479495923321224,0.019156528997995522,1.0,0.4668108717884798,-1.1660239359909057,0.041736725817279545,1.282775210891795,1.282775210891795,1.282775210891795
run_3,2.321608040201005,True,0.3336987227191397,19.45399489376998,0.02011358003514407,1.0,0.460520940021767,-1.0077123634662914,0.04110574480278244,1.4354190477420612,1.4354190477420612,1.4354190477420612
run_3,2.3919597989949746,True,0.34461996992527943,19.43267272186242,0.021086461029553333,1.0,0.45497513554025126,-0.7724812273814817,0.040444266921387896,1.5912517564638913,1.5912517564638913,1.5912517564638913
run_3,2.462311557788945,True,0.35577502882670736,19.4170493510452,0.02207481709139343,1.0,0.4505334031042549,-0.5073056840408553,0.03980902308593435,1.7346339483804558,1.7346339483804558,1.7346339483804558
run_3,2.532663316582915,True,0.3671921941424635,19.407525914810748,0.023079737318993536,1.0,0.44742739151687033,-0.2606973860024648,0.03925395811213274,1.8502624128806935,1.8502624128806935,1.8502624128806935
run_3,2.6030150753768844,True,0.37890801053509826,19.40338473669723,0.024103754798841893,1.0,0.44573796476379207,-0.07690568094744331,0.03882456058456701,1.92360733694431,1.92360733694431,1.92360733694431
run_3,2.6733668341708543,True,0.39096727261067216,19.402789330288584,0.02515084660558582,1.0,0.44538168512312426,0.008889087517373348,0.03855335126665969,1.9415237236257301,1.9415237236257301,1.9415237236257301
run_3,2.7437185929648242,True,0.40341709573008083,19.403104548093008,0.026225938929237014,1.0,0.4461017347751011,-0.025568026598339247,0.038456355630126754,1.893443599577041,1.893443599577041,1.893443599577041
run_3,2.814070351758794,True,0.41629378602235695,19.40074048115407,0.02733480380937398,1.0,0.44746524583184877,-0.18663095118060113,0.03853032424117548,1.7735092315454637,1.7735092315454637,1.7735092315454637
run_3,2.884422110552764,True,0.42962894567472903,19.391130743781943,0.028484358995978225,1.0,0.4488740401884568,-0.4626572209820098,0.03875108821812448,1.5847423338468696,1.5847423338468696,1.5847423338468696
run_3,2.9547738693467336,True,0.44342892220350066,19.370943364836883,0.0296797803269814,1.0,0.44959011852892855,-0.8226316853575673,0.03907228643649988,1.3493266935409831,1.3493266935409831,1.3493266935409831
run_3,3.0,True,0.45253756560479547,19.35139211420989,0.030474101142727552,1.0,0.44931645872244264,-1.0764490419914172,0.03930201687210844,1.2003283752263398,1.2003283752263398,1.2003283752263398
run_3,3.0251256281407035,True,0.4576736866470814,19.338172939204668,0.030924373653435977,1.0,0.4488270990716029,-1.218236465079892,0.03942875822009584,1.131504828926019,1.131504828926019,1.131504828926019
run_3,3.0954773869346734,True,0.47231683356598697,19.292140627796613,0.032219574839515215,1.0,0.4459079693575305,-1.59046738914397,0.03974671437634145,1.0684077671124892,1.0684077671124892,1.0684077671124892
run_3,3.1658291457286434,True,0.4872855810428393,19.23349415754956,0.033564949762513174,1.0,0.44046471995174263,-1.8809490796536303,0.03996059411900429,1.289373543018484,1.289373543018484,1.289373543018484
run_3,3.2361809045226133,True,0.502494821996275,19.164273888713105,0.03495857927393703,1.0,0.4326202529563453,-2.0461062240179992,0.04003323952030158,1.7521099543603573,1.7521099543603573,1.7521099543603573
run_3,3.306532663316583,True,0.5178587516850748,19.08963540398885,0.03639522154429741,1.0,0.423084272968202,-2.0705532402728326,0.03997224158608396,2.347998569780005,2.347998569780005,2.347998569780005
run_3,3.3768844221105527,True,0.5333152112563215,19.014869591270312,0.03787038227961772,1.0,0.41305539591315266,-1.972661737660011,0.0398357003785505,2.9991944058974545,2.9991944058974545,2.9991944058974545
run_3,3.4472361809045227,True,0.5488564145192365,18.94342414238696,0.03938365118165108,1.0,0.40395364222886415,-1.7988598092005643,0.03972057241158907,3.643037706247759,3.643037706247759,3.643037706247759
run_3,3.517587939698492,True,0.5645291050201832,18.876897835060827,0.04093871399387756,1.0,0.3971139159600143,-1.611029416009022,0.03973924760158824,4.2126880322734035,4.2126880322734035,4.2126880322734035
run_3,3.5879396984924625,True,0.5804345461400104,18.81504090074939,0.04254335141238543,1.0,0.3935136134610577,-1.4712134127166192,0.03999178950435622,4.632074738233118,4.632074738233118,4.632074738233118
run_3,3.6582914572864325,True,0.5967099843798891,18.755834918931146,0.04420852660531902,1.0,0.3935802603415161,-1.4267038343238152,0.04053813841341612,4.820558705784448,4.820558705784448,4.820558705784448
run_3,3.728643216080402,True,0.6135285996073246,18.693894335492477,0.04595147173586281,1.0,0.3971166249880401,-1.4968108556417008,0.041375338451217505,4.7040887319095015,4.7040887319095015,4.7040887319095015
run_3,3.798994974874372,True,0.6310475554518356,18.624381214549338,0.04778652422370198,1.0,0.40327126595921575,-1.6634376635809731,0.04241076701474207,4.2362014277559705,4.2362014277559705,4.2362014277559705
run_3,3.8693467336683423,True,0.6493757535547788,18.54479059415069,0.04972052376728888,1.0,0.410625975330463,-1.8650521805070785,0.04344682818765737,3.4326175448212455,3.4326175448212455,3.4326175448212455
run_3,3.9396984924623117,True,0.6685738356019886,18.454949712893626,0.0517528142976117,1.0,0.41757575186255846,-2.0068492676812495,0.0442052465701123,2.4092131354631583,2.4092131354631583,2.4092131354631583
run_3,4.0,True,0.6857275344961762,18.371746197955716,0.05356575115771514,1.0,0.42224771769510683,-2.007720089824291,0.0444159070539064,1.5538011287771611,1.5538011287771611,1.5538011287771611
run_3,4.010050251256281,True,0.688646387102974,18.35779245567772,0.053872799400722836,1.0,0.42287267816664487,-1.9937665686836723,0.04440045578482511,1.4348914929992265,1.4348914929992265,1.4348914929992265
run_3,4.080402010050251,True,0.7095281060010927,18.264108372296207,0.05604594831651488,1.0,0.4259658501469782,-1.7790225805024598,0.043851184861153206,1.0643136265049509,1.0643136265049509,1.0643136265049509
run_3,4.150753768844221,True,0.7311480904870935,18.183961570337367,0.05823582320633443,1.0,0.4270954280404008,-1.396653260984083,0.04257987690585744,1.4944534199226795,1.4944534199226795,1.4944534199226795
run_3,4.2211055276381915,True,0.7534474999312818,18.123250740285638,0.060413064287050754,1.0,0.42679400491578334,-0.9450286841309592,0.0407959467506257,2.2318041084088707,2.2318041084088707,2.2318041084088707
run_3,4.291457286432161,True,0.7763795560400202,18.083709985414686,0.06255538978671771,1.0,0.42540847774150403,-0.5390797764649448,0.0388020879611739,3.2254303423249997,3.2254303423249997,3.2254303423249997
run_3,4.361809045226131,True,0.7999054640420755,18.062810377650777,0.06465133272407884,1.0,0.4230118452973783,-0.2646785727161906,0.036887527509334855,4.438659383992857,4.438659383992857,4.438659383992857
run_3,4.4321608040201,True,0.8239734190089941,18.051658810167645,0.06670967973571046,1.0,0.4195740549332829,-0.15866557731642766,0.035256883044566506,5.687364105230269,5.687364105230269,5.687364105230269
run_3,4.50251256281407,True,0.8485258865333565,18.040707167172336,0.06874671036021046,1.0,0.41508427375803514,-0.21578704354996686,0.03402696061851105,6.747076302018199,6.747076302018199,6.747076302018199
run_3,4.572864321608041,True,0.8735046646552864,18.02204621017659,0.07078253228444208,1.0,0.4096217495659423,-0.4008520932693258,0.03324144779272978,7.4395201387506305,7.4395201387506305,7.4395201387506305
run_3,4.64321608040201,True,0.8988508838624532,17.989405577996877,0.07284108134353397,1.0,0.40336892658205104,-0.6601623625832341,0.03289051311069816,7.678699172281153,7.678699172281153,7.678699172281153
run_3,4.71356783919598,True,0.9245094524176976,17.938330115128995,0.0749497845456096,1.0,0.3966136251081891,-0.9302596762847775,0.03293153000575306,7.504395109539302,7.504395109539302,7.504395109539302
run_3,4.783919597989949,True,0.9504441556010499,17.869356288464157,0.0771328125554901,1.0,0.38980590522546094,-1.144205883758279,0.03330691543123847,7.110889055470262,7.110889055470262,7.110889055470262
run_3,4.8542713567839195,True,0.9766421788967056,17.78805034432391,0.07941081270499882,1.0,0.3837156463484146,-1.2416448701126628,0.03396551940265159,6.803078834097937,6.803078834097937,6.803078834097937
run_3,4.92462311557789,True,1.003199652196458,17.70274054310843,0.08180651552307089,1.0,0.37965963099537603,-1.1840052168414184,0.034892719425983355,6.75460286378105,6.75460286378105,6.75460286378105
run_3,4.994974874371859,True,1.0303313106559246,17.624468700938248,0.08434492941888083,1.0,0.3796660005664993,-0.9713841597980792,0.03612707662728326,6.726288635587065,6.726288635587065,6.726288635587065
run_3,5.0,True,1.0322991504943997,17.619483522072837,0.08453238952999675,1.0,0.37988791820049045,-0.9513252061672156,0.03622880475900163,6.711091710089732,6.711091710089732,6.711091710089732
run_3,5.06532663316583,True,1.0584055910364147,17.564219275007392,0.0870546473208896,1.0,0.38625100548524977,-0.6575435069735962,0.03773386567584687,6.178822405453506,6.178822405453506,6.178822405453506
run_3,5.135678391959798,True,1.0881098543531493,17.52665728159838,0.08997848389042208,1.0,0.40136309926220565,-0.3523762472521296,0.03970483670403719,4.695204122213096,4.695204122213096,4.695204122213096
run_3,5.206030150753769,True,1.1201276542459901,17.506695047881124,0.09314332834968178,1.0,0.4238812107619207,-0.20186915032746394,0.041746688615265426,2.428687336114276,2.428687336114276,2.428687336114276
run_3,5.276381909547739,True,1.1550147439216243,17.488044641505628,0.09654893511261543,1.0,0.4469147840907661,-0.3147882303655129,0.04315271194245592,1.2807692074898331,1.2807692074898331,1.2807692074898331
run_3,5.346733668341709,True,1.19257889926269,17.44918673694276,0.10012678003437982,1.0,0.45938384761293843,-0.657044494096281,0.043133786805152924,2.7955473446762977,2.7955473446762977,2.7955473446762977
run_3,5.417085427135678,True,1.2316056246328722,17.376822033725926,0.10374374759240813,1.0,0.45555171826088614,-1.0347816572414987,0.041700739627258114,4.437457309116156,4.437457309116156,4.437457309116156
run_3,5.4874371859296485,True,1.2711188976559549,17.273933307094463,0.10733112754555554,1.0,0.44159797921631905,-1.255456998267376,0.039897239042001695,6.496665778049426,6.496665778049426,6.496665778049426
run_3,5.557788944723618,True,1.3105780238245015,17.15821375832516,0.110897660414253,1.0,0.4285885847292293,-1.254182881238506,0.03887545978272634,8.276752585500649,8.276752585500649,8.276752585500649
run_3,5.628140703517588,True,1.3503557455217088,17.04814270851758,0.11453534861272215,1.0,0.4216908530168269,-1.0776653071464866,0.03893411911900346,8.73650734202157,8.73650734202157,8.73650734202157
run_3,5.698492462311558,True,1.3907075622866099,16.95645053201304,0.11830274480929574,1.0,0.4144277518503662,-0.8206769860963345,0.03912029080434342,7.720513612388637,7.720513612388637,7.720513612388637
run_3,5.768844221105528,True,1.43092909301724,16.887662601673938,0.12213714808133423,1.0,0.3912600366302975,-0.5768161255287387,0.03762303874617906,6.9414274828216,6.9414274828216,6.9414274828216
run_3,5.839195979899498,True,1.4685956320552207,16.83848277487565,0.125784091931759,1.0,0.3451716874702394,-0.39804505299858056,0.03364780342970181,8.308472777516785,8.308472777516785,8.308472777516785
run_3,5.909547738693467,True,1.5017088154044769,16.803380862805856,0.12903222947009693,1.0,0.28857413164360946,-0.2838058116317266,0.02850851027285589,10.420895589800589,10.420895589800589,10.420895589800589
run_3,5.9798994974874375,True,1.5296752010001453,16.77705671668455,0.13181809326840999,1.0,0.23829086115685333,-0.21606359439841538,0.023973943788276848,11.989854947298536,11.989854947298536,11.989854947298536
run_3,6.0,True,1.536832478315398,16.770611726370852,0.1325405100525507,1.0,0.2263456447054552,-0.2028758151732615,0.02292254467088452,12.311507805616671,12.311507805616671,12.311507805616671
run_3,6.050251256281407,True,1.5534117119945527,16.7558779826097,0.13423493903390116,1.0,0.20178569494416498,-0.1791154833663915,0.02083316107866678,12.904664191953486,12.904664191953486,12.904664191953486
run_3,6.1206030150753765,True,1.5742784950894686,16.737181825996096,0.13642292526124897,1.0,0.179936068051327,-0.16386039112610848,0.019187397814156987,13.3209745765332,13.3209745765332,13.3209745765332
run_3,6.190954773869347,True,1.5937928689858687,16.718902230794548,0.13853915153350155,1.0,0.17226325327883588,-0.1665690974391381,0.01899497517567201,13.336207201184319,13.336207201184319,13.336207201184319
run_3,6.261306532663316,True,1.61348328721149,16.6991152650983,0.1407420869159574,1.0,0.180092868422403,-0.18842369459232255,0.020378181644883524,12.92457236538047,12.92457236538047,12.92457236538047
run_3,6.331658291457287,True,1.6354428926867732,16.67513331483525,0.14324135169790558,1.0,0.20838032404379886,-0.23664083542707476,0.02376547014039191,11.884496275482444,11.884496275482444,11.884496275482444
run_3,6.402010050251256,True,1.662668654696684,16.642949547100866,0.14632242827916317,1.0,0.2669978299135744,-0.3268484599937868,0.02984466028242255,9.724027947281197,9.724027947281197,9.724027947281197
run_3,6.472361809045227,True,1.6996324658857362,16.595990549217497,0.1503460543277672,1.0,0.3642129240706578,-0.4781964942359915,0.03843947364609111,5.723448381351174,5.723448381351174,5.723448381351174
run_3,6.542713567839196,True,1.7505584571975616,16.526470342604277,0.1554591745517992,1.0,0.4692829292838275,-0.66380270151704,0.04470086720740098,1.1746286327483773,1.1746286327483773,1.1746286327483773
run_3,6.613065326633166,True,1.8120096182948486,16.436092038779236,0.16093288792767205,1.0,0.4923193093360096,-0.7508135742639269,0.04088616204089295,2.943615961530123,2.943615961530123,2.943615961530123
run_3,6.683417085427136,True,1.8719674375644983,16.34179008314654,0.1655929343821591,1.0,0.42416083876203864,-0.686563251823826,0.030800268701608385,4.529210608374952,4.529210608374952,4.529210608374952
run_3,6.7537688442211055,True,1.9227200768732222,16.25788612597312,0.16908478207014432,1.0,0.33808544120115486,-0.569932023035437,0.0220603845602799,7.130330333742056,7.130330333742056,7.130330333742056
run_3,6.824120603015075,True,1.963963949561279,16.18734610903453,0.17166973407324473,1.0,0.26852097172387496,-0.46557097892064225,0.01618801625997656,9.318528965549376,9.318528965549376,9.318528965549376
run_3,6.894472361809045,True,1.9976532870819486,16.128309239999453,0.1736428442203079,1.0,0.21785634707559262,-0.38584466083512453,0.012406081680330984,10.81248570535092,10.81248570535092,10.81248570535092
run_3,6.964824120603015,True,2.025746960288364,16.078106618776598,0.17520977058276005,1.0,0.18139089472599418,-0.3270569964544415,0.009929576643176046,11.804001160060224,11.804001160060224,11.804001160060224
run_3,7.0,True,2.0381850284952416,16.055582422572908,0.17588519405648428,1.0,0.16704603812346447,-0.3037177454752097,0.009015630472070593,12.171285964780386,12.171285964780386,12.171285964780386
run_3,7.035175879396984,True,2.049746126730686,16.034474793462554,0.17650548837773705,1.0,0.15470307121247434,-0.28359133337740355,0.008259691702207946,12.47623848846461,12.47623848846461,12.47623848846461
run_3,7.105527638190955,True,2.0706594827100853,15.995830018098289,0.1776143786450694,1.0,0.13479005819528406,-0.2511723316395033,0.00710931120568438,12.94595805507577,12.94595805507577,12.94595805507577
run_3,7.175879396984925,True,2.0892251771305954,15.96094648743285,0.1785923746064127,1.0,0.11968885613650714,-0.22684521052782192,0.00630981338248249,13.284097912226349,13.284097912226349,13.284097912226349
run_3,7.2462311557788945,True,2.105995677917267,15.928881579414067,0.17948021761870767,1.0,0.10810080734004385,-0.20859806128037858,0.005758877340898111,13.534397714715922,13.534397714715922,13.534397714715922
run_3,7.316582914572865,True,2.1213811864657,15.898912139858496,0.1803077068078289,1.0,0.09919265815185185,-0.1951332957116712,0.005395145997602873,13.723802246991472,13.723802246991472,13.723802246991472
run_3,7.3869346733668335,True,2.1357048457044288,15.870447022417158,0.18109805477574176,1.0,0.09243724151565745,-0.1856492100920722,0.0051825425811497456,13.869292136918169,13.869292136918169,13.869292136918169
run_3,7.457286432160804,True,2.149239988313791,15.842965557515566,0.18187114041620678,1.0,0.0875192596751125,-0.17970934409418074,0.005101985368936466,13.981764759598324,13.981764759598324,13.981764759598324
run_3,7.527638190954773,True,2.1622454002632554,15.8159491454103,0.18264660180521836,1.0,0.0842881286666492,-0.17718840556716592,0.005147843211953295,14.068209843436579,14.068209843436579,14.068209843436579
run_3,7.597989949748744,True,2.174972256103311,15.78886593676404,0.18344441746125284,1.0,0.08275846232010159,-0.17829502825142363,0.00532761130785028,14.132583497424502,14.132583497424502,14.132583497424502
run_3,7.668341708542714,True,2.1877735119922392,15.760919746752949,0.18429385273362367,1.0,0.0831389514487667,-0.1836978970090956,0.0056670932709273585,14.176547377888744,14.176547377888744,14.176547377888744
run_3,7.7386934673366845,True,2.2008163022407268,15.731743416397041,0.18520919229307595,1.0,0.08586698129643246,-0.1944869475551983,0.0062041282555037386,14.198016532208614,14.198016532208614,14.198016532208614
run_3,7.809045226130653,True,2.2144600099145584,15.700488679491764,0.18622221098892114,1.0,0.09166949203290797,-0.21250101490811638,0.007005346562373977,14.192209210502337,14.192209210502337,14.192209210502337
run_3,7.8793969849246235,True,2.2294202016737543,15.6654352908551,0.1873960398450887,1.0,0.1019875800696193,-0.2413578690614967,0.008203634231329578,14.146779439759404,14.146779439759404,14.146779439759404
run_3,7.949748743718593,True,2.2467686277725685,15.623991026327587,0.188825166060126,1.0,0.1195714979969062,-0.28783604237098687,0.010044775640555545,14.031180125667422,14.031180125667422,14.031180125667422
run_3,8.0,True,2.2613995082743523,15.588590574548267,0.19007075001825438,1.0,0.1391134368788722,-0.3380091504810787,0.011975008308183627,13.868503711675038,13.868503711675038,13.868503711675038
run_3,8.020100502512562,True,2.267956571362779,15.572633958379129,0.1906375264563855,1.0,0.14920362086432537,-0.3636116079212417,0.01294679314270831,13.772624926291671,13.772624926291671,13.772624926291671
run_3,8.090452261306533,True,2.295586704611255,15.50501232476834,0.1930631011266012,1.0,0.19950607791164832,-0.4897799631162538,0.01766520712953359,13.17858643438072,13.17858643438072,13.17858643438072
run_3,8.160804020100501,True,2.3343552054585417,15.409646229726796,0.1965158301398155,1.0,0.28279089004575714,-0.6965062953282716,0.02527903609504088,11.721025426635245,11.721025426635245,11.721025426635245
run_3,8.231155778894472,True,2.390317919827386,15.271731103065033,0.20152747112732342,1.0,0.38876910947671395,-0.9583725294102563,0.03484909007357321,8.586496497969282,8.586496497969282,8.586496497969282
run_3,8.301507537688442,True,2.4607162490253893,15.098173870559812,0.20784010409027232,1.0,0.4118854472851448,-1.015491146522174,0.03694301445148139,7.561391033466318,7.561391033466318,7.561391033466318
run_3,8.371859296482413,True,2.524904904154585,14.939907692640874,0.21360139985344237,1.0,0.3098240551338826,-0.7640199705215877,0.02784767549307901,11.073776654550393,11.073776654550393,11.073776654550393
run_3,8.442211055276383,True,2.5707597542364895,14.826787356362104,0.21773792761062696,1.0,0.20784770589115723,-0.5130950750511474,0.018866932986720653,13.027496628674587,13.027496628674587,13.027496628674587
run_3,8.512562814070352,True,2.602270061495187,14.748904988733447,0.22062825840121722,1.0,0.14431098782361887,-0.35735552769874873,0.013439065939725716,13.774232862550233,13.774232862550233,13.774232862550233
run_3,8.582914572864322,True,2.6250515010810616,14.692338548288106,0.22279344700380643,1.0,0.10670971841779227,-0.26593067625138084,0.010412494152161045,14.0702762426974,14.0702762426974,14.0702762426974
run_3,8.653266331658292,True,2.6425395599568002,14.648550035206389,0.2245545922787067,1.0,0.08391750868244544,-0.21136867971421558,0.008772491197134545,14.187217527825748,14.187217527825748,14.187217527825748
run_3,8.723618090452263,True,2.656778168846632,14.612428798177529,0.22610616431970806,1.0,0.07006286267929465,-0.17924746005333006,0.007994787414262492,14.214960993553474,14.214960993553474,14.214960993553474
run_3,8.793969849246231,True,2.669113659744167,14.58056119175774,0.22758299763338946,1.0,0.062442174083862156,-0.16305864883247298,0.00785707654041379,14.179680402305832,14.179680402305832,14.179680402305832
run_3,8.8643216080402,True,2.6805645674683882,14.55030862586253,0.2290947415212108,1.0,0.060324770028373935,-0.1613065375794415,0.008331219171596356,14.076428403186638,14.076428403186638,14.076428403186638
run_3,8.93467336683417,True,2.692258693827962,14.518661653556688,0.23077218400447,1.0,0.06473242138583116,-0.1771395353384729,0.00957717046740053,13.867427930023537,13.867427930023537,13.867427930023537
run_3,9.0,True,2.7046785469591588,14.484368448422423,0.23263913735944472,1.0,0.07798600963462428,-0.216902141736149,0.011817028857371093,13.489368653349747,13.489368653349747,13.489368653349747
run_3,9.00502512562814,True,2.7057478595530116,14.48139291917521,0.2328012677360248,1.0,0.07954936944329156,-0.2214538811050104,0.012051695744825673,13.44815764297136,13.44815764297136,13.44815764297136
run_3,9.075376884422111,True,2.7238499109487635,14.430762846785361,0.23550596035964844,1.0,0.11509055794255967,-0.3226624351609791,0.016802830645164316,12.532591153809042,12.532591153809042,12.532591153809042
run_3,9.145728643216081,True,2.752865349346637,14.349497976512495,0.23952896592984088,1.0,0.19718377990645178,-0.5510568372812893,0.025876850322932493,10.31705700075116,10.31705700075116,10.31705700075116
run_3,9.21608040201005,True,2.805781045528799,14.202366444349995,0.24585718487464314,1.0,0.3534464085936605,-0.9781177219004872,0.03867040862584565,5.374521852259757,5.374521852259757,5.374521852259757
run_3,9.28643216080402,True,2.887730778316536,13.97684679484404,0.2538761489137246,1.0,0.42589784175082196,-1.1665006475011415,0.03754651692258388,2.6114094053193533,2.6114094053193533,2.6114094053193533
run_3,9.35678391959799,True,2.965314456246096,13.765055256449088,0.26019204862950657,1.0,0.31685319524404126,-0.8624250589664817,0.02390827715288492,8.752968573310605,8.752968573310605,8.752968573310605
run_3,9.42713567839196,True,3.020522824315476,13.615041156048493,0.26416854556475206,1.0,0.21521216502914062,-0.5838722619483329,0.014824495083439401,11.709280264515966,11.709280264515966,11.709280264515966
run_3,9.49748743718593,True,3.0593917476837484,13.50969094171777,0.26677049042599255,1.0,0.153620190067971,-0.4159881896048003,0.00999834103365013,12.956789034026423,12.956789034026423,12.956789034026423
run_3,9.567839195979898,True,3.0882345770324924,13.431637638213711,0.26861038140231164,1.0,0.11626969641839553,-0.3144604599274487,0.007280106816228152,13.53665895217283,13.53665895217283,13.53665895217283
run_3,9.638190954773869,True,3.110782032809316,13.370683436738481,0.27000197909504375,1.0,0.09212109151290224,-0.2489307874415494,0.005606063753283576,13.839687041443282,13.839687041443282,13.839687041443282
run_3,9.708542713567839,True,3.129076330881684,13.321264995672086,0.271102913823178,1.0,0.0755981690956279,-0.20414737957103257,0.004500251937468402,14.013235663874601,14.013235663874601,14.013235663874601
run_3,9.77889447236181,True,3.1443803398185537,13.279948576715558,0.27200580680280567,1.0,0.06371597294234778,-0.17197060172699735,0.003726248145994254,14.120374876066943,14.120374876066943,14.120374876066943
run_3,9.84924623115578,True,3.157478114438656,13.244604870381679,0.2727662773244549,1.0,0.05482881352682082,-0.14792102610442703,0.003159788561915743,14.190485680617476,14.190485680617476,14.190485680617476
run_3,9.919597989949748,True,3.16887942773963,13.213851192335165,0.27341919536956505,1.0,0.04797776758335993,-0.12939183808154356,0.002730915027724028,14.238485467513904,14.238485467513904,14.238485467513904
run_3,9.989949748743719,True,3.1789561019825694,13.18667962870029,0.27398954969702577,1.0,0.04255302081949624,-0.11472709689495797,0.0023964977491425237,14.272648913339092,14.272648913339092,14.272648913339092
run_3,10.0,True,3.180304518503793,13.183044256489392,0.27406542296710373,1.0,0.041869277200238024,-0.11287918507438094,0.0023546885546055787,14.276709218874624,14.276709218874624,14.276709218874624
run_3,10.06030150753769,True,3.1879783498008503,13.16235800347689,0.27449527678893454,1.0,0.038158032761640225,-0.10285088993587627,0.0021291501984408174,14.297773211452856,14.297773211452856,14.297773211452856
run_3,10.13065326633166,True,3.1961302335505124,13.140387952657926,0.27494831454707586,1.0,0.03453605899226965,-0.09306696659852151,0.0019114084488280575,14.316721683945614,14.316721683945614,14.316721683945614
run_3,10.201005025125628,True,3.2035547049352613,13.12038265540576,0.27535776251001726,1.0,0.031506644492141106,-0.08488624087899325,0.0017312056680764284,14.331326832295385,14.331326832295385,14.331326832295385
run_3,10.271356783919597,True,3.2103623443483595,13.10204298990902,0.2757305830208945,1.0,0.028940591700657624,-0.07795871323024013,0.001580024121435293,14.342796368800416,14.342796368800416,14.342796368800416
run_3,10.341708542713567,True,3.2166458814470285,13.085118157845415,0.276072587095353,1.0,0.026740831747987345,-0.07202155012209052,0.0014515598928645519,14.351959796904834,14.351959796904834,14.351959796904834
run_3,10.412060301507537,True,3.2224804079928755,13.06940510737203,0.2763884487652965,1.0,0.02483477530873808,-0.06687827476866406,0.0013411534362251568,14.359393232918963,14.359393232918963,14.359393232918963
run_3,10.482412060301508,True,3.2279233778518948,13.05474853312532,0.27668170507888706,1.0,0.023168718351051547,-0.062383562814787345,0.0012453839235999822,14.365500438505645,14.365500438505645,14.365500438505645
run_3,10.552763819095478,True,3.233020117133648,13.04102596204393,0.27695510974438836,1.0,0.02170181794661029,-0.058426918019309604,0.001161668684535466,14.370572623500612,14.370572623500612,14.370572623500612
run_3,10.623115577889449,True,3.237810766249517,13.028128951834418,0.2772110878574742,1.0,0.020401168565638027,-0.05491934679181254,0.0010879484569269145,14.374828443752786,14.374828443752786,14.374828443752786
run_3,10.693467336683417,True,3.2423265376709525,13.015973209659766,0.27745150333308194,1.0,0.0192413880672488,-0.051792212956691,0.0010226422673675095,14.378429932564735,14.378429932564735,14.378429932564735
run_3,10.763819095477388,True,3.246595613335883,13.004482631343407,0.2776780358985626,1.0,0.018201483194485765,-0.04898876433345313,0.0009644544089318078,14.381502681186737,14.381502681186737,14.381502681186737
run_3,10.834170854271356,True,3.250643202990185,12.993589143474304,0.2778921848241135,1.0,0.017264078643185275,-0.04646204095749083,0.0009123211466812907,14.384144649446434,14.384144649446434,14.384144649446434
run_3,10.904522613065327,True,3.2544915441876823,12.983232703406927,0.27809526892277814,1.0,0.016414808948100684,-0.04417322570522773,0.0008653691328086898,14.386432659129637,14.386432659129637,14.386432659129637
run_3,10.974874371859297,True,3.2581599022901484,12.97336129926127,0.27828842655044644,1.0,0.015641824068050893,-0.04209030394793254,0.0008228820641246706,14.388427252337596,14.388427252337596,14.388427252337596
run_3,11.0,True,3.2594296052595073,12.969944724306348,0.27835519368876976,1.0,0.015382333638823869,-0.04139113658940851,0.000808675055242182,14.38907794879233,14.38907794879233,14.38907794879233
run_3,11.045226130653266,True,3.2616645704673037,12.963930949922853,0.27847261560585457,1.0,0.014935385666706944,-0.040186969551913136,0.0007842737947383497,14.39017635233078,14.39017635233078,14.39017635233078
run_3,11.115577889447236,True,3.265018869696817,12.954905705042709,0.2786486135305848,1.0,0.01428753574517207,-0.03844172728835542,0.000749066515021559,14.391718041986048,14.391718041986048,14.391718041986048
run_3,11.185929648241206,True,3.2682334245887166,12.946256899995284,0.2788170338806829,1.0,0.013691765759377701,-0.03683699769898679,0.0007168698289682178,14.393082816481002,14.393082816481002,14.393082816481002
run_3,11.256281407035177,True,3.2713199251230365,12.937952993817973,0.27897855323683124,1.0,0.01314204404453944,-0.03535649485210686,0.0006873261957077609,14.39429681096517,14.39429681096517,14.39429681096517
run_3,11.326633165829147,True,3.27428771823873,12.929968772874814,0.2791337087760846,1.0,0.012633422674896902,-0.03398685927005457,0.0006601424393232593,14.395381105791818,14.395381105791818,14.395381105791818
run_3,11.396984924623116,True,3.2771447746470193,12.922282739307436,0.27928295620021243,1.0,0.012161703104379242,-0.032716755609627925,0.000635070332800593,14.396353108127713,14.396353108127713,14.396353108127713
run_3,11.467336683417086,True,3.2798985783151555,12.914874708520504,0.27942672306696764,1.0,0.01172317697182133,-0.0315361734752647,0.0006118917901339249,14.39722754623484,14.39722754623484,14.39722754623484
run_3,11.537688442211056,True,3.2825561264664205,12.907725809181713,0.2795654087900869,1.0,0.011314567889297357,-0.03043626980543,0.0005904150870864308,14.398016916103106,14.398016916103106,14.398016916103106
run_3,11.608040201005025,True,3.285123929580128,12.900818483221801,0.27969938463929045,1.0,0.010932980904264403,-0.02940923207115956,0.0005704716043859567,14.398731847694537,14.398731847694537,14.398731847694537
run_3,11.678391959798995,True,3.28760801139162,12.89413648583453,0.2798289937402819,1.0,0.010575858542428995,-0.02844815931568313,0.0005519130140660511,14.399381406227766,14.399381406227766,14.399381406227766
run_3,11.748743718592964,True,3.29001390889227,12.887664885476696,0.27995455107474865,1.0,0.010240942492969678,-0.027546958486001215,0.0005346088419383313,14.399973340831995,14.399973340831995,14.399973340831995
run_3,11.819095477386934,True,3.292346672329483,12.881390063868132,0.2800763434803615,1.0,0.009926240131829285,-0.02670025387261032,0.0005184443495636401,14.400514290442825,14.400514290442825,14.400514290442825
run_3,11.889447236180905,True,3.294610865206692,12.875299715991709,0.280194629650775,1.0,0.009629995194815753,-0.025903307789432947,0.0005033186878741937,14.401009954861536,14.401009954861536,14.401009954861536
run_3,11.959798994974875,True,3.2968105642833634,12.869382850093324,0.2803096401356271,1.0,0.0093506620126028,-0.025151950898997556,0.0004891432820421365,14.401465237347113,14.401465237347113,14.401465237347113
run_3,12.0,True,3.2980399804342104,12.866075894916712,0.28037396875088494,1.0,0.009198106417602353,-0.02474164403346095,0.00048143937667300963,14.40170891928658,14.40170891928658,14.40170891928658
run_3,12.030150753768845,True,3.2989493595749915,12.863629787681909,0.2804215773405395,1.0,0.009086882806526093,-0.024442520823883224,0.0004758404135071368,14.401884363872417,14.401884363872417,14.401884363872417
run_3,12.100502512562814,True,3.301030354353102,12.858032163529437,0.2805306155271173,1.0,0.00883746761922029,-0.02377180788960393,0.0004633419704501131,14.402270983186822,14.402270983186822,14.402270983186822
run_3,12.170854271356784,True,3.30305616514525,12.852582925670902,0.28063690081294923,1.0,0.00860137651926466,-0.023137007020923934,0.00045158834258427914,14.402628251035322,14.402628251035322,14.402628251035322
run_3,12.241206030150753,True,3.3050294875120003,12.84727480908128,0.28074058376674077,1.0,0.008377634527369485,-0.022535488807773875,0.0004405240262613023,14.402959002411164,14.402959002411164,14.402959002411164
run_3,12.311557788944723,True,3.306953653024468,12.842098832889775,0.28084185166820286,1.0,0.00816526057251919,-0.021964608460651038,0.00043009408259385526,14.403265881824543,14.403265881824543,14.403265881824543
run_3,12.381909547738694,True,3.3088308772663373,12.837049026573236,0.2809408277654654,1.0,0.007963474919375907,-0.021422263331881856,0.00042025427815364216,14.403551068432247,14.403551068432247,14.403551068432247
run_3,12.452261306532662,True,3.3106632501212014,12.83211975843657,0.28103762829213763,1.0,0.007771564557031152,-0.020906530856282496,0.00041096428349569495,14.40381650474973,14.40381650474973,14.40381650474973
run_3,12.522613065326633,True,3.3124527816573597,12.827305611828663,0.2811323651093275,1.0,0.007588872495922767,-0.020415639701119384,0.0004021870812913828,14.404063931432905,14.404063931432905,14.404063931432905
run_3,12.592964824120603,True,3.3142014021278157,12.822601385142423,0.28122514570564167,1.0,0.0074147932818350295,-0.01994795763962238,0.00039388868940275017,14.404294910171807,14.404294910171807,14.404294910171807
run_3,12.663316582914574,True,3.315910961970279,12.818002091814737,0.2813160731971856,1.0,0.007248768907164679,-0.01950198049962774,0.0003860379092462001,14.404510843765367,14.404510843765367,14.404510843765367
run_3,12.733668341708544,True,3.317583231807164,12.813502960326506,0.2814052463275635,1.0,0.007090285080446297,-0.019076322081602502,0.00037860609682359127,14.404712993750069,14.404712993750069,14.404712993750069
run_3,12.804020100502512,True,3.319219902445589,12.809099434202619,0.2814927594678782,1.0,0.006938867818973695,-0.01866970495074759,0.00037156695407677455,14.40490249590333,14.40490249590333,14.40490249590333
run_3,12.874371859296483,True,3.3208225848773782,12.804787172011965,0.28157870261673146,1.0,0.006794080332829604,-0.018280952017318792,0.00036489633846950245,14.405080373898095,14.405080373898095,14.405080373898095
run_3,12.944723618090453,True,3.3223928102790614,12.800562047367439,0.2816631614002235,1.0,0.006655520171761587,-0.017908978827792518,0.0003585720889210603,14.405247551347076,14.405247551347076,14.405247551347076
run_3,13.0,True,3.323604737441709,12.797300880794735,0.2817285336281402,1.0,0.006550777591209339,-0.017627832176154715,0.0003538327131714279,14.405371944573037,14.405371944573037,14.405371944573037
run_3,13.015075376884422,True,3.323932030011872,12.796420148925929,0.28174621707195363,1.0,0.0065228166091656666,-0.017552786497167898,0.00035257386641261837,14.405404862442587,14.405404862442587,14.405404862442587
run_3,13.085427135678392,True,3.3254416156217492,12.792357780388324,0.2818279465130197,1.0,0.006395628239983402,-0.017211455219600123,0.00034688300776255756,14.405553061369954,14.405553061369954,14.405553061369954
run_3,13.15577889447236,True,3.3269228588393376,12.788371460499508,0.28190842223201806,1.0,0.006273640771615577,-0.01688413830079178,0.0003414823912235142,14.405692830648507,14.405692830648507,14.405692830648507
run_3,13.226130653266331,True,3.328376971579987,12.784457923048368,0.2819877123650443,1.0,0.006156564989024583,-0.016570056661179,0.00033635631269350033,14.40582478853361,14.40582478853361,14.40582478853361
run_3,13.296482412060302,True,3.3298050859437502,12.780614116867792,0.28206588067569244,1.0,0.006044134877076039,-0.01626849376404089,0.00033149037145874363,14.405949495595415,14.405949495595415,14.405949495595415
run_3,13.366834170854272,True,3.3312082542153885,12.77683720583466,0.2821429865550552,1.0,0.0059361058848588855,-0.015978790927237117,0.00032687136449770004,14.406067460574748,14.406067460574748,14.406067460574748
run_3,13.437185929648242,True,3.332587448864364,12.773124568869854,0.2822190850217242,1.0,0.005832253318253853,-0.01570034298142495,0.0003224871884761185,14.40617914560345,14.40617914560345,14.40617914560345
run_3,13.507537688442211,True,3.3339435625448477,12.769473799938256,0.2822942267217898,1.0,0.005732370848412179,-0.015432594241377244,0.0003183267486535141,14.406284970864998,14.406284970864998,14.406284970864998
run_3,13.577889447236181,True,3.335277408095713,12.765882708048746,0.28236845792884085,1.0,0.005636269125061503,-0.015175034760421056,0.0003143798740025693,14.406385318761584,14.406385318761584,14.406385318761584
run_3,13.64824120603015,True,3.33658971854054,12.762349317254202,0.2824418205439652,1.0,0.005543774484695936,-0.01492719684110283,0.0003106372379162378,14.406480537645189,14.406480537645189,14.406480537645189
run_3,13.71859296482412,True,3.3378811470876126,12.758871866651502,0.28251435209574943,1.0,0.005454727744750876,-0.014688651778010752,0.00030709028394389887,14.40657094516294,14.40657094516294,14.40657094516294
run_3,13.78894472361809,True,3.3391522813403514,12.755448772111675,0.28258608650786265,1.0,0.005368982169990465,-0.014459004385547222,0.00030373112088437067,14.406656832161962,14.406656832161962,14.406656832161962
run_3,13.859296482412061,True,3.340404009339736,12.752077640355623,0.28265707399183787,1.0,0.0052863796854117065,-0.014237829291702062,0.00030055159353450624,14.406738487656352,14.406738487656352,14.406738487656352
run_3,13.92964824120603,True,3.3416371424119697,12.748756284377336,0.28272736091193695,1.0,0.005206775564910413,-0.014024737076039058,0.00029754426766126876,14.406816174894578,14.406816174894578,14.406816174894578
run_3,14.0,True,3.34285234976254,12.745482899809721,0.28279698606378934,1.0,0.005130041494108343,-0.013819382440709184,0.0002947025179493471,14.406890129959983,14.406890129959983,14.406890129959983
