step,total_updates,epoch,batch_in_epoch,samples_seen,mean_loss,per_target_loss,per_process_loss,target_names,process_names,step_dt,rebuild_count,holdout_loss,holdout_label,epoch_mean_loss,epoch_time_seconds,grad_norm,n_failed_samples,failed_processes
1,800,1,1,3,0.2353983122,0.2290336429;0.2550722354;0.2220890582,0.383298112;0.1136488602;0.2092479643,biomass;glucose;product,run_3;run_1;run_2,0.006099,0,,,0.2353983122,0.006099,0.02958453115,0,
2,800,2,1,6,0.2325828889,0.2278930218;0.2505391874;0.2193164575,0.3788449989;0.2071485685;0.1117550993,biomass;glucose;product,run_3;run_2;run_1,0.003526,0,,,0.2325828889,0.003526,0.02922261881,0,
3,800,3,1,9,0.2294163664,0.2264046171;0.2457701751;0.2160743071,0.3738579798;0.1096156271;0.2047754924,biomass;glucose;product,run_3;run_1;run_2,0.002395,0,,,0.2294163664,0.002395,0.03592837747,0,
4,800,4,1,12,0.2254923217,0.223951315;0.2406639896;0.2118616604,0.2018103614;0.3677219697;0.1069446339,biomass;glucose;product,run_2;run_3;run_1,0.014785,0,,,0.2254923217,0.014785,0.05115955433,0,
5,800,5,1,15,0.2202160835,0.2200018105;0.234657091;0.205989349,0.1033482213;0.3595126889;0.1977873403,biomass;glucose;product,run_1;run_3;run_2,0.005457,0,,,0.2202160835,0.005457,0.07648782383,0,
6,800,6,1,18,0.2127765648,0.2138689731;0.2268863102;0.1975744112,0.09830895979;0.3479563392;0.1920643954,biomass;glucose;product,run_1;run_3;run_2,0.007083,0,,,0.2127765648,0.007083,0.1151664755,0,
7,800,7,1,21,0.2021558418,0.204700358;0.2161908892;0.1855762782,0.09120554364;0.3314453351;0.1838166467,biomass;glucose;product,run_1;run_3;run_2,0.008324,0,,,0.2021558418,0.008324,0.1716482479,0,
8,800,8,1,24,0.1871328551,0.1914392673;0.2011040038;0.1688552942,0.3080163192;0.1720172537;0.08136499226,biomass;glucose;product,run_3;run_2;run_1,0.011468,0,,,0.1871328551,0.011468,0.2510256618,0,
9,800,9,1,27,0.1662130723,0.1726849138;0.1797004304;0.1462538728,0.1553264442;0.2751560975;0.06815667529,biomass;glucose;product,run_2;run_3;run_1,0.014784,0,,,0.1662130723,0.014784,0.3590338035,0,
10,800,10,1,30,0.1373763203,0.1461238633;0.1494858355;0.1165192621,0.2291677902;0.1316744015;0.05128676918,biomass;glucose;product,run_3;run_2;run_1,0.011550,0,,,0.1373763203,0.011550,0.4961753844,0,
11,800,11,1,33,0.09992361399,0.1095846096;0.1097424787;0.08044375371,0.03332806523;0.1674543744;0.09898840233,biomass;glucose;product,run_1;run_3;run_2,0.009055,0,,,0.09992361399,0.009055,0.6012504119,0,
12,800,12,1,36,0.06246548775,0.06883608768;0.06858183233;0.04997854322,0.02880212773;0.06010655026;0.09848778524,biomass;glucose;product,run_1;run_2;run_3,0.026298,0,,,0.06246548775,0.026298,0.3868038986,0,
13,800,13,1,39,0.1056279048,0.1567882377;0.08058935599;0.07950612083,0.0479262755;0.1265845251;0.1423729138,biomass;glucose;product,run_2;run_1;run_3,0.024546,0,,,0.1056279048,0.024546,2.859710306,0,
14,800,14,1,42,0.07741808078,0.09966053207;0.07011245949;0.06248125078,0.08937548904;0.04194892497;0.1009298283,biomass;glucose;product,run_1;run_2;run_3,0.021721,0,,,0.07741808078,0.021721,1.625136355,0,
15,800,15,1,45,0.05512404489,0.06238079618;0.05608643375;0.04690490475,0.04274719709;0.07464725082;0.04797768676,biomass;glucose;product,run_2;run_3;run_1,0.012046,0,,,0.05512404489,0.012046,0.270613218,0,
16,800,16,1,48,0.05504466984,0.06662255117;0.05329831486;0.04521314348,0.03238346113;0.08233159858;0.0504189498,biomass;glucose;product,run_1;run_3;run_2,0.032573,0,,,0.05504466984,0.032573,0.2325312223,0,
17,800,17,1,51,0.06021749551,0.07796220118;0.05456792418;0.04812236116,0.09508491124;0.05825800823;0.02730956705,biomass;glucose;product,run_3;run_2;run_1,0.010260,0,,,0.06021749551,0.010260,0.3829699853,0,
18,800,18,1,54,0.06452238123,0.08679168766;0.05555757322;0.05121788281,0.06356387479;0.1040802785;0.02592299037,biomass;glucose;product,run_2;run_3;run_1,0.008680,0,,,0.06452238123,0.008680,0.4361066329,0,
19,800,19,1,57,0.06643289978,0.09177000806;0.05483442496;0.05269426633,0.1078756414;0.06575375845;0.02566929948,biomass;glucose;product,run_3;run_2;run_1,0.012883,0,,,0.06643289978,0.012883,0.4477549957,0,
20,800,20,1,60,0.06584618188,0.09306653181;0.05237394936;0.05209806448,0.02571169587;0.06505944473;0.106767405,biomass;glucose;product,run_1;run_2;run_3,0.009951,0,,,0.06584618188,0.009951,0.4358008277,0,
21,800,21,1,63,0.06323653249,0.09116580673;0.04886158414;0.04968220659,0.101659537;0.06199540155;0.02605465889,biomass;glucose;product,run_3;run_2;run_1,0.014235,0,,,0.06323653249,0.014235,0.4039508267,0,
22,800,22,1,66,0.05940292216,0.08664719246;0.04545676543;0.04610480858,0.02715740029;0.05724280762;0.09380855856,biomass;glucose;product,run_1;run_2;run_3,0.008418,0,,,0.05940292216,0.008418,0.349015837,0,
23,800,23,1,69,0.05539468292,0.08021703223;0.04366197996;0.04230503655,0.02970970565;0.0516750008;0.0847993423,biomass;glucose;product,run_1;run_2;run_3,0.009735,0,,,0.05539468292,0.009735,0.2655906796,0,
24,800,24,1,72,0.05236787527,0.07278602878;0.04497600916;0.03934158787,0.04633922024;0.03433892824;0.07642547733,biomass;glucose;product,run_2;run_1;run_3,0.007662,0,,,0.05236787527,0.007662,0.1519837145,0,
25,800,25,1,75,0.05119672965,0.06546218916;0.05008228419;0.03804571559,0.04223752903;0.07024087565;0.04111178426,biomass;glucose;product,run_2;run_3;run_1,0.014806,0,,,0.05119672965,0.014806,0.0383557516,0,
26,800,26,1,78,0.05188336172,0.05934487864;0.05775366067;0.03855154585,0.03986722768;0.06682842947;0.04895442801,biomass;glucose;product,run_2;run_3;run_1,0.015607,0,,,0.05188336172,0.015607,0.1432722162,0,
27,800,27,1,81,0.05325028433,0.05512127017;0.06457535226;0.04005423055,0.05557190826;0.0388512297;0.06532771503,biomass;glucose;product,run_1;run_2;run_3,0.024936,0,,,0.05325028433,0.024936,0.2548288239,0,
28,800,28,1,84,0.05361738107,0.05282608893;0.06681238405;0.04121367024,0.05854411809;0.06406319689;0.03824482824,biomass;glucose;product,run_1;run_3;run_2,0.016602,0,,,0.05361738107,0.016602,0.3034975297,0,
29,800,29,1,87,0.05216346209,0.05214814599;0.06326914527;0.04107309502,0.06209852892;0.0569837222;0.03740813516,biomass;glucose;product,run_3;run_1;run_2,0.010608,0,,,0.05216346209,0.010608,0.2790222621,0,
30,800,30,1,90,0.04944116232,0.05283057317;0.05588807836;0.03960483541,0.05990579201;0.05197102919;0.03644666575,biomass;glucose;product,run_3;run_1;run_2,0.021573,0,,,0.04944116232,0.021573,0.2019127463,0,
31,800,31,1,93,0.04660276219,0.05461006493;0.04776165983;0.03743656181,0.04548950509;0.05848648934;0.03583229214,biomass;glucose;product,run_1;run_3;run_2,0.009675,0,,,0.04660276219,0.009675,0.1052888296,0,
32,800,32,1,96,0.04447099906,0.05702282152;0.04112246927;0.03526770639,0.03584824467;0.03922121197;0.05834354054,biomass;glucose;product,run_2;run_1;run_3,0.009079,0,,,0.04447099906,0.009079,0.03897053328,0,
33,800,33,1,99,0.04323008252,0.05943871699;0.03674269177;0.03350883882,0.03638535713;0.03407023909;0.05923465135,biomass;glucose;product,run_2;run_1;run_3,0.014070,0,,,0.04323008252,0.014070,0.09094220139,0,
34,800,34,1,102,0.04259465862,0.06123104798;0.03432458284;0.03222834505,0.06045403835;0.0370609769;0.03026896061,biomass;glucose;product,run_3;run_2;run_1,0.009545,0,,,0.04259465862,0.009545,0.1487073494,0,
35,800,35,1,105,0.04210443949,0.06191758912;0.03311370102;0.03128202834,0.0612039958;0.02767585329;0.03743346938,biomass;glucose;product,run_3;run_1;run_2,0.011521,0,,,0.04210443949,0.011521,0.1878075576,0,
36,800,36,1,108,0.04135443155,0.06122882075;0.03235199072;0.03048248316,0.06086644169;0.02603128779;0.03716556515,biomass;glucose;product,run_3;run_1;run_2,0.025313,0,,,0.04135443155,0.025313,0.208253167,0,
37,800,37,1,111,0.04011293963,0.05912199703;0.03150425701;0.02971256486,0.0361002738;0.02510591511;0.05913262999,biomass;glucose;product,run_2;run_1;run_3,0.009073,0,,,0.04011293963,0.009073,0.2120744106,0,
38,800,38,1,114,0.03834472106,0.05576898592;0.0303128961;0.02895228115,0.03426764604;0.02475058358;0.05601593356,biomass;glucose;product,run_2;run_1;run_3,0.015854,0,,,0.03834472106,0.015854,0.2015487615,0,
39,800,39,1,117,0.03617254207,0.05153260831;0.02875288607;0.02823213182,0.05179231434;0.03184843894;0.02487687292,biomass;glucose;product,run_3;run_2;run_1,0.003428,0,,,0.03617254207,0.003428,0.1790762221,0,
40,800,40,1,120,0.03380490102,0.04692783549;0.02693952526;0.0275473423,0.04690390291;0.02540017921;0.02911062094,biomass;glucose;product,run_3;run_1;run_2,0.006903,0,,,0.03380490102,0.006903,0.1475451141,0,
41,800,41,1,123,0.03145070074,0.04254999615;0.02502079609;0.02678131,0.04184746004;0.02617507187;0.02632957033,biomass;glucose;product,run_3;run_1;run_2,0.020554,0,,,0.03145070074,0.020554,0.1108550366,0,
42,800,42,1,126,0.02924481228,0.03895154975;0.02308529209;0.02569759499,0.03706370983;0.02695906343;0.02371166357,biomass;glucose;product,run_3;run_1;run_2,0.017069,0,,,0.02924481228,0.017069,0.07480738672,0,
43,800,43,1,129,0.02721438422,0.0364776484;0.02112589811;0.02403960615,0.02135188562;0.02743803586;0.03285323118,biomass;glucose;product,run_2;run_1;run_3,0.015530,0,,,0.02721438422,0.015530,0.04966548024,0,
44,800,44,1,132,0.0253012882,0.03512096922;0.01908158036;0.02170131501,0.01924660667;0.02731023713;0.02934702079,biomass;glucose;product,run_2;run_1;run_3,0.020459,0,,,0.0253012882,0.020459,0.04810674394,0,
45,800,45,1,135,0.02342766208,0.03450392251;0.01692500199;0.01885406175,0.01735006743;0.02639045111;0.02654246771,biomass;glucose;product,run_2;run_1;run_3,0.021014,0,,,0.02342766208,0.021014,0.06024529655,0,
46,800,46,1,138,0.02156515482,0.03404606759;0.01472402925;0.01592536761,0.02467792456;0.01563473976;0.02438280013,biomass;glucose;product,run_1;run_2;run_3,0.005984,0,,,0.02156515482,0.005984,0.06978936259,0,
47,800,47,1,141,0.01976348203,0.03322708636;0.01262780835;0.01343555139,0.02282375987;0.02234918037;0.01411750586,biomass;glucose;product,run_3;run_1;run_2,0.016792,0,,,0.01976348203,0.016792,0.0723505408,0,
48,800,48,1,144,0.01812344609,0.03178499195;0.01079655402;0.0117887923,0.01284290866;0.02183979157;0.01968763804,biomass;glucose;product,run_2;run_3;run_1,0.006743,0,,,0.01812344609,0.006743,0.06928173329,0,
49,800,49,1,147,0.0167299974,0.02974369091;0.009331745133;0.01111455614,0.01698685146;0.01183728699;0.02136585374,biomass;glucose;product,run_1;run_2;run_3,0.011408,0,,,0.0167299974,0.011408,0.06387922086,0,
50,800,50,1,150,0.01558747223,0.02730881319;0.008245718861;0.01120788464,0.02122415928;0.01447330655;0.01106495086,biomass;glucose;product,run_3;run_1;run_2,0.021875,0,,,0.01558747223,0.021875,0.05916284635,0,
51,800,51,1,153,0.01459934944,0.02473517225;0.007471206368;0.0115916697,0.02110900967;0.01227158473;0.01041745391,biomass;glucose;product,run_3;run_1;run_2,0.011775,0,,,0.01459934944,0.011775,0.05643680065,0,
52,800,52,1,156,0.01362004371,0.02223120667;0.00690427811;0.01172464635,0.01041421096;0.009755745185;0.02069017499,biomass;glucose;product,run_1;run_2;run_3,0.026129,0,,,0.01362004371,0.026129,0.05530779334,0,
53,800,53,1,159,0.01255063002,0.01992688494;0.006455438797;0.01126956632,0.008988337723;0.008891447181;0.01977210516,biomass;glucose;product,run_2;run_1;run_3,0.032556,0,,,0.01255063002,0.032556,0.05476319209,0,
54,800,54,1,162,0.01139113846,0.01788084311;0.006079782955;0.01021278931,0.01836253492;0.007699029454;0.008111851006,biomass;glucose;product,run_3;run_1;run_2,0.015180,0,,,0.01139113846,0.015180,0.05381559866,0,
55,800,55,1,165,0.01022106771,0.0161001341;0.005774227716;0.008788841298,0.007194740196;0.006850964211;0.01661749871,biomass;glucose;product,run_2;run_1;run_3,0.007736,0,,,0.01022106771,0.007736,0.05163835706,0,
56,800,56,1,168,0.009153930199,0.01455965572;0.005560642195;0.007341492687,0.006338554992;0.01475665883;0.00636657678,biomass;glucose;product,run_2;run_3;run_1,0.010606,0,,,0.009153930199,0.010606,0.04774439501,0,
57,800,57,1,171,0.008296964583,0.01322098632;0.005467846183;0.006202061247,0.005643467518;0.01299752138;0.00624990485,biomass;glucose;product,run_2;run_3;run_1,0.015773,0,,,0.008296964583,0.015773,0.04223215677,0,
58,800,58,1,174,0.007720850712,0.01204919155;0.005518778974;0.005594581612,0.01151524389;0.005179804649;0.0064675036,biomass;glucose;product,run_3;run_2;run_1,0.015539,0,,,0.007720850712,0.015539,0.03599223077,0,
59,800,59,1,177,0.007436649787,0.01102201927;0.00572112211;0.005566807978,0.01041346843;0.004965792683;0.006930688243,biomass;glucose;product,run_3;run_2;run_1,0.015113,0,,,0.007436649787,0.015113,0.03074385121,0,
60,800,60,1,180,0.007387588916,0.01012985665;0.006060413219;0.005972496878,0.009707806302;0.004958158449;0.007496801997,biomass;glucose;product,run_3;run_2;run_1,0.009211,0,,,0.007387588916,0.009211,0.02834879343,0,
61,800,61,1,183,0.007465401082,0.009369297216;0.006495595737;0.006531310293,0.009334779523;0.005065059745;0.007996363979,biomass;glucose;product,run_3;run_2;run_1,0.014838,0,,,0.007465401082,0.014838,0.02899455892,0,
62,800,62,1,186,0.007549140684,0.008734516048;0.006960515128;0.006952390876,0.009189082208;0.005180182122;0.008278157722,biomass;glucose;product,run_3;run_2;run_1,0.008015,0,,,0.007549140684,0.008015,0.03078854609,0,
63,800,63,1,189,0.007547823186,0.008210584;0.00737439212;0.007058493439,0.009170099179;0.008251863093;0.005221507287,biomass;glucose;product,run_3;run_1;run_2,0.029541,0,,,0.007547823186,0.029541,0.03177800691,0,
64,800,64,1,192,0.007424936043,0.007772583154;0.007661881716;0.006840343259,0.005154877925;0.009211950206;0.007907979997,biomass;glucose;product,run_2;run_3;run_1,0.013851,0,,,0.007424936043,0.013851,0.03108705601,0,
65,800,65,1,195,0.007197087682,0.007392042906;0.007776691865;0.006422528274,0.00928623855;0.007310562198;0.004994462297,biomass;glucose;product,run_3;run_1;run_2,0.007042,0,,,0.007197087682,0.007042,0.02880686792,0,
66,800,66,1,198,0.006913357238,0.007048085863;0.007716425923;0.00597555993,0.009385052686;0.004785120973;0.006569898056,biomass;glucose;product,run_3;run_2;run_1,0.015014,0,,,0.006913357238,0.015014,0.02570384336,0,
67,800,67,1,201,0.006627346236,0.006735957361;0.007520010922;0.005626070427,0.009497781149;0.005806816783;0.004577440777,biomass;glucose;product,run_3;run_1;run_2,0.020120,0,,,0.006627346236,0.020120,0.0230043205,0,
68,800,68,1,204,0.006374195086,0.006466117348;0.007250549857;0.005405918053,0.009595104431;0.005120982174;0.004406498653,biomass;glucose;product,run_3;run_1;run_2,0.050557,0,,,0.006374195086,0.050557,0.02196842636,0,
69,800,69,1,207,0.006160919911,0.006252919404;0.006970691449;0.005259148881,0.009629428768;0.004571301052;0.004282029913,biomass;glucose;product,run_3;run_1;run_2,0.009591,0,,,0.006160919911,0.009591,0.02298331128,0,
70,800,70,1,210,0.005971145827,0.006098338047;0.00671778112;0.005097318313,0.004171849424;0.004191031038;0.009550557019,biomass;glucose;product,run_1;run_2;run_3,0.020397,0,,,0.005971145827,0.020397,0.02518014997,0,
71,800,71,1,213,0.005776967515,0.005981009121;0.006486941839;0.004862951584,0.009323631017;0.004107738072;0.003899533455,biomass;glucose;product,run_3;run_2;run_1,0.014389,0,,,0.005776967515,0.014389,0.02723039536,0,
72,800,72,1,216,0.005551576781,0.005861988669;0.006237715309;0.004555026366,0.004005409186;0.008938203324;0.003711117834,biomass;glucose;product,run_2;run_3;run_1,0.019116,0,,,0.005551576781,0.019116,0.02805024451,0,
73,800,73,1,219,0.005280427314,0.005703883969;0.005926121234;0.004211276741,0.003564222264;0.008410103543;0.003866956136,biomass;glucose;product,run_1;run_3;run_2,0.012735,0,,,0.005280427314,0.012735,0.02701705288,0,
74,800,74,1,222,0.004966204455,0.005488099132;0.005534905358;0.003875608874,0.007778431318;0.003689315645;0.003430866401,biomass;glucose;product,run_3;run_2;run_1,0.013663,0,,,0.004966204455,0.013663,0.02400929135,0,
75,800,75,1,225,0.004627488999,0.005222672174;0.005085414735;0.003574380087,0.003301778339;0.003482563201;0.007098125456,biomass;glucose;product,run_1;run_2;run_3,0.015141,0,,,0.004627488999,0.015141,0.01943139702,0,
76,800,76,1,228,0.004292396494,0.004936560454;0.004629591241;0.003311037788,0.003183231515;0.003265350978;0.006428606988,biomass;glucose;product,run_1;run_2;run_3,0.014866,0,,,0.004292396494,0.014866,0.01427217438,0,
77,800,77,1,231,0.003989343268,0.004663577612;0.004229498569;0.003074953624,0.003089276107;0.003058364344;0.005820389353,biomass;glucose;product,run_1;run_2;run_3,0.015929,0,,,0.003989343268,0.015929,0.01036742419,0,
78,800,78,1,234,0.003737764329,0.004425111497;0.003934261655;0.002853919834,0.002878086034;0.003032311999;0.005302894953,biomass;glucose;product,run_2;run_1;run_3,0.024573,0,,,0.003737764329,0.024573,0.01001245377,0,
79,800,79,1,237,0.003541430764,0.004220892282;0.00376203322;0.00264136679,0.004877468607;0.003014746056;0.002732077629,biomass;glucose;product,run_3;run_1;run_2,0.009512,0,,,0.003541430764,0.009512,0.01239871183,0,
80,800,80,1,240,0.003387717924,0.004032983399;0.003693701853;0.002436468521,0.004520336372;0.00261775254;0.003025064862,biomass;glucose;product,run_3;run_2;run_1,0.013706,0,,,0.003387717924,0.013706,0.01488589134,0,
81,800,81,1,243,0.00325533789,0.003841820349;0.003683404308;0.002240789012,0.002526223334;0.004198413375;0.00304137696,biomass;glucose;product,run_2;run_3;run_1,0.009081,0,,,0.00325533789,0.009081,0.01627536806,0,
82,800,82,1,246,0.003127697714,0.003644010382;0.003683588816;0.002055493944,0.003892335398;0.002449506678;0.003041251065,biomass;glucose;product,run_3;run_2;run_1,0.011305,0,,,0.003127697714,0.011305,0.01637334687,0,
83,800,83,1,249,0.003001399954,0.003457081212;0.003667728491;0.001879390159,0.003608692025;0.003010376816;0.002385131021,biomass;glucose;product,run_3;run_1;run_2,0.013514,0,,,0.003001399954,0.013514,0.01548839631,0,
84,800,84,1,252,0.002883078,0.003305527328;0.003635027626;0.001708679045,0.002944212341;0.00337088789;0.002334133768,biomass;glucose;product,run_1;run_3;run_2,0.018509,0,,,0.002883078,0.018509,0.01418685545,0,
85,800,85,1,255,0.002779688216,0.003198528608;0.003598972976;0.001541563065,0.002296062021;0.002845242273;0.003197760355,biomass;glucose;product,run_2;run_1;run_3,0.010718,0,,,0.002779688216,0.010718,0.01301895426,0,
86,800,86,1,258,0.002692531338,0.003118463951;0.003572187018;0.001386943044,0.002267504054;0.003088768644;0.002721321315,biomass;glucose;product,run_2;run_3;run_1,0.011308,0,,,0.002692531338,0.011308,0.01225913568,0,
87,800,87,1,261,0.002618649067,0.003032255882;0.003557573786;0.001266117534,0.002585287895;0.003025681566;0.002244977741,biomass;glucose;product,run_1;run_3;run_2,0.027558,0,,,0.002618649067,0.027558,0.01199520016,0,
88,800,88,1,264,0.002553566384,0.002915758639;0.003548747643;0.001196192869,0.002451267894;0.002983452874;0.002225978382,biomass;glucose;product,run_1;run_3;run_2,0.034504,0,,,0.002553566384,0.034504,0.01233063984,0,
89,800,89,1,267,0.002489577182,0.002766998137;0.00353503061;0.001166702798,0.00232736428;0.002205189259;0.002936178006,biomass;glucose;product,run_1;run_2;run_3,0.016094,0,,,0.002489577182,0.016094,0.01305723972,0,
90,800,90,1,270,0.002416401395,0.00259884947;0.00350737698;0.001142977735,0.00286343208;0.002173253596;0.002212518508,biomass;glucose;product,run_3;run_2;run_1,0.023117,0,,,0.002416401395,0.023117,0.01349298663,0,
91,800,91,1,273,0.002329274315,0.002424719784;0.003461862228;0.001101240934,0.002761957999;0.002123711175;0.002102153772,biomass;glucose;product,run_3;run_2;run_1,0.009482,0,,,0.002329274315,0.009482,0.01310719813,0,
92,800,92,1,276,0.002235097857,0.002251786104;0.003400420127;0.001053087341,0.002059650266;0.001995374983;0.002650268322,biomass;glucose;product,run_2;run_1;run_3,0.012709,0,,,0.002235097857,0.012709,0.01205264636,0,
93,800,93,1,279,0.0021461335,0.002083652189;0.003329155629;0.001025592681,0.002553000323;0.001990176313;0.001895223863,biomass;glucose;product,run_3;run_2;run_1,0.015635,0,,,0.0021461335,0.015635,0.01094968167,0,
94,800,94,1,282,0.002069159378,0.001927068655;0.003255527374;0.001024882106,0.001804356123;0.001922052444;0.002481069567,biomass;glucose;product,run_1;run_2;run_3,0.007098,0,,,0.002069159378,0.007098,0.01011472248,0,
95,800,95,1,285,0.002004135153,0.001794564391;0.00318498937;0.001032851699,0.001723181251;0.002431039606;0.001858184603,biomass;glucose;product,run_1;run_3;run_2,0.019446,0,,,0.002004135153,0.019446,0.009341197414,0,
96,800,96,1,288,0.001949319108,0.001696059448;0.003117595541;0.001034302334,0.001801323407;0.001650677437;0.002395956478,biomass;glucose;product,run_2;run_1;run_3,0.015115,0,,,0.001949319108,0.015115,0.008528651008,0,
97,800,97,1,291,0.001901636094,0.001627080211;0.003047202776;0.001030625295,0.002367196256;0.001583930541;0.001753781485,biomass;glucose;product,run_3;run_1;run_2,0.022652,0,,,0.001901636094,0.022652,0.007729736474,0,
98,800,98,1,294,0.001855691999,0.001571893103;0.00296634909;0.001028833803,0.002333478725;0.001518642969;0.001714954302,biomass;glucose;product,run_3;run_1;run_2,0.010741,0,,,0.001855691999,0.010741,0.006686124729,0,
99,800,99,1,297,0.00180872829,0.001521394255;0.00287366137;0.001031129246,0.001452815597;0.00168367729;0.002289691985,biomass;glucose;product,run_1;run_2;run_3,0.010988,0,,,0.00180872829,0.010988,0.005233545494,0,
100,800,100,1,300,0.001764312772,0.001481673309;0.002776280001;0.001034985008,0.001388917275;0.001661055201;0.002242965841,biomass;glucose;product,run_1;run_2;run_3,0.015465,0,,,0.001764312772,0.015465,0.004387877742,0,
101,800,101,1,303,0.001727146782,0.001460947368;0.002684794562;0.001035698417,0.002202851126;0.001330779486;0.001647809734,biomass;glucose;product,run_3;run_1;run_2,0.030868,0,,,0.001727146782,0.030868,0.005468606802,0,
102,800,102,1,306,0.001696885161,0.001453671028;0.002605945725;0.001031038729,0.001279453958;0.001641052861;0.002170148663,biomass;glucose;product,run_1;run_2;run_3,0.005767,0,,,0.001696885161,0.005767,0.007145959348,0,
103,800,103,1,309,0.001670257718,0.001445139422;0.002539656378;0.001025977354,0.002141247552;0.001636387075;0.001233138527,biomass;glucose;product,run_3;run_2;run_1,0.028698,0,,,0.001670257718,0.028698,0.008254559259,0,
104,800,104,1,312,0.001644804293,0.001427711429;0.002481277975;0.001025423476,0.002114987782;0.001630215911;0.001189209188,biomass;glucose;product,run_3;run_2;run_1,0.013780,0,,,0.001644804293,0.013780,0.008788296228,0,
105,800,105,1,315,0.001617696334,0.001404013258;0.002425583292;0.001023492452,0.001618751427;0.001145447173;0.002088890402,biomass;glucose;product,run_2;run_1;run_3,0.019817,0,,,0.001617696334,0.019817,0.008835708468,0,
106,800,106,1,318,0.001586645436,0.001378465414;0.002369648462;0.001011822432,0.001599566979;0.00205846314;0.00110190619,biomass;glucose;product,run_2;run_3;run_1,0.046090,0,,,0.001586645436,0.046090,0.008299300167,0,
107,800,107,1,321,0.001553405557,0.001352509993;0.002313630827;0.0009940758497,0.001574716928;0.002023399336;0.001062100406,biomass;glucose;product,run_2;run_3;run_1,0.008148,0,,,0.001553405557,0.008148,0.007377992437,0,
108,800,108,1,324,0.001521750316,0.001326066232;0.002259573273;0.0009796114442,0.001548417303;0.001986532995;0.001030300652,biomass;glucose;product,run_2;run_3;run_1,0.036444,0,,,0.001521750316,0.036444,0.006504553096,0,
109,800,109,1,327,0.001492832955,0.001300238965;0.002209577869;0.0009686820304,0.001007918795;0.001948079624;0.001522500445,biomass;glucose;product,run_1;run_3;run_2,0.033107,0,,,0.001492832955,0.033107,0.005751897649,0,
110,800,110,1,330,0.00146564656,0.001277570466;0.002164582032;0.0009547871825,0.0009937495254;0.001906439108;0.001496751048,biomass;glucose;product,run_1;run_3;run_2,0.014440,0,,,0.00146564656,0.014440,0.004974704438,0,
111,800,111,1,333,0.001439466991,0.001258597279;0.002123877534;0.0009359261607,0.001860674872;0.001471473677;0.0009862524249,biomass;glucose;product,run_3;run_2;run_1,0.029924,0,,,0.001439466991,0.029924,0.004327399957,0,
112,800,112,1,336,0.001413603185,0.001239884237;0.002085533184;0.0009153921326,0.001447451936;0.001809062028;0.0009842955903,biomass;glucose;product,run_2;run_3;run_1,0.008025,0,,,0.001413603185,0.008025,0.003909459983,0,
113,800,113,1,339,0.00138742587,0.001218522802;0.002047817121;0.0008959376863,0.001425206671;0.0009868896871;0.001750181252,biomass;glucose;product,run_2;run_1;run_3,0.023951,0,,,0.00138742587,0.023951,0.003458492362,0,
114,800,114,1,342,0.00136181992,0.001196925368;0.002010546906;0.0008779874865,0.001405304416;0.001687151165;0.0009930041792,biomass;glucose;product,run_2;run_3;run_1,0.004779,0,,,0.00136181992,0.004779,0.002982302091,0,
115,800,115,1,345,0.001338556354,0.001179627092;0.001975051013;0.0008609909578,0.001000949671;0.001387904656;0.001626814735,biomass;glucose;product,run_1;run_2;run_3,0.026606,0,,,0.001338556354,0.026606,0.002919660714,0,
116,800,116,1,348,0.001318053722,0.001166527578;0.001942928417;0.000844705171,0.001371907637;0.001008063573;0.001574189957,biomass;glucose;product,run_2;run_1;run_3,0.028991,0,,,0.001318053722,0.028991,0.003184902982,0,
117,800,117,1,351,0.001299319774,0.001152923844;0.001914860482;0.0008301749967,0.001011960839;0.001530139235;0.001355859249,biomass;glucose;product,run_1;run_3;run_2,0.018859,0,,,0.001299319774,0.018859,0.003282575401,0,
118,800,118,1,354,0.001281448538,0.001135560335;0.001890220275;0.0008185650039,0.001339371122;0.001011996627;0.001492977865,biomass;glucose;product,run_2;run_1;run_3,0.018646,0,,,0.001281448538,0.018646,0.00316738293,0,
119,800,119,1,357,0.001263780007,0.001115290556;0.001867452551;0.0008085969142,0.001008983581;0.001459567085;0.001322789355,biomass;glucose;product,run_1;run_3;run_2,0.017559,0,,,0.001263780007,0.017559,0.003001525361,0,
120,800,120,1,360,0.001245713845,0.001094394899;0.00184495503;0.0007977916062,0.001426765429;0.001306388786;0.00100398732,biomass;glucose;product,run_3;run_2;run_1,0.007816,0,,,0.001245713845,0.007816,0.002743755184,0,
121,800,121,1,363,0.001227434961,0.001074026314;0.001821934513;0.0007863440549,0.000997681659;0.001394111535;0.001290511687,biomass;glucose;product,run_1;run_3;run_2,0.028836,0,,,0.001227434961,0.028836,0.002416088767,0,
122,800,122,1,366,0.001209769614,0.001054158097;0.001798588915;0.0007765618295,0.00136374315;0.0009900987212;0.00127546697,biomass;glucose;product,run_3;run_1;run_2,0.032316,0,,,0.001209769614,0.032316,0.002294455172,0,
123,800,123,1,369,0.001192985109,0.001034668072;0.001775522087;0.000768765167,0.0009806809549;0.001337301703;0.001260972669,biomass;glucose;product,run_1;run_3;run_2,0.019647,0,,,0.001192985109,0.019647,0.002417220262,0,
124,800,124,1,372,0.001176673163,0.00101617174;0.001752912825;0.0007609349256,0.0009690268336;0.001246496418;0.001314496238,biomass;glucose;product,run_1;run_2;run_3,0.005330,0,,,0.001176673163,0.005330,0.00253872845,0,
125,800,125,1,375,0.001160555277,0.0009995580709;0.001730243853;0.0007518639074,0.001231992079;0.001294102595;0.0009555711573,biomass;glucose;product,run_2;run_3;run_1,0.009726,0,,,0.001160555277,0.009726,0.002595188138,0,
126,800,126,1,378,0.001144529859,0.0009848862527;0.001706580919;0.000742122406,0.0009412501676;0.001274669062;0.001217670348,biomass;glucose;product,run_1;run_3;run_2,0.044816,0,,,0.001144529859,0.044816,0.002563807836,0,
127,800,127,1,381,0.001128505667,0.0009717216373;0.00168134771;0.0007324476544,0.001255226906;0.000926783779;0.001203506317,biomass;glucose;product,run_3;run_1;run_2,0.012236,0,,,0.001128505667,0.012236,0.002324914263,0,
128,800,128,1,384,0.001112748395,0.0009603383637;0.001654920374;0.000722986448,0.001189437837;0.0009124663905;0.001236340959,biomass;glucose;product,run_2;run_1;run_3,0.016127,0,,,0.001112748395,0.016127,0.00194383927,0,
129,800,129,1,387,0.001097764586,0.0009511524208;0.001628504542;0.0007136367945,0.001175583174;0.0008982776378;0.001219432946,biomass;glucose;product,run_2;run_1;run_3,0.022391,0,,,0.001097764586,0.022391,0.001777080817,0,
130,800,130,1,390,0.001083662245,0.0009432062446;0.0016033855;0.0007043949897,0.0008840638828;0.001162076796;0.001204846055,biomass;glucose;product,run_1;run_2;run_3,0.018615,0,,,0.001083662245,0.018615,0.001924552347,0,
131,800,131,1,393,0.001070188445,0.0009347785582;0.00158017736;0.0006956094164,0.0008698759994;0.001149052618;0.001191636718,biomass;glucose;product,run_1;run_2;run_3,0.023495,0,,,0.001070188445,0.023495,0.002105801022,0,
132,800,132,1,396,0.001057166118,0.0009253122198;0.001558594419;0.0006875917145,0.00113663966;0.0008561158246;0.001178742868,biomass;glucose;product,run_2;run_1;run_3,0.008009,0,,,0.001057166118,0.008009,0.002233257536,0,
133,800,133,1,399,0.001044435333,0.0009155531774;0.001537830245;0.0006799225769,0.001165340818;0.000843239952;0.001124725229,biomass;glucose;product,run_3;run_1;run_2,0.029880,0,,,0.001044435333,0.029880,0.002314828279,0,
134,800,134,1,402,0.001031840376,0.0009062265578;0.001517240426;0.0006720541452,0.0008314932115;0.001113079108;0.001150948809,biomass;glucose;product,run_1;run_2;run_3,0.023143,0,,,0.001031840376,0.023143,0.002315339936,0,
135,800,135,1,405,0.001019483419,0.0008973775502;0.001496798168;0.0006642745389,0.001101772986;0.001135771462;0.0008209058092,biomass;glucose;product,run_2;run_3;run_1,0.019502,0,,,0.001019483419,0.019502,0.002280795303,0,
136,800,136,1,408,0.001007538934,0.0008886680514;0.001476959727;0.0006569890241,0.0008112959856;0.001120233282;0.001091087535,biomass;glucose;product,run_1;run_3;run_2,0.031679,0,,,0.001007538934,0.031679,0.002259520656,0,
137,800,137,1,411,0.0009959505241,0.0008799812195;0.001458122003;0.0006497483499,0.001081123497;0.001104366103;0.0008023619723,biomass;glucose;product,run_2;run_3;run_1,0.024462,0,,,0.0009959505241,0.024462,0.002184815962,0,
138,800,138,1,414,0.0009845996042,0.0008716930005;0.001440198341;0.0006419074712,0.0007939703192;0.001071749632;0.001088078861,biomass;glucose;product,run_1;run_2;run_3,0.020467,0,,,0.0009845996042,0.020467,0.002042239509,0,
139,800,139,1,417,0.0009734395409,0.0008642077699;0.001422665844;0.0006334450089,0.001062698913;0.001071348527;0.0007862711828,biomass;glucose;product,run_2;run_3;run_1,0.018398,0,,,0.0009734395409,0.018398,0.001918379145,0,
140,800,140,1,420,0.0009624001708,0.0008575508804;0.001405004976;0.0006246446557,0.001054054676;0.001053647619;0.0007794982173,biomass;glucose;product,run_3;run_2;run_1,0.010985,0,,,0.0009624001708,0.010985,0.001829031384,0,
141,800,141,1,423,0.0009514895489,0.0008516543906;0.001387144668;0.0006156695882,0.001044469405;0.001036251496;0.0007737477459,biomass;glucose;product,run_2;run_3;run_1,0.028692,0,,,0.0009514895489,0.028692,0.001749234787,0,
142,800,142,1,426,0.0009408529396,0.0008464841429;0.001369501234;0.0006065734415,0.001018345427;0.0007688724764;0.001035340916,biomass;glucose;product,run_3;run_1;run_2,0.030006,0,,,0.0009408529396,0.030006,0.001714440394,0,
143,800,143,1,429,0.0009305732327,0.0008416760652;0.001352617491;0.0005974261423,0.001000686634;0.001026516394;0.0007645166702,biomass;glucose;product,run_3;run_2;run_1,0.013293,0,,,0.0009305732327,0.013293,0.001703284714,0,
144,800,144,1,432,0.0009206196513,0.0008366572807;0.001336751618;0.0005884500556,0.001018109516;0.0007603509468;0.0009833984906,biomass;glucose;product,run_2;run_1;run_3,0.005297,0,,,0.0009206196513,0.005297,0.001648533289,0,
145,800,145,1,435,0.0009109630526,0.0008312286549;0.001321748394;0.0005799121088,0.001010052723;0.0007562862742;0.0009665501601,biomass;glucose;product,run_2;run_1;run_3,0.005172,0,,,0.0009109630526,0.005172,0.001572270113,0,
146,800,146,1,438,0.0009015557506,0.0008256217982;0.001307233862;0.0005718115913,0.0009501226165;0.0007524085517;0.001002136084,biomass;glucose;product,run_3;run_1;run_2,0.019982,0,,,0.0009015557506,0.019982,0.001515868228,0,
147,800,147,1,441,0.0008923340332,0.000820059183;0.001292931868;0.0005640110485,0.0009941818132;0.0007487506883;0.0009340695982,biomass;glucose;product,run_2;run_1;run_3,0.007965,0,,,0.0008923340332,0.007965,0.001465032447,0,
148,800,148,1,444,0.0008833127772,0.0008145150572;0.001278835661;0.0005565876136,0.0009862259107;0.0007451517151;0.0009185607059,biomass;glucose;product,run_2;run_1;run_3,0.014945,0,,,0.0008833127772,0.014945,0.001430955767,0,
149,800,149,1,447,0.0008745329952,0.000808824521;0.001265111841;0.0005496626238,0.000978436415;0.0007412822795;0.0009038802911,biomass;glucose;product,run_2;run_1;run_3,0.028570,0,,,0.0008745329952,0.028570,0.001433002881,0,
150,800,150,1,450,0.0008659772553,0.0008029519265;0.001251858387;0.0005431214522,0.0009709103339;0.0007368510634;0.0008901703686,biomass;glucose;product,run_2;run_1;run_3,0.005249,0,,,0.0008659772553,0.005249,0.001444426628,0,
151,800,151,1,453,0.0008576178339,0.0007971057111;0.001238950307;0.0005367974832,0.0009636048625;0.000731837905;0.0008774107342,biomass;glucose;product,run_2;run_1;run_3,0.021511,0,,,0.0008576178339,0.021511,0.001457160546,0,
152,800,152,1,456,0.0008494296424,0.0007915220795;0.001226095872;0.0005306709753,0.0009563693306;0.0008654453443;0.0007264742524,biomass;glucose;product,run_2;run_3;run_1,0.013683,0,,,0.0008494296424,0.013683,0.001473798101,0,
153,800,153,1,459,0.0008413722015,0.0007862712344;0.001213060051;0.0005247853187,0.0009490445047;0.0007210147455;0.0008540573544,biomass;glucose;product,run_2;run_1;run_3,0.013647,0,,,0.0008413722015,0.013647,0.001462430408,0,
154,800,154,1,462,0.0008334387332,0.0007813221884;0.001199841984;0.0005191520272,0.0007155253712;0.0008431772647;0.0009416135636,biomass;glucose;product,run_1;run_3;run_2,0.013852,0,,,0.0008334387332,0.013852,0.001417604685,0,
155,800,155,1,465,0.0008256640236,0.0007765824978;0.001186661854;0.0005137477194,0.000709874414;0.0009342338715;0.0008328837854,biomass;glucose;product,run_1;run_2;run_3,0.015904,0,,,0.0008256640236,0.015904,0.001374358396,0,
156,800,156,1,468,0.0008180641938,0.0007718608085;0.001173774675;0.0005085570977,0.0009271030195;0.0007038968654;0.0008231926966,biomass;glucose;product,run_2;run_1;run_3,0.020346,0,,,0.0008180641938,0.020346,0.001340701277,0,
157,800,157,1,471,0.0008106370814,0.0007669866141;0.001161291952;0.0005036326783,0.0008140071995;0.0006975894135;0.0009203146312,biomass;glucose;product,run_3;run_1;run_2,0.007089,0,,,0.0008106370814,0.007089,0.001309734457,0,
158,800,158,1,474,0.0008033869677,0.0007619880331;0.001149135986;0.0004990368836,0.0009138007433;0.0008052223476;0.0006911378121,biomass;glucose;product,run_2;run_3;run_1,0.016834,0,,,0.0008033869677,0.016834,0.001292194447,0,
159,800,159,1,477,0.0007962924201,0.0007569699702;0.001137185814;0.0004947214759,0.000684768417;0.0007967121964;0.0009073966469,biomass;glucose;product,run_1;run_3;run_2,0.036511,0,,,0.0007962924201,0.036511,0.001284362767,0,
160,800,160,1,480,0.000789335661,0.0007519853589;0.001125408212;0.0004906134123,0.000901015328;0.0006785893163;0.0007884023386,biomass;glucose;product,run_2;run_1;run_3,0.015368,0,,,0.000789335661,0.015368,0.001275495911,0,
161,800,161,1,483,0.0007825247473,0.0007469875423;0.001113898061;0.000486688638,0.0008947360706;0.0007802616736;0.0006725764976,biomass;glucose;product,run_2;run_3;run_1,0.032456,0,,,0.0007825247473,0.032456,0.001269114947,0,
162,800,162,1,486,0.0007758628674,0.0007419243087;0.001102774256;0.0004828900378,0.0007722233543;0.0008886967393;0.0006666685087,biomass;glucose;product,run_3;run_2;run_1,0.021428,0,,,0.0007758628674,0.021428,0.001257347636,0,
163,800,163,1,489,0.0007693435997,0.0007368578233;0.001092054449;0.0004791185273,0.0007641999352;0.000660896483;0.0008829343808,biomass;glucose;product,run_3;run_1;run_2,0.039395,0,,,0.0007693435997,0.039395,0.001234038316,0,
164,800,164,1,492,0.0007629622412,0.0007319405963;0.001081628707;0.0004753174201,0.0008773327165;0.0006554128406;0.0007561411664,biomass;glucose;product,run_2;run_1;run_3,0.044549,0,,,0.0007629622412,0.044549,0.001214770354,0,
165,800,165,1,495,0.0007567036307,0.0007272788635;0.001071353273;0.0004714787559,0.0007480159772;0.0006503839694;0.0008717109455,biomass;glucose;product,run_3;run_1;run_2,0.044974,0,,,0.0007567036307,0.044974,0.001205261895,0,
166,800,166,1,498,0.0007505522353,0.0007228824257;0.001061172095;0.0004676021855,0.0007398090359;0.0006458612502;0.0008659864198,biomass;glucose;product,run_3;run_1;run_2,0.029225,0,,,0.0007505522353,0.029225,0.001199453676,0,
167,800,167,1,501,0.0007445130968,0.000718702218;0.001051153988;0.0004636830841,0.0007315329716;0.0006417456465;0.0008602606722,biomass;glucose;product,run_3;run_1;run_2,0.030662,0,,,0.0007445130968,0.030662,0.001198743388,0,
168,800,168,1,504,0.0007385820335,0.0007146316948;0.00104140317;0.0004597112362,0.0007232052487;0.0006378644742;0.0008546763776,biomass;glucose;product,run_3;run_1;run_2,0.035892,0,,,0.0007385820335,0.035892,0.001196938049,0,
169,800,169,1,507,0.0007327639018,0.00071058792;0.001031970507;0.0004557332782,0.0008493381184;0.0006340939116;0.0007148596753,biomass;glucose;product,run_2;run_1;run_3,0.034431,0,,,0.0007327639018,0.034431,0.001185614303,0,
170,800,170,1,510,0.0007270615129,0.0007065502814;0.001022809303;0.0004518249545,0.0008442052194;0.0007065651778;0.0006304141416,biomass;glucose;product,run_2;run_3;run_1,0.018161,0,,,0.0007270615129,0.018161,0.001171512164,0,
171,800,171,1,513,0.0007214700324,0.0007025432723;0.001013837026;0.0004480297994,0.0006983881158;0.0008391708228;0.0006268511587,biomass;glucose;product,run_3;run_2;run_1,0.020857,0,,,0.0007214700324,0.020857,0.001159516298,0,
172,800,172,1,516,0.0007159814245,0.0006985697531;0.001005017151;0.0004443573699,0.0006233838557;0.0008341904881;0.0006903699298,biomass;glucose;product,run_1;run_2;run_3,0.042334,0,,,0.0007159814245,0.042334,0.001146982967,0,
173,800,173,1,519,0.0007105930705,0.0006945849088;0.0009963787295;0.0004408155733,0.0008293329116;0.0006199149969;0.000682531303,biomass;glucose;product,run_2;run_1;run_3,0.046788,0,,,0.0007105930705,0.046788,0.001133206939,0,
174,800,174,1,522,0.0007053082993,0.0006905473355;0.000987970274;0.0004374072884,0.0006163308605;0.0008246964603;0.0006748975772,biomass;glucose;product,run_1;run_2;run_3,0.023843,0,,,0.0007053082993,0.023843,0.001115012066,0,
175,800,175,1,525,0.0007001232802,0.0006864752514;0.0009797799936;0.0004341145956,0.0006674826492;0.0006125932371;0.0008202939542,biomass;glucose;product,run_3;run_1;run_2,0.019391,0,,,0.0007001232802,0.019391,0.001093443686,0,
176,800,176,1,528,0.0006950374856,0.0006824519433;0.0009717349656;0.0004309255479,0.0006087654993;0.0006603217842;0.0008160251734,biomass;glucose;product,run_1;run_3;run_2,0.011627,0,,,0.0006950374856,0.011627,0.001077832707,0,
177,800,177,1,531,0.0006900454889,0.0006785516006;0.0009637514238;0.0004278334424,0.0008117546344;0.0006534392564;0.000604942576,biomass;glucose;product,run_2;run_3;run_1,0.010046,0,,,0.0006900454889,0.010046,0.001069655395,0,
178,800,178,1,534,0.0006851403324,0.0006747950996;0.0009557966668;0.0004248292307,0.0006011597486;0.0008074212302;0.0006468400183,biomass;glucose;product,run_1;run_2;run_3,0.033516,0,,,0.0006851403324,0.033516,0.001063514959,0,
179,800,179,1,537,0.0006803191888,0.0006711578577;0.000947900851;0.0004218988576,0.0008030719809;0.0005973691422;0.0006405164432,biomass;glucose;product,run_2;run_1;run_3,0.030011,0,,,0.0006803191888,0.030011,0.001057205857,0,
180,800,180,1,540,0.000675580015,0.000667596239;0.000940113493;0.0004190303129,0.0007987920292;0.00059349901;0.0006344490059,biomass;glucose;product,run_2;run_1;run_3,0.035814,0,,,0.000675580015,0.035814,0.001048034784,0,
181,800,181,1,543,0.0006709219683,0.000664082206;0.0009324536444;0.0004162300544,0.0006286198855;0.0005895317821;0.0007946142372,biomass;glucose;product,run_3;run_1;run_2,0.011651,0,,,0.0006709219683,0.011651,0.001035704859,0,
182,800,182,1,546,0.0006663454954,0.0006606192678;0.0009249018193;0.0004135153993,0.0006230203971;0.0007904967629;0.0005855193263,biomass;glucose;product,run_3;run_2;run_1,0.032207,0,,,0.0006663454954,0.032207,0.001024693429,0,
183,800,183,1,549,0.0006618482118,0.000657219724;0.0009174344805;0.0004108904309,0.0005815259171;0.0007863823962;0.0006176363221,biomass;glucose;product,run_1;run_2;run_3,0.014359,0,,,0.0006618482118,0.014359,0.001016708381,0,
184,800,184,1,552,0.0006574270916,0.000653874287;0.0009100596286;0.0004083473593,0.0007822748075;0.0005775683655;0.0006124381019,biomass;glucose;product,run_2;run_1;run_3,0.032238,0,,,0.0006574270916,0.032238,0.001011008197,0,
185,800,185,1,555,0.0006530805558,0.0006505499949;0.0009028150627;0.0004058766099,0.0007782452048;0.0006073809635;0.0005736154992,biomass;glucose;product,run_2;run_3;run_1,0.020282,0,,,0.0006530805558,0.020282,0.001005818075,0,
186,800,186,1,558,0.0006488068016,0.0006472226756;0.000895733373;0.0004034643561,0.0006024166256;0.0005696421032;0.0007743616759,biomass;glucose;product,run_3;run_1;run_2,0.017299,0,,,0.0006488068016,0.017299,0.000997258531,0,
187,800,187,1,561,0.000644604957,0.0006439092255;0.0008888118343;0.0004010938112,0.0005975157773;0.0005656778065;0.0007706212872,biomass;glucose;product,run_3;run_1;run_2,0.018057,0,,,0.000644604957,0.018057,0.0009855578516,0,
188,800,188,1,564,0.0006404743579,0.0006406554268;0.0008820178184;0.0003987498284,0.0007669545596;0.0005926710006;0.0005617975134,biomass;glucose;product,run_2;run_3;run_1,0.019948,0,,,0.0006404743579,0.019948,0.0009749833909,0,
189,800,189,1,567,0.0006364124432,0.0006374957501;0.0008753220036;0.000396419576,0.0005878776712;0.0005580649382;0.0007632947203,biomass;glucose;product,run_3;run_1;run_2,0.023074,0,,,0.0006364124432,0.023074,0.0009672835262,0,
190,800,190,1,570,0.0006324165935,0.0006344332148;0.0008687240534;0.0003940925121,0.0005831213391;0.0005544893543;0.000759639087,biomass;glucose;product,run_3;run_1;run_2,0.050973,0,,,0.0006324165935,0.050973,0.0009620150838,0,
191,800,191,1,573,0.0006284847068,0.0006314480929;0.0008622460153;0.0003917600124,0.0005783795715;0.0007560392006;0.0005510353485,biomass;glucose;product,run_3;run_2;run_1,0.006336,0,,,0.0006284847068,0.006336,0.0009571680898,0,
192,800,192,1,576,0.0006246147842,0.0006285198239;0.0008559042835;0.0003894202452,0.0005736374038;0.0007525376735;0.0005476692752,biomass;glucose;product,run_3;run_2;run_1,0.050179,0,,,0.0006246147842,0.050179,0.0009502305098,0,
193,800,193,1,579,0.0006208059832,0.0006256433406;0.0008496918534;0.0003870827556,0.0007491244293;0.0005689025206;0.0005443909996,biomass;glucose;product,run_2;run_3;run_1,0.021676,0,,,0.0006208059832,0.021676,0.0009421454953,0,
194,800,194,1,582,0.000617057508,0.0006228238278;0.0008435879386;0.0003847607577,0.0005641978711;0.0005412193302;0.0007457553227,biomass;glucose;product,run_3;run_1;run_2,0.031179,0,,,0.000617057508,0.031179,0.000935198855,0,
195,800,195,1,585,0.0006133677886,0.0006200585908;0.0008375811279;0.000382463647,0.0007424077496;0.0005595421371;0.000538153479,biomass;glucose;product,run_2;run_3;run_1,0.019762,0,,,0.0006133677886,0.019762,0.0009296120392,0,
196,800,196,1,588,0.0006097354439,0.0006173286186;0.0008316791681;0.0003801985451,0.0005351567277;0.0005549408342;0.0007391087699,biomass;glucose;product,run_1;run_3;run_2,0.021220,0,,,0.0006097354439,0.021220,0.0009241961455,0,
197,800,197,1,591,0.00060615901,0.0006146105839;0.0008258954945;0.0003779709515,0.0007359037256;0.0005321800305;0.0005503932739,biomass;glucose;product,run_2;run_1;run_3,0.016080,0,,,0.00060615901,0.016080,0.0009169151688,0,
198,800,198,1,594,0.0006026371659,0.0006118987657;0.0008202289246;0.0003757838075,0.0007328031456;0.0005459085917;0.0005291997605,biomass;glucose;product,run_2;run_3;run_1,0.033198,0,,,0.0006026371659,0.033198,0.0009073182707,0,
199,800,199,1,597,0.0005991619638,0.000609205234;0.0008146497268;0.0003736309305,0.0005262292265;0.0007297671135;0.0005414895514,biomass;glucose;product,run_1;run_2;run_3,0.012100,0,,,0.0005991619638,0.012100,0.0008977171531,0,
200,800,200,1,600,0.0005957470943,0.0006065632886;0.0008091519994;0.000371525995,0.0005232931646;0.0007267412417;0.0005372068767,biomass;glucose;product,run_1;run_2;run_3,0.019956,0,,,0.0005957470943,0.019956,0.0008899215275,0,
201,800,201,1,603,0.0005923816624,0.0006039745799;0.000803713544;0.0003694568633,0.0005330503992;0.0005203958596;0.0007236987284,biomass;glucose;product,run_3;run_1;run_2,0.031393,0,,,0.0005923816624,0.031393,0.0008838590003,0,
202,800,202,1,606,0.0005890683854,0.0006014354028;0.0007983416992;0.0003674280541,0.0007206725;0.0005175157044;0.0005290169517,biomass;glucose;product,run_2;run_1;run_3,0.030689,0,,,0.0005890683854,0.030689,0.0008785487129,0,
203,800,203,1,609,0.0005858037409,0.0005989344805;0.0007930422302;0.000365434512,0.000525098925;0.000514629356;0.0007176829417,biomass;glucose;product,run_3;run_1;run_2,0.014440,0,,,0.0005858037409,0.014440,0.0008727716943,0,
204,800,204,1,612,0.0005825865975,0.0005964691152;0.0007878131951;0.0003634774823,0.0005117350033;0.0007147294932;0.0005212952962,biomass;glucose;product,run_1;run_2;run_3,0.024880,0,,,0.0005825865975,0.024880,0.0008664804485,0,
205,800,205,1,615,0.00057941613,0.0005940424689;0.0007826456874;0.0003615602338,0.0005176105933;0.0005088491098;0.0007117886871,biomass;glucose;product,run_3;run_1;run_2,0.014592,0,,,0.00057941613,0.014592,0.0008605894819,0,
206,800,206,1,618,0.0005762913772,0.0005916536003;0.0007775356284;0.0003596849029,0.0005140438369;0.000505982913;0.0007088473817,biomass;glucose;product,run_3;run_1;run_2,0.032450,0,,,0.0005762913772,0.032450,0.0008555016484,0,
207,800,207,1,621,0.0005732126796,0.0005892933982;0.0007724915158;0.0003578531247,0.0007059284553;0.0005105819045;0.0005031276789,biomass;glucose;product,run_2;run_3;run_1,0.027129,0,,,0.0005732126796,0.027129,0.0008509862476,0,
208,800,208,1,624,0.0005701765258,0.0005869429223;0.00076752468;0.0003560619749,0.0005002653005;0.0005072041236;0.0007030601532,biomass;glucose;product,run_1;run_3;run_2,0.050116,0,,,0.0005701765258,0.050116,0.0008461228606,0,
209,800,209,1,627,0.0005671831357,0.0005845963072;0.0007626430656;0.0003543100343,0.0007002643732;0.0004973913019;0.000503893732,biomass;glucose;product,run_2;run_1;run_3,0.031962,0,,,0.0005671831357,0.031962,0.000840136751,0,
210,800,210,1,630,0.0005642317178,0.0005822591775;0.0007578428703;0.0003525931056,0.0005006445653;0.0004945241148;0.0006975264733,biomass;glucose;product,run_3;run_1;run_2,0.024493,0,,,0.0005642317178,0.024493,0.0008335458322,0,
211,800,211,1,633,0.0005613214956,0.0005799427455;0.0007531160395;0.0003509057017,0.000694818132;0.0004916910662;0.0004974552885,biomass;glucose;product,run_2;run_1;run_3,0.037806,0,,,0.0005613214956,0.037806,0.0008272341589,0,
212,800,212,1,636,0.0005584516443,0.0005776530773;0.0007484597026;0.0003492421531,0.0004943199175;0.000692127074;0.0004889079415,biomass;glucose;product,run_3;run_2;run_1,0.018450,0,,,0.0005584516443,0.018450,0.0008215344838,0,
213,800,213,1,639,0.0005556178213,0.0005753883673;0.0007438826732;0.0003475824233,0.0004912152852;0.0006894642205;0.0004861739581,biomass;glucose;product,run_3;run_2;run_1,0.031962,0,,,0.0005556178213,0.031962,0.0008161524174,0,
214,800,214,1,642,0.000552826258,0.0005731460602;0.0007393797758;0.0003459529379,0.0004881513889;0.0004834831627;0.0006868442222,biomass;glucose;product,run_3;run_1;run_2,0.023616,0,,,0.000552826258,0.023616,0.0008105696156,0,
215,800,215,1,645,0.0005500724436,0.0005709273552;0.0007349538765;0.000344336099,0.0004808415094;0.0006842617084;0.0004851141129,biomass;glucose;product,run_1;run_2;run_3,0.021582,0,,,0.0005500724436,0.021582,0.0008048611058,0,
216,800,216,1,648,0.0005473556184,0.000568736574;0.0007305983589;0.0003427319222,0.0004782613842;0.0004821079718;0.0006816974991,biomass;glucose;product,run_1;run_3;run_2,0.038755,0,,,0.0005473556184,0.038755,0.0007996308939,0,
217,800,217,1,651,0.0005446751714,0.0005665743696;0.0007263093899;0.0003411417547,0.0004757468772;0.0006791417137;0.0004791369233,biomass;glucose;product,run_1;run_2;run_3,0.008386,0,,,0.0005446751714,0.008386,0.0007951046257,0,
218,800,218,1,654,0.0005420301598,0.0005644346612;0.0007220884211;0.0003395673971,0.0006766062033;0.0004732865659;0.0004761977102,biomass;glucose;product,run_2;run_1;run_3,0.014309,0,,,0.0005420301598,0.014309,0.0007909786243,0,
219,800,219,1,657,0.0005394199829,0.0005623088668;0.0007179396708;0.000338011411,0.0004732856603;0.0004708620542;0.0006741122342,biomass;glucose;product,run_3;run_1;run_2,0.017193,0,,,0.0005394199829,0.017193,0.0007865611839,0,
220,800,220,1,660,0.0005368438968,0.0005601929947;0.0007138626994;0.0003364759962,0.0006716677784;0.0004704010147;0.0004684628972,biomass;glucose;product,run_2;run_3;run_1,0.018640,0,,,0.0005368438968,0.018640,0.0007815059133,0,
221,800,221,1,663,0.0005343012356,0.0005580900904;0.0007098510597;0.0003349625566,0.0004675516682;0.0006692609017;0.0004660911368,biomass;glucose;product,run_3;run_2;run_1,0.018151,0,,,0.0005343012356,0.018151,0.000776200788,0,
222,800,222,1,666,0.0005317913473,0.0005560055163;0.0007058969216;0.0003334716042,0.0006668747404;0.0004647471777;0.000463752124,biomass;glucose;product,run_2;run_3;run_1,0.016073,0,,,0.0005317913473,0.016073,0.0007711135768,0,
223,800,223,1,669,0.0005293136125,0.0005539414836;0.0007019961137;0.0003320032402,0.0006645049397;0.0004619920054;0.0004614438923,biomass;glucose;product,run_2;run_3;run_1,0.017223,0,,,0.0005293136125,0.017223,0.0007663510459,0,
224,800,224,1,672,0.0005268674211,0.0005518968265;0.0006981480942;0.0003305573426,0.0004592853291;0.0004591573488;0.0006621595855,biomass;glucose;product,run_3;run_1;run_2,0.020669,0,,,0.0005268674211,0.020669,0.000761702687,0,
225,800,225,1,675,0.0005244521194,0.0005498709244;0.0006943518592;0.0003291335744,0.0006598441792;0.00045688561;0.000456626569,biomass;glucose;product,run_2;run_1;run_3,0.018014,0,,,0.0005244521194,0.018014,0.0007569539129,0,
226,800,226,1,678,0.0005220670813,0.0005478661494;0.0006906033763;0.0003277317183,0.0006575515918;0.0004540194137;0.0004546302384,biomass;glucose;product,run_2;run_3;run_1,0.018024,0,,,0.0005220670813,0.018024,0.0007522536661,0,
227,800,227,1,681,0.0005197117087,0.0005458856527;0.0006868976761;0.0003263517974,0.000655269043;0.0004514692123;0.0004523968709,biomass;glucose;product,run_2;run_3;run_1,0.015850,0,,,0.0005197117087,0.015850,0.0007478750375,0,
228,800,228,1,684,0.0005173854273,0.0005439294364;0.000683232834;0.0003249940115,0.0004501861484;0.0006529928536;0.0004489772798,biomass;glucose;product,run_1;run_2;run_3,0.029290,0,,,0.0005173854273,0.029290,0.0007438615027,0,
229,800,229,1,687,0.0005150877043,0.000541993477;0.000679610964;0.000323658672,0.0004479911754;0.0004465390816;0.000650732856,biomass;glucose;product,run_1;run_3;run_2,0.026191,0,,,0.0005150877043,0.026191,0.0007400020736,0,
230,800,230,1,690,0.0005128179989,0.0005400729363;0.0006760351686;0.0003223458917,0.0004441481522;0.0004458042731;0.0006485015712,biomass;glucose;product,run_3;run_1;run_2,0.025573,0,,,0.0005128179989,0.025573,0.0007359774682,0,
231,800,231,1,693,0.0005105757779,0.0005381660076;0.0006725061394;0.0003210551867,0.0004436247476;0.0006463015053;0.0004418010807,biomass;glucose;product,run_1;run_2;run_3,0.035871,0,,,0.0005105757779,0.035871,0.0007317018651,0,
232,800,232,1,696,0.000508358843,0.0005362720157;0.0006690207866;0.0003197837268,0.0004414588479;0.0006441198832;0.0004394977979,biomass;glucose;product,run_1;run_2;run_3,0.021346,0,,,0.000508358843,0.021346,0.0007273700865,0,
233,800,233,1,699,0.0005061698781,0.0005343968617;0.0006655802324;0.0003185325403,0.0006419593237;0.0004393129505;0.0004372373602,biomass;glucose;product,run_2;run_1;run_3,0.013406,0,,,0.0005061698781,0.013406,0.0007231266152,0,
234,800,234,1,702,0.0005040081894,0.000532537643;0.0006621857169;0.0003173012084,0.0004371886494;0.0004350195164;0.0006398164024,biomass;glucose;product,run_1;run_3;run_2,0.025174,0,,,0.0005040081894,0.025174,0.000718927191,0,
235,800,235,1,705,0.0005018704218,0.0005306949256;0.0006588350476;0.0003160812922,0.0004350858533;0.0006376953423;0.0004328300698,biomass;glucose;product,run_1;run_2;run_3,0.029655,0,,,0.0005018704218,0.029655,0.0007147519433,0,
236,800,236,1,708,0.0004997594722,0.000528870566;0.0006555318203;0.0003148760301,0.000635603948;0.0004330054818;0.0004306689867,biomass;glucose;product,run_2;run_1;run_3,0.030619,0,,,0.0004997594722,0.030619,0.0007105045554,0,
237,800,237,1,711,0.0004976715777,0.0005270619317;0.0006522724018;0.0003136803995,0.0004285359804;0.0006335261532;0.0004309525994,biomass;glucose;product,run_3;run_2;run_1,0.025239,0,,,0.0004976715777,0.025239,0.0007063622345,0,
238,800,238,1,714,0.0004956062539,0.0005252706493;0.0006490548493;0.0003124932632,0.0006314545535;0.0004289322938;0.0004264319146,biomass;glucose;product,run_2;run_1;run_3,0.026854,0,,,0.0004956062539,0.026854,0.0007024997662,0,
239,800,239,1,717,0.000493566662,0.0005235009407;0.0006458810305;0.0003113180149,0.0004243553877;0.0006293999982;0.0004269446002,biomass;glucose;product,run_3;run_2;run_1,0.045524,0,,,0.000493566662,0.045524,0.000698897025,0,
240,800,240,1,720,0.0004915500659,0.000521747088;0.0006427506263;0.0003101524834,0.000424984635;0.0004223030425;0.0006273625203,biomass;glucose;product,run_1;run_3;run_2,0.016410,0,,,0.0004915500659,0.016410,0.0006953952208,0,
241,800,241,1,723,0.0004895578867,0.00052000907;0.0006396657159;0.0003089988743,0.0004202723543;0.0004230474859;0.00062535382,biomass;glucose;product,run_3;run_1;run_2,0.044774,0,,,0.0004895578867,0.044774,0.0006918090695,0,
242,800,242,1,726,0.0004875862006,0.0005182817389;0.0006366223159;0.0003078545472,0.0004211319157;0.0004182641405;0.0006233625457,biomass;glucose;product,run_1;run_3;run_2,0.030853,0,,,0.0004875862006,0.030853,0.0006881520752,0,
243,800,243,1,729,0.0004856370547,0.0005165679946;0.0006336211506;0.0003067220189,0.0006213897205;0.0004192404478;0.0004162809958,biomass;glucose;product,run_2;run_1;run_3,0.041281,0,,,0.0004856370547,0.041281,0.0006845138429,0,
244,800,244,1,732,0.0004837091272,0.0005148692925;0.0006306574901;0.000305600599,0.0006194328228;0.0004143245674;0.0004173699913,biomass;glucose;product,run_2;run_3;run_1,0.028011,0,,,0.0004837091272,0.028011,0.0006809531315,0,
245,800,245,1,735,0.000481802492,0.0005131845151;0.0006277320204;0.0003044909405,0.0006174942391;0.000415518771;0.0004123944659,biomass;glucose;product,run_2;run_1;run_3,0.038850,0,,,0.000481802492,0.038850,0.0006774026564,0,
246,800,246,1,738,0.000479916777,0.000511513184;0.0006248439738;0.0003033931733,0.0006155764311;0.0004104901441;0.0004136837559,biomass;glucose;product,run_2;run_3;run_1,0.041625,0,,,0.000479916777,0.041625,0.0006737967391,0,
247,800,247,1,741,0.0004780516169,0.0005098560425;0.0006219915605;0.0003023072476,0.000613677113;0.0004086129167;0.0004118648209,biomass;glucose;product,run_2;run_3;run_1,0.014710,0,,,0.0004780516169,0.014710,0.0006701868748,0,
248,800,248,1,744,0.0004762066536,0.0005082145329;0.0006191723905;0.0003012330374,0.0006117907007;0.0004067653727;0.0004100638874,biomass;glucose;product,run_2;run_3;run_1,0.030799,0,,,0.0004762066536,0.030799,0.0006666973798,0,
249,800,249,1,747,0.0004743815358,0.0005065892599;0.000616384815;0.0003001705326,0.0004049489395;0.0006099140754;0.0004082815926,biomass;glucose;product,run_3;run_2;run_1,0.017476,0,,,0.0004743815358,0.017476,0.000663382456,0,
250,800,250,1,750,0.0004725759247,0.0005049793138;0.0006136285372;0.000299119923,0.0006080493959;0.0004031626551;0.000406515723,biomass;glucose;product,run_2;run_3;run_1,0.012773,0,,,0.0004725759247,0.012773,0.0006601808243,0,
251,800,251,1,753,0.0004707894893,0.0005033831671;0.0006109038453;0.0002980814555,0.0004047631859;0.0006062007846;0.0004014044974,biomass;glucose;product,run_1;run_2;run_3,0.025827,0,,,0.0004707894893,0.025827,0.000656983887,0,
252,800,252,1,756,0.0004690221344,0.0005018000736;0.0006082108405;0.0002970554892,0.0006043694313;0.0003996734237;0.0004030235483,biomass;glucose;product,run_2;run_3;run_1,0.049642,0,,,0.0004690221344,0.049642,0.0006537513539,0,
253,800,253,1,759,0.000467273091,0.0005002299801;0.0006055480256;0.0002960412672,0.0006025530894;0.0004012965672;0.0003979696163,biomass;glucose;product,run_2;run_1;run_3,0.033348,0,,,0.000467273091,0.033348,0.0006505252012,0,
254,800,254,1,762,0.0004655422854,0.0004986730848;0.0006029150744;0.0002950386971,0.0003995841868;0.0006007498787;0.0003962927909,biomass;glucose;product,run_1;run_2;run_3,0.031075,0,,,0.0004655422854,0.031075,0.0006473403164,0,
255,800,255,1,765,0.0004638294113,0.0004971288889;0.0006003120257;0.0002940473193,0.0003946411225;0.0005989609336;0.0003978861777,biomass;glucose;product,run_3;run_2;run_1,0.019849,0,,,0.0004638294113,0.019849,0.0006441697021,0,
256,800,256,1,768,0.0004621341653,0.0004955967295;0.0005977391761;0.0002930665903,0.0005971885728;0.0003930120994;0.0003962018237,biomass;glucose;product,run_2;run_3;run_1,0.016352,0,,,0.0004621341653,0.016352,0.0006409631541,0,
257,800,257,1,771,0.0004604562597,0.0004940766275;0.0005951963236;0.0002920958281,0.000394531828;0.0005954327664;0.0003914041848,biomass;glucose;product,run_1;run_2;run_3,0.019171,0,,,0.0004604562597,0.019171,0.0006377289476,0,
258,800,258,1,774,0.0004587954133,0.0004925693021;0.000592682669;0.0002911342687,0.0003928784386;0.0003898171665;0.0005936906348,biomass;glucose;product,run_1;run_3;run_2,0.023736,0,,,0.0004587954133,0.023736,0.0006345450704,0,
259,800,259,1,777,0.000457151349,0.0004910753113;0.0005901974769;0.0002901812587,0.0003882508812;0.0005919596263;0.0003912435393,biomass;glucose;product,run_3;run_2;run_1,0.045745,0,,,0.000457151349,0.045745,0.0006314765222,0,
260,800,260,1,780,0.0004555237965,0.0004895943732;0.0005877406068;0.0002892364094,0.0005902401967;0.0003896270844;0.0003867041082,biomass;glucose;product,run_2;run_1;run_3,0.025880,0,,,0.0004555237965,0.025880,0.0006285156397,0,
261,800,261,1,783,0.000453912492,0.0004881256335;0.0005853122686;0.0002882995739,0.0003851750462;0.0005885347513;0.0003880276784,biomass;glucose;product,run_3;run_2;run_1,0.025733,0,,,0.000453912492,0.025733,0.0006256039506,0,
262,800,262,1,786,0.0004523171774,0.0004866684476;0.0005829123805;0.0002873707041,0.0003836626634;0.0005868445445;0.0003864443243,biomass;glucose;product,run_3;run_2;run_1,0.029809,0,,,0.0004523171774,0.029809,0.0006227036589,0,
263,800,263,1,789,0.0004507376004,0.0004852226972;0.0005805403503;0.0002864497538,0.0005851685687;0.0003821671524;0.0003848770801,biomass;glucose;product,run_2;run_3;run_1,0.038203,0,,,0.0004507376004,0.038203,0.0006198285413,0,
264,800,264,1,792,0.0004491735133,0.0004837883746;0.0005781954659;0.0002855366992,0.0003833260458;0.0003806890133;0.0005835054807,biomass;glucose;product,run_1;run_3;run_2,0.005365,0,,,0.0004491735133,0.005365,0.000616997492,0,
265,800,265,1,795,0.000447618261,0.000482355362;0.0005758712144;0.0002846282065,0.0003817903219;0.0003792280852;0.0005818363758,biomass;glucose;product,run_1;run_3;run_2,0.026522,0,,,0.000447618261,0.026522,0.0006142098628,0,
266,800,266,1,798,0.0004460855753,0.0004809413631;0.0005735757934;0.0002837395693,0.0003777883819;0.0003802687244;0.0005801996194,biomass;glucose;product,run_3;run_1;run_2,0.050596,0,,,0.0004460855753,0.050596,0.0006114037421,0,
267,800,267,1,801,0.0004445663077,0.0004795390633;0.0005713095346;0.0002828503253,0.0003787609459;0.0005785773611;0.0003763606161,biomass;glucose;product,run_1;run_2;run_3,0.036230,0,,,0.0004445663077,0.036230,0.0006085881494,0,
268,800,268,1,804,0.0004430616476,0.0004781474452;0.0005690685958;0.0002819689018,0.0003772664525;0.0005769691809;0.0003749493095,biomass;glucose;product,run_1;run_2;run_3,0.054743,0,,,0.0004430616476,0.054743,0.0006057721201,0,
269,800,269,1,807,0.0004415713662,0.0004767668838;0.0005668519974;0.0002810952175,0.0005753731504;0.0003735554029;0.0003757855454,biomass;glucose;product,run_2;run_3;run_1,0.025310,0,,,0.0004415713662,0.025310,0.0006029954887,0,
270,800,270,1,810,0.0004400952389,0.0004753976586;0.000564658851;0.0002802292072,0.0003721797225;0.0003743184263;0.000573787568,biomass;glucose;product,run_3;run_1;run_2,0.059252,0,,,0.0004400952389,0.059252,0.0006002892508,0,
271,800,271,1,813,0.0004386330464,0.0004740396061;0.0005624886411;0.0002793708922,0.0003728644379;0.0005722123965;0.0003708223049,biomass;glucose;product,run_1;run_2;run_3,0.031044,0,,,0.0004386330464,0.031044,0.0005976441744,0,
272,800,272,1,816,0.0004371845704,0.0004726922648;0.0005603411138;0.0002785203325,0.0003694826427;0.0003714224375;0.0005706486309,biomass;glucose;product,run_3;run_1;run_2,0.007082,0,,,0.0004371845704,0.007082,0.0005950257885,0,
273,800,273,1,819,0.0004357497067,0.0004713554542;0.0005582160856;0.0002776775804,0.0005690966697;0.0003681607075;0.000369991743,biomass;glucose;product,run_2;run_3;run_1,0.047937,0,,,0.0004357497067,0.047937,0.0005924146016,0,
274,800,274,1,822,0.0004343280536,0.0004700288505;0.0005561128228;0.0002768424876,0.000368572399;0.0005675557738;0.0003668559881,biomass;glucose;product,run_1;run_2;run_3,0.020315,0,,,0.0004343280536,0.020315,0.0005898172429,0,
275,800,275,1,825,0.000432919504,0.000468712567;0.0005540310238;0.0002760149212,0.000367164637;0.0005660251741;0.0003655687009,biomass;glucose;product,run_1;run_2;run_3,0.025869,0,,,0.000432919504,0.025869,0.0005872443529,0,
276,800,276,1,828,0.0004315238611,0.0004674064021;0.000551970475;0.0002751947062,0.0005645051064;0.0003642981987;0.0003657682781,biomass;glucose;product,run_2;run_3;run_1,0.015258,0,,,0.0004315238611,0.015258,0.0005846872422,0,
277,800,277,1,831,0.0004301409342,0.0004661100733;0.0005499310832;0.000274381646,0.0003630434721;0.0005629963611;0.0003643829693,biomass;glucose;product,run_3;run_2;run_1,0.009580,0,,,0.0004301409342,0.009580,0.0005821283147,0,
278,800,278,1,834,0.0004287705362,0.0004648234926;0.000547912642;0.0002735754738,0.0005614990292;0.0003618037678;0.0003630088114,biomass;glucose;product,run_2;run_3;run_1,0.018599,0,,,0.0004287705362,0.018599,0.0005795686754,0,
279,800,279,1,837,0.0004274124837,0.000463546807;0.0005459147809;0.0002727758632,0.000361646454;0.0003605787732;0.000560012224,biomass;glucose;product,run_1;run_3;run_2,0.017935,0,,,0.0004274124837,0.017935,0.0005770333595,0,
280,800,280,1,840,0.000426066598,0.0004622801351;0.000543937151;0.0002719825081,0.0005585351144;0.0003593681925;0.0003602964872,biomass;glucose;product,run_2;run_3;run_1,0.035638,0,,,0.000426066598,0.035638,0.0005745451945,0,
281,800,281,1,843,0.0004247327038,0.0004610233431;0.0005419795745;0.0002711951937,0.0003581713569;0.0003589589151;0.0005570678394,biomass;glucose;product,run_3;run_1;run_2,0.015662,0,,,0.0004247327038,0.015662,0.0005721029631,0,
282,800,282,1,846,0.0004234106293,0.0004597761274;0.0005400419714;0.0002704137891,0.0003576333334;0.0003569874179;0.0005556111366,biomass;glucose;product,run_1;run_3;run_2,0.044215,0,,,0.0004234106293,0.044215,0.0005696888747,0,
283,800,283,1,849,0.0004221002081,0.0004585382576;0.0005381241768;0.0002696381898,0.000554165304;0.0003563194813;0.0003558158389,biomass;glucose;product,run_2;run_1;run_3,0.040081,0,,,0.0004221002081,0.040081,0.0005672923855,0,
284,800,284,1,852,0.0004208012768,0.0004573096578;0.0005362258819;0.0002688682906,0.0005527299075;0.0003550173975;0.0003546565253,biomass;glucose;product,run_2;run_1;run_3,0.017984,0,,,0.0004208012768,0.017984,0.0005649179618,0,
285,800,285,1,855,0.0004195136721,0.0004560902654;0.0005343467395;0.0002681040114,0.0003535094726;0.0005513044943;0.0003537270495,biomass;glucose;product,run_3;run_2;run_1,0.014754,0,,,0.0004195136721,0.014754,0.0005625693513,0,
286,800,286,1,858,0.0004182372363,0.0004548798999;0.0005324864864;0.0002673453226,0.0003523744602;0.0005498891899;0.0003524480588,biomass;glucose;product,run_3;run_2;run_1,0.029048,0,,,0.0004182372363,0.029048,0.0005602374032,0,
287,800,287,1,861,0.0004169718146,0.0004536783555;0.0005306448718;0.0002665922166,0.0005484843373;0.0003511799081;0.0003512511984,biomass;glucose;product,run_2;run_1;run_3,0.042882,0,,,0.0004169718146,0.042882,0.0005579090582,0,
288,800,288,1,864,0.0004157172556,0.0004524855709;0.0005288215381;0.0002658446577,0.0005470897417;0.0003499223548;0.0003501396702,biomass;glucose;product,run_2;run_1;run_3,0.051045,0,,,0.0004157172556,0.051045,0.0005555850169,0,
289,800,289,1,867,0.0004144734021,0.000451301622;0.00052701602;0.0002651025642,0.0003490401535;0.0005457045807;0.000348675472,biomass;glucose;product,run_3;run_2;run_1,0.030750,0,,,0.0004144734021,0.030750,0.0005532807629,0,
290,800,290,1,870,0.0004132401211,0.0004501265862;0.0005252278867;0.0002643658903,0.0005443282056;0.0003479528782;0.0003474392794,biomass;glucose;product,run_2;run_3;run_1,0.025578,0,,,0.0004132401211,0.025578,0.0005510092224,0,
291,800,291,1,873,0.0004120172656,0.0004489603733;0.000523456813;0.0002636346106,0.0005429605247;0.0003462134909;0.0003468777814,biomass;glucose;product,run_2;run_1;run_3,0.045223,0,,,0.0004120172656,0.045223,0.0005487690084,0,
292,800,292,1,876,0.0004108046973,0.0004478028132;0.0005217025513;0.0002629087275,0.0005416017864;0.0003458146365;0.0003449976692,biomass;glucose;product,run_2;run_3;run_1,0.023502,0,,,0.0004108046973,0.023502,0.0005465505132,0,
293,800,293,1,879,0.0004096022582,0.0004466535972;0.0005199649195;0.0002621882579,0.0005402519716;0.0003447632571;0.0003437915459,biomass;glucose;product,run_2;run_3;run_1,0.019459,0,,,0.0004096022582,0.019459,0.0005443458954,0,
294,800,294,1,882,0.0004084098664,0.0004455130865;0.0005182434521;0.0002614730605,0.0003425951635;0.0005389105195;0.0003437239162,biomass;glucose;product,run_1;run_2;run_3,0.042632,0,,,0.0004084098664,0.042632,0.0005421699726,0,
295,800,295,1,885,0.0004072273588,0.0004443809366;0.0005165380107;0.0002607631291,0.0003414082751;0.000537577537;0.0003426962643,biomass;glucose;product,run_1;run_2;run_3,0.030371,0,,,0.0004072273588,0.030371,0.0005400124556,0,
296,800,296,1,888,0.0004060546055,0.000443256942;0.0005148484557;0.0002600584187,0.0003416798673;0.0003402305481;0.000536253401,biomass;glucose;product,run_3;run_1;run_2,0.026596,0,,,0.0004060546055,0.026596,0.0005378615182,0,
297,800,297,1,891,0.0004048914788,0.0004421409722;0.0005131746183;0.0002593588459,0.0003390618378;0.0003406743734;0.0005349382252,biomass;glucose;product,run_1;run_3;run_2,0.037452,0,,,0.0004048914788,0.037452,0.0005357128582,0,
298,800,298,1,894,0.0004037378536,0.0004410330061;0.0005115162732;0.0002586642815,0.0003396796019;0.0005336317002;0.0003379022587,biomass;glucose;product,run_3;run_2;run_1,0.018222,0,,,0.0004037378536,0.018222,0.0005335734095,0,
299,800,299,1,897,0.000402593607,0.0004399330412;0.0005098731969;0.0002579745829,0.0005323334804;0.000336751967;0.0003386953735,biomass;glucose;product,run_2;run_1;run_3,0.024628,0,,,0.000402593607,0.024628,0.0005314519663,0,
300,800,300,1,900,0.0004014586184,0.0004388410071;0.00050824522;0.0002572896282,0.0003377213561;0.0005310435402;0.000335610959,biomass;glucose;product,run_3;run_2;run_1,0.007592,0,,,0.0004014586184,0.007592,0.000529350357,0,
301,800,301,1,903,0.0004003327696,0.00043775679;0.0005066322026;0.0002566093163,0.0005297620326;0.00033675715;0.0003344791263,biomass;glucose;product,run_2;run_3;run_1,0.049005,0,,,0.0004003327696,0.049005,0.0005272657724,0,
302,800,302,1,906,0.0003992159439,0.0004366803081;0.0005050339764;0.0002559335473,0.000335802481;0.0005284889194;0.0003333564314,biomass;glucose;product,run_3;run_2;run_1,0.009667,0,,,0.0003992159439,0.009667,0.000525198516,0,
303,800,303,1,909,0.000398108027,0.0004356115198;0.000503450338;0.0002552622231,0.0005272239297;0.0003348572301;0.0003322429212,biomass;glucose;product,run_2;run_3;run_1,0.027726,0,,,0.000398108027,0.027726,0.0005231527481,0,
304,800,304,1,912,0.0003970089065,0.000434550358;0.0005018810931;0.0002545952683,0.0005259668771;0.0003339212782;0.0003311385641,biomass;glucose;product,run_2;run_3;run_1,0.033545,0,,,0.0003970089065,0.033545,0.000521129414,0,
305,800,305,1,915,0.0003959184722,0.0004334966936;0.0005003260811;0.0002539326418,0.0003300431611;0.0005247178474;0.000332994408,biomass;glucose;product,run_1;run_2;run_3,0.014699,0,,,0.0003959184722,0.014699,0.0005191225756,0,
306,800,306,1,918,0.0003948366159,0.0004324503897;0.0004987851401;0.0002532743178,0.000328956465;0.0005234769832;0.0003320763994,biomass;glucose;product,run_1;run_2;run_3,0.007761,0,,,0.0003948366159,0.007761,0.0005171249266,0,
307,800,307,1,921,0.0003937632312,0.0004314113708;0.0004972580631;0.0002526202597,0.0005222441842;0.0003311671678;0.0003278783416,biomass;glucose;product,run_2;run_3;run_1,0.046811,0,,,0.0003937632312,0.046811,0.0005151351953,0,
308,800,308,1,924,0.0003926982137,0.0004303796173;0.0004957446052;0.0002519704186,0.0003302667413;0.0005210191394;0.0003268087604,biomass;glucose;product,run_3;run_2;run_1,0.024273,0,,,0.0003926982137,0.024273,0.0005131577101,0,
309,800,309,1,927,0.0003916414607,0.0004293551004;0.0004942445293;0.0002513247524,0.0003293751143;0.0003257476535;0.0005198016143,biomass;glucose;product,run_3;run_1;run_2,0.010839,0,,,0.0003916414607,0.010839,0.0005111958218,0,
310,800,310,1,930,0.0003905928707,0.0004283377507;0.0004927576278;0.0002506832336,0.000328492182;0.0005185915749;0.0003246948552,biomass;glucose;product,run_3;run_2;run_1,0.046249,0,,,0.0003905928707,0.046249,0.0005092487965,0,
311,800,311,1,933,0.0003895523456,0.0004273274963;0.0004912837;0.0002500458405,0.0003276178252;0.0005173890195;0.0003236501921,biomass;glucose;product,run_3;run_2;run_1,0.016498,0,,,0.0003895523456,0.016498,0.0005073152898,0,
312,800,312,1,936,0.000388519791,0.0004263242627;0.0004898225432;0.0002494125671,0.0005161938015;0.0003226135735;0.0003267519981,biomass;glucose;product,run_2;run_1;run_3,0.062091,0,,,0.000388519791,0.062091,0.0005053973645,0,
313,800,313,1,939,0.0003874951064,0.000425328069;0.000488373934;0.0002487833163,0.0003258946728;0.0005150057078;0.0003215849387,biomass;glucose;product,run_3;run_2;run_1,0.022005,0,,,0.0003874951064,0.022005,0.0005034965595,0,
314,800,314,1,942,0.0003864782006,0.0004243388153;0.0004869377056;0.000248158081,0.0005138246642;0.0003205641813;0.0003250457563,biomass;glucose;product,run_2;run_1;run_3,0.021604,0,,,0.0003864782006,0.021604,0.0005016123728,0,
315,800,315,1,945,0.0003854689817,0.0004233563932;0.0004855137176;0.0002475368342,0.0003195511237;0.0003242050581;0.0005126507633,biomass;glucose;product,run_1;run_3;run_2,0.028575,0,,,0.0003854689817,0.028575,0.0004997399756,0,
316,800,316,1,948,0.0003844673593,0.0004223807005;0.0004841018365;0.0002469195407,0.0005114840793;0.0003185456157;0.0003233723827,biomass;glucose;product,run_2;run_1;run_3,0.049075,0,,,0.0003844673593,0.049075,0.0004978752123,0,
317,800,317,1,951,0.0003834732446,0.0004214116749;0.0004827019143;0.0002463061446,0.0003175476092;0.0005103245209;0.0003225476037,biomass;glucose;product,run_1;run_2;run_3,0.028166,0,,,0.0003834732446,0.028166,0.0004960182323,0,
318,800,318,1,954,0.0003824865504,0.0004204492762;0.0004813137979;0.0002456965772,0.0003165571103;0.0003217306219;0.0005091719191,biomass;glucose;product,run_1;run_3;run_2,0.018626,0,,,0.0003824865504,0.018626,0.0004941716051,0,
319,800,319,1,957,0.0003815071912,0.0004194934493;0.0004799373518;0.0002450907725,0.0005080261949;0.000320921287;0.0003155740917,biomass;glucose;product,run_2;run_3;run_1,0.024827,0,,,0.0003815071912,0.024827,0.0004923364587,0,
320,800,320,1,960,0.0003805350831,0.0004185441233;0.0004785724555;0.0002444886704,0.0003145984862;0.0005068873582;0.0003201194048,biomass;glucose;product,run_1;run_2;run_3,0.025241,0,,,0.0003805350831,0.025241,0.0004905122039,0,
321,800,321,1,963,0.0003795701428,0.0004176012378;0.0004772189815;0.000243890209,0.0005057553644;0.0003193248128;0.0003136302511,biomass;glucose;product,run_2;run_3;run_1,0.019437,0,,,0.0003795701428,0.019437,0.0004886993351,0,
322,800,322,1,966,0.0003786122889,0.0004166647534;0.0004758767909;0.0002432953224,0.0003126693878;0.000318537414;0.0005046300649,biomass;glucose;product,run_1;run_3;run_2,0.021142,0,,,0.0003786122889,0.021142,0.0004869002441,0,
323,800,323,1,969,0.0003776625636,0.0004157361464;0.0004745466139;0.0002427049306,0.0003117158806;0.0003177571212;0.000503514689,biomass;glucose;product,run_1;run_3;run_2,0.027042,0,,,0.0003776625636,0.027042,0.0004851175132,0,
324,800,324,1,972,0.0003767187211,0.0004148124361;0.0004732265942;0.0002421171329,0.0005024026018;0.0003169839445;0.0003107696168,biomass;glucose;product,run_2;run_3;run_1,0.016153,0,,,0.0003767187211,0.016153,0.0004833483273,0,
325,800,325,1,975,0.0003757817256,0.0004138949301;0.0004719174377;0.0002415328089,0.0003098304457;0.0003162176849;0.0005012970461,biomass;glucose;product,run_1;run_3;run_2,0.019390,0,,,0.0003757817256,0.019390,0.000481588961,0,
326,800,326,1,978,0.0003748514998,0.0004129835524;0.0004706190269;0.0002409519201,0.000315458204;0.0003088982722;0.0005001980231,biomass;glucose;product,run_3;run_1;run_2,0.038181,0,,,0.0003748514998,0.038181,0.0004798373664,0,
327,800,327,1,981,0.0003739279676,0.0004120782652;0.0004693312223;0.0002403744154,0.0004991053691;0.0003147054514;0.0003079730824,biomass;glucose;product,run_2;run_3;run_1,0.019782,0,,,0.0003739279676,0.019782,0.0004780955359,0,
328,800,328,1,984,0.0003730110543,0.0004111790298;0.0004680538858;0.0002398002473,0.0003139593668;0.0004980189453;0.0003070548509,biomass;glucose;product,run_3;run_2;run_1,0.017682,0,,,0.0003730110543,0.017682,0.0004763653375,0,
329,800,329,1,987,0.0003721006863,0.0004102857794;0.0004667868958;0.0002392293837,0.000306143478;0.000313219817;0.0004969387638,biomass;glucose;product,run_1;run_3;run_2,0.038860,0,,,0.0003721006863,0.038860,0.0004746456784,0,
330,800,330,1,990,0.0003711967913,0.0004093984425;0.0004655301336;0.0002386617978,0.0003052388469;0.0004958648698;0.0003124866573,biomass;glucose;product,run_1;run_2;run_3,0.029188,0,,,0.0003711967913,0.029188,0.0004729348995,0,
331,800,331,1,993,0.0003702992982,0.0004085169745;0.0004642834658;0.0002380974544,0.0003043409001;0.0004947971803;0.0003117598143,biomass;glucose;product,run_1;run_2;run_3,0.044533,0,,,0.0003702992982,0.044533,0.0004712340637,0,
332,800,332,1,996,0.0003694081371,0.0004076413467;0.0004630467511;0.0002375363136,0.0004937355291;0.0003110392651;0.0003034496172,biomass;glucose;product,run_2;run_3;run_1,0.031041,0,,,0.0003694081371,0.031041,0.0004695457466,0,
333,800,333,1,999,0.0003685232392,0.0004067715107;0.0004618198617;0.0002369783451,0.0003025649328;0.0004926798356;0.0003103249492,biomass;glucose;product,run_1;run_2;run_3,0.033617,0,,,0.0003685232392,0.033617,0.0004678702236,0,
334,800,334,1,1002,0.0003676261556,0.0004059042477;0.0004605993296;0.0002363748896,0.0004916301373;0.0003095616069;0.0003016867227,biomass;glucose;product,run_2;run_3;run_1,0.046466,0,,,0.0003676261556,0.046466,0.0004665018833,0,
335,800,335,1,1005,0.0003667537301,0.0004050444812;0.0004593911473;0.0002358255618,0.0003008099988;0.000308861478;0.0004905897134,biomass;glucose;product,run_1;run_3;run_2,0.023381,0,,,0.0003667537301,0.023381,0.0004646313779,0,
336,800,336,1,1008,0.0003658873653,0.0004041912402;0.0004581908677;0.000235279988,0.0003081728194;0.0002999399783;0.0004895492982,biomass;glucose;product,run_3;run_1;run_2,0.026204,0,,,0.0003658873653,0.026204,0.0004628043927,0,
337,800,337,1,1011,0.0003650269937,0.0004033453523;0.0004569982225;0.0002347374064,0.0003074960081;0.0004885058981;0.000299079075,biomass;glucose;product,run_3;run_2;run_1,0.011102,0,,,0.0003650269937,0.011102,0.0004611230029,0,
338,800,338,1,1014,0.0003641725578,0.0004025054305;0.0004558142002;0.0002341980428,0.0002982245871;0.0004874672247;0.0003068258618,biomass;glucose;product,run_1;run_2;run_3,0.039285,0,,,0.0003641725578,0.039285,0.0004595063596,0,
339,800,339,1,1017,0.0003633239898,0.0004016702018;0.0004546397083;0.0002336620594,0.0003061578404;0.0004864399527;0.0002973741764,biomass;glucose;product,run_3;run_2;run_1,0.027043,0,,,0.0003633239898,0.027043,0.0004578298298,0,
340,800,340,1,1020,0.0003624812324,0.0004008402514;0.0004534746137;0.0002331288322,0.0003054927109;0.0004854210702;0.0002965299162,biomass;glucose;product,run_3;run_2;run_1,0.033904,0,,,0.0003624812324,0.033904,0.0004561861026,0,
341,800,341,1,1023,0.0003616442235,0.0004000165753;0.0004523185194;0.0002325975757,0.0004844049235;0.000295694833;0.0003048329139,biomass;glucose;product,run_2;run_1;run_3,0.022673,0,,,0.0003616442235,0.022673,0.0004546868069,0,
342,800,342,1,1026,0.0003608129049,0.0003991985302;0.0004511718479;0.0002320683368,0.0003041771566;0.0002948679649;0.0004833935933,biomass;glucose;product,run_3;run_1;run_2,0.042111,0,,,0.0003608129049,0.042111,0.0004532709749,0,
343,800,343,1,1029,0.0003599872194,0.0003983844397;0.0004500354634;0.0002315417553,0.0002940457394;0.0004823942074;0.0003035217115,biomass;glucose;product,run_1;run_2;run_3,0.026895,0,,,0.0003599872194,0.026895,0.0004517549281,0,
344,800,344,1,1032,0.0003591671073,0.0003975738567;0.000448909468;0.000231017997,0.0004814081556;0.0003028659548;0.0002932272114,biomass;glucose;product,run_2;run_3;run_1,0.010562,0,,,0.0003591671073,0.010562,0.0004500793166,0,
345,800,345,1,1035,0.0003583525146,0.0003967679838;0.0004477930258;0.0002304965342,0.0002924150144;0.000302213347;0.0004804291824,biomass;glucose;product,run_1;run_3;run_2,0.040855,0,,,0.0003583525146,0.040855,0.0004483901467,0,
346,800,346,1,1038,0.0003575433839,0.000395967772;0.0004466853726;0.0002299770072,0.0003015666429;0.0004794524803;0.0002916110286,biomass;glucose;product,run_3;run_2;run_1,0.015265,0,,,0.0003575433839,0.015265,0.0004467851256,0,
347,800,347,1,1041,0.0003567396627,0.0003951727855;0.0004455864201;0.0002294597824,0.0003009250236;0.0002908137933;0.0004784801711,biomass;glucose;product,run_3;run_1;run_2,0.009934,0,,,0.0003567396627,0.009934,0.000445227845,0,
348,800,348,1,1044,0.0003559412947,0.0003943823422;0.0004444961824;0.0002289453595,0.0003002870937;0.0004775155169;0.0002900212735,biomass;glucose;product,run_3;run_2;run_1,0.027176,0,,,0.0003559412947,0.027176,0.0004436422882,0,
349,800,349,1,1047,0.000355148227,0.0003935968496;0.000443414131;0.0002284337004,0.0002892340728;0.0004765561917;0.0002996544165,biomass;glucose;product,run_1;run_2;run_3,0.029435,0,,,0.000355148227,0.029435,0.0004420740447,0,
350,800,350,1,1050,0.0003543604065,0.0003928171796;0.0004423395484;0.0002279244916,0.0004755973045;0.0002884540199;0.0002990298952,biomass;glucose;product,run_2;run_1;run_3,0.016787,0,,,0.0003543604065,0.016787,0.0004406060509,0,
351,800,351,1,1053,0.0003535777812,0.0003920432177;0.0004412722711;0.0002274178547,0.0002984138586;0.0004746387324;0.0002876807524,biomass;glucose;product,run_3;run_2;run_1,0.022408,0,,,0.0003535777812,0.022408,0.0004392162984,0,
352,800,352,1,1056,0.0003528003004,0.0003912739305;0.0004402126389;0.0002269143318,0.000286911852;0.0004736849937;0.0002978040556,biomass;glucose;product,run_1;run_2;run_3,0.031172,0,,,0.0003528003004,0.031172,0.0004377964184,0,
353,800,353,1,1059,0.0003520279119,0.0003905087884;0.0004391607784;0.000226414169,0.0002971992363;0.0002861461489;0.0004727383506,biomass;glucose;product,run_3;run_1;run_2,0.043036,0,,,0.0003520279119,0.043036,0.0004362854173,0,
354,800,354,1,1062,0.0003512605668,0.0003897483136;0.0004381163459;0.0002259170408,0.0004717962062;0.0002853849514;0.0002966005428,biomass;glucose;product,run_2;run_1;run_3,0.044027,0,,,0.0003512605668,0.044027,0.0004347451596,0,
355,800,355,1,1065,0.000350498215,0.0003889930298;0.000437079036;0.0002254225793,0.0004708562302;0.0002960088283;0.0002846295866,biomass;glucose;product,run_2;run_3;run_1,0.014109,0,,,0.000350498215,0.014109,0.0004332368283,0,
356,800,356,1,1068,0.0003497408089,0.0003882426176;0.0004360489729;0.0002249308362,0.0004699204402;0.0002954225623;0.0002838794243,biomass;glucose;product,run_2;run_3;run_1,0.026292,0,,,0.0003497408089,0.026292,0.000431745983,0,
357,800,357,1,1071,0.0003489883,0.0003874965265;0.0004350264003;0.0002244419732,0.0004689919795;0.0002831333186;0.000294839602,biomass;glucose;product,run_2;run_1;run_3,0.023468,0,,,0.0003489883,0.023468,0.0004302286842,0,
358,800,358,1,1074,0.0003482406409,0.0003867548923;0.0004340112426;0.0002239557878,0.0002942597949;0.0004680703613;0.0002823917665,biomass;glucose;product,run_3;run_2;run_1,0.028221,0,,,0.0003482406409,0.028221,0.0004287120242,0,
359,800,359,1,1077,0.0003474977848,0.0003860182429;0.0004330032463;0.0002234718651,0.0002816562217;0.0002936843214;0.0004671528113,biomass;glucose;product,run_1;run_3;run_2,0.037449,0,,,0.0003474977848,0.037449,0.0004272599018,0,
360,800,360,1,1080,0.0003467596854,0.0003852865443;0.0004320024186;0.0002229900932,0.0002931131569;0.0002809268328;0.0004662390664,biomass;glucose;product,run_3;run_1;run_2,0.015546,0,,,0.0003467596854,0.015546,0.0004258710425,0,
361,800,361,1,1083,0.0003460262954,0.0003845591497;0.0004310090284;0.0002225107082,0.0002802022918;0.0004653317449;0.0002925448495,biomass;glucose;product,run_1;run_2;run_3,0.029751,0,,,0.0003460262954,0.029751,0.0004244781701,0,
362,800,362,1,1086,0.0003452975707,0.0003838356903;0.0004300231853;0.0002220338366,0.0004644320453;0.0002919787734;0.0002794818935,biomass;glucose;product,run_2;run_3;run_1,0.031954,0,,,0.0003452975707,0.031954,0.0004230380523,0,
363,800,363,1,1089,0.0003445734689,0.00038311647;0.0004290446647;0.0002215592721,0.0004635378858;0.0002787664305;0.0002914160906,biomass;glucose;product,run_2;run_1;run_3,0.032887,0,,,0.0003445734689,0.032887,0.0004215838708,0,
364,800,364,1,1092,0.000343853946,0.0003824018297;0.0004280731984;0.00022108681,0.0004626471521;0.0002780566991;0.0002908579869,biomass;glucose;product,run_2;run_1;run_3,0.015879,0,,,0.000343853946,0.015879,0.0004201515452,0,
365,800,365,1,1095,0.0003431389595,0.0003816915984;0.0004271087257;0.0002206165544,0.0002903041752;0.0004617604661;0.0002773522371,biomass;glucose;product,run_3;run_2;run_1,0.028665,0,,,0.0003431389595,0.028665,0.0004187287594,0,
366,800,366,1,1098,0.0003424284676,0.0003809854695;0.0004261512327;0.0002201487005,0.0004608792307;0.0002766522375;0.0002897539345,biomass;glucose;product,run_2;run_1;run_3,0.024620,0,,,0.0003424284676,0.024620,0.0004172896112,0,
367,800,367,1,1101,0.0003417231269,0.0003802845877;0.0004252009961;0.0002196837971,0.0004600047363;0.0002892077244;0.0002759569202,biomass;glucose;product,run_2;run_3;run_1,0.057520,0,,,0.0003417231269,0.057520,0.0004158607215,0,
368,800,368,1,1104,0.0003410214746,0.0003795873109;0.0004242566346;0.0002192204781,0.0002752670452;0.0002886668209;0.0004591305575,biomass;glucose;product,run_1;run_3;run_2,0.022823,0,,,0.0003410214746,0.022823,0.0004144722635,0,
369,800,369,1,1107,0.0003403241913,0.0003788946375;0.0004233185776;0.0002187593588,0.0002881312857;0.0004582587536;0.0002745825346,biomass;glucose;product,run_3;run_2;run_1,0.026467,0,,,0.0003403241913,0.026467,0.0004131282345,0,
370,800,370,1,1110,0.0003396312373,0.0003782061414;0.0004223869267;0.0002183006439,0.0004573911582;0.0002876001129;0.0002739024408,biomass;glucose;product,run_2;run_3;run_1,0.029202,0,,,0.0003396312373,0.029202,0.0004117866074,0,
371,800,371,1,1113,0.0003389425727,0.0003775215801;0.0004214617212;0.0002178444169,0.0002732262818;0.0002870727546;0.0004565286818,biomass;glucose;product,run_1;run_3;run_2,0.016518,0,,,0.0003389425727,0.016518,0.0004104225268,0,
372,800,372,1,1116,0.0003382581585,0.0003768411016;0.0004205428499;0.0002173905242,0.000272554501;0.0002865496452;0.0004556703295,biomass;glucose;product,run_1;run_3;run_2,0.026564,0,,,0.0003382581585,0.026564,0.0004090536312,0,
373,800,373,1,1119,0.0003375779559,0.0003761648215;0.0004196302226;0.0002169388236,0.0002718874618;0.0002860310276;0.0004548153784,biomass;glucose;product,run_1;run_3;run_2,0.027051,0,,,0.0003375779559,0.027051,0.0004076956025,0,
374,800,374,1,1122,0.0003369019269,0.0003754925386;0.0004187238796;0.0002164893624,0.0004539648227;0.0002712247733;0.0002855161845,biomass;glucose;product,run_2;run_1;run_3,0.029110,0,,,0.0003369019269,0.029110,0.0004063355472,0,
375,800,375,1,1125,0.0003362300336,0.0003748240381;0.0004178238602;0.0002160422025,0.000270566001;0.0002850043204;0.0004531197794,biomass;glucose;product,run_1;run_3;run_2,0.027458,0,,,0.0003362300336,0.027458,0.0004049594772,0,
376,800,376,1,1128,0.000335562239,0.0003741594237;0.0004169300712;0.0002155972221,0.0004522797162;0.0002699114505;0.0002844955503,biomass;glucose;product,run_2;run_1;run_3,0.012372,0,,,0.000335562239,0.012372,0.0004035865619,0,
377,800,377,1,1131,0.0003348985063,0.0003734989124;0.0004160423737;0.0002151542329,0.0002839903986;0.0002692616963;0.0004514434242,biomass;glucose;product,run_3;run_1;run_2,0.022059,0,,,0.0003348985063,0.022059,0.0004022452154,0,
378,800,378,1,1134,0.0003342388805,0.0003728425686;0.000415160851;0.0002147132218,0.000283488762;0.0004506109486;0.0002686169308,biomass;glucose;product,run_3;run_2;run_1,0.009589,0,,,0.0003342388805,0.009589,0.0004009344226,0,
379,800,379,1,1137,0.0003335831624,0.0003721898952;0.0004142853106;0.0002142742814,0.0002829900628;0.0002679761208;0.0004497833036,biomass;glucose;product,run_3;run_1;run_2,0.035476,0,,,0.0003335831624,0.035476,0.0003996269763,0,
380,800,380,1,1140,0.0003329313985,0.0003715409172;0.0004134158413;0.0002138374371,0.0004489605906;0.0002824942487;0.0002673393563,biomass;glucose;product,run_2;run_3;run_1,0.041315,0,,,0.0003329313985,0.041315,0.000398313346,0,
381,800,381,1,1143,0.0003322835542,0.0003708957573;0.0004125523215;0.0002134025837,0.0002667069697;0.0004481418092;0.0002820018836,biomass;glucose;product,run_1;run_2;run_3,0.024426,0,,,0.0003322835542,0.024426,0.000397005368,0,
382,800,382,1,1146,0.0003316395823,0.0003702543685;0.0004116947428;0.0002129696356,0.0002660790834;0.0002815132302;0.0004473264334,biomass;glucose;product,run_1;run_3;run_2,0.015679,0,,,0.0003316395823,0.015679,0.0003957060219,0,
383,800,383,1,1149,0.0003309994762,0.0003696168045;0.0004108428741;0.0002125387499,0.0002654553847;0.0002810281318;0.000446514912,biomass;glucose;product,run_1;run_3;run_2,0.051300,0,,,0.0003309994762,0.051300,0.0003944071732,0,
384,800,384,1,1152,0.0003303631883,0.0003689828383;0.0004099967607;0.0002121099658,0.0002805462226;0.0004457077995;0.0002648355426,biomass;glucose;product,run_3;run_2;run_1,0.025160,0,,,0.0003303631883,0.025160,0.0003930978387,0,
385,800,385,1,1155,0.0003297306854,0.0003683525706;0.0004091562662;0.0002116832193,0.0004449044912;0.0002800677964;0.0002642197684,biomass;glucose;product,run_2;run_3;run_1,0.025225,0,,,0.0003297306854,0.025225,0.0003917929795,0,
386,800,386,1,1158,0.0003291019347,0.000367726147;0.0004083212467;0.0002112584105,0.0002795932684;0.0002636083884;0.0004441041473,biomass;glucose;product,run_3;run_1;run_2,0.024148,0,,,0.0003291019347,0.024148,0.0003905111239,0,
387,800,387,1,1161,0.000328476904,0.0003671034978;0.0004074916478;0.0002108355663,0.000279122462;0.0004433070049;0.000263001245,biomass;glucose;product,run_3;run_2;run_1,0.035568,0,,,0.000328476904,0.035568,0.0003892487456,0,
388,800,388,1,1164,0.0003278555611,0.0003664844324;0.0004066674695;0.0002104147814,0.0002786548764;0.0004425138891;0.0002623979178,biomass;glucose;product,run_3;run_2;run_1,0.047817,0,,,0.0003278555611,0.047817,0.0003879891217,0,
389,800,389,1,1167,0.0003272378745,0.0003658688965;0.0004058486724;0.0002099960547,0.0002781904116;0.000441724888;0.0002617983239,biomass;glucose;product,run_3;run_2;run_1,0.028415,0,,,0.0003272378745,0.028415,0.0003867282262,0,
390,800,390,1,1170,0.0003266238129,0.0003652569615;0.000405035181;0.0002095792963,0.0002777293231;0.0002612026852;0.0004409394305,biomass;glucose;product,run_3;run_1;run_2,0.014526,0,,,0.0003266238129,0.014526,0.0003854745023,0,
391,800,391,1,1173,0.0003260127193,0.0003646480756;0.0004042273386;0.0002091627437,0.0002606091264;0.0002772715757;0.0004401574558,biomass;glucose;product,run_1;run_3;run_2,0.015957,0,,,0.0003260127193,0.015957,0.0003842460954,0,
392,800,392,1,1176,0.0003254058114,0.0003640431363;0.0004034242801;0.0002087500177,0.0004393797558;0.0002600208731;0.0002768168052,biomass;glucose;product,run_2;run_1;run_3,0.020081,0,,,0.0003254058114,0.020081,0.0003829919158,0,
393,800,393,1,1179,0.0003248024389,0.000363441602;0.0004026263385;0.0002083393761,0.0002763648905;0.000438606347;0.000259436079,biomass;glucose;product,run_3;run_2;run_1,0.018015,0,,,0.0003248024389,0.018015,0.0003817318582,0,
394,800,394,1,1182,0.000324202572,0.0003628435538;0.0004018334681;0.0002079306939,0.0002588550336;0.000437836648;0.0002759160342,biomass;glucose;product,run_1;run_2;run_3,0.028517,0,,,0.000324202572,0.028517,0.0003804796349,0,
395,800,395,1,1185,0.0003236061811,0.0003622490049;0.0004010456515;0.0002075238869,0.0004370704005;0.0002754702669;0.0002582778758,biomass;glucose;product,run_2;run_3;run_1,0.027491,0,,,0.0003236061811,0.027491,0.0003792418812,0,
396,800,396,1,1188,0.0003230145803,0.0003616591593;0.0004002643205;0.0002071202611,0.0002577044698;0.0004363119572;0.000275027314,biomass;glucose;product,run_1;run_2;run_3,0.038969,0,,,0.0003230145803,0.038969,0.0003780216209,0,
397,800,397,1,1191,0.0003224250381,0.0003610713307;0.000399486565;0.0002067172186,0.0002571346838;0.0002745872701;0.0004355531604,biomass;glucose;product,run_1;run_3;run_2,0.033540,0,,,0.0003224250381,0.033540,0.0003767962718,0,
398,800,398,1,1194,0.0003218389171,0.0003604868959;0.0003987138612;0.0002063159943,0.000274150221;0.0002565687514;0.000434797779,biomass;glucose;product,run_3;run_1;run_2,0.035618,0,,,0.0003218389171,0.035618,0.0003755786448,0,
399,800,399,1,1197,0.0003212561019,0.0003599057448;0.0003979460504;0.0002059165104,0.0002560065361;0.0004340455381;0.0002737162314,biomass;glucose;product,run_1;run_2;run_3,0.013209,0,,,0.0003212561019,0.013209,0.0003743697772,0,
400,800,400,1,1200,0.0003206766492,0.0003593279039;0.0003971832881;0.0002055187556,0.0002732851107;0.0004332966562;0.0002554481807,biomass;glucose;product,run_3;run_2;run_1,0.016526,0,,,0.0003206766492,0.016526,0.0003731656471,0,
401,800,401,1,1203,0.000320100502,0.0003587532441;0.0003964255178;0.000205122744,0.0004325514394;0.0002728566195;0.000254893447,biomass;glucose;product,run_2;run_3;run_1,0.048263,0,,,0.000320100502,0.048263,0.000371960147,0,
402,800,402,1,1206,0.0003195276334,0.0003581817666;0.0003956726927;0.0002047284407,0.0002543423693;0.0002724307646;0.0004318097662,biomass;glucose;product,run_1;run_3;run_2,0.039618,0,,,0.0003195276334,0.039618,0.0003707569426,0,
403,800,403,1,1209,0.0003189580167,0.0003576135112;0.0003949247418;0.0002043357972,0.0002720076612;0.000431071341;0.0002537950481,biomass;glucose;product,run_3;run_2;run_1,0.039306,0,,,0.0003189580167,0.039306,0.0003695634483,0,
404,800,404,1,1212,0.0003183916258,0.0003570484535;0.0003941816041;0.0002039448198,0.0004303362128;0.0002532514163;0.0002715872483,biomass;glucose;product,run_2;run_1;run_3,0.032097,0,,,0.0003183916258,0.032097,0.0003683805733,0,
405,800,405,1,1215,0.0003178284344,0.0003564865242;0.0003934432254;0.0002035555536,0.0002527112932;0.0004296046528;0.0002711693572,biomass;glucose;product,run_1;run_2;run_3,0.015781,0,,,0.0003178284344,0.015781,0.0003672041546,0,
406,800,406,1,1218,0.0003172684166,0.0003559276998;0.0003927095362;0.0002031680137,0.0004288766643;0.0002521746031;0.0002707539823,biomass;glucose;product,run_2;run_1;run_3,0.021981,0,,,0.0003172684166,0.021981,0.0003660333522,0,
407,800,407,1,1221,0.0003167115468,0.0003553719999;0.0003919804564;0.0002027821841,0.0004281519981;0.000270341268;0.0002516413744,biomass;glucose;product,run_2;run_3;run_1,0.030941,0,,,0.0003167115468,0.030941,0.0003648705419,0,
408,800,408,1,1224,0.0003161577998,0.0003548194058;0.0003912559198;0.0002023980737,0.0004274305925;0.0002699312554;0.0002511115514,biomass;glucose;product,run_2;run_3;run_1,0.020323,0,,,0.0003161577998,0.020323,0.0003637141779,0,
409,800,409,1,1227,0.0003156071503,0.0003542698522;0.0003905358769;0.0002020157217,0.0002505849772;0.000426712632;0.0002695238417,biomass;glucose;product,run_1;run_2;run_3,0.009866,0,,,0.0003156071503,0.009866,0.0003625587334,0,
410,800,410,1,1230,0.0003150595737,0.0003537233046;0.0003898202743;0.000201635142,0.0002691189964;0.0002500615733;0.0004259981512,biomass;glucose;product,run_3;run_1;run_2,0.046488,0,,,0.0003150595737,0.046488,0.0003614022157,0,
411,800,411,1,1233,0.0003145150454,0.0003531797822;0.0003891090502;0.0002012563036,0.0002687168289;0.0002495413977;0.0004252869095,biomass;glucose;product,run_3;run_1;run_2,0.026106,0,,,0.0003145150454,0.026106,0.0003602484438,0,
412,800,412,1,1236,0.0003139735412,0.0003526392928;0.0003884021532;0.0002008791776,0.0002683173971;0.0004245787353;0.0002490244911,biomass;glucose;product,run_3;run_2;run_1,0.030841,0,,,0.0003139735412,0.030841,0.0003591006794,0,
413,800,413,1,1239,0.0003134350371,0.0003521017954;0.0003876995521;0.0002005037638,0.0002679206059;0.0004238737129;0.0002485107925,biomass;glucose;product,run_3;run_2;run_1,0.044424,0,,,0.0003134350371,0.044424,0.0003579580142,0,
414,800,414,1,1242,0.0003128995094,0.000351567249;0.0003870012232;0.0002001300559,0.0002675263585;0.0002480002518;0.0004231719178,biomass;glucose;product,run_3;run_1;run_2,0.034457,0,,,0.0003128995094,0.034457,0.0003568193848,0,
415,800,415,1,1245,0.0003123669345,0.0003510356495;0.0003863071393;0.0001997580146,0.0004224732157;0.0002474929141;0.0002671346736,biomass;glucose;product,run_2;run_1;run_3,0.036318,0,,,0.0003123669345,0.036318,0.0003556867024,0,
416,800,416,1,1248,0.0003118372891,0.0003505069907;0.0003856172779;0.0001993875986,0.0004217774756;0.0002469888239;0.0002667455678,biomass;glucose;product,run_2;run_1;run_3,0.026687,0,,,0.0003118372891,0.026687,0.0003545612766,0,
417,800,417,1,1251,0.0003113105503,0.0003499812261;0.0003849316275;0.0001990187972,0.0004210847828;0.000266358937;0.0002464879309,biomass;glucose;product,run_2;run_3;run_1,0.031926,0,,,0.0003113105503,0.031926,0.0003534406973,0,
418,800,418,1,1254,0.0003107866952,0.0003494583024;0.0003842501756;0.0001986516076,0.000265974652;0.0004203952701;0.0002459901636,biomass;glucose;product,run_3;run_2;run_1,0.020463,0,,,0.0003107866952,0.020463,0.0003523221077,0,
419,800,419,1,1257,0.0003102657014,0.0003489382038;0.0003835728962;0.0001982860043,0.0004197088872;0.0002655926891;0.000245495528,biomass;glucose;product,run_2;run_3;run_1,0.011294,0,,,0.0003102657014,0.011294,0.0003512062972,0,
420,800,420,1,1260,0.0003097475467,0.0003484209313;0.000382899754;0.0001979219547,0.0002450040596;0.0002652130708;0.0004190255097,biomass;glucose;product,run_1;run_3;run_2,0.017451,0,,,0.0003097475467,0.017451,0.0003500958152,0,
421,800,421,1,1263,0.0003092322089,0.0003479064605;0.0003822307149;0.0001975594512,0.0002648357441;0.0004183451578;0.0002445157247,biomass;glucose;product,run_3;run_2;run_1,0.052307,0,,,0.0003092322089,0.052307,0.0003489910904,0,
422,800,422,1,1266,0.0003087196668,0.0003473947489;0.0003815657492;0.0001971985023,0.0004176679288;0.0002644606205;0.0002440304511,biomass;glucose;product,run_2;run_3;run_1,0.039478,0,,,0.0003087196668,0.039478,0.0003478911666,0,
423,800,423,1,1269,0.0003082098984,0.0003468857832;0.0003809048106;0.0001968391014,0.0004169937914;0.0002640876921;0.0002435482117,biomass;glucose;product,run_2;run_3;run_1,0.030120,0,,,0.0003082098984,0.030120,0.0003467966026,0,
424,800,424,1,1272,0.0003077028822,0.0003463795628;0.0003802478521;0.0001964812318,0.0002637170113;0.0004163226211;0.0002430690142,biomass;glucose;product,run_3;run_2;run_1,0.037618,0,,,0.0003077028822,0.037618,0.0003457087559,0,
425,800,425,1,1275,0.0003071985971,0.000345876066;0.0003795948327;0.0001961248927,0.000242592819;0.0002633485786;0.0004156543938,biomass;glucose;product,run_1;run_3;run_2,0.052465,0,,,0.0003071985971,0.052465,0.0003446267995,0,
426,800,426,1,1278,0.0003066970222,0.000345375253;0.0003789457161;0.0001957700975,0.0002421195453;0.0002629823429;0.0004149891784,biomass;glucose;product,run_1;run_3;run_2,0.019140,0,,,0.0003066970222,0.019140,0.0003435482363,0,
427,800,427,1,1281,0.0003061981367,0.0003448771003;0.0003783004638;0.0001954168461,0.0002626182994;0.0004143269583;0.0002416491524,biomass;glucose;product,run_3;run_2;run_1,0.033317,0,,,0.0003061981367,0.033317,0.0003424721159,0,
428,800,428,1,1284,0.0003057019202,0.0003443816049;0.0003776590347;0.0001950651211,0.0002411816487;0.0002622564961;0.0004136676159,biomass;glucose;product,run_1;run_3;run_2,0.040999,0,,,0.0003057019202,0.040999,0.0003413995151,0,
429,800,429,1,1287,0.0003052083524,0.0003438887541;0.0003770213922;0.0001947149109,0.0002407170233;0.0004130110925;0.0002618969415,biomass;glucose;product,run_1;run_2;run_3,0.028107,0,,,0.0003052083524,0.028107,0.0003403310597,0,
430,800,430,1,1290,0.0003047174132,0.0003433985186;0.0003763875056;0.0001943662154,0.0002402552296;0.0004123574261;0.0002615395839,biomass;glucose;product,run_1;run_2;run_3,0.036089,0,,,0.0003047174132,0.036089,0.0003392662452,0,
431,800,431,1,1293,0.0003042290827,0.0003429108771;0.0003757573456;0.0001940190255,0.0002397962432;0.00026118439;0.0004117066149,biomass;glucose;product,run_1;run_3;run_2,0.056383,0,,,0.0003042290827,0.056383,0.0003382052724,0,
432,800,432,1,1296,0.0003037433413,0.0003424258228;0.0003751308834;0.0001936733177,0.0002608313707;0.0002393400782;0.0004110585751,biomass;glucose;product,run_3;run_1;run_2,0.016088,0,,,0.0003037433413,0.016088,0.0003371494298,0,
433,800,433,1,1299,0.0003032601695,0.0003419433411;0.0003745080944;0.0001933290729,0.0002388867326;0.0002604805134;0.0004104132624,biomass;glucose;product,run_1;run_3;run_2,0.034279,0,,,0.0003032601695,0.034279,0.0003360991089,0,
434,800,434,1,1302,0.0003027795479,0.0003414634;0.0003738889585;0.0001929862853,0.0004097707248;0.0002601317531;0.0002384361659,biomass;glucose;product,run_2;run_3;run_1,0.040257,0,,,0.0003027795479,0.040257,0.000335053126,0,
435,800,435,1,1305,0.0003023014576,0.0003409859715;0.0003732734547;0.0001926449464,0.0002379883445;0.0004091309929;0.0002597850352,biomass;glucose;product,run_1;run_2;run_3,0.025371,0,,,0.0003023014576,0.025371,0.0003340105385,0,
436,800,436,1,1308,0.0003018258795,0.0003405110428;0.0003726615583;0.0001923050373,0.0002594403518;0.0002375432688;0.0004084940178,biomass;glucose;product,run_3;run_1;run_2,0.033500,0,,,0.0003018258795,0.033500,0.0003329717385,0,
437,800,437,1,1311,0.0003013527949,0.0003400386013;0.0003720532422;0.0001919665413,0.0002590976918;0.0004078597584;0.0002371009346,biomass;glucose;product,run_3;run_2;run_1,0.043524,0,,,0.0003013527949,0.043524,0.0003319372362,0,
438,800,438,1,1314,0.0003008821853,0.0003395686226;0.000371448479;0.0001916294543,0.0002587570078;0.0004072282416;0.0002366613065,biomass;glucose;product,run_3;run_2;run_1,0.021580,0,,,0.0003008821853,0.021580,0.000330906764,0,
439,800,439,1,1317,0.0003004140324,0.0003391010848;0.000370847239;0.0001912937733,0.0004065994865;0.0002362243505;0.0002584182602,biomass;glucose;product,run_2;run_1;run_3,0.015911,0,,,0.0003004140324,0.015911,0.0003298802391,0,
440,800,440,1,1320,0.0002999483178,0.0003386359778;0.000370249489;0.0001909594867,0.0002357900585;0.0002580814519;0.0004059734431,biomass;glucose;product,run_1;run_3;run_2,0.030792,0,,,0.0002999483178,0.030792,0.0003288584252,0,
441,800,441,1,1323,0.0002994850237,0.0003381732915;0.0003696551956;0.0001906265841,0.0002353584207;0.0004053500591;0.0002577465913,biomass;glucose;product,run_1;run_2;run_3,0.037032,0,,,0.0002994850237,0.037032,0.0003278418291,0,
442,800,442,1,1326,0.0002990241322,0.0003377130038;0.0003690643274;0.0001902950652,0.0002574136556;0.0002349293999;0.0004047293409,biomass;glucose;product,run_3;run_1;run_2,0.043310,0,,,0.0002990241322,0.043310,0.000326829828,0,
443,800,443,1,1329,0.0002985656255,0.0003372550914;0.0003684768538;0.0001899649312,0.0002345029559;0.0004041112996;0.0002570826209,biomass;glucose;product,run_1;run_2;run_3,0.037503,0,,,0.0002985656255,0.037503,0.0003258215537,0,
444,800,444,1,1332,0.0002981094859,0.0003367995404;0.0003678927431;0.0001896361741,0.000256753494;0.0004034958918;0.0002340790717,biomass;glucose;product,run_3;run_2;run_1,0.046547,0,,,0.0002981094859,0.046547,0.0003248168808,0,
445,800,445,1,1335,0.0002976556962,0.0003363463393;0.0003673119654;0.0001893087838,0.0002564262856;0.0002336577377;0.0004028830652,biomass;glucose;product,run_3;run_1;run_2,0.026748,0,,,0.0002976556962,0.026748,0.0003238159557,0,
446,800,446,1,1338,0.0002972042391,0.0003358954688;0.0003667344924;0.0001889827561,0.0002561009767;0.0004022728146;0.0002332389261,biomass;glucose;product,run_3;run_2;run_1,0.035674,0,,,0.0002972042391,0.035674,0.0003228185095,0,
447,800,447,1,1341,0.0002967550977,0.0003354469082;0.0003661602977;0.0001886580873,0.0002557775394;0.0004016651458;0.000232822608,biomass;glucose;product,run_3;run_2;run_1,0.038196,0,,,0.0002967550977,0.038196,0.0003218243554,0,
448,800,448,1,1344,0.000296308255,0.0003350006445;0.0003655893551;0.0001883347653,0.0002554559671;0.0004010600234;0.0002324087744,biomass;glucose;product,run_3;run_2;run_1,0.040478,0,,,0.000296308255,0.040478,0.0003208339706,0,
449,800,449,1,1347,0.0002958636942,0.0003345566665;0.0003650216403;0.0001880127758,0.0004004574044;0.000231997422;0.0002551362563,biomass;glucose;product,run_2;run_1;run_3,0.019810,0,,,0.0002958636942,0.019810,0.000319847911,0,
450,800,450,1,1350,0.0002954213988,0.000334114955;0.0003644571314;0.00018769211,0.000254818379;0.000399857287;0.0002315885304,biomass;glucose;product,run_3;run_2;run_1,0.022840,0,,,0.0002954213988,0.022840,0.0003188660701,0,
451,800,451,1,1353,0.0002949813523,0.000333675488;0.000363895808;0.0001873727609,0.0002545022985;0.0003992596846;0.0002311820738,biomass;glucose;product,run_3;run_2;run_1,0.012350,0,,,0.0002949813523,0.012350,0.0003178880356,0,
452,800,452,1,1356,0.0002945435384,0.0003332382495;0.0003633376493;0.0001870547165,0.0002307780402;0.0002541879973;0.0003986645778,biomass;glucose;product,run_1;run_3;run_2,0.052839,0,,,0.0002945435384,0.052839,0.0003169137552,0,
453,800,453,1,1359,0.000294107941,0.0003328032261;0.000362782634;0.000186737963,0.0003980719353;0.0002303764223;0.0002538754654,biomass;glucose;product,run_2;run_1;run_3,0.055439,0,,,0.000294107941,0.055439,0.0003159433454,0,
454,800,454,1,1362,0.0002936745442,0.0003323703995;0.0003622307405;0.0001864224925,0.0002535646771;0.0003974817552;0.0002299772002,biomass;glucose;product,run_3;run_2;run_1,0.027403,0,,,0.0002936745442,0.027403,0.0003149766418,0,
455,800,455,1,1365,0.000293243332,0.0003319397505;0.0003616819463;0.0001861082992,0.0002532556021;0.0003968940449;0.000229580349,biomass;glucose;product,run_3;run_2;run_1,0.031303,0,,,0.000293243332,0.031303,0.0003140134723,0,
456,800,456,1,1368,0.0002928142889,0.0003315112656;0.0003611362269;0.0001857953741,0.0002529482287;0.0003963087829;0.000229185855,biomass;glucose;product,run_3;run_2;run_1,0.024960,0,,,0.0002928142889,0.024960,0.0003130540895,0,
457,800,457,1,1371,0.0002923873993,0.0003310849338;0.000360593557;0.0001854837071,0.0002526425542;0.0002287937087;0.0003957259349,biomass;glucose;product,run_3;run_1;run_2,0.011320,0,,,0.0002923873993,0.011320,0.0003120988642,0,
458,800,458,1,1374,0.0002919626479,0.0003306607395;0.0003600539111;0.000185173293,0.0002523385641;0.000228403889;0.0003951454905,biomass;glucose;product,run_3;run_1;run_2,0.056076,0,,,0.0002919626479,0.056076,0.0003111477676,0,
459,800,459,1,1377,0.0002915400195,0.0003302386652;0.0003595172641;0.0001848641293,0.0002280163693;0.0002520362395;0.0003945674498,biomass;glucose;product,run_1;run_3;run_2,0.038057,0,,,0.0002915400195,0.038057,0.0003102005198,0,
460,800,460,1,1380,0.0002911194992,0.0003298186973;0.0003589835903;0.00018455621,0.0003939917907;0.0002517355751;0.0002276311318,biomass;glucose;product,run_2;run_3;run_1,0.017852,0,,,0.0002911194992,0.017852,0.0003092570041,0,
461,800,461,1,1383,0.000290701072,0.0003294008237;0.0003584528647;0.0001842495277,0.0002272481627;0.0003934184817;0.0002514365717,biomass;glucose;product,run_1;run_2;run_3,0.021871,0,,,0.000290701072,0.021871,0.0003083171806,0,
462,800,462,1,1386,0.0002902847234,0.0003289850292;0.0003579250628;0.0001839440783,0.0002268674408;0.0003928475116;0.0002511392179,biomass;glucose;product,run_1;run_2;run_3,0.038116,0,,,0.0002902847234,0.038116,0.000307380825,0,
463,800,463,1,1389,0.0002898704388,0.0003285712973;0.0003574001607;0.0001836398584,0.0002508434965;0.0003922788778;0.0002264889422,biomass;glucose;product,run_3;run_2;run_1,0.045640,0,,,0.0002898704388,0.045640,0.000306447721,0,
464,800,464,1,1392,0.0002894582039,0.0003281596154;0.0003568781351;0.0001833368612,0.0002261126521;0.0002505493993;0.0003917125603,biomass;glucose;product,run_1;run_3;run_2,0.033682,0,,,0.0002894582039,0.033682,0.000305517964,0,
465,800,465,1,1395,0.0002890480046,0.0003277499722;0.0003563589633;0.0001830350782,0.0002502569214;0.0003911485322;0.0002257385601,biomass;glucose;product,run_3;run_2;run_1,0.057451,0,,,0.0002890480046,0.057451,0.0003045917862,0,
466,800,466,1,1398,0.000288639827,0.0003273423532;0.0003558426241;0.0001827345038,0.0003905867847;0.0002499660473;0.0002253666491,biomass;glucose;product,run_2;run_3;run_1,0.025238,0,,,0.000288639827,0.025238,0.0003036692413,0,
467,800,467,1,1401,0.0002882336573,0.0003269367426;0.0003553290972;0.000182435132,0.0003900273171;0.0002249968994;0.0002496767553,biomass;glucose;product,run_2;run_1;run_3,0.014633,0,,,0.0002882336573,0.014633,0.0003027502114,0,
468,800,468,1,1404,0.0002878294817,0.0003265331272;0.0003548183629;0.0001821369551,0.0002246292981;0.0002493890325;0.0003894701145,biomass;glucose;product,run_1;run_3;run_2,0.017764,0,,,0.0002878294817,0.017764,0.0003018346979,0,
469,800,469,1,1407,0.0002874272868,0.0003261314946;0.000354310402;0.0001818399639,0.0002491028693;0.0002242638344;0.0003889151567,biomass;glucose;product,run_3;run_1;run_2,0.025931,0,,,0.0002874272868,0.025931,0.0003009227229,0,
470,800,470,1,1410,0.0002870270593,0.0003257318302;0.0003538051957;0.0001815441521,0.0002488182481;0.000388362438;0.0002239004919,biomass;glucose;product,run_3;run_2;run_1,0.052989,0,,,0.0002870270593,0.052989,0.0003000141615,0,
471,800,471,1,1413,0.000286628786,0.0003253341188;0.0003533027249;0.0001812495144,0.0002485351488;0.0003878119571;0.0002235392522,biomass;glucose;product,run_3;run_2;run_1,0.016584,0,,,0.000286628786,0.016584,0.0002991088889,0,
472,800,472,1,1416,0.0002862324539,0.0003249383481;0.0003528029702;0.0001809560433,0.0002482535603;0.0002231801028;0.0003872636985,biomass;glucose;product,run_3;run_1;run_2,0.031448,0,,,0.0002862324539,0.031448,0.0002982069752,0,
473,800,473,1,1419,0.0002858380499,0.0003245445068;0.0003523059118;0.0001806637311,0.0002228230326;0.0003867176423;0.0002479734748,biomass;glucose;product,run_1;run_2;run_3,0.007952,0,,,0.0002858380499,0.007952,0.0002973085624,0,
474,800,474,1,1422,0.0002854455613,0.0003241525819;0.0003518115295;0.0001803725726,0.0002476948784;0.0002224680254;0.0003861737803,biomass;glucose;product,run_3;run_1;run_2,0.026156,0,,,0.0002854455613,0.026156,0.0002964136648,0,
475,800,475,1,1425,0.0002850549753,0.0003237625598;0.0003513198032;0.0001800825629,0.0002221150632;0.0002474177563;0.0003856321064,biomass;glucose;product,run_1;run_3;run_2,0.075952,0,,,0.0002850549753,0.075952,0.0002955222293,0,
476,800,476,1,1428,0.0002846662791,0.0003233744287;0.0003508307124;0.0001797936961,0.000221764132;0.000247142101;0.0003850926043,biomass;glucose;product,run_1;run_3;run_2,0.025849,0,,,0.0002846662791,0.025849,0.0002946342546,0,
477,800,477,1,1431,0.0002842794599,0.0003229881775;0.0003503442367;0.0001795059656,0.0003845552553;0.0002214152184;0.0002468679061,biomass;glucose;product,run_2;run_1;run_3,0.027167,0,,,0.0002842794599,0.027167,0.0002937497138,0,
478,800,478,1,1434,0.0002838945051,0.0003226037932;0.0003498603557;0.0001792193663,0.0002465951596;0.0002210683049;0.0003840200507,biomass;glucose;product,run_3;run_1;run_2,0.039335,0,,,0.0002838945051,0.039335,0.0002928684721,0,
479,800,479,1,1437,0.0002835114003,0.0003222212611;0.0003493790473;0.0001789338925,0.0003834869794;0.0002207233737;0.0002463238478,biomass;glucose;product,run_2;run_1;run_3,0.029243,0,,,0.0002835114003,0.029243,0.0002919904713,0,
480,800,480,1,1440,0.0002831301331,0.000321840571;0.0003489002918;0.0001786495366,0.000382956027;0.0002203804101;0.0002460539623,biomass;glucose;product,run_2;run_1;run_3,0.030597,0,,,0.0002831301331,0.030597,0.000291115686,0,
481,800,481,1,1443,0.0002827506905,0.0003214617127;0.0003484240687;0.0001783662901,0.0002457854942;0.0003824271774;0.0002200393999,biomass;glucose;product,run_3;run_2;run_1,0.016807,0,,,0.0002827506905,0.016807,0.0002902441339,0,
482,800,482,1,1446,0.0002823733377,0.0003210850022;0.00034795071;0.0001780843008,0.0002197003258;0.0003819012589;0.0002455184283,biomass;glucose;product,run_1;run_2;run_3,0.041416,0,,,0.0002823733377,0.041416,0.0002893656887,0,
483,800,483,1,1449,0.0002819974874,0.0003207097295;0.0003474795398;0.0001778031929,0.0002452526431;0.0002193632035;0.0003813766156,biomass;glucose;product,run_3;run_1;run_2,0.013307,0,,,0.0002819974874,0.013307,0.0002885005695,0,
484,800,484,1,1452,0.0002816234176,0.0003203362415;0.0003470108891;0.0001775231223,0.0002190280305;0.000380854051;0.0002449881714,biomass;glucose;product,run_1;run_2;run_3,0.020846,0,,,0.0002816234176,0.020846,0.0002876394728,0,
485,800,485,1,1455,0.0002812511153,0.0003199645315;0.0003465447225;0.0001772440921,0.0002447250284;0.000380333537;0.0002186947806,biomass;glucose;product,run_3;run_2;run_1,0.028538,0,,,0.0002812511153,0.028538,0.0002867822381,0,
486,800,486,1,1458,0.0002808805699,0.0003195945872;0.0003460810035;0.0001769661189,0.0003798150865;0.0002183634095;0.0002444632137,biomass;glucose;product,run_2;run_1;run_3,0.032047,0,,,0.0002808805699,0.032047,0.0002859281925,0,
487,800,487,1,1461,0.0002805117733,0.0003192264055;0.0003456196985;0.0001766892158,0.0003792986675;0.0002442027584;0.0002180338938,biomass;glucose;product,run_2;run_3;run_1,0.009536,0,,,0.0002805117733,0.009536,0.000285076912,0,
488,800,488,1,1464,0.000280144719,0.0003188599879;0.0003451607798;0.0001764133893,0.0003787842224;0.0002177062278;0.0002439437067,biomass;glucose;product,run_2;run_1;run_3,0.026604,0,,,0.000280144719,0.026604,0.0002842281954,0,
489,800,489,1,1467,0.0002797793991,0.0003184953244;0.000344704228;0.0001761386449,0.0002173803917;0.0002436860548;0.0003782717507,biomass;glucose;product,run_1;run_3;run_2,0.045045,0,,,0.0002797793991,0.045045,0.0002833816307,0,
490,800,490,1,1470,0.0002794158014,0.0003181323957;0.0003442500317;0.0001758649767,0.0002170563619;0.0003777612875;0.0002434297548,biomass;glucose;product,run_1;run_2;run_3,0.021128,0,,,0.0002794158014,0.021128,0.0002825369516,0,
491,800,491,1,1473,0.0002790539098,0.0003177711864;0.0003437981867;0.0001755923562,0.0002167341385;0.0003772528299;0.0002431747609,biomass;glucose;product,run_1;run_2;run_3,0.029609,0,,,0.0002790539098,0.029609,0.0002816945937,0,
492,800,492,1,1476,0.0002786937068,0.0003174116824;0.0003433486925;0.0001753207455,0.0002429210288;0.0002164137326;0.000376746359,biomass;glucose;product,run_3;run_1;run_2,0.020336,0,,,0.0002786937068,0.020336,0.0002808553288,0,
493,800,493,1,1479,0.0002783351768,0.0003170538634;0.0003429015477;0.0001750501193,0.0002426684977;0.0003762418956;0.000216095137,biomass;glucose;product,run_3;run_2;run_1,0.012371,0,,,0.0002783351768,0.012371,0.0002800195989,0,
494,800,494,1,1482,0.0002779789218,0.0003166986708;0.000342456442;0.0001747816526,0.0002424171196;0.000375741309;0.0002157783368,biomass;glucose;product,run_3;run_2;run_1,0.036071,0,,,0.0002779789218,0.036071,0.0002792033497,0,
495,800,495,1,1485,0.0002776236587,0.0003163442083;0.0003420138521;0.0001745129156,0.0003752402198;0.0002421673566;0.0002154633996,biomass;glucose;product,run_2;run_3;run_1,0.043027,0,,,0.0002776236587,0.043027,0.0002783738065,0,
496,800,496,1,1488,0.0002772700335,0.0003159913385;0.000341573473;0.0001742452891,0.0002419186542;0.0002151499899;0.0003747414564,biomass;glucose;product,run_3;run_1;run_2,0.031572,0,,,0.0002772700335,0.031572,0.0002775426011,0,
497,800,497,1,1491,0.0002769180378,0.0003156400716;0.0003411353192;0.0001739787225,0.000214838182;0.0002416710365;0.0003742448949,biomass;glucose;product,run_1;run_3;run_2,0.049218,0,,,0.0002769180378,0.049218,0.0002767125314,0,
498,800,498,1,1494,0.0002765676629,0.0003152905202;0.0003406994119;0.0001737130568,0.0002145282904;0.0002414248795;0.0003737498188,biomass;glucose;product,run_1;run_3;run_2,0.046704,0,,,0.0002765676629,0.046704,0.0002758895663,0,
499,800,499,1,1497,0.0002762189003,0.0003149426252;0.0003402657615;0.0001734483143,0.0003732564866;0.0002142202223;0.000241179992,biomass;glucose;product,run_2;run_1;run_3,0.062441,0,,,0.0002762189003,0.062441,0.000275072512,0,
500,800,500,1,1500,0.0002758717544,0.0003145963087;0.0003398343711;0.0001731845833,0.0002139137115;0.0002409359567;0.0003727655949,biomass;glucose;product,run_1;run_3;run_2,0.044858,0,,,0.0002758717544,0.044858,0.0002742570546,0,
501,800,501,1,1503,0.0002755261925,0.0003142515033;0.0003394052372;0.000172921837,0.0003722767979;0.0002406929173;0.0002136088623,biomass;glucose;product,run_2;run_3;run_1,0.042207,0,,,0.0002755261925,0.042207,0.0002734438252,0,
502,800,502,1,1506,0.0002751822175,0.0003139083433;0.0003389783604;0.0001726599487,0.0002404512053;0.0002133058952;0.0003717895519,biomass;glucose;product,run_3;run_1;run_2,0.011880,0,,,0.0002751822175,0.011880,0.0002726358079,0,
503,800,503,1,1509,0.0002748398218,0.0003135667585;0.0003385537214;0.0001723989855,0.000213004652;0.0002402106232;0.0003713041901,biomass;glucose;product,run_1;run_3;run_2,0.031673,0,,,0.0002748398218,0.031673,0.0002718306836,0,
504,800,504,1,1512,0.0002744990312,0.00031322674;0.0003381313042;0.0001721390492,0.0002127049336;0.0002399710228;0.000370821137,biomass;glucose;product,run_1;run_3;run_2,0.043231,0,,,0.0002744990312,0.043231,0.0002710260374,0,
505,800,505,1,1515,0.0002741597826,0.0003128882054;0.0003377110739;0.0001718800685,0.0002397324459;0.0002124068602;0.0003703400417,biomass;glucose;product,run_3;run_1;run_2,0.028897,0,,,0.0002741597826,0.028897,0.0002702239817,0,
506,800,506,1,1518,0.0002738221002,0.0003125513077;0.0003372930158;0.0001716219772,0.0002394953147;0.0003698603593;0.0002121106267,biomass;glucose;product,run_3;run_2;run_1,0.044980,0,,,0.0002738221002,0.044980,0.0002694275048,0,
507,800,507,1,1521,0.0002734859841,0.0003122159723;0.0003368770993;0.0001713648808,0.0002118160384;0.0003693825059;0.000239259408,biomass;glucose;product,run_1;run_2;run_3,0.037303,0,,,0.0002734859841,0.037303,0.0002686340532,0,
508,800,508,1,1524,0.000273154,0.0003118841417;0.0003364628646;0.0001711149938,0.0003689068629;0.0002390322164;0.0002115229208,biomass;glucose;product,run_2;run_3;run_1,0.020852,0,,,0.000273154,0.020852,0.0002677780915,0,
509,800,509,1,1527,0.0002728206646,0.0003115513915;0.0003360516363;0.000170858966,0.0002112314697;0.0002387961349;0.0003684343891,biomass;glucose;product,run_1;run_3;run_2,0.039403,0,,,0.0002728206646,0.039403,0.0002670094409,0,
510,800,510,1,1530,0.0002724888166,0.0003112202792;0.0003356428013;0.0001706033694,0.0002109423086;0.0003679629659;0.0002385611754,biomass;glucose;product,run_1;run_2;run_3,0.012480,0,,,0.0002724888166,0.012480,0.0002662583284,0,
511,800,511,1,1533,0.0002721584455,0.0003108906636;0.0003352361647;0.0001703485081,0.0002106549133;0.0003674931808;0.0002383272423,biomass;glucose;product,run_1;run_2;run_3,0.040398,0,,,0.0002721584455,0.040398,0.000265509222,0,
512,800,512,1,1536,0.0002718295397,0.0003105623021;0.0003348315091;0.0001700948079,0.00023809384;0.0002103685095;0.0003670262697,biomass;glucose;product,run_3;run_1;run_2,0.024314,0,,,0.0002718295397,0.024314,0.0002647458554,0,
513,800,513,1,1539,0.0002715020891,0.0003102354215;0.0003344286719;0.000169842174,0.0002100834346;0.0002378619695;0.0003665608633,biomass;glucose;product,run_1;run_3;run_2,0.014063,0,,,0.0002715020891,0.014063,0.0002639734147,0,
514,800,514,1,1542,0.0002711760816,0.0003099102592;0.0003340275334;0.0001695904522,0.000366095565;0.0002376325711;0.0002098001088,biomass;glucose;product,run_2;run_3;run_1,0.043882,0,,,0.0002711760816,0.043882,0.0002631980417,0,
515,800,515,1,1545,0.0002708515056,0.0003095866323;0.0003336279819;0.0001693399026,0.0002374050292;0.0002095180164;0.0003656314712,biomass;glucose;product,run_3;run_1;run_2,0.024880,0,,,0.0002708515056,0.024880,0.0002624198854,0,
516,800,516,1,1548,0.0002705283496,0.0003092644009;0.0003332299741;0.0001690906738,0.0002092368193;0.0002371788136;0.0003651694159,biomass;glucose;product,run_1;run_3;run_2,0.032057,0,,,0.0002705283496,0.032057,0.0002616381815,0,
517,800,517,1,1551,0.0002702066025,0.0003089437558;0.0003328335705;0.0001688424813,0.0002369545127;0.0002089570395;0.0003647082554,biomass;glucose;product,run_3;run_1;run_2,0.013137,0,,,0.0002702066025,0.013137,0.0002608586663,0,
518,800,518,1,1554,0.00026988623,0.0003086246345;0.0003324389264;0.0001685951293,0.0002367321015;0.0003642476916;0.000208678897,biomass;glucose;product,run_3;run_2;run_1,0.028172,0,,,0.00026988623,0.028172,0.0002600804458,0,
519,800,519,1,1557,0.0002695672574,0.0003083069595;0.0003320460317;0.0001683487809,0.0002084019845;0.0003637890266;0.000236510761,biomass;glucose;product,run_1;run_2;run_3,0.035015,0,,,0.0002695672574,0.035015,0.0002592974791,0,
520,800,520,1,1560,0.0002692496557,0.0003079905271;0.0003316550343;0.0001681034057,0.0002362898705;0.0003633329309;0.0002081261657,biomass;glucose;product,run_3;run_2;run_1,0.026905,0,,,0.0002692496557,0.026905,0.0002585070957,0,
521,800,521,1,1563,0.0002689334128,0.0003076755079;0.000331266053;0.0001678586774,0.0002078519886;0.0002360698877;0.000362878362,biomass;glucose;product,run_1;run_3;run_2,0.017096,0,,,0.0002689334128,0.017096,0.000257717427,0,
522,800,522,1,1566,0.0002686185339,0.0003073619526;0.0003308790669;0.0001676145822,0.0003624253059;0.0002075795759;0.0002358507199,biomass;glucose;product,run_2;run_1;run_3,0.034400,0,,,0.0002686185339,0.034400,0.0002569395854,0,
523,800,523,1,1569,0.000268304973,0.0003070495919;0.0003304942124;0.0001673711146,0.0002356316692;0.0002073085012;0.0003619747485,biomass;glucose;product,run_3;run_1;run_2,0.038037,0,,,0.000268304973,0.038037,0.0002561625446,0,
524,800,524,1,1572,0.0002679927519,0.0003067385437;0.0003301113731;0.0001671283388,0.0002354128221;0.00036152662;0.0002070388136,biomass;glucose;product,run_3;run_2;run_1,0.028340,0,,,0.0002679927519,0.028340,0.0002553945224,0,
525,800,525,1,1575,0.0002676818189,0.0003064287988;0.000329730623;0.0001668860348,0.0003610799528;0.0002067708557;0.000235194648,biomass;glucose;product,run_2;run_1;run_3,0.037987,0,,,0.0002676818189,0.037987,0.000254638274,0,
526,800,526,1,1578,0.000267372183,0.0003061204274;0.0003293518669;0.0001666442548,0.0002349773041;0.0003606346889;0.000206504556,biomass;glucose;product,run_3;run_2;run_1,0.017081,0,,,0.000267372183,0.017081,0.000253889391,0,
527,800,527,1,1581,0.0002670638302,0.0003058132622;0.0003289750185;0.0001664032098,0.0002062394753;0.0002347603927;0.0003601916225,biomass;glucose;product,run_1;run_3;run_2,0.061858,0,,,0.0002670638302,0.061858,0.0002531392301,0,
528,800,528,1,1584,0.0002667567462,0.0003055073482;0.0003286000084;0.000166162882,0.0002345442389;0.0003597503417;0.0002059756579,biomass;glucose;product,run_3;run_2;run_1,0.013324,0,,,0.0002667567462,0.013324,0.0002523852887,0,
529,800,529,1,1587,0.0002664509168,0.0003052028207;0.0003282267758;0.0001659231539,0.0002057133524;0.0002343294377;0.0003593099603,biomass;glucose;product,run_1;run_3;run_2,0.044848,0,,,0.0002664509168,0.044848,0.0002516287038,0,
530,800,530,1,1590,0.0002661463273,0.0003048996136;0.0003278552325;0.0001656841358,0.0003588708319;0.0002341158197;0.0002054523303,biomass;glucose;product,run_2;run_3;run_1,0.029279,0,,,0.0002661463273,0.029279,0.0002508690414,0,
531,800,531,1,1593,0.0002658431338,0.000304597851;0.0003274855432;0.0001654460074,0.0003584339984;0.0002051923198;0.0002339030833,biomass;glucose;product,run_2;run_1;run_3,0.028602,0,,,0.0002658431338,0.028602,0.0002501022052,0,
532,800,532,1,1596,0.0002655410068,0.0003042972242;0.0003271172335;0.0001652085627,0.0003579979964;0.0002336915039;0.0002049335201,biomass;glucose;product,run_2;run_3;run_1,0.023432,0,,,0.0002655410068,0.023432,0.0002493402308,0,
533,800,533,1,1599,0.0002652400622,0.0003039979563;0.0003267505184;0.000164971712,0.0002046760595;0.0002334812774;0.0003575628498,biomass;glucose;product,run_1;run_3;run_2,0.031764,0,,,0.0002652400622,0.031764,0.0002485793681,0,
534,800,534,1,1602,0.0002649402887,0.0003036999301;0.0003263853803;0.0001647355558,0.000357129225;0.0002332719694;0.0002044196718,biomass;glucose;product,run_2;run_3;run_1,0.022382,0,,,0.0002649402887,0.022382,0.0002478160423,0,
535,800,535,1,1605,0.0002646416697,0.0003034030862;0.0003260218254;0.0001645000974,0.0003566974096;0.0002041642509;0.0002330633486,biomass;glucose;product,run_2;run_1;run_3,0.037868,0,,,0.0002646416697,0.037868,0.0002470472126,0,
536,800,536,1,1608,0.0002643441878,0.0003031075025;0.0003256598896;0.0001642651713,0.0002039100244;0.0002328556571;0.0003562668818,biomass;glucose;product,run_1;run_3;run_2,0.018379,0,,,0.0002643441878,0.018379,0.0002462743529,0,
537,800,537,1,1611,0.0002640478508,0.0003028131736;0.0003252996181;0.0001640307607,0.0002326488062;0.0002036570813;0.0003558376649,biomass;glucose;product,run_3;run_1;run_2,0.036102,0,,,0.0002640478508,0.036102,0.0002454989222,0,
538,800,538,1,1614,0.0002637525872,0.0003025199855;0.0003249409429;0.0001637968333,0.0003554103047;0.0002034050571;0.0002324423998,biomass;glucose;product,run_2;run_1;run_3,0.020614,0,,,0.0002637525872,0.020614,0.0002447192996,0,
539,800,539,1,1617,0.0002634584017,0.0003022279535;0.0003245838913;0.0001635633602,0.0002322364404;0.0002031540683;0.0003549846963,biomass;glucose;product,run_3;run_1;run_2,0.031731,0,,,0.0002634584017,0.031731,0.0002439383363,0,
540,800,540,1,1620,0.0002631652719,0.0003019371459;0.0003242284651;0.0001633302048,0.0003545603528;0.0002029042869;0.0002320311761,biomass;glucose;product,run_2;run_1;run_3,0.017146,0,,,0.0002631652719,0.017146,0.0002431593031,0,
541,800,541,1,1623,0.0002628731744,0.000301647513;0.0003238746341;0.0001630973761,0.0002318264728;0.0003541374582;0.0002026555922,biomass;glucose;product,run_3;run_2;run_1,0.054115,0,,,0.0002628731744,0.054115,0.0002423804531,0,
542,800,542,1,1626,0.0002625820838,0.0003013589836;0.0003235223534;0.0001628649145,0.0002024078008;0.0003537163012;0.0002316221495,biomass;glucose;product,run_1;run_2;run_3,0.012947,0,,,0.0002625820838,0.012947,0.000241597387,0,
543,800,543,1,1629,0.0002622919734,0.000301071598;0.0003231715901;0.0001626327319,0.0003532965012;0.0002314184364;0.0002021609824,biomass;glucose;product,run_2;run_3;run_1,0.029995,0,,,0.0002622919734,0.029995,0.0002408093696,0,
544,800,544,1,1632,0.0002620028142,0.0003007853833;0.0003228222995;0.0001624007599,0.0002019151623;0.0002312155126;0.0003528777678,biomass;glucose;product,run_1;run_3;run_2,0.017863,0,,,0.0002620028142,0.017863,0.0002400160343,0,
545,800,545,1,1635,0.0002617111831,0.0003004963775;0.0003224745848;0.0001621625869,0.0002016701356;0.0003524603955;0.0002310030182,biomass;glucose;product,run_1;run_2;run_3,0.030651,0,,,0.0002617111831,0.030651,0.0002392696879,0,
546,800,546,1,1638,0.0002614237991,0.0003002128105;0.0003221275934;0.0001619309936,0.0002308039121;0.0003520410989;0.0002014263865,biomass;glucose;product,run_3;run_2;run_1,0.032695,0,,,0.0002614237991,0.032695,0.000238459633,0,
547,800,547,1,1641,0.0002611372829,0.0002999299586;0.0003217813573;0.0001617005327,0.0002306047478;0.0002011818495;0.0003516252513,biomass;glucose;product,run_3;run_1;run_2,0.035339,0,,,0.0002611372829,0.035339,0.0002376072482,0,
548,800,548,1,1644,0.0002608515978,0.0002996481231;0.000321436052;0.0001614706183,0.0003512111239;0.0002304062916;0.000200937378,biomass;glucose;product,run_2;run_3;run_1,0.024269,0,,,0.0002608515978,0.024269,0.0002367405203,0,
549,800,549,1,1647,0.0002605667037,0.0002993679371;0.000321091969;0.000161240205,0.0003507949162;0.0002006946707;0.0002302105242,biomass;glucose;product,run_2;run_1;run_3,0.037657,0,,,0.0002605667037,0.037657,0.0002359037039,0,
550,800,550,1,1650,0.0002602825601,0.0002990888144;0.0003207491459;0.0001610097201,0.0002004525108;0.0002300151133;0.0003503800563,biomass;glucose;product,run_1;run_3;run_2,0.036788,0,,,0.0002602825601,0.036788,0.000235078222,0,
551,800,551,1,1653,0.0002600024598,0.0002988140824;0.0003204074223;0.0001607858747,0.0002298281153;0.0003499694225;0.0002002098416,biomass;glucose;product,run_3;run_2;run_1,0.025565,0,,,0.0002600024598,0.025565,0.0002341972045,0,
552,800,552,1,1656,0.0002597195796,0.0002985360194;0.0003200678117;0.0001605549079,0.0001999675463;0.0003495626935;0.0002296284992,biomass;glucose;product,run_1;run_2;run_3,0.014868,0,,,0.0002597195796,0.014868,0.0002333190656,0,
553,800,553,1,1659,0.0002594372679,0.0002982596592;0.0003197302428;0.0001603219015,0.0001997281423;0.0003491528366;0.0002294308246,biomass;glucose;product,run_1;run_2;run_3,0.008532,0,,,0.0002594372679,0.008532,0.0002325232326,0,
554,800,554,1,1662,0.0002591554665,0.0002979840185;0.0003193942105;0.0001600881704,0.0001994889554;0.0003487454743;0.0002292319698,biomass;glucose;product,run_1;run_2;run_3,0.026864,0,,,0.0002591554665,0.026864,0.0002317229072,0,
555,800,555,1,1665,0.0002588741066,0.0002977084841;0.0003190591846;0.0001598546511,0.0003483440414;0.0002290301907;0.0001992480878,biomass;glucose;product,run_2;run_3;run_1,0.013732,0,,,0.0002588741066,0.013732,0.0002307876754,0,
556,800,556,1,1668,0.0002585931228,0.0002974342812;0.0003187250069;0.0001596200804,0.0002288303843;0.0003479410008;0.0001990079834,biomass;glucose;product,run_3;run_2;run_1,0.043570,0,,,0.0002585931228,0.043570,0.0002299014176,0,
557,800,557,1,1671,0.0002583081916,0.000297155969;0.0003183873274;0.0001593812785,0.0001987687859;0.0002286338936;0.0003475218955,biomass;glucose;product,run_1;run_3;run_2,0.030630,0,,,0.0002583081916,0.030630,0.0002291261593,0,
558,800,558,1,1674,0.0002580276639,0.0002968837518;0.0003180536402;0.0001591455996,0.0003471183025;0.0002284369602;0.0001985277289,biomass;glucose;product,run_2;run_3;run_1,0.022572,0,,,0.0002580276639,0.022572,0.0002282699447,0,
559,800,559,1,1677,0.0002577473192,0.0002966122977;0.000317719825;0.0001589098348,0.0003467162976;0.0001982849901;0.0002282406699,biomass;glucose;product,run_2;run_1;run_3,0.026960,0,,,0.0002577473192,0.026960,0.0002273663798,0,
560,800,560,1,1680,0.0002574670388,0.0002963424337;0.0003173858819;0.0001586728008,0.0001980425342;0.0003463101206;0.0002280484616,biomass;glucose;product,run_1;run_2;run_3,0.022256,0,,,0.0002574670388,0.022256,0.0002266362869,0,
561,800,561,1,1683,0.0002571867863,0.0002960737515;0.0003170515712;0.0001584350361,0.0003459028479;0.0002278585796;0.0001977989313,biomass;glucose;product,run_2;run_3;run_1,0.017030,0,,,0.0002571867863,0.017030,0.0002260177184,0,
562,800,562,1,1686,0.0002569064397,0.000295805503;0.000316716686;0.00015819713,0.0002276682274;0.0003454986616;0.00019755243,biomass;glucose;product,run_3;run_2;run_1,0.026715,0,,,0.0002569064397,0.026715,0.0002253062094,0,
563,800,563,1,1689,0.0002566259097,0.0002955384273;0.0003163814072;0.0001579578945,0.0001973046869;0.0002274796278;0.0003450934144,biomass;glucose;product,run_1;run_3;run_2,0.026695,0,,,0.0002566259097,0.026695,0.0002247570421,0,
564,800,564,1,1692,0.0002563451104,0.0002952728746;0.0003160458673;0.0001577165891,0.0002272933217;0.0001970564038;0.0003446856056,biomass;glucose;product,run_3;run_1;run_2,0.017581,0,,,0.0002563451104,0.017581,0.0002245568457,0,
565,800,565,1,1695,0.0002560639683,0.0002950080769;0.0003157099979;0.0001574738301,0.0003442805201;0.0002271056859;0.0001968056989,biomass;glucose;product,run_2;run_3;run_1,0.033596,0,,,0.0002560639683,0.033596,0.000224432747,0,
566,800,566,1,1698,0.000255782465,0.0002947440184;0.00031537395;0.0001572294266,0.0003438784478;0.0002269162065;0.0001965527407,biomass;glucose;product,run_2;run_3;run_1,0.006651,0,,,0.000255782465,0.006651,0.0002243834831,0,
567,800,567,1,1701,0.00025550057,0.0002944810895;0.0003150380174;0.000156982603,0.0003434756172;0.000196299361;0.0002267267317,biomass;glucose;product,run_2;run_1;run_3,0.017842,0,,,0.00025550057,0.017842,0.0002248023652,0,
568,800,568,1,1704,0.0002552142231,0.0002942138085;0.0003147025397;0.000156726321,0.0001960451065;0.0003430743591;0.0002265232036,biomass;glucose;product,run_1;run_2;run_3,0.024555,0,,,0.0002552142231,0.024555,0.0002250964254,0,
569,800,569,1,1707,0.0002549310275,0.0002939515384;0.0003143664941;0.00015647505,0.0002263292952;0.0001957898377;0.0003426739496,biomass;glucose;product,run_3;run_1;run_2,0.020763,0,,,0.0002549310275,0.020763,0.0002262448709,0,
570,800,570,1,1710,0.0002546474643,0.0002936896674;0.0003140303851;0.0001562223403,0.0002261296448;0.0003422805749;0.0001955321731,biomass;glucose;product,run_3;run_2;run_1,0.029396,0,,,0.0002546474643,0.029396,0.000227315184,0,
571,800,571,1,1713,0.0002543633354,0.0002934284995;0.0003136950447;0.0001559664621,0.0002259237148;0.0003418917218;0.0001952745696,biomass;glucose;product,run_3;run_2;run_1,0.031622,0,,,0.0002543633354,0.031622,0.0002287305529,0,
572,800,572,1,1716,0.0002540786397,0.0002931682182;0.0003133615003;0.0001557062006,0.0001950191192;0.0003415067261;0.0002257100737,biomass;glucose;product,run_1;run_2;run_3,0.016439,0,,,0.0002540786397,0.016439,0.000230782353,0,
573,800,573,1,1719,0.0002537934392,0.0002929077572;0.0003130307686;0.0001554417917,0.0001947651075;0.0002254821508;0.0003411330592,biomass;glucose;product,run_1;run_3;run_2,0.023565,0,,,0.0002537934392,0.023565,0.0002325649707,0,
574,800,574,1,1722,0.0002535078412,0.0002926468493;0.0003127040508;0.0001551726236,0.0002252366312;0.0003407730625;0.00019451383,biomass;glucose;product,run_3;run_2;run_1,0.047077,0,,,0.0002535078412,0.047077,0.0002337619988,0,
575,800,575,1,1725,0.000253221988,0.0002923860677;0.0003123825156;0.0001548973806,0.0001942684529;0.0002249740035;0.0003404235076,biomass;glucose;product,run_1;run_3;run_2,0.040999,0,,,0.000253221988,0.040999,0.0002348867354,0,
576,800,576,1,1728,0.0002529360059,0.0002921249022;0.0003120670342;0.0001546160812,0.0001940295221;0.0002246910775;0.0003400874179,biomass;glucose;product,run_1;run_3;run_2,0.029665,0,,,0.0002529360059,0.029665,0.0002353866874,0,
577,800,577,1,1731,0.0002526500911,0.0002918629644;0.0003117579237;0.000154329385,0.0003397676481;0.0001937970585;0.0002243855666,biomass;glucose;product,run_2;run_1;run_3,0.042019,0,,,0.0002526500911,0.042019,0.0002346101282,0,
578,800,578,1,1734,0.0002523644129,0.0002916009756;0.0003114550002;0.0001540372628,0.0002240617373;0.0003394583929;0.0001935731084,biomass;glucose;product,run_3;run_2;run_1,0.010724,0,,,0.0002523644129,0.010724,0.0002331614879,0,
579,800,579,1,1737,0.000252079141,0.0002913395316;0.0003111572539;0.0001537406376,0.0002237247561;0.0003391541858;0.0001933584813,biomass;glucose;product,run_3;run_2;run_1,0.038558,0,,,0.000252079141,0.038558,0.0002314251175,0,
580,800,580,1,1740,0.0002517944822,0.0002910785577;0.0003108630399;0.0001534418491,0.0003388536608;0.0002233780545;0.0001931517314,biomass;glucose;product,run_2;run_3;run_1,0.032433,0,,,0.0002517944822,0.032433,0.0002290658581,0,
581,800,581,1,1743,0.0002515106116,0.0002908188617;0.0003105701313;0.000153142842,0.000223029803;0.0003385494341;0.0001929525978,biomass;glucose;product,run_3;run_2;run_1,0.032363,0,,,0.0002515106116,0.032363,0.0002266111877,0,
582,800,582,1,1746,0.000251227693,0.0002905616391;0.0003102760904;0.0001528453494,0.0003382320147;0.0001927611926;0.0002226898716,biomass;glucose;product,run_2;run_1;run_3,0.046013,0,,,0.000251227693,0.046013,0.000224871836,0,
583,800,583,1,1749,0.000250945883,0.0002903070756;0.0003099791767;0.0001525513966,0.0001925757854;0.0003379002658;0.0002223615978,biomass;glucose;product,run_1;run_2;run_3,0.026714,0,,,0.000250945883,0.026714,0.000223695031,0,
584,800,584,1,1752,0.0002506653139,0.0002900553763;0.0003096785049;0.0001522620603,0.0003375541032;0.0001923952944;0.000222046544,biomass;glucose;product,run_2;run_1;run_3,0.051022,0,,,0.0002506653139,0.051022,0.0002230527017,0,
585,800,585,1,1755,0.0002503861019,0.0002898071859;0.0003093739359;0.000151977184,0.0002217472665;0.000337190925;0.0001922201143,biomass;glucose;product,run_3;run_2;run_1,0.022894,0,,,0.0002503861019,0.022894,0.0002234316117,0,
586,800,586,1,1758,0.0002501083368,0.0002895620855;0.0003090665887;0.0001516963363,0.0003368157115;0.0001920494794;0.0002214598196,biomass;glucose;product,run_2;run_1;run_3,0.040615,0,,,0.0002501083368,0.040615,0.00022452026,0,
587,800,587,1,1761,0.0002498321024,0.0002893191638;0.0003087582256;0.0001514189177,0.0002211777717;0.0001918822266;0.0003364363088,biomass;glucose;product,run_3;run_1;run_2,0.028030,0,,,0.0002498321024,0.028030,0.0002256694387,0,
588,800,588,1,1764,0.0002495574444,0.0002890782836;0.0003084499707;0.0001511440789,0.0002209005295;0.0001917182475;0.0003360535562,biomass;glucose;product,run_3;run_1;run_2,0.029229,0,,,0.0002495574444,0.029229,0.0002269374678,0,
589,800,589,1,1767,0.0002492843979,0.0002888390159;0.000308142609;0.0001508715688,0.0001915565734;0.0003356698979;0.0002206267224,biomass;glucose;product,run_1;run_2;run_3,0.024842,0,,,0.0002492843979,0.024842,0.0002281034973,0,
590,800,590,1,1770,0.0002490129712,0.0002886006437;0.0003078366579;0.0001506016122,0.0002203533776;0.0003352900584;0.0001913954778,biomass;glucose;product,run_3;run_2;run_1,0.027790,0,,,0.0002490129712,0.027790,0.0002286491322,0,
591,800,591,1,1773,0.0002487431603,0.0002883635545;0.0003075312695;0.000150334657,0.0002200844364;0.0003349107421;0.0001912343025,biomass;glucose;product,run_3;run_2;run_1,0.023756,0,,,0.0002487431603,0.023756,0.0002289991052,0,
592,800,592,1,1776,0.0002484749417,0.0002881281036;0.0003072254111;0.0001500713104,0.0002198233185;0.0003345292069;0.0001910722998,biomass;glucose;product,run_3;run_2;run_1,0.015350,0,,,0.0002484749417,0.015350,0.0002295430969,0,
593,800,593,1,1779,0.0002482082737,0.0002878939162;0.0003069189284;0.0001498119764,0.0001909082893;0.0003341482609;0.0002195682708,biomass;glucose;product,run_1;run_2;run_3,0.037922,0,,,0.0002482082737,0.037922,0.0002300584131,0,
594,800,594,1,1782,0.0002479431097,0.0002876611761;0.000306611329;0.000149556824,0.0001907421349;0.0002193216894;0.0003337655047,biomass;glucose;product,run_1;run_3;run_2,0.045868,0,,,0.0002479431097,0.045868,0.0002308744533,0,
595,800,595,1,1785,0.0002476793993,0.0002874297044;0.0003063029339;0.0001493055597,0.0003333806381;0.0001905739599;0.0002190836,biomass;glucose;product,run_2;run_1;run_3,0.031350,0,,,0.0002476793993,0.031350,0.000232057838,0,
596,800,596,1,1788,0.0002474170896,0.0002871983835;0.0003059956852;0.0001490572003,0.0002188471457;0.0001904037571;0.0003330003661,biomass;glucose;product,run_3;run_1;run_2,0.034198,0,,,0.0002474170896,0.034198,0.0002328823737,0,
597,800,597,1,1791,0.0002471561343,0.0002869668847;0.0003056906063;0.0001488109119,0.0001902323402;0.0003326250032;0.0002186110595,biomass;glucose;product,run_1;run_2;run_3,0.020457,0,,,0.0002471561343,0.020457,0.0002332868806,0,
598,800,598,1,1794,0.0002468964927,0.0002867349669;0.0003053883765;0.0001485661348,0.0002183743124;0.0001900604051;0.0003322547607,biomass;glucose;product,run_3;run_1;run_2,0.041668,0,,,0.0002468964927,0.041668,0.0002331992946,0,
599,800,599,1,1797,0.0002466381322,0.0002865021411;0.0003050896614;0.0001483225943,0.0003318928193;0.000218133431;0.0001898881463,biomass;glucose;product,run_2;run_3;run_1,0.015596,0,,,0.0002466381322,0.015596,0.0002322312104,0,
600,800,600,1,1800,0.000246381032,0.0002862692558;0.0003047927345;0.0001480811058,0.0003315330046;0.0001897160078;0.0002178940836,biomass;glucose;product,run_2;run_1;run_3,0.025980,0,,,0.000246381032,0.025980,0.0002310020126,0,
601,800,601,1,1803,0.0002461251739,0.0002860369442;0.0003044961967;0.0001478423808,0.0002176592264;0.000331172028;0.0001895442674,biomass;glucose;product,run_3;run_2;run_1,0.038985,0,,,0.0002461251739,0.038985,0.0002298647975,0,
602,800,602,1,1806,0.0002458705394,0.0002858053869;0.0003041997097;0.0001476065215,0.0002174277902;0.0003308105284;0.0001893732996,biomass;glucose;product,run_3;run_2;run_1,0.035398,0,,,0.0002458705394,0.035398,0.000228807658,0,
603,800,603,1,1809,0.0002456171121,0.0002855754191;0.0003039021272;0.0001473737901,0.0002172039571;0.0003304435081;0.0001892038712,biomass;glucose;product,run_3;run_2;run_1,0.015373,0,,,0.0002456171121,0.015373,0.0002283542557,0,
604,800,604,1,1812,0.0002453648741,0.0002853466534;0.0003036045686;0.0001471434002,0.0002169836994;0.0001890365003;0.0003300744225,biomass;glucose;product,run_3;run_1;run_2,0.035981,0,,,0.0002453648741,0.035981,0.000228129318,0,
605,800,605,1,1815,0.0002451138083,0.000285118759;0.0003033079918;0.0001469146741,0.0003297053098;0.000188871548;0.0002167645671,biomass;glucose;product,run_2;run_1;run_3,0.014723,0,,,0.0002451138083,0.014723,0.0002278320618,0,
606,800,606,1,1818,0.0002448638999,0.0002848919306;0.0003030122683;0.0001466875008,0.0002165483068;0.0003293342064;0.0001887091865,biomass;glucose;product,run_3;run_2;run_1,0.022604,0,,,0.0002448638999,0.022604,0.0002275356757,0,
607,800,607,1,1821,0.0002446151359,0.0002846655289;0.0003027187479;0.0001464611308,0.0003289662559;0.0002163298019;0.0001885493499,biomass;glucose;product,run_2;run_3;run_1,0.025955,0,,,0.0002446151359,0.025955,0.0002267222492,0,
608,800,608,1,1824,0.0002443675099,0.0002844402736;0.000302426128;0.0001462361279,0.0002161132064;0.0003285974813;0.0001883918418,biomass;glucose;product,run_3;run_2;run_1,0.034907,0,,,0.0002443675099,0.034907,0.0002258246236,0,
609,800,609,1,1827,0.000244121018,0.0002842164469;0.0003021337911;0.000146012816,0.0002158989985;0.0001882362458;0.0003282278097,biomass;glucose;product,run_3;run_1;run_2,0.036901,0,,,0.000244121018,0.036901,0.0002249664949,0,
610,800,610,1,1830,0.0002438756574,0.0002839942633;0.0003018411389;0.0001457915698,0.0002156875847;0.0001880820002;0.0003278573872,biomass;glucose;product,run_3;run_1;run_2,0.033153,0,,,0.0002438756574,0.033153,0.0002242409917,0,
611,800,611,1,1833,0.0002436314256,0.0002837743757;0.0003015467377;0.0001455731632,0.0002154834596;0.0001879285131;0.000327482304,biomass;glucose;product,run_3;run_1;run_2,0.018530,0,,,0.0002436314256,0.018530,0.0002240515116,0,
612,800,612,1,1836,0.0002433883178,0.0002835558626;0.0003012524138;0.000145356677,0.0003271088395;0.0002152806477;0.0001877754662,biomass;glucose;product,run_2;run_3;run_1,0.041261,0,,,0.0002433883178,0.041261,0.0002238292048,0,
613,800,613,1,1839,0.00024314633,0.0002833389148;0.0003009578292;0.000145142246,0.0001876225045;0.0002150820592;0.0003267344263,biomass;glucose;product,run_1;run_3;run_2,0.041603,0,,,0.00024314633,0.041603,0.0002237484939,0,
614,800,614,1,1842,0.0002429054563,0.0002831224859;0.000300665043;0.0001449288401,0.0002148819239;0.0001874694072;0.000326365038,biomass;glucose;product,run_3;run_1;run_2,0.036302,0,,,0.0002429054563,0.036302,0.000223213987,0,
615,800,615,1,1845,0.0002426656777,0.0002829067706;0.000300373386;0.0001447168764,0.0002146831882;0.0003259981147;0.00018731573,biomass;glucose;product,run_3;run_2;run_1,0.025903,0,,,0.0002426656777,0.025903,0.0002224256236,0,
616,800,616,1,1848,0.000242427025,0.0002826918121;0.0003000827849;0.000144506478,0.0003256339239;0.0002144859358;0.0001871612152,biomass;glucose;product,run_2;run_3;run_1,0.022324,0,,,0.000242427025,0.022324,0.0002214280662,0,
617,800,617,1,1851,0.0002421894812,0.0002824776661;0.0002997929861;0.0001442977914,0.0001870057879;0.000325272106;0.0002142905497,biomass;glucose;product,run_1;run_2;run_3,0.016122,0,,,0.0002421894812,0.016122,0.0002203441466,0,
618,800,618,1,1854,0.0002419530742,0.0002822649327;0.000299502812;0.0001440914777,0.0003249084836;0.0001868495511;0.0002141011877,biomass;glucose;product,run_2;run_1;run_3,0.011308,0,,,0.0002419530742,0.011308,0.0002196093965,0,
619,800,619,1,1857,0.0002417177453,0.0002820526784;0.0002992142978;0.0001438862598,0.0003245488306;0.0002139116433;0.0001866927621,biomass;glucose;product,run_2;run_3;run_1,0.018583,0,,,0.0002417177453,0.018583,0.0002187207887,0,
620,800,620,1,1860,0.0002414835217,0.0002818418093;0.0002989255514;0.0001436832045,0.000324185396;0.000213729702;0.0001865354673,biomass;glucose;product,run_2;run_3;run_1,0.012132,0,,,0.0002414835217,0.012132,0.0002182625106,0,
621,800,621,1,1863,0.0002412503991,0.0002816301338;0.0002986411866;0.0001434798769,0.0002135417958;0.0003238310034;0.000186378398,biomass;glucose;product,run_3;run_2;run_1,0.046624,0,,,0.0002412503991,0.046624,0.0002170233115,0,
622,800,622,1,1866,0.0002410183776,0.0002814201966;0.0002983558973;0.0001432790388,0.0002133658807;0.0003234680288;0.0001862212232,biomass;glucose;product,run_3;run_2;run_1,0.028192,0,,,0.0002410183776,0.028192,0.0002164698604,0,
623,800,623,1,1869,0.0002407874517,0.0002812078319;0.0002980786309;0.0001430758924,0.0003231235485;0.0001860654075;0.0002131733993,biomass;glucose;product,run_2;run_1;run_3,0.019903,0,,,0.0002407874517,0.019903,0.0002143193213,0,
624,800,624,1,1872,0.0002405576262,0.0002810003135;0.000297793997;0.000142878568,0.0003227514064;0.0001859094054;0.0002130120666,biomass;glucose;product,run_2;run_1;run_3,0.039297,0,,,0.0002405576262,0.039297,0.0002145672822,0,
625,800,625,1,1875,0.0002403288903,0.0002807860791;0.0002975267587;0.000142673833,0.0003224262896;0.0001857566791;0.0002128037021,biomass;glucose;product,run_2;run_1;run_3,0.016516,0,,,0.0002403288903,0.016516,0.0002110094761,0,
626,800,626,1,1878,0.0002401012674,0.0002805861759;0.0002972318608;0.0001424857655,0.000322014831;0.0001856016422;0.0002126873291,biomass;glucose;product,run_2;run_1;run_3,0.023525,0,,,0.0002401012674,0.023525,0.0002148958602,0,
627,800,627,1,1881,0.0002398772881,0.0002803618958;0.0002969968533;0.0001422731153,0.0003217689759;0.0002124074914;0.000185455397,biomass;glucose;product,run_2;run_3;run_1,0.033033,0,,,0.0002398772881,0.033033,0.0002062340503,0,
628,800,628,1,1884,0.0002396521061,0.0002801865594;0.0002966550726;0.0001421146862,0.000212445934;0.0001852967436;0.0003212136405,biomass;glucose;product,run_3;run_1;run_2,0.037089,0,,,0.0002396521061,0.037089,0.0002242850656,0,
629,800,629,1,1887,0.0002394288993,0.0002799155126;0.0002965244759;0.0001418467096,0.0002118605362;0.0003212577479;0.0001851684139,biomass;glucose;product,run_3;run_2;run_1,0.051214,0,,,0.0002394288993,0.051214,0.000203080841,0,
630,800,630,1,1890,0.0002392107882,0.0002798395296;0.0002959805071;0.0001418123279,0.0003201191989;0.0002125244991;0.0001849886665,biomass;glucose;product,run_2;run_3;run_1,0.028981,0,,,0.0002392107882,0.028981,0.0002964047394,0,
631,800,631,1,1893,0.0002390084757,0.0002793796218;0.0002962898322;0.0001413559733,0.0002107077819;0.0003213908194;0.0001849268259,biomass;glucose;product,run_3;run_2;run_1,0.031085,0,,,0.0002390084757,0.031085,0.0003381308176,0,
632,800,632,1,1896,0.0002388377644,0.0002796354714;0.0002951211206;0.0001417567011,0.0003184147695;0.0002133767563;0.0001847217674,biomass;glucose;product,run_2;run_3;run_1,0.041670,0,,,0.0002388377644,0.041670,0.0006351303055,0,
633,800,633,1,1899,0.0002386724803,0.0002788658169;0.0002960921751;0.000141059449,0.0001846381193;0.0003218082681;0.0002095710537,biomass;glucose;product,run_1;run_2;run_3,0.028407,0,,,0.0002386724803,0.028407,0.0007318792163,0,
634,800,634,1,1902,0.0002384060668,0.000279103616;0.0002950147498;0.0001410998346,0.0002121810414;0.0001845724085;0.0003184647506,biomass;glucose;product,run_3;run_1;run_2,0.045999,0,,,0.0002384060668,0.045999,0.0006337143148,0,
635,800,635,1,1905,0.0002381116567,0.000278629306;0.0002950174547;0.0001406882093,0.0003193224785;0.0002107547246;0.0001842577668,biomass;glucose;product,run_2;run_3;run_1,0.014185,0,,,0.0002381116567,0.014185,0.0002158686926,0,
636,800,636,1,1908,0.0002379223521,0.0002784233126;0.0002947289905;0.0001406147531,0.0003192018688;0.0002105118535;0.0001840533339,biomass;glucose;product,run_2;run_3;run_1,0.010588,0,,,0.0002379223521,0.010588,0.0003834042381,0,
637,800,637,1,1911,0.0002377590767,0.0002786069131;0.0002939291801;0.0001407411369,0.0001840572648;0.0003169176906;0.0002123022747,biomass;glucose;product,run_1;run_2;run_3,0.030889,0,,,0.0002377590767,0.030889,0.0006634343301,0,
638,800,638,1,1914,0.000237513482,0.0002779187027;0.0002944744133;0.0001401473302,0.0002095048196;0.0003191991825;0.000183836444,biomass;glucose;product,run_3;run_2;run_1,0.021077,0,,,0.000237513482,0.021077,0.0004615143591,0,
639,800,639,1,1917,0.0002372537811,0.0002778296682;0.000294032092;0.000139899583,0.0002100370914;0.0003179743795;0.0001837498723,biomass;glucose;product,run_3;run_2;run_1,0.015815,0,,,0.0002372537811,0.015815,0.0001909347276,0,
640,800,640,1,1920,0.0002370694563,0.0002777897486;0.0002934649966;0.0001399536237,0.0002108248042;0.0001836023182;0.0003167812465,biomass;glucose;product,run_3;run_1;run_2,0.021397,0,,,0.0002370694563,0.021397,0.0004159204864,0,
641,800,641,1,1923,0.0002368873636,0.0002773859302;0.0002935208721;0.0001397552884,0.0003179656377;0.0001833133789;0.0002093830741,biomass;glucose;product,run_2;run_1;run_3,0.046032,0,,,0.0002368873636,0.046032,0.0005147646593,0,
642,800,642,1,1926,0.0002366404581,0.0002774096371;0.0002928474368;0.0001396643006,0.0001832854038;0.00031600176;0.0002106342107,biomass;glucose;product,run_1;run_2;run_3,0.019636,0,,,0.0002366404581,0.019636,0.0003741628095,0,
643,800,643,1,1929,0.0002364119632,0.0002770910966;0.0002928405039;0.0001393042892,0.0002097114602;0.0003163500644;0.0001831743651,biomass;glucose;product,run_3;run_2;run_1,0.028450,0,,,0.0002364119632,0.028450,0.0002094134302,0,
644,800,644,1,1932,0.0002362334928,0.0002767466637;0.000292877594;0.0001390762207,0.0003170155139;0.0002086485781;0.0001830363865,biomass;glucose;product,run_2;run_3;run_1,0.051615,0,,,0.0002362334928,0.051615,0.0003760469204,0,
645,800,645,1,1935,0.0002360292018,0.0002768560904;0.0002921446091;0.0001390869058,0.0002101170183;0.0003149840551;0.0001829865319,biomass;glucose;product,run_3;run_2;run_1,0.049072,0,,,0.0002360292018,0.049072,0.0004524021978,0,
646,800,646,1,1938,0.0002357954432,0.0002764710125;0.0002920870409;0.0001388282763,0.0001827400668;0.0003155058163;0.0002091404464,biomass;glucose;product,run_1;run_2;run_3,0.033381,0,,,0.0002357954432,0.033381,0.0002382153321,0,
647,800,647,1,1941,0.0002355894043,0.0002762692011;0.0002918632443;0.0001386357674,0.0002089810534;0.0001826229212;0.0003151642383,biomass;glucose;product,run_3;run_1;run_2,0.026821,0,,,0.0002355894043,0.026821,0.0002306948006,0,
648,800,648,1,1944,0.0002354041298,0.0002762117275;0.0002914893617;0.0001385113001,0.000209506177;0.0003140873892;0.0001826188231,biomass;glucose;product,run_3;run_2;run_1,0.040341,0,,,0.0002354041298,0.040341,0.0003907750826,0,
649,800,649,1,1947,0.0002351950774,0.0002757749647;0.0002916591715;0.000138151096,0.0002080236442;0.0003151250515;0.0001824365365,biomass;glucose;product,run_3;run_2;run_1,0.029791,0,,,0.0002351950774,0.029791,0.0003168290471,0,
650,800,650,1,1950,0.0002349739071,0.0002757208696;0.0002911517348;0.0001380491168,0.0001823409149;0.0003139138884;0.0002086669179,biomass;glucose;product,run_1;run_2;run_3,0.039008,0,,,0.0002349739071,0.039008,0.0002054713831,0,
651,800,651,1,1953,0.0002347779465,0.0002756177748;0.0002907211717;0.0001379948932,0.0002090121174;0.0001821985266;0.0003131231955,biomass;glucose;product,run_3;run_1;run_2,0.033490,0,,,0.0002347779465,0.033490,0.0002871313636,0,
652,800,652,1,1956,0.0002345885255,0.0002752734392;0.0002907168271;0.0001377753102,0.0002080566263;0.000313712481;0.0001819964691,biomass;glucose;product,run_3;run_2;run_1,0.027803,0,,,0.0002345885255,0.027803,0.0003234036859,0,
653,800,653,1,1959,0.0002343790263,0.0002752118759;0.0002903050065;0.0001376201966,0.0003125576945;0.0002086225749;0.0001819568096,biomass;glucose;product,run_2;run_3;run_1,0.026468,0,,,0.0002343790263,0.026468,0.0002997280603,0,
654,800,654,1,1962,0.0002341694917,0.0002748909628;0.0002902873251;0.0001373301872,0.0003128732993;0.0001818040487;0.0002078311272,biomass;glucose;product,run_2;run_1;run_3,0.014013,0,,,0.0002341694917,0.014013,0.0001733866189,0,
655,800,655,1,1965,0.0002339765134,0.0002746625622;0.0002900930652;0.0001371739128,0.0002074936702;0.0001816388133;0.0003127970568,biomass;glucose;product,run_3;run_1;run_2,0.023640,0,,,0.0002339765134,0.023640,0.0002291707059,0,
656,800,656,1,1968,0.0002337847043,0.0002746627046;0.0002895134162;0.000137177992,0.0003114514109;0.0001815412128;0.0002083614892,biomass;glucose;product,run_2;run_1;run_3,0.022617,0,,,0.0002337847043,0.022617,0.0003215916101,0,
657,800,657,1,1971,0.0002335806975,0.0002743305518;0.000289477115;0.0001369344257,0.0002074935216;0.0003119037994;0.0001813447714,biomass;glucose;product,run_3;run_2;run_1,0.021603,0,,,0.0002335806975,0.021603,0.0002363592204,0,
658,800,658,1,1974,0.0002333776083,0.0002741719878;0.00028921434;0.0001367464972,0.000311353247;0.0001812584639;0.0002075211141,biomass;glucose;product,run_2;run_1;run_3,0.025047,0,,,0.0002333776083,0.025047,0.0001865574342,0,
659,800,659,1,1977,0.000233186433,0.0002740135243;0.0002889689089;0.0001365768657,0.0001811704562;0.0003108657069;0.0002075231358,biomass;glucose;product,run_1;run_2;run_3,0.044424,0,,,0.000233186433,0.044424,0.0002417047584,0,
660,800,660,1,1980,0.0002329951383,0.0002737003988;0.0002889221654;0.0001363628507,0.0003112153102;0.0002067778448;0.0001809922599,biomass;glucose;product,run_2;run_3;run_1,0.027021,0,,,0.0002329951383,0.027021,0.0002485513551,0,
661,800,661,1,1983,0.0002327962644,0.0002736539029;0.0002884278519;0.0001363070384,0.0003100608179;0.000207428558;0.0001808994173,biomass;glucose;product,run_2;run_3;run_1,0.042806,0,,,0.0002327962644,0.042806,0.0002426531368,0,
662,800,662,1,1986,0.0002325981999,0.0002734057237;0.0002882858729;0.0001361030032,0.0002070037431;0.000180756462;0.0003100343947,biomass;glucose;product,run_3;run_1;run_2,0.023956,0,,,0.0002325981999,0.023956,0.0001837044438,0,
663,800,663,1,1989,0.0002324075664,0.0002731629676;0.0002881756777;0.0001358840539,0.0002065632701;0.000180644585;0.0003100148441,biomass;glucose;product,run_3;run_1;run_2,0.041327,0,,,0.0002324075664,0.041327,0.0001975017475,0,
664,800,664,1,1992,0.0002322185537,0.0002730736805;0.0002878171822;0.0001357647983,0.0003091821138;0.0001805822858;0.0002068912614,biomass;glucose;product,run_2;run_1;run_3,0.031997,0,,,0.0002322185537,0.031997,0.0002531622988,0,
665,800,665,1,1995,0.0002320245658,0.0002727815191;0.0002877386351;0.000135553543,0.0003094143471;0.0002062416352;0.000180417715,biomass;glucose;product,run_2;run_3;run_1,0.031567,0,,,0.0002320245658,0.031567,0.0002060979114,0,
666,800,666,1,1998,0.0002318302349,0.000272674601;0.0002873581643;0.0001354579395,0.000206526518;0.000180311288;0.0003086528987,biomass;glucose;product,run_3;run_1;run_2,0.021164,0,,,0.0002318302349,0.021164,0.0001922034972,0,
667,800,667,1,2001,0.0002316406944,0.0002724976389;0.0002871211694;0.0001353032751,0.0003082830072;0.0001802012015;0.0002064378747,biomass;glucose;product,run_2;run_1;run_3,0.024887,0,,,0.0002316406944,0.024887,0.0002015461924,0,
668,800,668,1,2004,0.0002314536584,0.0002722163423;0.00028707816;0.0001350664729,0.000205799505;0.0001800696909;0.0003084917793,biomass;glucose;product,run_3;run_1;run_2,0.026709,0,,,0.0002314536584,0.026709,0.0002046411759,0,
669,800,669,1,2007,0.000231264492,0.0002721262428;0.0002867071009;0.0001349601324,0.0001799950863;0.0002061268309;0.0003076715588,biomass;glucose;product,run_1;run_3;run_2,0.034719,0,,,0.000231264492,0.034719,0.0002215784982,0,
670,800,670,1,2010,0.0002310736857,0.000271883903;0.0002865579819;0.0001347791722,0.0001798445852;0.0003076782403;0.0002056982317,biomass;glucose;product,run_1;run_2;run_3,0.040965,0,,,0.0002310736857,0.040965,0.0001806868159,0,
671,800,671,1,2013,0.0002308854877,0.000271733625;0.0002862645476;0.0001346582904,0.0003072061158;0.0002057228208;0.0001797275265,biomass;glucose;product,run_2;run_3;run_1,0.028591,0,,,0.0002308854877,0.028591,0.0001815615566,0,
672,800,672,1,2016,0.0002306997614,0.0002715899872;0.0002859882805;0.0001345210164,0.0001796333489;0.0002057720668;0.0003066938684,biomass;glucose;product,run_1;run_3;run_2,0.032186,0,,,0.0002306997614,0.032186,0.0002090821993,0,
673,800,673,1,2019,0.0002305144858,0.0002713089066;0.0002859477359;0.0001342868148,0.0003068952343;0.0002051489021;0.0001794993208,biomass;glucose;product,run_2;run_3;run_1,0.019362,0,,,0.0002305144858,0.019362,0.0001939251635,0,
674,800,674,1,2022,0.0002303278322,0.0002712046262;0.0002855987817;0.0001341800887,0.0002054094311;0.0003061627998;0.0001794112657,biomass;glucose;product,run_3;run_2;run_1,0.033074,0,,,0.0002303278322,0.033074,0.0001994999771,0,
675,800,675,1,2025,0.0002301414965,0.0002709892798;0.0002854194767;0.000134015733,0.0003060284389;0.0002051235094;0.0001792725413,biomass;glucose;product,run_2;run_3;run_1,0.035576,0,,,0.0002301414965,0.035576,0.0001751725686,0,
676,800,676,1,2028,0.0002299573659,0.0002708115113;0.0002851917124;0.0001338688741,0.000205008991;0.0003057075074;0.0001791555994,biomass;glucose;product,run_3;run_2;run_1,0.014758,0,,,0.0002299573659,0.014758,0.0001775204211,0,
677,800,677,1,2031,0.0002297747394,0.0002706703015;0.0002849241536;0.0001337297631,0.000305195786;0.0002050614347;0.0001790669976,biomass;glucose;product,run_2;run_3;run_1,0.046674,0,,,0.0002297747394,0.046674,0.0001990780278,0,
678,800,678,1,2034,0.0002295921201,0.0002704101101;0.0002848524269;0.0001335138234,0.0002045408678;0.0003052995257;0.0001789359669,biomass;glucose;product,run_3;run_2;run_1,0.017907,0,,,0.0002295921201,0.017907,0.0001833970224,0,
679,800,679,1,2037,0.0002294089753,0.0002703024266;0.0002845094455;0.0001334150537,0.0001788409856;0.0003046176637;0.0002047682765,biomass;glucose;product,run_1;run_2;run_3,0.025122,0,,,0.0002294089753,0.025122,0.0001916582929,0,
680,800,680,1,2040,0.0002292264696,0.000270094449;0.0002843309899;0.0001332539698,0.0001787092829;0.0002045146902;0.0003044554355,biomass;glucose;product,run_1;run_3;run_2,0.016626,0,,,0.0002292264696,0.016626,0.0001745614469,0,
681,800,681,1,2043,0.0002290454237,0.0002699088191;0.0002841320081;0.0001330954438,0.0001785972121;0.0002043592004;0.0003041798585,biomass;glucose;product,run_1;run_3;run_2,0.009184,0,,,0.0002290454237,0.009184,0.0001728849508,0,
682,800,682,1,2046,0.0002288655835,0.0002697574634;0.0002838854984;0.0001329537888,0.0003037338395;0.0002043588095;0.0001785041016,biomass;glucose;product,run_2;run_3;run_1,0.015601,0,,,0.0002288655835,0.015601,0.0001856477143,0,
683,800,683,1,2049,0.0002286860518,0.0002695227249;0.0002837711461;0.0001327642845,0.0003037281215;0.0002039547285;0.0001783753054,biomass;glucose;product,run_2;run_3;run_1,0.013919,0,,,0.0002286860518,0.013919,0.0001767679475,0,
684,800,684,1,2052,0.0002285065155,0.0002694155494;0.0002834308952;0.0001326731018,0.0002041611108;0.0003030782678;0.0001782801677,biomass;glucose;product,run_3;run_2;run_1,0.026101,0,,,0.0002285065155,0.026101,0.000188803479,0,
685,800,685,1,2055,0.0002283273733,0.0002692009612;0.0002832805742;0.0001325005844,0.0002038567263;0.0001781565327;0.0003029688608,biomass;glucose;product,run_3;run_1;run_2,0.036991,0,,,0.0002283273733,0.036991,0.0001729850818,0,
686,800,686,1,2058,0.0002281491863,0.0002690281914;0.0002830724468;0.0001323469208,0.0001780562785;0.0003026418654;0.000203749415,biomass;glucose;product,run_1;run_2;run_3,0.067033,0,,,0.0002281491863,0.067033,0.0001701536768,0,
687,800,687,1,2061,0.000227972054,0.0002688631784;0.0002828504424;0.0001322025412,0.0001779569843;0.000302282036;0.0002036771417,biomass;glucose;product,run_1;run_2;run_3,0.024323,0,,,0.000227972054,0.024323,0.0001746716344,0,
688,800,688,1,2064,0.000227795588,0.0002686553157;0.0002826933965;0.000132038052,0.0001778360409;0.0003021511787;0.0002033995445,biomass;glucose;product,run_1;run_2;run_3,0.053003,0,,,0.000227795588,0.053003,0.0001719973357,0,
689,800,689,1,2067,0.0002276195209,0.0002685372808;0.0002823838899;0.000131937392,0.0002035404543;0.0001777451902;0.0003015729182,biomass;glucose;product,run_3;run_1;run_2,0.041626,0,,,0.0002276195209,0.041626,0.0001849089694,0,
690,800,690,1,2070,0.0002274437027,0.0002683118314;0.0002822702539;0.0001317490226,0.0002031734634;0.0003015286206;0.000177629024,biomass;glucose;product,run_3;run_2;run_1,0.017041,0,,,0.0002274437027,0.017041,0.000170889681,0,
691,800,691,1,2073,0.0002272684383,0.0002681660089;0.000282022234;0.0001316170718,0.000203177713;0.0003010881313;0.0001775394705,biomass;glucose;product,run_3;run_2;run_1,0.043084,0,,,0.0002272684383,0.043084,0.0001723415955,0,
692,800,692,1,2076,0.0002270938946,0.0002679822174;0.0002818326959;0.0001314667706,0.0002030062674;0.000177430936;0.0003008444805,biomass;glucose;product,run_3;run_1;run_2,0.032971,0,,,0.0002270938946,0.032971,0.0001678897047,0,
693,800,693,1,2079,0.0002269201711,0.0002678079556;0.0002816255294;0.0001313270285,0.0001773228742;0.000202878093;0.0003005595462,biomass;glucose;product,run_1;run_3;run_2,0.021666,0,,,0.0002269201711,0.021666,0.0001684604087,0,
694,800,694,1,2082,0.0002267471343,0.0002676595377;0.0002813822661;0.000131199599,0.0003001463299;0.0001772291458;0.0002028659272,biomass;glucose;product,run_2;run_1;run_3,0.036477,0,,,0.0002267471343,0.036477,0.0001748938381,0,
695,800,695,1,2085,0.000226574619,0.0002674445406;0.0002812598829;0.0001310194335,0.0001771174792;0.000202542999;0.0003000633788,biomass;glucose;product,run_1;run_3;run_2,0.041628,0,,,0.000226574619,0.041628,0.0001673777656,0,
696,800,696,1,2088,0.0002264025702,0.0002673172276;0.0002809797551;0.000130910728,0.0002026199251;0.0002995594251;0.0001770283605,biomass;glucose;product,run_3;run_2;run_1,0.024161,0,,,0.0002264025702,0.024161,0.0001754127688,0,
697,800,697,1,2091,0.000226230969,0.0002671146873;0.0002808282376;0.000130749982,0.0001769124804;0.0002994290071;0.0002023514194,biomass;glucose;product,run_1;run_2;run_3,0.040954,0,,,0.000226230969,0.040954,0.0001677940171,0,
698,800,698,1,2094,0.000226059927,0.0002669743021;0.0002805744863;0.0001306309925,0.0001768202832;0.0002989933915;0.0002023661062,biomass;glucose;product,run_1;run_2;run_3,0.015154,0,,,0.000226059927,0.015154,0.0001712109595,0,
699,800,699,1,2097,0.0002258894849,0.0002667817009;0.0002804176799;0.0001304690737,0.0001767154858;0.000202144351;0.0002988086177,biomass;glucose;product,run_1;run_3;run_2,0.029657,0,,,0.0002258894849,0.029657,0.0001645400319,0,
700,800,700,1,2100,0.0002257196998,0.000266615625;0.0002802118094;0.000130331665,0.0002020419118;0.0001766157317;0.0002985014559,biomass;glucose;product,run_3;run_1;run_2,0.028141,0,,,0.0002257196998,0.028141,0.0001643699692,0,
701,800,701,1,2103,0.0002255505516,0.0002664612834;0.0002799832332;0.0001302071382,0.0001765170373;0.0002981448343;0.0002019897832,biomass;glucose;product,run_1;run_2;run_3,0.022298,0,,,0.0002255505516,0.022298,0.0001675779648,0,
702,800,702,1,2106,0.0002253819862,0.0002662732871;0.0002798194385;0.000130053233,0.0002979506261;0.0001764115914;0.0002017837411,biomass;glucose;product,run_2;run_1;run_3,0.024509,0,,,0.0002253819862,0.024509,0.0001648597599,0,
703,800,703,1,2109,0.0002252139872,0.0002661301517;0.0002795819193;0.0001299298904,0.0001763238628;0.0002017769512;0.0002975411475,biomass;glucose;product,run_1;run_3;run_2,0.034482,0,,,0.0002252139872,0.034482,0.0001695069065,0,
704,800,704,1,2112,0.000225046502,0.0002659287818;0.0002794456424;0.000129765082,0.0001762159633;0.0002974136739;0.000201509869,biomass;glucose;product,run_1;run_2;run_3,0.028829,0,,,0.000225046502,0.028829,0.00016388149,0,
705,800,705,1,2115,0.0002248795633,0.0002658019929;0.0002791753115;0.0001296613855,0.0002015735408;0.0001761286456;0.0002969365035,biomass;glucose;product,run_3;run_1;run_2,0.044267,0,,,0.0002248795633,0.044267,0.0001708491823,0,
706,800,706,1,2118,0.0002247131257,0.0002655993552;0.0002790435432;0.0001294964786,0.0002968182269;0.0002013005943;0.0001760205559,biomass;glucose;product,run_2;run_3;run_1,0.028322,0,,,0.0002247131257,0.028322,0.0001642106331,0,
707,800,707,1,2121,0.0002245472437,0.0002654640325;0.0002787967268;0.0001293809718,0.0002013227551;0.0002963827072;0.0001759362688,biomass;glucose;product,run_3;run_2;run_1,0.028797,0,,,0.0002245472437,0.028797,0.0001680062668,0,
708,800,708,1,2124,0.000224381885,0.0002652666104;0.0002786594065;0.000129219638,0.0002010683081;0.0002962463251;0.0001758310217,biomass;glucose;product,run_3;run_2;run_1,0.041526,0,,,0.000224381885,0.041526,0.0001620246844,0,
709,800,709,1,2127,0.000224217098,0.0002651342413;0.0002784049119;0.0001291121407,0.0002958113656;0.0002010958286;0.0001757440997,biomass;glucose;product,run_2;run_3;run_1,0.028422,0,,,0.000224217098,0.028422,0.000166670418,0,
710,800,710,1,2130,0.0002240528407,0.0002649446642;0.000278256281;0.0001289575769,0.0002008718573;0.0002956448892;0.0001756417755,biomass;glucose;product,run_3;run_2;run_1,0.017466,0,,,0.0002240528407,0.017466,0.0001619535504,0,
711,800,711,1,2133,0.0002238891482,0.0002648005903;0.0002780299805;0.0001288368738,0.0002008448331;0.0001755556507;0.0002952669607,biomass;glucose;product,run_3;run_1;run_2,0.046379,0,,,0.0002238891482,0.046379,0.0001640899692,0,
712,800,712,1,2136,0.0002237259888,0.0002646168777;0.0002778734904;0.0001286875982,0.0002950777695;0.0001754555325;0.0002006446643,biomass;glucose;product,run_2;run_1;run_3,0.035899,0,,,0.0002237259888,0.035899,0.0001603924302,0,
713,800,713,1,2139,0.0002235633906,0.0002644757224;0.0002776403593;0.0001285740901,0.0001753674856;0.0002006261134;0.0002946965728,biomass;glucose;product,run_1;run_3;run_2,0.067414,0,,,0.0002235633906,0.067414,0.0001633886522,0,
714,800,714,1,2142,0.0002234013179,0.000264294628;0.0002774827312;0.0001284265944,0.0001752693912;0.0002004336258;0.0002945009365,biomass;glucose;product,run_1;run_3;run_2,0.046787,0,,,0.0002234013179,0.046787,0.0001602463904,0,
715,800,715,1,2145,0.000223239799,0.0002641493;0.0002772638085;0.0001283062885,0.0001751840914;0.0002941427641;0.0002003925415,biomass;glucose;product,run_1;run_2;run_3,0.046713,0,,,0.000223239799,0.046713,0.0001621218492,0,
716,800,716,1,2148,0.000223078807,0.0002639685105;0.0002771078739;0.0001281600368,0.0001750862645;0.0002939520748;0.0002001980819,biomass;glucose;product,run_1;run_2;run_3,0.043092,0,,,0.000223078807,0.043092,0.0001593598545,0,
717,800,717,1,2151,0.0002229183783,0.0002638333258;0.000276870316;0.0001280514929,0.0002001964199;0.0002935564306;0.0001750022843,biomass;glucose;product,run_3;run_2;run_1,0.042503,0,,,0.0002229183783,0.042503,0.0001632501208,0,
718,800,718,1,2154,0.0002227584793,0.000263643182;0.0002767353078;0.0001278969483,0.0002934108036;0.0001999614761;0.0001749031583,biomass;glucose;product,run_2;run_3;run_1,0.032446,0,,,0.0002227584793,0.032446,0.0001595610249,0,
719,800,719,1,2157,0.0002225991867,0.0002635173484;0.0002764862067;0.0001277940049,0.0001999968588;0.0002929756564;0.000174825045,biomass;glucose;product,run_3;run_2;run_1,0.023765,0,,,0.0002225991867,0.023765,0.0001649042337,0,
720,800,720,1,2160,0.0002224404742,0.0002633122002;0.0002763799314;0.000127629291,0.000199695847;0.0001747203792;0.0002929051963,biomass;glucose;product,run_3;run_1;run_2,0.023709,0,,,0.0002224404742,0.023709,0.0001617277139,0,
721,800,721,1,2163,0.0002222825046,0.0002632182349;0.0002760744445;0.0001275548344,0.0001746514921;0.0001998585408;0.000292337481,biomass;glucose;product,run_1;run_3;run_2,0.033319,0,,,0.0002222825046,0.033319,0.0001745165246,0,
722,800,722,1,2166,0.00022212536,0.0002629714677;0.0002760495647;0.0001273550475,0.0001745359066;0.0001993809532;0.0002924592201,biomass;glucose;product,run_1;run_3;run_2,0.019862,0,,,0.00022212536,0.019862,0.0001741025395,0,
723,800,723,1,2169,0.0002219695958,0.0002629361949;0.0002756443198;0.0001273282727,0.0001997797506;0.000174488031;0.0002916410058,biomass;glucose;product,run_3;run_1;run_2,0.026322,0,,,0.0002219695958,0.026322,0.0002050666227,0,
724,800,724,1,2172,0.0002218158768,0.000262609468;0.0002757698012;0.0001270683612,0.0001743452236;0.0002921376971;0.0001989647097,biomass;glucose;product,run_1;run_2;run_3,0.026584,0,,,0.0002218158768,0.026584,0.0002248452196,0,
725,800,725,1,2175,0.0002216662089,0.000262707182;0.0002751368043;0.0001271546404,0.0001998928252;0.0001743425567;0.0002907632447,biomass;glucose;product,run_3;run_1;run_2,0.033306,0,,,0.0002216662089,0.033306,0.0003008172639,0,
726,800,726,1,2178,0.0002215236676,0.0002622098124;0.0002755954206;0.0001267657697,0.0001983492523;0.000174143816;0.0002920779343,biomass;glucose;product,run_3;run_1;run_2,0.031080,0,,,0.0002215236676,0.031080,0.0003763558821,0,
727,800,727,1,2181,0.0002213928032,0.0002625636825;0.0002745489615;0.0001270657657,0.0002002738677;0.0002896643023;0.0001742402397,biomass;glucose;product,run_3;run_2;run_1,0.030789,0,,,0.0002213928032,0.030789,0.000522317933,0,
728,800,728,1,2184,0.0002212762844,0.0002618206617;0.0002754751031;0.0001265330885,0.0002922406292;0.0001976559173;0.0001739323068,biomass;glucose;product,run_2;run_3;run_1,0.026057,0,,,0.0002212762844,0.026057,0.0006596706723,0,
729,800,729,1,2187,0.0002211602515,0.0002624295648;0.0002740600183;0.0001269911714,0.0002005938932;0.0001741765776;0.0002887102837,biomass;glucose;product,run_3;run_1;run_2,0.027287,0,,,0.0002211602515,0.027287,0.0007941255868,0,
730,800,730,1,2190,0.0002210226498,0.0002615583344;0.0002750714239;0.0001264381911,0.0002918317589;0.0001975062378;0.0001737299527,biomass;glucose;product,run_2;run_3;run_1,0.024927,0,,,0.0002210226498,0.024927,0.0008257561984,0,
731,800,731,1,2193,0.0002208353998,0.0002619990202;0.0002739037546;0.0001266034246,0.0001999681486;0.0001739944131;0.0002885436376,biomass;glucose;product,run_3;run_1;run_2,0.017400,0,,,0.0002208353998,0.017400,0.0007268325083,0,
732,800,732,1,2196,0.0002206235591,0.0002613102171;0.0002744223534;0.0001261381068,0.0001735942351;0.0001978356091;0.0002904408331,biomass;glucose;product,run_1;run_3;run_2,0.031483,0,,,0.0002206235591,0.031483,0.0004953834352,0,
733,800,733,1,2199,0.0002204292221,0.0002613680087;0.0002738407584;0.0001260788992,0.0001736433362;0.0001987194754;0.0002889248546,biomass;glucose;product,run_1;run_3;run_2,0.033994,0,,,0.0002204292221,0.033994,0.0002187443308,0,
734,800,734,1,2202,0.0002202790227,0.0002612141275;0.0002736674534;0.0001259554872,0.0002886510504;0.0001986191839;0.0001735668338,biomass;glucose;product,run_2;run_3;run_1,0.025352,0,,,0.0002202790227,0.025352,0.0002331632168,0,
735,800,735,1,2205,0.0002201607352,0.0002608449498;0.0002738741395;0.0001257631162,0.0001975520826;0.0002895817854;0.0001733483375,biomass;glucose;product,run_3;run_2;run_1,0.020663,0,,,0.0002201607352,0.020663,0.0004511704059,0,
736,800,736,1,2208,0.0002200401129,0.0002611291434;0.0002730837791;0.0001259074161,0.0002874692952;0.0001991316956;0.000173519348,biomass;glucose;product,run_2;run_3;run_1,0.023767,0,,,0.0002200401129,0.023767,0.0005787420703,0,
737,800,737,1,2211,0.0002198900016,0.0002605421126;0.0002735457377;0.0001255821544,0.0001972665494;0.0001731573591;0.0002892460962,biomass;glucose;product,run_3;run_1;run_2,0.015387,0,,,0.0002198900016,0.015387,0.0005734271621,0,
738,800,738,1,2214,0.0002197127622,0.0002607244938;0.0002728333402;0.0001255804527,0.0001986062593;0.0002872242076;0.0001733078198,biomass;glucose;product,run_3;run_2;run_1,0.012414,0,,,0.0002197127622,0.012414,0.0004404596919,0,
739,800,739,1,2217,0.0002195354169,0.0002603084326;0.0002729960581;0.0001253017599,0.000288032973;0.0001730624314;0.0001975108462,biomass;glucose;product,run_2;run_1;run_3,0.009820,0,,,0.0002195354169,0.009820,0.0002460170268,0,
740,800,740,1,2220,0.000219380465,0.0002602075799;0.0002727306768;0.0001252031382,0.0002874930919;0.0001730164249;0.0001976318781,biomass;glucose;product,run_2;run_1;run_3,0.016536,0,,,0.000219380465,0.016536,0.000161910999,0,
741,800,741,1,2223,0.0002192478028,0.0002601984116;0.0002723743609;0.0001251706359,0.0001980581926;0.000286657099;0.0001730281168,biomass;glucose;product,run_3;run_2;run_1,0.044881,0,,,0.0002192478028,0.044881,0.0003060628832,0,
742,800,742,1,2226,0.0002191194624,0.0002598070294;0.0002725875014;0.0001249638563,0.0002876172821;0.0001727903793;0.0001969507258,biomass;glucose;product,run_2;run_1;run_3,0.027615,0,,,0.0002191194624,0.027615,0.0004241905582,0,
743,800,743,1,2229,0.0002189780009,0.0002599723792;0.0002719665464;0.0001249950772,0.0001729273398;0.0002859029226;0.0001981037405,biomass;glucose;product,run_1;run_2;run_3,0.019166,0,,,0.0002189780009,0.019166,0.0004457625711,0,
744,800,744,1,2232,0.0002188206891,0.0002595200914;0.0002722102572;0.0001247317185,0.0001968304637;0.0001726454503;0.0002869861531,biomass;glucose;product,run_3;run_1;run_2,0.018884,0,,,0.0002188206891,0.018884,0.0003846847636,0,
745,800,745,1,2235,0.0002186583563,0.000259564679;0.0002717284097;0.0001246819801,0.0002857129343;0.0001975527743;0.0001727093602,biomass;glucose;product,run_2;run_3;run_1,0.015362,0,,,0.0002186583563,0.015362,0.0002564385676,0,
746,800,746,1,2238,0.00021850448,0.0002593118769;0.0002716937111;0.000124507852,0.0002858824849;0.0001970650087;0.0001725659465,biomass;glucose;product,run_2;run_3;run_1,0.022764,0,,,0.00021850448,0.022764,0.000154516361,0,
747,800,747,1,2241,0.0002183636352,0.0002591298607;0.0002715774951;0.0001243835498,0.0001724661343;0.0001968239196;0.0002858008516,biomass;glucose;product,run_1;run_3;run_2,0.013976,0,,,0.0002183636352,0.013976,0.0001997252185,0,
748,800,748,1,2244,0.0002182299199,0.0002591410733;0.0002711923773;0.0001243563091,0.0002848726074;0.0001973221888;0.0001724949635,biomass;glucose;product,run_2;run_3;run_1,0.025894,0,,,0.0002182299199,0.025894,0.0002915168597,0,
749,800,749,1,2247,0.000218093781,0.0002587878229;0.0002713278178;0.0001241657023,0.0001722714008;0.0002856103871;0.0001963995551,biomass;glucose;product,run_1;run_2;run_3,0.021523,0,,,0.000218093781,0.021523,0.0003476063729,0,
750,800,750,1,2250,0.000217949897,0.0002588711559;0.0002708230646;0.0001241554705,0.0002842808464;0.0001972112628;0.0001723575817,biomass;glucose;product,run_2;run_3;run_1,0.011891,0,,,0.000217949897,0.011891,0.0003343596721,0,
751,800,751,1,2253,0.0002177999402,0.000258511172;0.0002709483826;0.000123940266,0.0001962983728;0.0002849671025;0.0001721343453,biomass;glucose;product,run_3;run_2;run_1,0.016370,0,,,0.0002177999402,0.016370,0.0002825578964,0,
752,800,752,1,2256,0.0002176499001,0.000258495619;0.0002705759548;0.0001238781264,0.0002840606902;0.0001721546259;0.0001967343841,biomass;glucose;product,run_2;run_1;run_3,0.038290,0,,,0.0002176499001,0.038290,0.0001958078479,0,
753,800,753,1,2259,0.0002175048732,0.0002582925783;0.0002704819228;0.0001237401187,0.0001720403784;0.000284050091;0.0001964241503,biomass;glucose;product,run_1;run_2;run_3,0.047515,0,,,0.0002175048732,0.047515,0.0001490668973,0,
754,800,754,1,2262,0.0002173659564,0.0002581171572;0.0002703601428;0.0001236205692,0.0002839435768;0.0001962089306;0.0001719453617,biomass;glucose;product,run_2;run_3;run_1,0.012640,0,,,0.0002173659564,0.012640,0.0001784819815,0,
755,800,755,1,2265,0.0002172304367,0.0002580805986;0.0002700461023;0.0001235646091,0.0001719492557;0.0002832187857;0.0001965232687,biomass;glucose;product,run_1;run_2;run_3,0.019704,0,,,0.0002172304367,0.019704,0.0002285928845,0,
756,800,756,1,2268,0.0002170943664,0.0002577849492;0.0002701041149;0.0001233940352,0.0001717691845;0.0002836735189;0.0001958403959,biomass;glucose;product,run_1;run_2;run_3,0.028736,0,,,0.0002170943664,0.028736,0.0002719192073,0,
757,800,757,1,2271,0.000216955458,0.0002578152119;0.0002696851677;0.0001233659945,0.0001964197322;0.0001718221273;0.0002826245147,biomass;glucose;product,run_3;run_1;run_2,0.018172,0,,,0.000216955458,0.018172,0.0002682813102,0,
758,800,758,1,2274,0.0002168136989,0.0002575046969;0.0002697555383;0.0001231808614,0.0001716329021;0.00028311414;0.0001956940545,biomass;glucose;product,run_1;run_2;run_3,0.030275,0,,,0.0002168136989,0.030275,0.0002512173583,0,
759,800,759,1,2277,0.0002166710988,0.0002574861687;0.0002694042403;0.0001231228874,0.0002822688927;0.0001716552767;0.000196089127,biomass;glucose;product,run_2;run_1;run_3,0.030691,0,,,0.0002166710988,0.030691,0.0002008716328,0,
760,800,760,1,2280,0.0002165297616,0.0002572568017;0.0002693584846;0.0001229739984,0.0001956758183;0.0002823886293;0.0001715248371,biomass;glucose;product,run_3;run_2;run_1,0.031956,0,,,0.0002165297616,0.031956,0.0001646451195,0,
761,800,761,1,2283,0.0002163911076,0.0002571408369;0.0002691523245;0.0001228801612,0.0001956869387;0.0001714738142;0.0002820125698,biomass;glucose;product,run_3;run_1;run_2,0.015109,0,,,0.0002163911076,0.015109,0.0001459185465,0,
762,800,762,1,2286,0.0002162550029,0.0002570272897;0.0002689477561;0.0001227899631,0.0002816397919;0.0001714243724;0.0001957008446,biomass;glucose;product,run_2;run_1;run_3,0.020145,0,,,0.0002162550029,0.020145,0.0001586201367,0,
763,800,763,1,2289,0.0002161204052,0.0002568136689;0.0002688922756;0.0001226552712,0.0001953320923;0.0001713028994;0.0002817262239,biomass;glucose;product,run_3;run_1;run_2,0.049433,0,,,0.0002161204052,0.049433,0.0001923045374,0,
764,800,764,1,2292,0.0002159861504,0.0002567803983;0.0002685751196;0.0001226029334,0.0001713117278;0.0002810046659;0.0001956420574,biomass;glucose;product,run_1;run_2;run_3,0.031348,0,,,0.0002159861504,0.031348,0.0002062924406,0,
765,800,765,1,2295,0.0002158513101,0.0002565174696;0.0002685901965;0.0001224462643,0.0001950879531;0.0002813121129;0.0001711538644,biomass;glucose;product,run_3;run_2;run_1,0.042210,0,,,0.0002158513101,0.042210,0.0002253470972,0,
766,800,766,1,2298,0.0002157154364,0.0002565044194;0.0002682404663;0.0001224014234,0.0002804910407;0.0001954762631;0.0001711790055,biomass;glucose;product,run_2;run_3;run_1,0.030873,0,,,0.0002157154364,0.030873,0.0002121234476,0,
767,800,767,1,2301,0.0002155792712,0.0002562431578;0.0002682530616;0.0001222415941,0.0001949386014;0.0001710251217;0.0002807740904,biomass;glucose;product,run_3;run_1;run_2,0.032943,0,,,0.0002155792712,0.032943,0.0002059979711,0,
768,800,768,1,2304,0.0002154432375,0.0002561987526;0.000267950334;0.000122180626,0.0001952095118;0.0002800913831;0.0001710288177,biomass;glucose;product,run_3;run_2;run_1,0.048804,0,,,0.0002154432375,0.048804,0.0001766956587,0,
769,800,769,1,2307,0.0002153078662,0.0002559870508;0.000267891185;0.0001220453629,0.0001948565403;0.000170909454;0.0002801576043,biomass;glucose;product,run_3;run_1;run_2,0.044549,0,,,0.0002153078662,0.044549,0.0001642439228,0,
770,800,770,1,2310,0.000215173511,0.0002558892744;0.000267668765;0.0001219624935,0.000170873916;0.0001949237796;0.0002797228373,biomass;glucose;product,run_1;run_3;run_2,0.044235,0,,,0.000215173511,0.044235,0.0001457562467,0,
771,800,771,1,2313,0.0002150402377,0.0002557365713;0.0002675300633;0.0001218540786,0.000194784981;0.0001707989899;0.0002795367421,biomass;glucose;product,run_3;run_1;run_2,0.031367,0,,,0.0002150402377,0.031367,0.000142813591,0,
772,800,772,1,2316,0.0002149079444,0.0002555826159;0.0002673943131;0.0001217469043,0.0002793622393;0.0001946392933;0.0001707223006,biomass;glucose;product,run_2;run_3;run_1,0.046210,0,,,0.0002149079444,0.046210,0.000149035599,0,
773,800,773,1,2319,0.000214776433,0.0002554863507;0.000267174603;0.0001216683454,0.0001947031364;0.0002789392071;0.0001706869556,biomass;glucose;product,run_3;run_2;run_1,0.049124,0,,,0.000214776433,0.049124,0.0001534053813,0,
774,800,774,1,2322,0.000214645487,0.0002552892496;0.0002671041398;0.0001215430716,0.0001705779206;0.0001943977445;0.0002789607958,biomass;glucose;product,run_1;run_3;run_2,0.048586,0,,,0.000214645487,0.048586,0.0001708349686,0,
775,800,775,1,2325,0.0002145149601,0.0002552277331;0.0002668367588;0.0001214803882,0.0001945863341;0.0001705694941;0.0002783890519,biomass;glucose;product,run_3;run_1;run_2,0.045762,0,,,0.0002145149601,0.045762,0.0001711162671,0,
776,800,776,1,2328,0.0002143847439,0.000255003355;0.0002668086764;0.0001213422002,0.0002785330395;0.0001941806297;0.0001704405624,biomass;glucose;product,run_2;run_3;run_1,0.033177,0,,,0.0002143847439,0.033177,0.0001883888426,0,
777,800,777,1,2331,0.0002142548286,0.0002549642735;0.0002665081613;0.0001212920511,0.000277870683;0.0001944457833;0.0001704480197,biomass;glucose;product,run_2;run_3;run_1,0.033381,0,,,0.0002142548286,0.033381,0.0001824646949,0,
778,800,778,1,2334,0.000214125223,0.0002547274752;0.0002664997329;0.000121148461,0.0001703098276;0.0001939950029;0.0002780708386,biomass;glucose;product,run_1;run_3;run_2,0.039545,0,,,0.000214125223,0.039545,0.0001966779374,0,
779,800,779,1,2337,0.0002139959591,0.0002546954365;0.0002661918114;0.0001211006296,0.0001942825751;0.0001703242295;0.0002773810728,biomass;glucose;product,run_3;run_1;run_2,0.074409,0,,,0.0002139959591,0.074409,0.000186498965,0,
780,800,780,1,2340,0.0002138670947,0.0002544537743;0.0002661925125;0.0001209549973,0.0002776026939;0.0001701826934;0.0001938158968,biomass;glucose;product,run_2;run_1;run_3,0.037940,0,,,0.0002138670947,0.037940,0.0001996340666,0,
781,800,781,1,2343,0.0002137386662,0.0002544270688;0.0002658771312;0.0001209117987,0.0001941190976;0.0001702010429;0.0002768958582,biomass;glucose;product,run_3;run_1;run_2,0.029084,0,,,0.0002137386662,0.029084,0.0001878924254,0,
782,800,782,1,2346,0.0002136107378,0.0002541833284;0.0002658833577;0.0001207655274,0.0001700578323;0.0001936447226;0.0002771296586,biomass;glucose;product,run_1;run_3;run_2,0.026805,0,,,0.0002136107378,0.026805,0.0002022287472,0,
783,800,783,1,2349,0.0002134833366,0.0002541602474;0.0002655659363;0.0001207238262,0.0001700805559;0.0002764130074;0.0001939564466,biomass;glucose;product,run_1;run_2;run_3,0.029346,0,,,0.0002134833366,0.029346,0.0001911192178,0,
784,800,784,1,2352,0.0002133565412,0.0002539110763;0.0002655826556;0.0001205758918,0.0001934622922;0.0001699329738;0.0002766743576,biomass;glucose;product,run_3;run_1;run_2,0.012186,0,,,0.0002133565412,0.012186,0.0002092495197,0,
785,800,785,1,2355,0.0002132303873,0.0002539008676;0.000265247975;0.0001205423194,0.0001938137817;0.0001699651324;0.0002759122479,biomass;glucose;product,run_3;run_1;run_2,0.016993,0,,,0.0002132303873,0.016993,0.0002013451038,0,
786,800,786,1,2358,0.0002131050089,0.0002536373527;0.0002652888171;0.000120388857,0.0001932691365;0.0002762396209;0.0001698062694,biomass;glucose;product,run_3;run_2;run_1,0.044698,0,,,0.0002131050089,0.044698,0.0002262080576,0,
787,800,787,1,2361,0.0002129804938,0.0002536489956;0.0002649258758;0.00012036661,0.00016985615;0.000275392742;0.0001936925894,biomass;glucose;product,run_1;run_2;run_3,0.056975,0,,,0.0002129804938,0.056975,0.0002238945405,0,
788,800,788,1,2364,0.0002128571266,0.0002533585856;0.0002650102008;0.0001202025934,0.0002758451645;0.0001930509245;0.0001696752908,biomass;glucose;product,run_2;run_3;run_1,0.020735,0,,,0.0002128571266,0.020735,0.000260809062,0,
789,800,789,1,2367,0.0002127351393,0.0002534131289;0.0002645884076;0.0001202038815,0.0002748319738;0.0001936156902;0.000169757754,biomass;glucose;product,run_2;run_3;run_1,0.023296,0,,,0.0002127351393,0.023296,0.0002693061078,0,
790,800,790,1,2370,0.0002126151863,0.0002530747726;0.0002647496612;0.0001200211251,0.0002755057145;0.000192801816;0.0001695380283,biomass;glucose;product,run_2;run_3;run_1,0.055168,0,,,0.0002126151863,0.055168,0.0003246664977,0,
791,800,791,1,2373,0.0002124978287,0.0002531991339;0.0002642357976;0.0001200585544,0.0001935963304;0.0002742222072;0.0001696749484,biomass;glucose;product,run_3;run_2;run_1,0.036860,0,,,0.0002124978287,0.036860,0.0003519775719,0,
792,800,792,1,2376,0.0002123845686,0.0002527862587;0.0002645163225;0.0001198511247,0.0001693916255;0.0002752503373;0.000192511743,biomass;glucose;product,run_1;run_2;run_3,0.018402,0,,,0.0002123845686,0.018402,0.0004352542832,0,
793,800,793,1,2379,0.0002122764939,0.000253023217;0.000263857894;0.0001199483707,0.0001696169031;0.0002735389686;0.0001936736099,biomass;glucose;product,run_1;run_2;run_3,0.019821,0,,,0.0002122764939,0.019821,0.0004914468985,0,
794,800,794,1,2382,0.0002121766784,0.0002525034563;0.0002643124284;0.0001197141506,0.0002751047246;0.0001921895994;0.0001692357113,biomass;glucose;product,run_2;run_3;run_1,0.030134,0,,,0.0002121766784,0.030134,0.0006116652264,0,
795,800,795,1,2385,0.0002120858993,0.0002528996957;0.0002634665151;0.0001198914872,0.000193864781;0.000272800164;0.0001695927531,biomass;glucose;product,run_3;run_2;run_1,0.028787,0,,,0.0002120858993,0.028787,0.0007024057812,0,
796,800,796,1,2388,0.0002120084809,0.0002522538319;0.0002641196058;0.0001196520051,0.0001690774315;0.0001918904145;0.0002750575968,biomass;glucose;product,run_1;run_3;run_2,0.027037,0,,,0.0002120084809,0.027037,0.0008578290427,0,
797,800,797,1,2391,0.0002119393435,0.0002528273694;0.0002630924652;0.0001198981959,0.0001941412185;0.0002720765579;0.0001696002541,biomass;glucose;product,run_3;run_2;run_1,0.013199,0,,,0.0002119393435,0.013199,0.0009679507721,0,
798,800,798,1,2394,0.0002118799522,0.0002520659824;0.0002638868525;0.0001196870219,0.0001689331557;0.0002749926847;0.0001917140163,biomass;glucose;product,run_1;run_2;run_3,0.044903,0,,,0.0002118799522,0.044903,0.001124070048,0,
799,800,799,1,2397,0.0002118090603,0.0002527334681;0.0002627906079;0.000119903105,0.0001943264932;0.0001695971371;0.0002715035508,biomass;glucose;product,run_3;run_1;run_2,0.014940,0,,,0.0002118090603,0.014940,0.001196974271,0,
800,800,800,1,2400,0.0002117243691,0.0002518960999;0.0002635722346;0.0001197047729,0.0001916685034;0.0002746911173;0.0001688134866,biomass;glucose;product,run_3;run_2;run_1,0.029609,0,,,0.0002117243691,0.029609,0.001280275631,0,
