process,t,G,X,P
DoE1_R1,0.0,0.0129884492168867,27.450000000000085,0.0
DoE1_R1,0.0125125125125125,0.0037618806531766,27.506115465071463,0.0240616600232332
DoE1_R1,0.025025025025025,0.0037391546035016,27.55771267791036,0.0468867667162246
DoE1_R1,0.0375375375375375,0.0037616815318939,27.609198828196675,0.0698810753053816
DoE1_R1,0.05005005005005,0.0037843516770013,27.660625552265905,0.0928690219619762
DoE1_R1,0.0625625625625625,0.0038076534425389,27.71189287261526,0.1158408742293834
DoE1_R1,0.075075075075075,0.0038315137604082,27.763016216301303,0.1388016960772092
DoE1_R1,0.0875875875875876,0.0038553740782774,27.81413955998735,0.161762517925035
DoE1_R1,0.1001001001001001,0.0038792343961466,27.865262903673397,0.1847233397728608
DoE1_R1,0.1126126126126126,0.0039030947140158,27.91638624735944,0.2076841616206865
DoE1_R1,0.1251251251251251,0.0039273268980558,27.967431799920828,0.2305625749001612
DoE1_R1,0.1376376376376376,0.0039522225790141,28.01833855477609,0.2532939518653687
DoE1_R1,0.1501501501501501,0.0039774165047305,28.069182919457216,0.2759592353661586
DoE1_R1,0.1626626626626626,0.0040029086752048,28.11996489396421,0.2985584254025306
DoE1_R1,0.1751751751751752,0.0040286990904371,28.17068447829707,0.3210915219744849
DoE1_R1,0.1876876876876877,0.0040548265308798,28.221356157712016,0.3435691065356547
DoE1_R1,0.2002002002002002,0.0040813276471154,28.271993621917183,0.3660011793932286
DoE1_R1,0.2127127127127127,0.004108157807514,28.322580200127412,0.3883755625686105
DoE1_R1,0.2252252252252252,0.0041353170120758,28.373115892342707,0.4106922560618002
DoE1_R1,0.2377377377377377,0.0041628052608006,28.423600698563064,0.4329512598727981
DoE1_R1,0.2502502502502503,0.0041906225536886,28.47403461878848,0.4551525740016038
DoE1_R1,0.2627627627627628,0.0042187711537172,28.5244074266282,0.4771827543812559
DoE1_R1,0.2752752752752753,0.0042472499885716,28.574723967871027,0.4990955566332411
DoE1_R1,0.2877877877877878,0.0042760587034835,28.62498584571375,0.520908765444944
DoE1_R1,0.3003003003003003,0.004305197298453,28.675193060156367,0.5426223808163645
DoE1_R1,0.3128128128128128,0.00433466577348,28.72534561119888,0.5642364027475028
DoE1_R1,0.3253253253253253,0.0043645193881408,28.775444385888846,0.5857996249360921
DoE1_R1,0.3378378378378379,0.0043948996264032,28.82549165538029,0.6074369764247101
DoE1_R1,0.3503503503503504,0.0044256806296072,28.875485399342523,0.6290373251739451
DoE1_R1,0.3628628628628629,0.0044568623977529,28.925425617775552,0.6506006711837973
DoE1_R1,0.3753753753753754,0.0044884449308403,28.97531231067937,0.6721270144542666
DoE1_R1,0.3878878878878879,0.0045204282288693,29.02514547805398,0.693616354985353
DoE1_R1,0.4004004004004004,0.0045529559153427,29.07492695105394,0.7150722859758856
DoE1_R1,0.4129129129129129,0.0045859926483436,29.124656279080902,0.7364939232353824
DoE1_R1,0.4254254254254254,0.0046194820103143,29.17433274282873,0.7578798552991561
DoE1_R1,0.4379379379379379,0.0046534240012548,29.22395634229742,0.7792300821672069
DoE1_R1,0.4504504504504504,0.0046878186211651,29.27352707748697,0.8005446038395346
DoE1_R1,0.4629629629629629,0.0047226658700453,29.323044948397392,0.8218234203161393
DoE1_R1,0.4754754754754755,0.0047579657478953,29.37250995502868,0.843066531597021
DoE1_R1,0.487987987987988,0.0047937931056521,29.421923957355872,0.8642564902996535
DoE1_R1,0.5005005005005005,0.0048302451015982,29.47128936967049,0.8853706493098501
DoE1_R1,0.513013013013013,0.0048672042995875,29.52060327379528,0.9064363824113136
DoE1_R1,0.5255255255255256,0.0049046706996201,29.56986566973024,0.927453689604044
DoE1_R1,0.5380380380380381,0.0049426443016961,29.61907655747537,0.948422570888041
DoE1_R1,0.5505505505505506,0.0049811251058153,29.66823593703067,0.969343026263305
DoE1_R1,0.5630630630630631,0.0050201131119778,29.717343808396137,0.9902150557298358
DoE1_R1,0.5755755755755756,0.0050596153241503,29.766400361327364,1.011038783739778
DoE1_R1,0.5880880880880881,0.0050999622963335,29.81541455138801,1.0318200838439089
DoE1_R1,0.6006006006006006,0.0051408987063018,29.86437946123797,1.052554419270466
DoE1_R1,0.6131131131131131,0.0051824245540553,29.91329509087725,1.0732417900194495
DoE1_R1,0.6256256256256256,0.0052245398395939,29.96216144030585,1.0938821960908591
DoE1_R1,0.6381381381381381,0.0052672445629177,30.010978509523767,1.114475637484695
DoE1_R1,0.6506506506506506,0.0053105387240267,30.059746298531,1.135022114200957
DoE1_R1,0.6631631631631631,0.0053544223229208,30.108464807327557,1.1555216262396453
DoE1_R1,0.6756756756756758,0.0053994882490294,30.15714576664123,1.1760484739214918
DoE1_R1,0.6881881881881883,0.0054455097797312,30.205784690608,1.1965742445903629
DoE1_R1,0.7007007007007008,0.0054922382942717,30.25437666009413,1.217067781337584
DoE1_R1,0.7132132132132133,0.0055396737926508,30.30292167509963,1.2375290841631554
DoE1_R1,0.7257257257257258,0.0055878162748686,30.35141973562449,1.2579581530670771
DoE1_R1,0.7382382382382383,0.0056366657409249,30.399870841668697,1.278354988049349
DoE1_R1,0.7507507507507508,0.0056862221908199,30.44827499323227,1.2987195891099712
DoE1_R1,0.7632632632632633,0.0057364856245536,30.496632190315207,1.3190519562489436
DoE1_R1,0.7757757757757758,0.0057874560421258,30.5449424329175,1.3393520894662665
DoE1_R1,0.7882882882882883,0.0058391334435367,30.593205721039155,1.3596199887619391
DoE1_R1,0.8008008008008008,0.0058915178287863,30.64142205468017,1.3798556541359623
DoE1_R1,0.8133133133133134,0.0059446091978745,30.689591433840544,1.4000590855883357
DoE1_R1,0.8258258258258259,0.0059984075508013,30.73771385852028,1.4202302831190594
DoE1_R1,0.8383383383383384,0.0060529128875667,30.78578932871937,1.4403692467281333
DoE1_R1,0.8508508508508509,0.006109472151637,30.833830474621674,1.4604231708243898
DoE1_R1,0.8633633633633634,0.0061673991682654,30.88183086202009,1.4804189562125445
DoE1_R1,0.8758758758758759,0.0062262774092493,30.929786585162155,1.5003729324702852
DoE1_R1,0.8883883883883884,0.0062861068745888,30.97769764404786,1.5202850995976118
DoE1_R1,0.9009009009009008,0.0063468875642839,31.025564038677206,1.5401554575945242
DoE1_R1,0.9134134134134134,0.0064086194783345,31.073385769050194,1.5599840064610222
DoE1_R1,0.925925925925926,0.0064713026167406,31.12116283516682,1.5797707461971062
DoE1_R1,0.9384384384384384,0.0065349369795023,31.16889523702709,1.5995156768027765
DoE1_R1,0.9509509509509512,0.0065995225666196,31.216582974631,1.6192187982780315
DoE1_R1,0.9634634634634636,0.0066650593780924,31.26422604797856,1.6388801106228732
DoE1_R1,0.975975975975976,0.0067315474139208,31.31182445706975,1.6584996138373005
DoE1_R1,0.9884884884884886,0.0067989866741047,31.359378201904587,1.6780773079213136
DoE1_R1,1.001001001001001,0.0068673771586442,31.406887282483066,1.6976131928749123
DoE1_R1,1.0135135135135136,0.0069367188675392,31.454351698805187,1.717107268698097
DoE1_R1,1.026026026026026,0.0070087182094411,31.50178291485718,1.736568906748005
DoE1_R1,1.0385385385385386,0.0070824634710865,31.54917480557147,1.7559931000231823
DoE1_R1,1.0510510510510511,0.0071576291943565,31.59652518445692,1.775378061153258
DoE1_R1,1.0635635635635636,0.0072342451704913,31.643834251656894,1.794723953747546
DoE1_R1,1.076076076076076,0.0073123411907309,31.69110220731476,1.814030941415362
DoE1_R1,1.0885885885885886,0.0073919470463153,31.738329251573877,1.83329918776602
DoE1_R1,1.1011011011011012,0.0074730925284845,31.785515584577595,1.852528856408835
DoE1_R1,1.1136136136136137,0.0075558074284786,31.832661406469292,1.871720110953121
DoE1_R1,1.1261261261261262,0.0076401215375376,31.87976691739233,1.8908731150081928
DoE1_R1,1.138638638638639,0.0077260646469015,31.926832317490067,1.909988032183366
DoE1_R1,1.1511511511511512,0.0078136665478104,31.973857806905865,1.929065026087954
DoE1_R1,1.1636636636636637,0.0079029570315043,32.02084358578309,1.948104260331272
DoE1_R1,1.1761761761761762,0.0079939658892232,32.0677898542651,1.9671058985226344
DoE1_R1,1.1886886886886887,0.0080867229122072,32.11469681249526,1.986070104271356
DoE1_R1,1.2012012012012012,0.0081827193204473,32.16156159724913,2.0049940007440847
DoE1_R1,1.2137137137137135,0.0082810041416099,32.20838646449357,2.023879791988585
DoE1_R1,1.2262262262262262,0.0083814286192093,32.255171988634004,2.042728013075402
DoE1_R1,1.2387387387387387,0.0084840384641684,32.30191833644382,2.061538794493603
DoE1_R1,1.2512512512512513,0.0085888793874102,32.34862567469641,2.0803122667322542
DoE1_R1,1.2637637637637638,0.0086959970998576,32.39529417016515,2.099048560280422
DoE1_R1,1.2762762762762765,0.0088054373124334,32.441923989623426,2.117747805627172
DoE1_R1,1.2887887887887888,0.0089172457360607,32.48851529984464,2.136410133261572
DoE1_R1,1.3013013013013013,0.0090314680816622,32.53506826760216,2.1550356736726863
DoE1_R1,1.3138138138138138,0.009148150060161,32.58158305966937,2.173624557349584
DoE1_R1,1.3263263263263263,0.0092673373824798,32.62805984281967,2.1921769147813284
DoE1_R1,1.338838838838839,0.0093890757595417,32.67449878382644,2.2106928764569886
DoE1_R1,1.3513513513513515,0.0095134109022695,32.720900049463054,2.2291725728656293
DoE1_R1,1.363863863863864,0.0096403885215862,32.76726380650291,2.247616134496317
DoE1_R1,1.3763763763763766,0.0097700543284146,32.813590221719394,2.266023691838119
DoE1_R1,1.388888888888889,0.0099024540336777,32.85987946188589,2.2843953753801003
DoE1_R1,1.4014014014014016,0.0100376333482984,32.90613169377578,2.3027313156113283
DoE1_R1,1.413913913913914,0.0101796464597737,32.952344029766394,2.321049080054713
DoE1_R1,1.4264264264264266,0.010326528549373,32.99851816862307,2.339340053314702
DoE1_R1,1.438938938938939,0.0104772714915924,33.04465508012597,2.357599781649645
DoE1_R1,1.4514514514514516,0.0106319710208722,33.090754892931336,2.3758286131529145
DoE1_R1,1.463963963963964,0.0107907228716522,33.136817735695416,2.3940268959178823
DoE1_R1,1.4764764764764766,0.0109536227783728,33.182843737074485,2.4121949780379204
DoE1_R1,1.4889889889889891,0.0111207664754738,33.228833025724775,2.430333207606401
DoE1_R1,1.5015015015015016,0.0112922496973955,33.27478573030254,2.448441932716697
DoE1_R1,1.514014014014014,0.0114681681785779,33.32070197946405,2.466521501462179
DoE1_R1,1.5265265265265269,0.011648617653461,33.36658190186554,2.4845722619362203
DoE1_R1,1.5390390390390392,0.0118336938564851,33.41242562616327,2.502594562232193
DoE1_R1,1.5515515515515517,0.0120234925220902,33.45823328101349,2.5205887504434683
DoE1_R1,1.5640640640640642,0.0122181093847163,33.504004995072464,2.538555174663419
DoE1_R1,1.576576576576577,0.0124176401788036,33.54974089699643,2.556494182985417
DoE1_R1,1.5890890890890892,0.0126221806387921,33.59544111544165,2.574406123502835
DoE1_R1,1.6016016016016017,0.012831826499122,33.64110577906437,2.592291344309044
DoE1_R1,1.6141141141141142,0.0130466734942333,33.68673501652085,2.610150193497417
DoE1_R1,1.6266266266266267,0.0132726405869042,33.73232454360031,2.6279983894617445
DoE1_R1,1.6391391391391392,0.0135086792712074,33.77787535606919,2.645833260094716
DoE1_R1,1.6516516516516515,0.0137524418122583,33.823389434255105,2.663648703998906
DoE1_R1,1.6641641641641642,0.0140041837136525,33.86886678574058,2.681445490975333
DoE1_R1,1.6766766766766767,0.0142641604789855,33.91430741810812,2.699224390825015
DoE1_R1,1.6891891891891893,0.0145326276118528,33.95971133894024,2.71698617334897
DoE1_R1,1.7017017017017018,0.0148098406158501,34.005078555819445,2.734731608348219
DoE1_R1,1.7142142142142145,0.0150960549945728,34.050409076328265,2.7524614656237776
DoE1_R1,1.7267267267267268,0.0153915262516165,34.09570290804919,2.770176514976666
DoE1_R1,1.7392392392392393,0.0156965098905768,34.14096005856475,2.787877526207902
DoE1_R1,1.7517517517517518,0.0160112614150492,34.186180535457446,2.805565269118505
DoE1_R1,1.7642642642642643,0.0163360363286292,34.2313643463098,2.823240513509493
DoE1_R1,1.7767767767767768,0.0166749216183856,34.27650885954413,2.840878884542004
DoE1_R1,1.789289289289289,0.0170337206242355,34.32161026134353,2.858444743574375
DoE1_R1,1.8018018018018016,0.0174062510749365,34.36667299368757,2.8759811091948264
DoE1_R1,1.8143143143143143,0.0177929837386565,34.411696915882594,2.893487338500868
DoE1_R1,1.8268268268268268,0.0181943893835634,34.456681887234936,2.910962788590008
DoE1_R1,1.8393393393393396,0.018610938777825,34.50162776705095,2.928406816559756
DoE1_R1,1.851851851851852,0.0190431026896091,34.54653441463698,2.9458187795076207
DoE1_R1,1.8643643643643644,0.0194913518870837,34.59140168929936,2.96319803453111
DoE1_R1,1.876876876876877,0.0199561571384166,34.636229450344445,2.980543938727736
DoE1_R1,1.8893893893893896,0.0204379892117755,34.68101755707857,2.997855849195004
DoE1_R1,1.901901901901902,0.0209373188753285,34.72576586880808,3.015133123030425
DoE1_R1,1.9144144144144144,0.0214546168972433,34.77047424483933,3.0323751173315063
DoE1_R1,1.9269269269269271,0.0219904544579793,34.81514251409919,3.049581075906371
DoE1_R1,1.93943943943944,0.0225577297079592,34.859766776024614,3.0667363347550936
DoE1_R1,1.951951951951952,0.0231500550104631,34.90434896491296,3.083847988917189
DoE1_R1,1.9644644644644649,0.0237686914352748,34.94888870096706,3.1009145038385117
DoE1_R1,1.9769769769769767,0.0244149000521781,34.99338560438973,3.117934344964913
DoE1_R1,1.9894894894894897,0.0250899419309568,35.03783929538379,3.1349059777422483
DoE1_R1,2.002002002002002,0.0257950781413948,35.08224939415207,3.1518278676163702
DoE1_R1,2.0145145145145147,0.0265338761581146,35.126615355411104,3.1687054792206446
DoE1_R1,2.027027027027027,0.0273094312953623,35.17093683444136,3.1855463240183663
DoE1_R1,2.03953953953954,0.0301518954027722,35.21498373078708,3.2023384195992883
DoE1_R1,2.052052052052052,0.0371771325017529,35.25869056216775,3.219106701589725
DoE1_R1,2.0645645645645647,0.0435109144048498,35.302600975075585,3.2358918521723994
DoE1_R1,2.077077077077077,0.0494664840717124,35.34661494753061,3.252674778224794
DoE1_R1,2.0895895895895897,0.0552074532843181,35.39067230905412,3.269443551326842
DoE1_R1,2.1021021021021022,0.0608318839297663,35.43473830941238,3.2861913944364547
DoE1_R1,2.1146146146146148,0.0664288732238854,35.47878078665296,3.3029119902164776
DoE1_R1,2.1271271271271277,0.0720429612378956,35.52278480212591,3.3196024333472063
DoE1_R1,2.13963963963964,0.077693536465219,35.56674371992082,3.336261157331264
DoE1_R1,2.1521521521521523,0.0834300973665525,35.61063982834235,3.3528642885937137
DoE1_R1,2.164664664664665,0.0892470324133856,35.65447512297082,3.3694144887867736
DoE1_R1,2.1771771771771773,0.0951618929337926,35.69824400213984,3.3859189318927587
DoE1_R1,2.18968968968969,0.1012058977792228,35.741936177422346,3.4023825159906886
DoE1_R1,2.2022022022022023,0.1073630454181561,35.785556932431376,3.418802661769903
DoE1_R1,2.214714714714715,0.1136727202353041,35.82909345647106,3.4351844085302097
DoE1_R1,2.2272272272272278,0.1201368631698085,35.87254511820538,3.451528004618111
DoE1_R1,2.23973973973974,0.1267517744615923,35.91591356228383,3.467839957378281
DoE1_R1,2.2522522522522523,0.1335288495681488,35.9591951150979,3.484122247491548
DoE1_R1,2.264764764764765,0.1404829313897798,36.002384888456355,3.5003758218401426
DoE1_R1,2.2772772772772774,0.1476243018931596,36.04547960104919,3.5166029950118807
DoE1_R1,2.28978978978979,0.1549632430449619,36.08847597156641,3.5328060815945777
DoE1_R1,2.3023023023023024,0.1624813530753943,36.13137989642247,3.5489635652069067
DoE1_R1,2.314814814814815,0.1701968510371157,36.17418555473626,3.565084354711854
DoE1_R1,2.3273273273273274,0.1781193616755603,36.21688987548404,3.581170218665894
DoE1_R1,2.33983983983984,0.1862559847617692,36.25949059553958,3.597220827830923
DoE1_R1,2.3523523523523524,0.1946125411380906,36.30198590031934,3.613235503016975
DoE1_R1,2.364864864864865,0.2031713392261227,36.34438222145784,3.629207131356056
DoE1_R1,2.3773773773773774,0.2119504851819035,36.38667343569672,3.645138395275175
DoE1_R1,2.38988988988989,0.2209545232370553,36.42885817618221,3.661028266266767
DoE1_R1,2.4024024024024024,0.2301879976232004,36.470935076060535,3.6768757158232654
DoE1_R1,2.414914914914915,0.2396524399904314,36.51290398493475,3.692683971904376
DoE1_R1,2.4274274274274275,0.2493403050174054,36.55476841761795,3.708469087295096
DoE1_R1,2.43993993993994,0.2592617912167811,36.596524724101926,3.724222044571404
DoE1_R1,2.4524524524524525,0.269419884559155,36.63817216674651,3.739944016887992
DoE1_R1,2.464964964964965,0.2798175710151237,36.67971000791153,3.755636177399552
DoE1_R1,2.477477477477477,0.2904534471816299,36.72113866189275,3.7712887023003914
DoE1_R1,2.48998998998999,0.3013256007342275,36.76245867654595,3.7868904927536176
DoE1_R1,2.5025025025025025,0.3124421032898014,36.80366797956702,3.802455463287792
DoE1_R1,2.515015015015015,0.3238055169297529,36.84476594456019,3.8179837250626463
DoE1_R1,2.5275275275275275,0.335418403735484,36.88575194512967,3.833475389237917
DoE1_R1,2.54004004004004,0.3472833257883962,36.9266253548797,3.8489305669733382
DoE1_R1,2.5525525525525525,0.3594028451698911,36.96738554741447,3.864349369428646
DoE1_R1,2.565065065065065,0.3717795239613704,37.00803189633823,3.879731907763576
DoE1_R1,2.5775775775775776,0.3844159242442358,37.04856377525518,3.895078293137861
DoE1_R1,2.59009009009009,0.3973015844735732,37.08898473096589,3.9103469737640095
DoE1_R1,2.6026026026026026,0.4104457727015205,37.12929198826196,3.9255595133909327
DoE1_R1,2.615115115115115,0.4238519275251268,37.1694846398833,3.940718827176594
DoE1_R1,2.627627627627628,0.4375220878401058,37.20956222707995,3.955823352594984
DoE1_R1,2.64014014014014,0.4514582925421713,37.24952429110196,3.970871527120096
DoE1_R1,2.6526526526526526,0.4656625805270369,37.289370373199375,3.985861788225919
DoE1_R1,2.665165165165165,0.4801369906904167,37.32910001462224,4.000792573386444
DoE1_R1,2.677677677677678,0.4948835619280247,37.3687127566206,4.015662320075662
DoE1_R1,2.6901901901901906,0.5099010065644001,37.40821029656159,4.030496129632438
DoE1_R1,2.702702702702703,0.5251869657404004,37.44759502610001,4.045327689382673
DoE1_R1,2.715215215215216,0.5407477905446796,37.48686369153812,4.060120872763137
DoE1_R1,2.727727727727728,0.5565851747603098,37.52601605781069,4.074876883470567
DoE1_R1,2.7402402402402406,0.572700812170363,37.56505188985255,4.089596925201699
DoE1_R1,2.752752752752753,0.5890963965579109,37.60397095259848,4.104282201653271
DoE1_R1,2.7652652652652656,0.6057736217060258,37.64277301098329,4.1189339165220185
DoE1_R1,2.777777777777778,0.6227341813977794,37.68145782994179,4.133553273504681
DoE1_R1,2.79029029029029,0.6399797694162436,37.720025174408775,4.148141476297994
DoE1_R1,2.802802802802803,0.6575037698927144,37.75847599583944,4.162667328208845
DoE1_R1,2.815315315315316,0.6753118175447873,37.79680949644956,4.177147399139243
DoE1_R1,2.827827827827828,0.6934063921599984,37.83502532894174,4.191585957517368
DoE1_R1,2.8403403403403407,0.7117888421667083,37.8731233075634,4.205982860457982
DoE1_R1,2.852852852852853,0.7304605159932775,37.91110324656189,4.220337965075848
DoE1_R1,2.8653653653653657,0.7494227620680666,37.94896496018464,4.234651128485733
DoE1_R1,2.877877877877878,0.7686769288194362,37.986708262679,4.248922207802398
DoE1_R1,2.8903903903903907,0.7882243646757467,38.02433296829238,4.263151060140608
DoE1_R1,2.902902902902903,0.8080611842254062,38.061840271424565,4.27734504279621
DoE1_R1,2.915415415415416,0.8281825845269455,38.099231608426045,4.29151282790087
DoE1_R1,2.927927927927928,0.848598863688087,38.13650443353286,4.305641447527609
DoE1_R1,2.9404404404404407,0.8693112521512475,38.17365859210505,4.319730927867044
DoE1_R1,2.952952952952953,0.8903209803588432,38.21069392950264,4.33378129510979
DoE1_R1,2.9654654654654657,0.9116292787532908,38.24761029108566,4.347792575446461
DoE1_R1,2.9779779779779783,0.9332373777770068,38.28440752221413,4.361764795067673
DoE1_R1,2.9904904904904908,0.955146507872408,38.32108546824808,4.37569798016404
DoE1_R1,3.0030030030030037,0.9773578994819104,38.35764397454755,4.389592156926179
DoE1_R1,3.015515515515516,0.999872783047931,38.39408288647255,4.403447351544704
DoE1_R1,3.0280280280280283,1.0226923890128865,38.43040204938313,4.41726359021023
DoE1_R1,3.040540540540541,1.0458179478191925,38.466601308639305,4.431040899113373
DoE1_R1,3.0530530530530533,1.0692506899092664,38.50268050960111,4.444779304444748
DoE1_R1,3.065565565565566,1.0929918457255248,38.538639497628566,4.458478832394969
DoE1_R1,3.0780780780780783,1.1170426457103837,38.57447811808171,4.472139509154653
DoE1_R1,3.090590590590591,1.14140432030626,38.61019621632056,4.485761360914414
DoE1_R1,3.1031031031031038,1.1660780999555702,38.64579363770515,4.499344413864867
DoE1_R1,3.115615615615616,1.1910652151007306,38.68127022759551,4.512888694196628
DoE1_R1,3.1281281281281283,1.216366896184158,38.716625831351664,4.52639422810031
DoE1_R1,3.140640640640641,1.2419836188891935,38.7518604646733,4.539859370649532
DoE1_R1,3.1531531531531534,1.2679028298128772,38.78697708376132,4.553253629132819
DoE1_R1,3.165665665665666,1.2941379923259366,38.82197277315738,4.56660411474727
DoE1_R1,3.1781781781781784,1.320690223558617,38.856847403794646,4.579910602798281
DoE1_R1,3.190690690690691,1.3475606406411638,38.89160084660629,4.593172868591249
DoE1_R1,3.2032032032032034,1.3747503607038216,38.92623297252546,4.606390687431568
DoE1_R1,3.215715715715716,1.4022605008768358,38.96074365248534,4.619563834624636
DoE1_R1,3.2282282282282284,1.4300921782904512,38.99513275741907,4.632692085475848
DoE1_R1,3.240740740740741,1.4582465100749131,39.02940015825983,4.645775215290601
DoE1_R1,3.253253253253253,1.4867246133604668,39.063545725940784,4.658812999374291
DoE1_R1,3.265765765765766,1.5155276052773567,39.097569331395086,4.671805213032314
DoE1_R1,3.2782782782782784,1.5446566029558286,39.1314708455559,4.684751631570066
DoE1_R1,3.290790790790791,1.5741127235261274,39.16525013935639,4.697652030292944
DoE1_R1,3.3033033033033035,1.603897084118498,39.19890708372972,4.710506184506342
DoE1_R1,3.315815815815816,1.6340108018631854,39.23244154960906,4.723313869515659
DoE1_R1,3.3283283283283285,1.664454993890435,39.265853407927565,4.736074860626289
DoE1_R1,3.340840840840841,1.6952307773304915,39.2991425296184,4.748788933143629
DoE1_R1,3.353353353353353,1.7263392693136004,39.33230878561472,4.761455862373075
DoE1_R1,3.365865865865866,1.7577815869700064,39.36535204684971,4.774075423620023
DoE1_R1,3.3783783783783785,1.7895588474299549,39.39827218425651,4.786647392189869
DoE1_R1,3.390890890890891,1.8216612241013797,39.431072678808725,4.7992148985902965
DoE1_R1,3.4034034034034035,1.8540953596191256,39.46375157872376,4.81175582800898
DoE1_R1,3.415915915915916,1.8868654807830516,39.4963077291382,4.824257636327337
DoE1_R1,3.4284284284284285,1.9199725950716504,39.52874103715636,4.836720533252667
DoE1_R1,3.440940940940941,1.9534177099634176,39.5610514098826,4.849144728492271
DoE1_R1,3.4534534534534536,1.9872018329368484,39.59323875442124,4.861530431753452
DoE1_R1,3.465965965965966,2.021325971470436,39.625302977876615,4.873877852743511
DoE1_R1,3.4784784784784786,2.055791133042676,39.65724398735306,4.886187201169749
DoE1_R1,3.490990990990991,2.0905983251320626,39.68906168995492,4.898458686739469
DoE1_R1,3.503503503503504,2.1257485552170903,39.72075599278652,4.91069251915997
DoE1_R1,3.516016016016016,2.1612428307762537,39.75232680295218,4.922888908138556
DoE1_R1,3.5285285285285286,2.197082159288048,39.783774027556255,4.935048063382528
DoE1_R1,3.541041041041041,2.233267548230967,39.81509757370308,4.947170194599186
DoE1_R1,3.5535535535535536,2.269800005083505,39.84629734849697,4.959255511495833
DoE1_R1,3.566066066066066,2.3066805373241577,39.87737325904228,4.971304223779771
DoE1_R1,3.578578578578578,2.343910152431419,39.90832521244333,4.983316541158299
DoE1_R1,3.591091091091091,2.381489857883784,39.93915311580447,4.995292673338721
DoE1_R1,3.603603603603604,2.419420661159746,39.96985687623001,5.007232830028338
DoE1_R1,3.616116116116116,2.457703569737801,40.00043640082431,5.019137220934451
DoE1_R1,3.6286286286286287,2.496333901769684,40.03089180827462,5.030993592395105
DoE1_R1,3.641141141141141,2.535310400777413,40.061223089880585,5.042797194563204
DoE1_R1,3.6536536536536537,2.5746400499226,40.09142993051416,5.054561327824153
DoE1_R1,3.666166166166166,2.6143237614186026,40.12151224082255,5.066285993191924
DoE1_R1,3.678678678678679,2.654362447478782,40.15146993145294,5.077971191680489
DoE1_R1,3.691191191191191,2.6947570203164988,40.18130291305251,5.08961692430382
DoE1_R1,3.703703703703704,2.7355083921451127,40.21101109626847,5.101223192075886
DoE1_R1,3.716216216216216,2.7766174751779844,40.240594391748,5.112789996010661
DoE1_R1,3.7287287287287287,2.818085181628473,40.2700527101383,5.124317337122115
DoE1_R1,3.7412412412412417,2.8599124237099423,40.29938596208656,5.135805216424219
DoE1_R1,3.753753753753754,2.9021001136357474,40.32859405823998,5.147253634930947
DoE1_R1,3.7662662662662663,2.9446491636192507,40.35767690924573,5.158662593656268
DoE1_R1,3.778778778778779,2.987560485873813,40.38663442575103,5.170032093614154
DoE1_R1,3.791291291291292,3.0308349926127933,40.41546651840304,5.181362135818577
DoE1_R1,3.803803803803804,3.074473596049553,40.44417309784899,5.192652721283508
DoE1_R1,3.8163163163163167,3.1184772083974512,40.472754074736045,5.203903851022918
DoE1_R1,3.828828828828829,3.162846741869849,40.50120935971141,5.215115526050781
DoE1_R1,3.8413413413413418,3.2075831086801063,40.52953886342227,5.226287747381065
DoE1_R1,3.8538538538538543,3.252687221041583,40.55774249651581,5.237420516027743
DoE1_R1,3.866366366366367,3.2984179862153904,40.58578323662198,5.248508291098578
DoE1_R1,3.8788788788788793,3.345930062823041,40.61349583100056,5.259526290362906
DoE1_R1,3.891391391391392,3.3940799984656804,40.641044010644734,5.270499096552082
DoE1_R1,3.903903903903904,3.4428827228687773,40.66842567953909,5.2814264095745385
DoE1_R1,3.916416416416417,3.4923531657578004,40.69563874166818,5.292307929338712
DoE1_R1,3.928928928928929,3.542506256858218,40.72268110101661,5.3031433557530345
DoE1_R1,3.941441441441442,3.5933569258955007,40.74955066156895,5.313932388725942
DoE1_R1,3.9539539539539534,3.644920102595116,40.77624532730977,5.32467472816587
DoE1_R1,3.966466466466467,3.697210716682533,40.80276300222367,5.335370073981251
DoE1_R1,3.9789789789789793,3.7502436978832216,40.82910159029521,5.346018126080519
DoE1_R1,3.991491491491492,3.80403397592265,40.85525899550897,5.356618584372112
DoE1_R1,4.004004004004004,3.8585964805262862,40.88123312184953,5.367171148764461
DoE1_R1,4.016516516516517,3.9139461414196,40.90702187330148,5.377675519166002
DoE1_R1,4.029029029029029,3.970097888328061,40.93262315384939,5.388131395485169
DoE1_R1,4.041541541541542,4.027066650977137,40.95803486747784,5.398538477630397
DoE1_R1,4.054054054054054,4.084867359092297,40.98325491817141,5.40889646551012
DoE1_R1,4.066566566566567,4.14351494239901,41.00828120991467,5.419205059032773
DoE1_R1,4.079079079079079,4.203024330622746,41.03311164669221,5.42946395810679
DoE1_R1,4.091591591591592,4.262942088199155,41.05780782391577,5.439684252204955
DoE1_R1,4.104104104104104,4.322265052813579,41.08250609249677,5.449890398887599
DoE1_R1,4.116616616616617,4.38218463862167,41.10704437024229,5.460053488673401
DoE1_R1,4.129129129129129,4.44269960550541,41.131422760019774,5.47017361468412
DoE1_R1,4.141641641641642,4.503808713346785,41.15564136469666,5.480250870041515
DoE1_R1,4.1541541541541545,4.565510722027778,41.17970028714039,5.490285347867346
DoE1_R1,4.166666666666667,4.627804391430372,41.20359963021839,5.500277141283372
DoE1_R1,4.17917917917918,4.690688481436552,41.22733949679812,5.510226343411354
DoE1_R1,4.191691691691692,4.754161751928301,41.25091998974702,5.520133047373049
DoE1_R1,4.2042042042042045,4.818222962787603,41.27434121193251,5.5299973462902186
DoE1_R1,4.216716716716717,4.882870873896442,41.29760326622205,5.539819333284621
DoE1_R1,4.2292292292292295,4.948104245136801,41.32070625548307,5.549599101478016
DoE1_R1,4.241741741741742,5.013921836390665,41.343650282583006,5.559336743992163
DoE1_R1,4.254254254254255,5.0803224075400175,41.3664354503893,5.569032353948821
DoE1_R1,4.266766766766767,5.147304718466842,41.389061861769406,5.578686024469751
DoE1_R1,4.27927927927928,5.214867529053122,41.41152961959075,5.58829784867671
DoE1_R1,4.291791791791792,5.283009599180842,41.43383882672078,5.59786791969146
DoE1_R1,4.3043043043043046,5.351729688731984,41.45598958602693,5.607396330635758
DoE1_R1,4.316816816816817,5.420814738780926,41.4780128111571,5.616886789086141
DoE1_R1,4.32932932932933,5.490032448763577,41.49994221461312,5.626343330956522
DoE1_R1,4.341841841841842,5.559721644660203,41.52172843386311,5.635760246515048
DoE1_R1,4.354354354354355,5.629875749607684,41.54337234804781,5.645137719949157
DoE1_R1,4.366866866866867,5.700488186742897,41.56487483630795,5.654475935446292
DoE1_R1,4.37937937937938,5.771552379202722,41.58623677778425,5.663775077193891
DoE1_R1,4.391891891891892,5.843061750124036,41.60745905161744,5.673035329379393
DoE1_R1,4.404404404404405,5.91500972264372,41.62854253694824,5.682256876190239
DoE1_R1,4.416916916916917,5.9873897198986485,41.649488112917375,5.691439901813869
DoE1_R1,4.42942942942943,6.060195165025704,41.67029665866558,5.700584590437723
DoE1_R1,4.441941941941942,6.133419481161761,41.690969053333575,5.709691126249239
DoE1_R1,4.454454454454455,6.2070560914437,41.71150617606209,5.718759693435858
DoE1_R1,4.466966966966967,6.2810984190084005,41.73190890599184,5.727790476185021
DoE1_R1,4.47947947947948,6.355539886992738,41.752178122263565,5.736783658684167
DoE1_R1,4.491991991991992,6.4303739185335935,41.77231470401798,5.745739425120735
DoE1_R1,4.504504504504505,6.505593936767845,41.79231953039582,5.754657959682165
DoE1_R1,4.517017017017017,6.581193364832369,41.81219348053781,5.763539446555897
DoE1_R1,4.52952952952953,6.657165625864046,41.83193743358467,5.772384069929371
DoE1_R1,4.542042042042042,6.733658546788464,41.85153395343748,5.781186810352154
DoE1_R1,4.554554554554555,6.810736696534854,41.87097547998654,5.789945454292417
DoE1_R1,4.567067067067067,6.88822704746929,41.89028263661452,5.798665795576728
DoE1_R1,4.57957957957958,6.966126075278933,41.90945594037133,5.807347915517031
DoE1_R1,4.592092092092092,7.044430255650943,41.92849590830693,5.815991895425272
DoE1_R1,4.604604604604605,7.12313606427248,41.94740305747124,5.824597816613394
DoE1_R1,4.617117117117117,7.202239976830702,41.96617790491421,5.833165760393342
DoE1_R1,4.62962962962963,7.281738469012771,41.98482096768574,5.84169580807706
DoE1_R1,4.642142142142142,7.361628016505845,42.00333276283581,5.8501880409764935
DoE1_R1,4.654654654654655,7.441905094997086,42.02171380741433,5.858642540403586
DoE1_R1,4.667167167167167,7.522566180173651,42.03996461847123,5.867059387670282
DoE1_R1,4.67967967967968,7.603607747722702,42.058085713056464,5.875438664088526
DoE1_R1,4.692192192192192,7.685026273331397,42.07607760821996,5.883780450970264
DoE1_R1,4.704704704704705,7.766818232686897,42.09394082101165,5.8920848296274375
DoE1_R1,4.717217217217217,7.848980101476362,42.11167586848147,5.900351881371993
DoE1_R1,4.72972972972973,7.93150835538695,42.12928326767936,5.908581687515873
DoE1_R1,4.742242242242242,8.014399470105824,42.14676353565524,5.916774329371025
DoE1_R1,4.754754754754755,8.09764992132014,42.16411718945906,5.924929888249392
DoE1_R1,4.767267267267267,8.181569967543089,42.18130470136246,5.933046660916272
DoE1_R1,4.77977977977978,8.266149832825333,42.19832738624552,5.941124764237938
DoE1_R1,4.792292292292292,8.351147652424126,42.21521617802258,5.949165635016753
DoE1_R1,4.804804804804805,8.436562472819716,42.23197126566049,5.957169339944039
DoE1_R1,4.817317317317317,8.52239334049235,42.2485928381261,5.965135945711118
DoE1_R1,4.82982982982983,8.608639301922274,42.265081084386246,5.973065519009313
DoE1_R1,4.842342342342342,8.695299403589738,42.28143619340778,5.980958126529945
DoE1_R1,4.854854854854855,8.782372691974986,42.29765835415754,5.988813834964337
DoE1_R1,4.867367367367367,8.869858213558269,42.31374775560238,5.996632711003811
DoE1_R1,4.87987987987988,8.95775501481983,42.329704586709134,6.00441482133969
DoE1_R1,4.892392392392392,9.04606214223992,42.34552903644465,6.012160232663295
DoE1_R1,4.904904904904905,9.134778642298786,42.36122129377578,6.019869011665947
DoE1_R1,4.9174174174174174,9.223903561476671,42.37678154766937,6.027541225038971
DoE1_R1,4.92992992992993,9.31343594625383,42.39220998709225,6.035176939473686
DoE1_R1,4.9424424424424425,9.403374843110504,42.40750680101127,6.042776221661418
DoE1_R1,4.954954954954955,9.493719298526942,42.42267217839329,6.050339138293485
DoE1_R1,4.967467467467468,9.584468358983392,42.43770630820514,6.057865756061213
DoE1_R1,4.97997997997998,9.6756210709601,42.45260937941367,6.065356141655921
DoE1_R1,4.9924924924924925,9.767176480937316,42.46738158098573,6.0728103617689335
DoE1_R1,5.005005005005005,9.859133635395285,42.48202310188815,6.080228483091571
DoE1_R1,5.0175175175175175,9.951491580814253,42.49653413108779,6.087610572315157
DoE1_R1,5.03003003003003,10.04424936367447,42.51091485755149,6.094956696131012
DoE1_R1,5.042542542542543,10.137406030456184,42.525165470246094,6.102266921230459
DoE1_R1,5.055055055055055,10.23096062763964,42.53928615813845,6.109541314304821
DoE1_R1,5.067567567567568,10.324912201705088,42.5532771101954,6.11677994204542
DoE1_R1,5.08008008008008,10.419310545106098,42.567132084022624,6.123983387384415
DoE1_R1,5.092592592592593,10.51434210375991,42.58082751825999,6.1311536234351856
DoE1_R1,5.105105105105105,10.609800818227816,42.59438959625682,6.138288630338241
DoE1_R1,5.117617617617618,10.705686979362536,42.60781834927269,6.145388487443955
DoE1_R1,5.13013013013013,10.802000878016784,42.62111380856719,6.152453274102701
DoE1_R1,5.142642642642643,10.89874280504328,42.63427600539988,6.159483069664853
DoE1_R1,5.155155155155155,10.995913051294735,42.64730497103036,6.166477953480785
DoE1_R1,5.167667667667668,11.093511907623876,42.6602007367182,6.173438004900871
DoE1_R1,5.18018018018018,11.191539664883411,42.67296333372296,6.180363303275483
DoE1_R1,5.192692692692693,11.289996613926066,42.685592793304245,6.187253927954995
DoE1_R1,5.205205205205205,11.388883045604548,42.698089146721614,6.194109958289782
DoE1_R1,5.217717717717718,11.48819925077158,42.71045242523466,6.200931473630217
DoE1_R1,5.23023023023023,11.58794552027988,42.72268266010294,6.207718553326672
DoE1_R1,5.242742742742743,11.68812214498216,42.73477988258605,6.214471276729523
DoE1_R1,5.255255255255255,11.788729415731142,42.74674412394357,6.221189723189142
DoE1_R1,5.267767767767768,11.88976762337954,42.75857541543506,6.227873972055904
DoE1_R1,5.28028028028028,11.991237058780072,42.77027378832011,6.234524102680182
DoE1_R1,5.292792792792793,12.093138012785458,42.781839273858296,6.241140194412349
DoE1_R1,5.305305305305305,12.19547077624841,42.7932719033092,6.24772232660278
DoE1_R1,5.317817817817818,12.298235640021648,42.8045717079324,6.254270578601846
DoE1_R1,5.33033033033033,12.401432894957887,42.815738718987454,6.260785029759925
DoE1_R1,5.342842842842844,12.505062831909855,42.826772967733966,6.267265759427387
DoE1_R1,5.355355355355356,12.609125741730256,42.83767448543151,6.273712846954606
DoE1_R1,5.367867867867869,12.713621915271808,42.84844330333964,6.280126371691956
DoE1_R1,5.380380380380381,12.818551643387227,42.85907945271797,6.286506412989812
DoE1_R1,5.392892892892894,12.92391521692924,42.86958296482605,6.292853050198547
DoE1_R1,5.405405405405406,13.029715563599796,42.87995501052709,6.299151513404933
DoE1_R1,5.417917917917919,13.135951236766012,42.89019487016747,6.305411666508784
DoE1_R1,5.430430430430431,13.242622014103237,42.90030235321981,6.311636478789042
DoE1_R1,5.442942942942944,13.349728200668435,42.91027749708254,6.317825949605689
DoE1_R1,5.455455455455456,13.457270101518573,42.92012033915408,6.323980078318705
DoE1_R1,5.467967967967969,13.565248021710612,42.929830916832834,6.33009886428807
DoE1_R1,5.480480480480481,13.673662266301518,42.93940926751725,6.3361823068737655
DoE1_R1,5.492992992992994,13.782513140348255,42.94885542860575,6.342230405435771
DoE1_R1,5.505505505505506,13.891800948907786,42.958169437496736,6.348243159334068
DoE1_R1,5.518018018018019,14.001525997037076,42.96735133158866,6.354220567928635
DoE1_R1,5.530530530530531,14.111688589793088,42.976401148279926,6.360162630579455
DoE1_R1,5.543043043043044,14.222289032232789,42.985318924968965,6.366069346646508
DoE1_R1,5.555555555555556,14.333327629413136,42.994104699054205,6.371940715489774
DoE1_R1,5.568068068068069,14.444804686391102,43.00275850793406,6.377776736469233
DoE1_R1,5.580580580580581,14.556720508223645,43.01128038900697,6.383577408944866
DoE1_R1,5.593093093093094,14.66907539996773,43.01967037967134,6.389342732276655
DoE1_R1,5.605605605605606,14.781869666680324,43.027928517325606,6.395072705824577
DoE1_R1,5.618118118118119,14.895103613418389,43.03605483936818,6.400767328948616
DoE1_R1,5.630630630630631,15.008777545238884,43.0440493831975,6.406426601008752
DoE1_R1,5.643143143143144,15.122891767198784,43.05191218621199,6.412050521364964
DoE1_R1,5.655655655655656,15.237446584355045,43.05964328581006,6.417639089377233
DoE1_R1,5.668168168168169,15.352442301764633,43.067242719390144,6.42319230440554
DoE1_R1,5.680680680680681,15.467879224484513,43.07471052435066,6.428710165809865
DoE1_R1,5.693193193193194,15.583757657571644,43.08204673809004,6.434192672950189
DoE1_R1,5.705705705705706,15.700077906083,43.08925139800671,6.439639825186493
DoE1_R1,5.718218218218219,15.816796434839397,43.09633697546601,6.4450505881491855
DoE1_R1,5.730730730730731,15.933898971235433,43.1033068324042,6.450424668664742
DoE1_R1,5.743243243243244,16.05143391130625,43.110146966898704,6.455763225322361
DoE1_R1,5.755755755755756,16.169401255051856,43.116857378949504,6.461066258122043
DoE1_R1,5.768268268268269,16.287801002472243,43.12343806855662,6.466333767063786
DoE1_R1,5.780780780780781,16.406633153567416,43.12988903572004,6.471565752147593
DoE1_R1,5.793293293293294,16.52589770833737,43.13621028043976,6.476762213373463
DoE1_R1,5.805805805805806,16.64559466678211,43.1424018027158,6.481923150741396
DoE1_R1,5.818318318318319,16.76572402890163,43.14846360254813,6.48704856425139
DoE1_R1,5.830830830830831,16.886285794695937,43.154395679936776,6.492138453903447
DoE1_R1,5.843343343343344,17.00727996416503,43.16019803488173,6.497192819697568
DoE1_R1,5.855855855855856,17.128706537308904,43.16587066738299,6.50221166163375
DoE1_R1,5.868368368368369,17.250565514127562,43.17141357744055,6.507194979711996
DoE1_R1,5.8808808808808815,17.372856894621002,43.17682676505442,6.512142773932304
DoE1_R1,5.893393393393394,17.495580678789228,43.1821102302246,6.517055044294675
DoE1_R1,5.9059059059059065,17.618736866632236,43.18726397295109,6.521931790799108
DoE1_R1,5.918418418418419,17.74232545815003,43.19228799323388,6.526773013445605
DoE1_R1,5.930930930930932,17.866346453342608,43.19718229107297,6.531578712234164
DoE1_R1,5.943443443443444,17.990799852209967,43.201946866468376,6.5363488871647855
DoE1_R1,5.9559559559559565,18.115685654752117,43.206581719420086,6.541083538237469
DoE1_R1,5.968468468468469,18.24100386096904,43.2110868499281,6.545782665452216
DoE1_R1,5.9809809809809815,18.36675447086075,43.21546225799242,6.550446268809026
DoE1_R1,5.993493493493494,18.492937484427248,43.21970794361305,6.5550743483078975
DoE1_R1,6.006006006006007,18.619552901668527,43.22382390678999,6.559666903948833
DoE1_R1,6.018518518518519,18.74660072258459,43.22781014752323,6.56422393573183
DoE1_R1,6.031031031031032,18.87420528353248,43.231671939243576,6.568756479435856
DoE1_R1,6.043543543543544,19.00338765293387,43.23545258813907,6.573355162498272
DoE1_R1,6.056056056056057,19.13302661609947,43.23910454055597,6.577920468753592
DoE1_R1,6.068568568568569,19.26312217302928,43.24262779649426,6.582452398201816
DoE1_R1,6.081081081081082,19.393674323723296,43.24602235595396,6.586950950842946
DoE1_R1,6.093593593593594,19.52468306818152,43.24928821893506,6.591416126676979
DoE1_R1,6.106106106106107,19.65614840640395,43.25242538543757,6.595847925703916
DoE1_R1,6.118618618618619,19.78807033839059,43.25543385546148,6.600246347923758
DoE1_R1,6.131131131131132,19.920448864141434,43.25831362900679,6.604611393336503
DoE1_R1,6.143643643643644,20.05328398365649,43.26106470607351,6.608943061942154
DoE1_R1,6.156156156156157,20.186575696935755,43.26368708666162,6.613241353740707
DoE1_R1,6.168668668668669,20.320324003979223,43.266180770771136,6.617506268732166
DoE1_R1,6.181181181181182,20.454528904786898,43.26854575840206,6.621737806916529
DoE1_R1,6.193693693693694,20.589190399358785,43.270782049554384,6.625935968293796
DoE1_R1,6.206206206206207,20.72430848769488,43.27288964422812,6.630100752863967
DoE1_R1,6.218718718718719,20.85988316979518,43.27486854242324,6.634232160627043
DoE1_R1,6.231231231231232,20.99591444565969,43.27671874413978,6.638330191583022
DoE1_R1,6.243743743743744,21.1324023152884,43.27844024937771,6.642394845731906
DoE1_R1,6.256256256256257,21.269346778681324,43.28003305813705,6.646426123073695
DoE1_R1,6.268768768768769,21.406747835838456,43.281497170417786,6.650424023608387
DoE1_R1,6.281281281281282,21.5446054867598,43.28283258621993,6.6543885473359845
DoE1_R1,6.293793793793794,21.68291973144534,43.28403930554348,6.658319694256485
DoE1_R1,6.306306306306307,21.821690569895093,43.28511732838842,6.66221746436989
DoE1_R1,6.318818818818819,21.960918002109057,43.28606665475478,6.6660818576762
DoE1_R1,6.331331331331332,22.100602028087224,43.28688728464253,6.669912874175414
DoE1_R1,6.343843843843844,22.2407426478296,43.28757921805169,6.6737105138675314
DoE1_R1,6.356356356356357,22.381339861336187,43.28814245498224,6.677474776752554
DoE1_R1,6.368868868868869,22.52239366860698,43.288576995434205,6.681205662830481
DoE1_R1,6.381381381381382,22.66390406964198,43.28888283940757,6.684903172101311
DoE1_R1,6.393893893893894,22.805871064441185,43.28905998690234,6.688567304565046
DoE1_R1,6.406406406406407,22.9482946530046,43.28910843791851,6.692198060221686
DoE1_R1,6.418918918918919,23.091174835332225,43.28902819245608,6.695795439071229
DoE1_R1,6.431431431431432,23.23451161142405,43.288819250515054,6.6993594411136765
DoE1_R1,6.443943943943944,23.378304981280092,43.28848161209544,6.7028900663490285
DoE1_R1,6.456456456456457,23.52255494490034,43.28801527719722,6.706387314777285
DoE1_R1,6.468968968968969,23.66726150228479,43.2874202458204,6.709851186398446
DoE1_R1,6.481481481481482,23.812424653433453,43.28669651796498,6.71328168121251
DoE1_R1,6.493993993993994,23.958044398346324,43.28584409363097,6.716678799219479
DoE1_R1,6.506506506506507,24.1041207370234,43.28486297281837,6.720042540419352
DoE1_R1,6.519019019019019,24.250653669464683,43.28375315552716,6.72337290481213
DoE1_R1,6.531531531531532,24.39764319567017,43.28251464175735,6.726669892397812
DoE1_R1,6.544044044044044,24.545089315639878,43.28114743150896,6.729933503176397
DoE1_R1,6.556556556556557,24.692992029373784,43.279651524781954,6.733163737147888
DoE1_R1,6.569069069069069,24.84135133687189,43.27802692157636,6.736360594312282
DoE1_R1,6.581581581581582,24.99016723813422,43.276273621892166,6.739524074669581
DoE1_R1,6.594094094094094,25.13943973316075,43.27439162572938,6.742654178219784
DoE1_R1,6.606606606606607,25.289168821951485,43.27238093308799,6.7457509049628905
DoE1_R1,6.619119119119119,25.439354504506436,43.270241543968005,6.748814254898902
DoE1_R1,6.631631631631632,25.589996780825583,43.26797345836943,6.751844228027818
DoE1_R1,6.644144144144144,25.741095650908942,43.26557667629224,6.754840824349638
DoE1_R1,6.656656656656657,25.89265111475651,43.26305119773647,6.757804043864362
DoE1_R1,6.6691691691691695,26.04466317236829,43.260397022702094,6.76073388657199
DoE1_R1,6.681681681681682,26.19713182374427,43.25761415118912,6.763630352472523
DoE1_R1,6.6941941941941945,26.350057068884464,43.25470258319756,6.76649344156596
DoE1_R1,6.706706706706707,26.503438907788865,43.25166231872738,6.7693231538523015
DoE1_R1,6.71921921921922,26.65727734045747,43.24849335777862,6.772119489331547
DoE1_R1,6.731731731731732,26.811572366890285,43.24519570035126,6.774882448003696
DoE1_R1,6.7442442442442445,26.966323987087307,43.2417693464453,6.777612029868751
DoE1_R1,6.756756756756757,27.121532201048534,43.23821429606075,6.780308234926708
DoE1_R1,6.7692692692692695,27.27719700877397,43.23453054919759,6.782971063177571
DoE1_R1,6.781781781781782,27.43331841026362,43.23071810585585,6.785600514621337
DoE1_R1,6.794294294294295,27.58989640551747,43.2267769660355,6.788196589258009
DoE1_R1,6.806806806806807,27.74693099453553,43.22270712973656,6.790759287087584
DoE1_R1,6.81931931931932,27.9044221773178,43.21850859695901,6.793288608110063
DoE1_R1,6.831831831831832,28.06236995386428,43.21418136770287,6.795784552325447
DoE1_R1,6.844344344344345,28.22077432417496,43.20972544196814,6.798247119733735
DoE1_R1,6.856856856856857,28.37963528824985,43.2051408197548,6.800676310334927
DoE1_R1,6.86936936936937,28.53895284608895,43.20042750106287,6.803072124129023
DoE1_R1,6.881881881881882,28.69872699769225,43.19558548589234,6.805434561116024
DoE1_R1,6.894394394394395,28.85895774305977,43.190614774243215,6.807763621295928
DoE1_R1,6.906906906906907,29.01964508219149,43.185515366115496,6.810059304668737
DoE1_R1,6.91941941941942,29.18078901508742,43.18028726150917,6.812321611234451
DoE1_R1,6.931931931931932,29.34238954174756,43.17493046042426,6.814550540993069
DoE1_R1,6.944444444444445,29.5044466621719,43.16944496286074,6.81674609394459
DoE1_R1,6.956956956956957,29.666960376360453,43.16383076881863,6.8189082700890165
DoE1_R1,6.96946946946947,29.82993068431321,43.15808787829792,6.821037069426347
DoE1_R1,6.981981981981982,29.99335758603018,43.15221629129861,6.823132491956581
DoE1_R1,6.994494494494495,30.157241081511355,43.14621600782071,6.82519453767972
DoE1_R1,7.007007007007007,30.32158117075674,43.140087027864205,6.827223206595764
DoE1_R1,7.01951951951952,30.486377853766328,43.13382935142911,6.82921849870471
DoE1_R1,7.032032032032032,30.651631130540128,43.12744297851541,6.831180414006562
DoE1_R1,7.044544544544545,30.81734100107813,43.12092790912311,6.833108952501318
DoE1_R1,7.057057057057057,30.98350746538035,43.11428414325222,6.835004114188978
DoE1_R1,7.06956956956957,31.15013052344677,43.10751168090273,6.836865899069543
DoE1_R1,7.082082082082082,31.3172101752774,43.100610522074646,6.838694307143011
DoE1_R1,7.094594594594595,31.484746420872234,43.09358066676796,6.840489338409384
DoE1_R1,7.107107107107107,31.65273926023128,43.08642211498268,6.842250992868661
DoE1_R1,7.11961961961962,31.82118869335453,43.0791348667188,6.843979270520842
DoE1_R1,7.132132132132132,31.99009472024199,43.071718921976334,6.845674171365928
DoE1_R1,7.144644644644645,32.15945734089366,43.06417428075526,6.847335695403918
DoE1_R1,7.157157157157157,32.329276555309534,43.05650094305559,6.848963842634812
DoE1_R1,7.16966966966967,32.49955236348961,43.04869890887732,6.8505586130586105
DoE1_R1,7.182182182182182,32.670284765433905,43.04076817822045,6.852120006675313
DoE1_R1,7.194694694694695,32.8414737611424,43.032708751085,6.85364802348492
DoE1_R1,7.207207207207207,33.013119350615106,43.024520627470935,6.85514266348743
DoE1_R1,7.21971971971972,33.18522153385202,43.01620380737828,6.856603926682846
DoE1_R1,7.232232232232232,33.357780310853144,43.00775829080703,6.8580318130711655
DoE1_R1,7.244744744744745,33.53079568161847,42.99918407775717,6.859426322652389
DoE1_R1,7.257257257257257,33.704267646148004,42.990481168228726,6.860787455426517
DoE1_R1,7.26976976976977,33.87819620444175,42.98164956222168,6.862115211393549
DoE1_R1,7.282282282282282,34.0525813564997,42.97268925973604,6.863409590553486
DoE1_R1,7.294794794794795,34.22742310232186,42.9636002607718,6.864670592906327
DoE1_R1,7.307307307307307,34.40272144190823,42.95438256532896,6.865898218452072
DoE1_R1,7.31981981981982,34.5784763752588,42.94503617340752,6.867092467190721
DoE1_R1,7.332332332332332,34.75485254714934,42.93562821273623,6.868288766503832
DoE1_R1,7.344844844844845,34.93205052557108,42.92624045738685,6.869530273538183
DoE1_R1,7.357357357357357,35.10972000888464,42.91673008501158,6.870741612262067
DoE1_R1,7.36986986986987,35.28786099709004,42.907097095610446,6.8719227826754805
DoE1_R1,7.382382382382382,35.466473490187255,42.89734148918343,6.873073784778426
DoE1_R1,7.394894894894895,35.64555748817631,42.88746326573054,6.874194618570902
DoE1_R1,7.407407407407407,35.82511299105718,42.87746242525177,6.875285284052909
DoE1_R1,7.41991991991992,36.00513999882988,42.86733896774713,6.876345781224448
DoE1_R1,7.432432432432432,36.18563851149442,42.85709289321661,6.877376110085517
DoE1_R1,7.444944944944945,36.36660852905077,42.846724201660216,6.8783762706361165
DoE1_R1,7.4574574574574575,36.54805005149896,42.83623289307795,6.879346262876248
DoE1_R1,7.46996996996997,36.72996307883896,42.8256189674698,6.88028608680591
DoE1_R1,7.482482482482483,36.91234761107082,42.81488242483578,6.881195742425103
DoE1_R1,7.494994994994996,37.09520364819448,42.80402326517588,6.882075229733827
DoE1_R1,7.507507507507508,37.278531190209975,42.7930414884901,6.882924548732082
DoE1_R1,7.520020020020021,37.4623302371173,42.78193709477845,6.883743699419869
DoE1_R1,7.532532532532533,37.646600788916444,42.77071008404093,6.884532681797186
DoE1_R1,7.545045045045046,37.831342845607416,42.75936045627752,6.885291495864034
DoE1_R1,7.557557557557558,38.01655640719022,42.747888211488245,6.8860201416204125
DoE1_R1,7.570070070070071,38.20224147366485,42.73629334967309,6.886718619066323
DoE1_R1,7.582582582582583,38.3883980450313,42.724575870832055,6.887386928201765
DoE1_R1,7.595095095095096,38.57502612128959,42.71273577496515,6.888025069026736
DoE1_R1,7.607607607607608,38.7621257024397,42.700773062072365,6.888633041541239
DoE1_R1,7.620120120120121,38.94969678848163,42.6886877321537,6.889210845745274
DoE1_R1,7.6326326326326335,39.13773937941539,42.67647978520917,6.88975848163884
DoE1_R1,7.645145145145146,39.32625347524099,42.66414922123876,6.890275949221936
DoE1_R1,7.657657657657658,39.515239075958405,42.65169604024247,6.8907632484945625
DoE1_R1,7.670170170170171,39.704696181567655,42.6391202422203,6.891220379456721
DoE1_R1,7.6826826826826835,39.894624792068726,42.626421827172265,6.89164734210841
DoE1_R1,7.695195195195196,40.08502490746163,42.61360079509835,6.892044136449631
DoE1_R1,7.7077077077077085,40.27589652774636,42.60065714599856,6.892410762480381
DoE1_R1,7.720220220220221,40.467239652922906,42.58759087987288,6.892747220200664
DoE1_R1,7.732732732732733,40.65905428299129,42.57440199672134,6.893053509610477
DoE1_R1,7.745245245245246,40.8513404179515,42.56109049654392,6.893329630709821
DoE1_R1,7.7577577577577586,41.04409805780353,42.54765637934062,6.893575583498697
DoE1_R1,7.770270270270271,41.2373272025474,42.534099645111446,6.893791367977102
DoE1_R1,7.782782782782784,41.431027852183085,42.5204202938564,6.89397698414504
DoE1_R1,7.795295295295296,41.62520000671061,42.506618325575474,6.894132432002508
DoE1_R1,7.807807807807809,41.81984366612995,42.49269374026867,6.894257711549508
DoE1_R1,7.820320320320321,42.01495883044112,42.478646537936,6.894352822786038
DoE1_R1,7.832832832832834,42.21054549964412,42.46447671857744,6.894417765712099
DoE1_R1,7.845345345345346,42.40660367373894,42.45018428219301,6.894452540327691
DoE1_R1,7.857857857857859,42.6031333527256,42.43576922878271,6.894457146632814
DoE1_R1,7.870370370370371,42.80013453660408,42.42123155834653,6.894431584627469
DoE1_R1,7.882882882882884,42.99760722537438,42.40657127088447,6.894375854311655
DoE1_R1,7.895395395395396,43.19555141903652,42.39178836639653,6.8942899556853705
DoE1_R1,7.907907907907909,43.39396711759048,42.37688284488272,6.894173888748618
DoE1_R1,7.920420420420421,43.59285432103627,42.36185470634304,6.8940276535013965
DoE1_R1,7.932932932932934,43.79221302937388,42.346703950777474,6.8938512499437055
DoE1_R1,7.945445445445446,43.99204324260333,42.33143057818604,6.893644678075546
DoE1_R1,7.957957957957959,44.1923449607246,42.31603458856872,6.893407937896917
DoE1_R1,7.970470470470471,44.39311818373769,42.30051598192553,6.893141029407819
DoE1_R1,7.982982982982984,44.59436291164262,42.284874758256464,6.892843952608253
DoE1_R1,7.995495495495496,44.79607914443937,42.26911091756152,6.892516707498217
DoE1_R1,8.008008008008009,44.99826688212795,42.2532244598407,6.892159294077713
DoE1_R1,8.02052052052052,45.20092612470834,42.23721538509401,6.891771712346739
DoE1_R1,8.033033033033034,45.40405687218059,42.22108369332144,6.891353962305296
DoE1_R1,8.045545545545545,45.60765912454463,42.20482938452299,6.890906043953385
DoE1_R1,8.058058058058059,45.81173288180054,42.18845245869866,6.8904279572910045
DoE1_R1,8.07057057057057,46.01627814394824,42.17195291584847,6.889919702318155
DoE1_R1,8.083083083083084,46.221294910987794,42.15533075597239,6.889381279034836
DoE1_R1,8.095595595595595,46.426783182919145,42.13858597907044,6.888812687441049
DoE1_R1,8.108108108108109,46.63274295974236,42.12171858514261,6.888213927536792
DoE1_R1,8.12062062062062,46.83917424145736,42.10472857418891,6.887584999322066
DoE1_R1,8.133133133133134,47.04607702806423,42.087615946209326,6.886925902796872
DoE1_R1,8.145645645645645,47.25345131956289,42.070380701203874,6.8862366379612086
DoE1_R1,8.158158158158159,47.46129711595341,42.05302283917254,6.885517204815075
DoE1_R1,8.17067067067067,47.66961441723573,42.035542360115336,6.884767603358474
DoE1_R1,8.183183183183184,47.878403223409904,42.01793926403225,6.883987833591403
DoE1_R1,8.195695695695695,48.08766353447587,42.00021355092329,6.883177895513864
DoE1_R1,8.208208208208209,48.294260912556496,41.98300514849343,6.882482988122942
DoE1_R1,8.22072072072072,48.50075684749846,41.96579110226624,6.881784453537588
DoE1_R1,8.233233233233234,48.70756502356518,41.94848695434796,6.881063128340784
DoE1_R1,8.245745745745745,48.91468544075661,41.93109270473862,6.880319012532531
DoE1_R1,8.258258258258259,49.1221180990728,41.91360835343818,6.879552106112829
DoE1_R1,8.27077077077077,49.32986299851369,41.89603390044665,6.878762409081678
DoE1_R1,8.283283283283284,49.53792013907933,41.87836934576405,6.877949921439077
DoE1_R1,8.295795795795796,49.746289520769686,41.86061468939036,6.8771146431850285
DoE1_R1,8.308308308308309,49.95497114358479,41.84276993132559,6.87625657431953
DoE1_R1,8.32082082082082,50.1639650075246,41.82483507156974,6.875375714842583
DoE1_R1,8.333333333333334,50.37327111258917,41.8068101101228,6.874472064754187
DoE1_R1,8.345845845845846,50.582889458778446,41.78869504698477,6.8735456240543416
DoE1_R1,8.358358358358359,50.79282004609247,41.77048988215567,6.872596392743047
DoE1_R1,8.37087087087087,51.00306287453121,41.752194615635474,6.871624370820304
DoE1_R1,8.383383383383384,51.2136179440947,41.7338092474242,6.870629558286112
DoE1_R1,8.395895895895896,51.424485254782894,41.71533377752184,6.86961195514047
DoE1_R1,8.408408408408409,51.63566480659584,41.6967682059284,6.868571561383379
DoE1_R1,8.42092092092092,51.8471565995335,41.67811253264388,6.86750837701484
DoE1_R1,8.433433433433434,52.05896063359592,41.659366757668266,6.866422402034851
DoE1_R1,8.445945945945946,52.27107690878303,41.64053088100157,6.865313636443413
DoE1_R1,8.458458458458459,52.4835054250949,41.6216049026438,6.864182080240527
DoE1_R1,8.47097097097097,52.69624618253148,41.60258882259494,6.863027733426191
DoE1_R1,8.483483483483484,52.90929918109281,41.583482640855,6.861850596000406
DoE1_R1,8.495995995995996,53.12266442077885,41.56428635742397,6.8606506679631725
DoE1_R1,8.508508508508509,53.33634190158965,41.54499997230186,6.859427949314489
DoE1_R1,8.52102102102102,53.550331623525146,41.525623485488666,6.858182440054358
DoE1_R1,8.533533533533534,53.76463358658541,41.50615689698439,6.856914140182776
DoE1_R1,8.546046046046047,53.9792477907704,41.48660020678903,6.855623049699746
DoE1_R1,8.558558558558559,54.19417423608008,41.46695341490258,6.854309168605267
DoE1_R1,8.571071071071072,54.40941292251453,41.44721652132505,6.85297249689934
DoE1_R1,8.583583583583584,54.62496385007368,41.42738952605645,6.851613034581963
DoE1_R1,8.596096096096097,54.8408270187576,41.40747242909674,6.850230781653136
DoE1_R1,8.608608608608609,55.05700242856621,41.38746523044597,6.848825738112861
DoE1_R1,8.621121121121122,55.27349007949957,41.3673679301041,6.847397903961136
DoE1_R1,8.633633633633634,55.49028997155765,41.34718052807116,6.845947279197963
DoE1_R1,8.646146146146148,55.70740210474048,41.326903024347125,6.844473863823341
DoE1_R1,8.65865865865866,55.924826479048015,41.30653541893201,6.842977657837269
DoE1_R1,8.671171171171173,56.14256309448031,41.28607771182581,6.841458661239749
DoE1_R1,8.683683683683684,56.3606119510373,41.26552990302853,6.83991687403078
DoE1_R1,8.696196196196198,56.57897304871906,41.24489199254016,6.838352296210361
DoE1_R1,8.70870870870871,56.79764638752551,41.22416398036072,6.836764927778494
DoE1_R1,8.721221221221223,57.01663196745673,41.20334586649018,6.835154768735177
DoE1_R1,8.733733733733734,57.23592978851264,41.18243765092857,6.833521819080412
DoE1_R1,8.746246246246248,57.45531223311359,41.16148646377869,6.831874860357617
DoE1_R1,8.75875875875876,57.67254153575161,41.14095565290055,6.830300226122377
DoE1_R1,8.771271271271273,57.88996330454543,41.120359540729474,6.828707422224087
DoE1_R1,8.783783783783784,58.107577539494976,41.09969812726547,6.827096448662747
DoE1_R1,8.796296296296298,58.32538424060032,41.07897141250852,6.825467305438357
DoE1_R1,8.80880880880881,58.54338340786138,41.05817939645864,6.823819992550916
DoE1_R1,8.821321321321323,58.76157504127824,41.03732207911582,6.822154510000426
DoE1_R1,8.833833833833834,58.97995914085083,41.01639946048006,6.820470857786886
DoE1_R1,8.846346346346348,59.19853570657921,40.995411540551366,6.818769035910296
DoE1_R1,8.85885885885886,59.41730473846332,40.97435831932974,6.817049044370656
DoE1_R1,8.871371371371373,59.636266236503225,40.95323979681517,6.815310883167966
DoE1_R1,8.883883883883884,59.85542020069886,40.93205597300767,6.813554552302225
DoE1_R1,8.896396396396398,60.07476663105028,40.91080684790722,6.811780051773435
DoE1_R1,8.90890890890891,60.29430552755744,40.88949242151385,6.809987381581594
DoE1_R1,8.921421421421423,60.51403689022038,40.868112693827534,6.808176541726704
DoE1_R1,8.933933933933934,60.73396071903906,40.84666766484829,6.806347532208764
DoE1_R1,8.946446446446448,60.95407701401352,40.8251573345761,6.804500353027773
DoE1_R1,8.95895895895896,61.17438577514372,40.80358170301098,6.802635004183733
DoE1_R1,8.971471471471473,61.39488700242971,40.781940770152914,6.800751485676642
DoE1_R1,8.983983983983984,61.61558069587143,40.76023453600192,6.798849797506502
DoE1_R1,8.996496496496498,61.83646685546894,40.73846300055799,6.796929939673311
DoE1_R1,9.00900900900901,62.05754548122218,40.71662616382112,6.794991912177071
DoE1_R1,9.021521521521525,62.278816573131216,40.6947240257913,6.79303571501778
DoE1_R1,9.034034034034034,62.50028013119598,40.672756586468566,6.79106134819544
DoE1_R1,9.046546546546548,62.72193615541653,40.65072384585288,6.789068811710049
DoE1_R1,9.05905905905906,62.94378464579281,40.62862580394427,6.787058105561608
DoE1_R1,9.071571571571573,63.16582560232489,40.60646246074271,6.785029229750117
DoE1_R1,9.084084084084084,63.38805902501269,40.584233816248215,6.782982184275577
DoE1_R1,9.096596596596598,63.61048491385629,40.56193987046079,6.780916969137986
DoE1_R1,9.10910910910911,63.833103268855616,40.53958062338042,6.778833584337345
DoE1_R1,9.121621621621625,64.05591409001073,40.51715607500712,6.776732029873655
DoE1_R1,9.134134134134134,64.27891737732159,40.494666225340886,6.774612305746913
DoE1_R1,9.146646646646648,64.50211313078823,40.47211107438171,6.7724744119571225
DoE1_R1,9.15915915915916,64.7255013504106,40.4494906221296,6.770318348504282
DoE1_R1,9.171671671671673,64.94908203618876,40.42680486858455,6.768144115388391
DoE1_R1,9.184184184184184,65.17285518812265,40.404053813746565,6.76595171260945
DoE1_R1,9.196696696696698,65.39682080621233,40.38123745761564,6.763741140167459
DoE1_R1,9.20920920920921,65.62097889045775,40.35835580019178,6.761512398062418
DoE1_R1,9.221721721721725,65.84532944085895,40.33540884147499,6.759265486294328
DoE1_R1,9.234234234234236,66.06987245741588,40.31239658146526,6.757000404863186
DoE1_R1,9.246746746746748,66.29460794012861,40.28931902016259,6.754717153768995
DoE1_R1,9.25925925925926,66.51953588899707,40.26617615756698,6.7524157330117545
DoE1_R1,9.271771771771771,66.74465630402132,40.242967993678434,6.750096142591463
DoE1_R1,9.284284284284285,66.9699691852013,40.21969452849696,6.747758382508122
DoE1_R1,9.296796796796798,67.19514921221334,40.19642862536692,6.745419217229727
DoE1_R1,9.30930930930931,67.41968420141954,40.17328500018546,6.743105040699656
DoE1_R1,9.321821821821825,67.64433391292256,40.15009348632613,6.740776700817671
DoE1_R1,9.334334334334336,67.86909662239992,40.12685446999258,6.738434286441878
DoE1_R1,9.346846846846848,68.09397060552935,40.10356833738845,6.73607788643038
DoE1_R1,9.35935935935936,68.31895413798838,40.080235474717405,6.733707589641282
DoE1_R1,9.371871871871871,68.5440454954547,40.05685626818306,6.731323484932688
DoE1_R1,9.384384384384385,68.76924295360587,40.03343110398909,6.728925661162704
DoE1_R1,9.396896896896898,68.99454478811958,40.00996036833912,6.726514207189432
DoE1_R1,9.40940940940941,69.2199492746734,39.98644444743681,6.724089211870979
DoE1_R1,9.421921921921925,69.445454688945,39.9628837274858,6.721650764065447
DoE1_R1,9.434434434434436,69.67105930661194,39.93927859468974,6.719198952630942
DoE1_R1,9.446946946946948,69.89676140335192,39.91562943525227,6.716733866425567
DoE1_R1,9.45945945945946,70.12255925484249,39.89193663537704,6.714255594307429
DoE1_R1,9.471971971971971,70.34845113676134,39.8682005812677,6.71176422513463
DoE1_R1,9.484484484484485,70.57443532478602,39.84442165912789,6.709259847765276
DoE1_R1,9.496996996996998,70.80051009459423,39.82060025516125,6.70674255105747
DoE1_R1,9.50950950950951,71.02667372186352,39.796736755571445,6.7042124238693175
DoE1_R1,9.522022022022025,71.25292448227158,39.77283154656211,6.701669555058923
DoE1_R1,9.534534534534536,71.47926065149598,39.748885014336885,6.69911403348439
DoE1_R1,9.547047047047048,71.70568050521439,39.724897545099424,6.696545948003824
DoE1_R1,9.55955955955956,71.93218231910437,39.70086952505337,6.693965387475329
DoE1_R1,9.572072072072071,72.15876436884362,39.67680134040238,6.691372440757009
DoE1_R1,9.584584584584585,72.38542493010969,39.65269337735008,6.688767196706969
DoE1_R1,9.597097097097098,72.61216227858027,39.62854602210013,6.6861497441833135
DoE1_R1,9.60960960960961,72.83897468993291,39.604359660856176,6.683520172044147
DoE1_R1,9.622122122122123,73.06586043984532,39.58013467982185,6.680878569147573
DoE1_R1,9.634634634634637,73.29281780399504,39.55587146520082,6.678225024351697
DoE1_R1,9.647147147147148,73.51984505805976,39.53157040319672,6.675559626514623
DoE1_R1,9.65965965965966,73.74694047771703,39.5072318800132,6.672882464494456
DoE1_R1,9.672172172172171,73.97410233864456,39.48285628185389,6.670193627149299
DoE1_R1,9.684684684684685,74.2013289165199,39.45844399492246,6.6674932033372585
DoE1_R1,9.697197197197198,74.42861848702073,39.43399540542254,6.6647812819164365
DoE1_R1,9.70970970970971,74.6559693258246,39.4095108995578,6.66205795174494
DoE1_R1,9.722222222222223,74.88337970860923,39.38499086353185,6.659323301680871
DoE1_R1,9.734734734734737,75.11084791105213,39.36043568354835,6.6565774205823365
DoE1_R1,9.747247247247248,75.33837220883105,39.33584574581096,6.653820397307438
DoE1_R1,9.75975975975976,75.5659508776235,39.31122143652331,6.651052320714283
DoE1_R1,9.772272272272271,75.79358219310717,39.28656314188906,6.648273279660973
DoE1_R1,9.784784784784785,76.02126443095965,39.261871248111845,6.645483363005615
DoE1_R1,9.797297297297298,76.2489958668586,39.237146141395314,6.642682659606312
DoE1_R1,9.80980980980981,76.47677477648159,39.21238820794312,6.639871258321169
DoE1_R1,9.822322322322323,76.7045994355063,39.18759783395889,6.6370492480082905
DoE1_R1,9.834834834834837,76.93246811961029,39.162775405646286,6.6342167175257805
DoE1_R1,9.847347347347348,77.1648645977559,39.13721908298337,6.63124937701929
DoE1_R1,9.85985985985986,77.40225885259521,39.11085540410685,6.628134235334889
DoE1_R1,9.872372372372372,77.64027737628979,39.0843691796176,6.624992606973068
DoE1_R1,9.884884884884883,77.87893053872855,39.05775890231048,6.6218242454302825
DoE1_R1,9.897397397397398,78.11822870980059,39.03102306498034,6.618628904202983
DoE1_R1,9.90990990990991,78.3581822593948,39.00416016042205,6.615406336787623
DoE1_R1,9.922422422422423,78.59880155740024,38.97716868143046,6.612156296680654
DoE1_R1,9.934934934934937,78.84009697370585,38.95004712080044,6.608878537378528
DoE1_R1,9.947447447447448,79.0820788782007,38.92279397132684,6.605572812377698
DoE1_R1,9.95995995995996,79.32475764077373,38.89540772580452,6.602238875174617
DoE1_R1,9.972472472472472,79.56814363131396,38.867886877028326,6.598876479265735
DoE1_R1,9.984984984984983,79.81224721971034,38.84022991779313,6.595485378147507
DoE1_R1,9.997497497497498,80.05707877585192,38.81243534089379,6.592065325316384
DoE1_R1,10.01001001001001,80.30264866962766,38.78450163912516,6.588616074268818
DoE1_R1,10.022522522522523,80.54896727092658,38.7564273052821,6.585137378501262
DoE1_R1,10.035035035035037,80.79604494963765,38.72821083215948,6.581628991510168
DoE1_R1,10.047547547547548,81.0438920756499,38.69985071255213,6.578090666791988
DoE1_R1,10.06006006006006,81.29251901885225,38.67134543925493,6.574522157843175
DoE1_R1,10.072572572572572,81.54193614913379,38.64269350506273,6.570923218160181
DoE1_R1,10.085085085085083,81.79215383638343,38.6138934027704,6.5672936012394585
DoE1_R1,10.097597597597598,82.04318245049025,38.584943625172784,6.563633060577459
DoE1_R1,10.11011011011011,82.29503236134315,38.555842665064745,6.559941349670636
DoE1_R1,10.122622622622623,82.54771393883122,38.52658901524114,6.556218222015441
DoE1_R1,10.135135135135137,82.80123755284336,38.49718116849684,6.552463431108327
DoE1_R1,10.147647647647648,83.05561357326866,38.467617617626686,6.548676730445745
DoE1_R1,10.16016016016016,83.31085236999601,38.43789685542554,6.544857873524149
DoE1_R1,10.172672672672672,83.56696431291451,38.40801737468827,6.541006613839991
DoE1_R1,10.185185185185183,83.82395977191307,38.37797766820973,6.537122704889722
DoE1_R1,10.1976976976977,84.08184911688076,38.34777622878476,6.533205900169795
DoE1_R1,10.21021021021021,84.34064271770649,38.31741154920825,6.529255953176664
DoE1_R1,10.222722722722724,84.60035094427933,38.28688212227503,6.525272617406778
DoE1_R1,10.235235235235235,84.86098416648821,38.25618644077999,6.521255646356592
DoE1_R1,10.247747747747749,85.1225527542222,38.22532299751795,6.517204793522557
DoE1_R1,10.26026026026026,85.38506707737022,38.1942902852838,6.513119812401127
DoE1_R1,10.272772772772774,85.64853750582132,38.16308679687238,6.509000456488751
DoE1_R1,10.285285285285283,85.91297440946445,38.13171102507855,6.504846479281885
DoE1_R1,10.2977977977978,86.17838815818865,38.10016146269717,6.500657634276979
DoE1_R1,10.31031031031031,86.44478912188286,38.06843660252312,6.496433674970486
DoE1_R1,10.322822822822824,86.71218767043615,38.03653493735122,6.492174354858859
DoE1_R1,10.335335335335335,86.98059417373742,38.00445495997635,6.48787942743855
DoE1_R1,10.347847847847849,87.25001900167575,37.97219516319337,6.4835486462060095
DoE1_R1,10.36036036036036,87.52047252414008,37.93975403979714,6.479181764657692
DoE1_R1,10.372872872872874,87.79196511101945,37.9071300825825,6.474778536290049
DoE1_R1,10.385385385385383,88.06450713220279,37.874321784344325,6.470338714599533
DoE1_R1,10.3978978978979,88.33810895757917,37.84132763787746,6.4658620530825965
DoE1_R1,10.41041041041041,88.6127809570375,37.808146135976784,6.461348305235692
DoE1_R1,10.422922922922924,88.88853350046688,37.77477577143714,6.45679722455527
DoE1_R1,10.435435435435435,89.15876882821406,37.74222641893301,6.452382632452775
DoE1_R1,10.447947947947949,89.42496070605155,37.71027259682447,6.448065734410636
DoE1_R1,10.46046046046046,89.69153834462522,37.678236489210846,6.443729885118003
DoE1_R1,10.472972972972974,89.95849714626073,37.6461188796899,6.439375232339104
DoE1_R1,10.485485485485484,90.22583251328363,37.613920551859415,6.435001923838169
DoE1_R1,10.497997997998,90.49353984801968,37.58164228931715,6.4306101073794295
DoE1_R1,10.51051051051051,90.7616145527943,37.54928487566088,6.4261999307271145
DoE1_R1,10.523023023023024,91.03005202993326,37.51684909448837,6.421771541645454
DoE1_R1,10.535535535535535,91.29884768176208,37.48433572939738,6.417325087898679
DoE1_R1,10.548048048048049,91.56799691060644,37.45174556398569,6.412860717251019
DoE1_R1,10.56056056056056,91.83749511879192,37.41907938185106,6.408378577466705
DoE1_R1,10.573073073073074,92.10733770864417,37.38633796659126,6.403878816309965
DoE1_R1,10.585585585585584,92.37752008248872,37.35352210180407,6.399361581545032
DoE1_R1,10.5980980980981,92.6480376426513,37.32063257108724,6.394827020936132
DoE1_R1,10.61061061061061,92.91888579145744,37.287670158038544,6.3902752822475
DoE1_R1,10.623123123123124,93.1900599312328,37.25463564625576,6.385706513243363
DoE1_R1,10.635635635635635,93.46155546430292,37.22152981933664,6.381120861687952
DoE1_R1,10.648148148148149,93.73336779299356,37.188353460878965,6.376518475345497
DoE1_R1,10.66066066066066,94.00549231963018,37.1551073544805,6.371899501980228
DoE1_R1,10.673173173173174,94.27792444653852,37.121792283739005,6.367264089356375
DoE1_R1,10.685685685685687,94.55065957604413,37.08840903225226,6.362612385238168
DoE1_R1,10.6981981981982,94.8236931104726,37.05495838361803,6.357944537389838
DoE1_R1,10.710710710710712,95.0970204521496,37.02144112143407,6.353260693575614
DoE1_R1,10.723223223223224,95.3706370034007,36.987858029298174,6.348561001559728
DoE1_R1,10.735735735735735,95.64453816655158,36.95420989080809,6.343845609106407
DoE1_R1,10.748248248248249,95.91871934392778,36.9204974895616,6.339114663979884
DoE1_R1,10.760760760760762,96.193175937855,36.88672160915645,6.334368313944387
DoE1_R1,10.773273273273274,96.46790335065872,36.85288303319043,6.329606706764149
DoE1_R1,10.785785785785787,96.74289698466472,36.8189825452613,6.324829990203396
DoE1_R1,10.7982982982983,97.01815224219848,36.78502092896683,6.3200383120263615
DoE1_R1,10.810810810810812,97.29366452558573,36.75099896790479,6.3152318199972735
DoE1_R1,10.823323323323324,97.56942923715197,36.71691744567294,6.310410661880364
DoE1_R1,10.835835835835836,97.84544177922288,36.68277714586905,6.30557498543986
DoE1_R1,10.848348348348347,98.12169755412404,36.6485788520909,6.300724938439997
DoE1_R1,10.860860860860862,98.39819196418117,36.61432334793624,6.295860668644999
DoE1_R1,10.873373373373374,98.67492041171974,36.58001141700286,6.2909823238191
DoE1_R1,10.885885885885887,98.95187829906546,36.54564384288851,6.286090051726529
DoE1_R1,10.8983983983984,99.22906102854388,36.51122140919096,6.281184000131517
DoE1_R1,10.910910910910912,99.5064640024807,36.47674489950799,6.276264316798291
DoE1_R1,10.923423423423424,99.78408262320144,36.44221509743736,6.271331149491085
DoE1_R1,10.935935935935936,100.0619122930318,36.407632786576826,6.266384645974127
DoE1_R1,10.948448448448447,100.33994841429733,36.37299875052418,6.261424954011648
DoE1_R1,10.960960960960962,100.6181863893237,36.33831377287718,6.256452221367877
DoE1_R1,10.973473473473474,100.89662162043643,36.30357863723359,6.251466595807045
DoE1_R1,10.985985985985987,101.17524950996128,36.26879412719119,6.246468225093382
DoE1_R1,10.9984984984985,101.45406546022376,36.23396102634773,6.241457256991118
DoE1_R1,11.011011011011012,101.73306487354952,36.19908011830098,6.236433839264483
DoE1_R1,11.023523523523524,102.0102630505068,36.16445694419582,6.231453533650361
DoE1_R1,11.036036036036036,102.28656468300544,36.12995233883079,6.226491041065131
DoE1_R1,11.048548548548547,102.56284825881748,36.0954311700844,6.221521795758881
DoE1_R1,11.061061061061062,102.83910531684424,36.06089481617423,6.216546053615378
DoE1_R1,11.073573573573574,103.11532739598712,36.02634465531784,6.211564070518391
DoE1_R1,11.086086086086087,103.39150603514746,35.991782065732785,6.206576102351686
DoE1_R1,11.0985985985986,103.6676327732266,35.95720842563664,6.201582404999033
DoE1_R1,11.111111111111112,103.9436991491259,35.92262511324695,6.196583234344197
DoE1_R1,11.123623623623624,104.21969670174671,35.8880335067813,6.191578846270948
DoE1_R1,11.136136136136138,104.49561696999044,35.85343498445723,6.186569496663052
DoE1_R1,11.14864864864865,104.77145149275836,35.818830924492325,6.181555441404277
DoE1_R1,11.161161161161164,105.04719180895188,35.784222705104135,6.176536936378391
DoE1_R1,11.173673673673674,105.32282945747228,35.74961170451023,6.171514237469163
DoE1_R1,11.186186186186188,105.59835597722105,35.71499930092816,6.166487600560358
DoE1_R1,11.1986986986987,105.8737629070994,35.68038687257552,6.161457281535746
DoE1_R1,11.211211211211213,106.14904178600878,35.645775797669835,6.156423536279093
DoE1_R1,11.223723723723724,106.42418415285049,35.611167454428696,6.151386620674168
DoE1_R1,11.236236236236238,106.69918154652592,35.57656322106964,6.1463467906047375
DoE1_R1,11.24874874874875,106.97402550593638,35.54196447581026,6.1413043019545706
DoE1_R1,11.261261261261264,107.24870756998332,35.5073725968681,6.136259410607433
DoE1_R1,11.273773773773774,107.52321927756796,35.47278896246073,6.131212372447095
DoE1_R1,11.286286286286288,107.79755216759176,35.43821495080571,6.1261634433573215
DoE1_R1,11.2987987987988,108.071697778956,35.40365194012061,6.121112879221883
DoE1_R1,11.311311311311313,108.34564765056211,35.36910130862298,6.116060935924544
DoE1_R1,11.323823823823824,108.61939332131136,35.3345644345304,6.111007869349075
DoE1_R1,11.336336336336338,108.8929263301052,35.300042696060416,6.105953935379242
DoE1_R1,11.34884884884885,109.16623821584488,35.265537471430605,6.100899389898815
DoE1_R1,11.361361361361364,109.43932051743184,35.23105013885852,6.095844488791557
DoE1_R1,11.373873873873874,109.71216477376738,35.19658207656173,6.090789487941241
DoE1_R1,11.386386386386388,109.9847625237529,35.1621346627578,6.085734643231631
DoE1_R1,11.3988988988989,110.2571053062897,35.127709275664294,6.080680210546497
DoE1_R1,11.411411411411413,110.5291846602792,35.09330729349877,6.075626445769604
DoE1_R1,11.423923923923924,110.80099212462268,35.0589300944788,6.070573604784723
DoE1_R1,11.436436436436438,111.07251923822156,35.02457905682193,6.065521943475619
DoE1_R1,11.44894894894895,111.34375753997712,34.99025555874574,6.060471717726061
DoE1_R1,11.461461461461464,111.6146985687908,34.95596097846778,6.055423183419816
DoE1_R1,11.473973973973974,111.88533386356389,34.92169669420563,6.050376596440653
DoE1_R1,11.486486486486488,112.15565496319778,34.887464084176834,6.045332212672339
DoE1_R1,11.498998998999,112.42565340659378,34.85326452659897,6.040290287998641
DoE1_R1,11.511511511511513,112.69532073265331,34.81909939968959,6.035251078303326
DoE1_R1,11.524024024024024,112.96464848027766,34.78497008166627,6.030214839470164
DoE1_R1,11.536536536536538,113.23362818836826,34.75087795074657,6.02518182738292
DoE1_R1,11.54904904904905,113.50225139582636,34.71682438514805,6.020152297925365
DoE1_R1,11.561561561561565,113.77050964155342,34.68281076308826,6.015126506981264
DoE1_R1,11.574074074074074,114.0383944644507,34.648838462784795,6.010104710434386
DoE1_R1,11.586586586586588,114.30589740341964,34.61490886245519,6.005087164168497
DoE1_R1,11.5990990990991,114.57300999736152,34.58102334031702,6.000074124067368
DoE1_R1,11.611611611611613,114.8404424352787,34.54707469225574,5.995039051943127
DoE1_R1,11.624124124124124,115.10778415975994,34.51312505005355,5.989997195394412
DoE1_R1,11.636636636636638,115.37483906674515,34.47920414329166,5.984955806364608
DoE1_R1,11.64914914914915,115.6416040980386,34.44531253385185,5.979914939296244
DoE1_R1,11.661661661661665,115.90807619544458,34.41145078361588,5.974874648631846
DoE1_R1,11.674174174174174,116.17425230076734,34.37761945446553,5.969834988813941
DoE1_R1,11.686686686686688,116.4401293558112,34.34381910828256,5.964796014285054
DoE1_R1,11.6991991991992,116.70570430238044,34.31005030694875,5.959757779487713
DoE1_R1,11.711711711711713,116.97097408227934,34.27631361234586,5.954720338864445
DoE1_R1,11.724224224224224,117.23593563731217,34.24260958635568,5.949683746857777
DoE1_R1,11.736736736736738,117.50058590928327,34.208938790859946,5.944648057910233
DoE1_R1,11.74924924924925,117.76492183999684,34.17530178774046,5.939613326464343
DoE1_R1,11.761761761761765,118.02894037125726,34.14169913887896,5.934579606962632
DoE1_R1,11.774274274274276,118.29263844486874,34.108131406157256,5.929546953847626
DoE1_R1,11.786786786786788,118.55601300263562,34.07459915145708,5.924515421561853
DoE1_R1,11.7992992992993,118.81906098636212,34.041102936660224,5.91948506454784
DoE1_R1,11.811811811811811,119.0817793378526,34.00764332364845,5.914455937248112
DoE1_R1,11.824324324324325,119.3441649989113,33.97422087430353,5.9094280941051975
DoE1_R1,11.836836836836838,119.60621491134252,33.94083615050723,5.904401589561622
DoE1_R1,11.84934934934935,119.86792601695052,33.90748971414133,5.899376478059912
DoE1_R1,11.861861861861865,120.12929525753968,33.874182127087586,5.894352814042595
DoE1_R1,11.874374374374376,120.39031957491412,33.840913951227776,5.889330651952197
DoE1_R1,11.886886886886888,120.6513339039566,33.80763340341724,5.884307781781647
DoE1_R1,11.8993993993994,120.91223536942296,33.77435650421537,5.8792849267169744
DoE1_R1,11.911911911911911,121.17289461233696,33.74110337572016,5.874262987377062
DoE1_R1,11.924424424424425,121.43331587836872,33.70787344866284,5.869241969270784
DoE1_R1,11.936936936936938,121.69350341318868,33.67466615377461,5.864221877907012
DoE1_R1,11.94944944944945,121.953461462467,33.6414809217867,5.859202718794619
DoE1_R1,11.961961961961965,122.21319427187406,33.60831718343031,5.854184497442477
DoE1_R1,11.974474474474476,122.47270608708004,33.57517436943666,5.849167219359459
DoE1_R1,11.986986986986988,122.73200115375532,33.542051910536955,5.844150890054436
DoE1_R1,11.9994994994995,122.99108371757008,33.508949237462424,5.839135515036284
DoE1_R1,12.012012012012011,123.24995802419473,33.47586578094427,5.834121099813871
DoE1_R1,12.024524524524525,123.50862831929938,33.44280097171371,5.8291076498960726
DoE1_R1,12.037037037037038,123.76709884855448,33.409754240501954,5.824095170791759
DoE1_R1,12.04954954954955,124.02144744145326,33.37732187151222,5.8191878311535445
DoE1_R1,12.062062062062065,124.21452011800864,33.35419190205741,5.815901976125942
DoE1_R1,12.074574574574577,124.38815162223166,33.33400512001341,5.813127897928385
DoE1_R1,12.087087087087088,124.5405238323397,33.31703797370015,5.810913947307335
DoE1_R1,12.0995995995996,124.66981862655,33.303566911437535,5.8093084750092565
DoE1_R1,12.112112112112111,124.77421788307996,33.29386838154549,5.80835983178061
DoE1_R1,12.124624624624625,124.85190348014682,33.28821883234392,5.80811636836786
DoE1_R1,12.137137137137138,124.90105729596792,33.286894712152744,5.808626435517468
DoE1_R1,12.14964964964965,124.9198612087606,33.29017246929188,5.809938383975895
DoE1_R1,12.162162162162163,124.90649709674211,33.29832855208124,5.812100564489606
DoE1_R1,12.174674674674677,124.88751816345057,33.30733225928443,5.814408951711303
DoE1_R1,12.187187187187188,124.86999749553564,33.31611023395063,5.816676111397015
DoE1_R1,12.1996996996997,124.83800782850506,33.32708088241812,5.819324553115828
DoE1_R1,12.212212212212211,124.79245015173966,33.34010785528555,5.822330519800677
DoE1_R1,12.224724724724725,124.73422545462029,33.355054803151575,5.8256702543845
DoE1_R1,12.237237237237238,124.6642347265278,33.371785376614845,5.829319999800232
DoE1_R1,12.24974974974975,124.58337895684302,33.390163226274005,5.833255998980808
DoE1_R1,12.262262262262263,124.5004514958297,33.40884809131211,5.8372438509983615
DoE1_R1,12.274774774774777,124.41720195569962,33.42757417225209,5.841237149392047
DoE1_R1,12.287287287287288,124.33158192769795,33.44665502487783,5.845290855316077
DoE1_R1,12.2997997997998,124.24516769800158,33.46585128910032,5.849363188310081
DoE1_R1,12.312312312312311,124.15953555278725,33.4849236048306,5.853412367913692
DoE1_R1,12.324824824824825,124.07626177823178,33.50363261197968,5.85739661366654
DoE1_R1,12.337337337337338,123.99692266051204,33.521738950458584,5.86127414510826
DoE1_R1,12.34984984984985,123.91291892151082,33.540581040768885,5.865283081758489
DoE1_R1,12.362362362362363,123.8264621778669,33.55982101112806,5.869364167076079
DoE1_R1,12.374874874874877,123.74189174654016,33.57879107740942,5.873399617713884
DoE1_R1,12.387387387387388,123.65999930206284,33.59737353813556,5.877369235580559
DoE1_R1,12.3998998998999,123.58157651896724,33.615450691829054,5.88125282258476
DoE1_R1,12.412412412412412,123.50741507178564,33.632904837012504,5.885030180635144
DoE1_R1,12.424924924924923,123.4383066350503,33.649618272208464,5.8886811116403655
DoE1_R1,12.437437437437438,123.3667266104016,33.666694064174166,5.892392641437191
DoE1_R1,12.44994994994995,123.29439891006275,33.6838776657352,5.896121342543088
DoE1_R1,12.462462462462463,123.22333518942044,33.70087229111842,5.899816617524583
DoE1_R1,12.474974974974977,123.15350748880503,33.71768055517209,5.903478691840778
DoE1_R1,12.487487487487488,123.08488784854686,33.73430507274448,5.9071077909507785
DoE1_R1,12.5,123.01744830897624,33.75074845868385,5.910704140313685
DoE1_R2,0.0,0.0,21.166666666666703,0.0
DoE1_R2,0.0125125125125125,0.0012872503713273,21.195517259509067,0.0137110040431358
DoE1_R2,0.025025025025025,0.0012869254551814,21.224907883240377,0.0275695237819472
DoE1_R2,0.0375375375375375,0.0012866031577789,21.254263835656367,0.0414002111492584
DoE1_R2,0.05005005005005,0.0012862906304981,21.283557252030462,0.0551852164048222
DoE1_R2,0.0625625625625625,0.0012859909842782,21.31280613091576,0.0689658868202422
DoE1_R2,0.075075075075075,0.0012857013424246,21.342005875491367,0.0827217489380274
DoE1_R2,0.0875875875875876,0.0012854217049372,21.371156485757307,0.0964528027581777
DoE1_R2,0.1001001001001001,0.0012851528013199,21.4002556737641,0.1101595557122133
DoE1_R2,0.1126126126126126,0.0012848945254281,21.429303772413935,0.1238419339676184
DoE1_R2,0.1251251251251251,0.0012846467066575,21.45830131677465,0.1374998188546911
DoE1_R2,0.1376376376376376,0.0012844033755251,21.48724679153399,0.1510878325169912
DoE1_R2,0.1501501501501501,0.0012841469315461,21.51613572892972,0.1644721824157831
DoE1_R2,0.1626626626626626,0.0012838812831392,21.544969121087103,0.1776825789410245
DoE1_R2,0.1751751751751752,0.00128360230431,21.57374592065078,0.1906876577705968
DoE1_R2,0.1876876876876877,0.0012833037966995,21.6024679482963,0.203444867938193
DoE1_R2,0.2002002002002002,0.0012829817757033,21.63113396099275,0.215923608346659
DoE1_R2,0.2127127127127127,0.0012826319410603,21.659743152559415,0.2280915739813646
DoE1_R2,0.2252252252252252,0.0012822514311076,21.688296095049267,0.2399282133202782
DoE1_R2,0.2377377377377377,0.0012818453708643,21.71679868312828,0.2514754701922785
DoE1_R2,0.2502502502502503,0.0012814065500744,21.74524859079028,0.2626787655739221
DoE1_R2,0.2627627627627628,0.0012809322216546,21.77364646644831,0.2735184445235694
DoE1_R2,0.2752752752752753,0.0012804295563453,21.801996413429496,0.284050010094367
DoE1_R2,0.2877877877877878,0.0012799070952424,21.830303012429937,0.2943393499958572
DoE1_R2,0.3003003003003003,0.0012793592741557,21.85856593051204,0.3043454610428966
DoE1_R2,0.3128128128128128,0.0012787868880588,21.886787049978736,0.3140755302612159
DoE1_R2,0.3253253253253253,0.0012782154106257,21.91497345752032,0.3237272681615435
DoE1_R2,0.3378378378378379,0.0012776526682683,21.94312851827016,0.3333621455883998
DoE1_R2,0.3503503503503504,0.0012771074070593,21.971255791305047,0.3430487333151281
DoE1_R2,0.3628628628628629,0.0012765874620059,21.999358037802423,0.3528476469683465
DoE1_R2,0.3753753753753754,0.0012760578999384,22.027424352523685,0.3624822550966002
DoE1_R2,0.3878878878878879,0.0012755440601946,22.05546267804603,0.3721505763011792
DoE1_R2,0.4004004004004004,0.0012750491658627,22.08347380719501,0.3818761065741222
DoE1_R2,0.4129129129129129,0.0012745761888757,22.11145828252057,0.3916801027724862
DoE1_R2,0.4254254254254254,0.0012741139991817,22.13941394194541,0.4014871767718984
DoE1_R2,0.4379379379379379,0.0012736633185324,22.167340517747604,0.4113021938526134
DoE1_R2,0.4504504504504504,0.0012732236100273,22.19523731340233,0.4211209131646783
DoE1_R2,0.4629629629629629,0.0012727915723422,22.22310293676084,0.4309197245427606
DoE1_R2,0.4754754754754755,0.001272369334487,22.250938636532588,0.4407124037241519
DoE1_R2,0.487987987987988,0.0012719596918534,22.278746028665918,0.4505169585734687
DoE1_R2,0.5005005005005005,0.0012715566001018,22.306522559508544,0.4602894731718458
DoE1_R2,0.513013013013013,0.0012711575523681,22.334267412890693,0.4700102445347573
DoE1_R2,0.5255255255255256,0.0012707617505195,22.361980511079505,0.4796733112880671
DoE1_R2,0.5380380380380381,0.0012703780636504,22.38966582621805,0.489350534576001
DoE1_R2,0.5505505505505506,0.0012700010111837,22.417321387169352,0.4989982167234958
DoE1_R2,0.5630630630630631,0.0012696305681647,22.44494752027185,0.5086165712084567
DoE1_R2,0.5755755755755756,0.0012692668318649,22.47254463017457,0.5182067787659875
DoE1_R2,0.5880880880880881,0.0012689095988759,22.50011267826162,0.5277680891549185
DoE1_R2,0.6006006006006006,0.0012685592050719,22.527652218587555,0.5373035775291545
DoE1_R2,0.6131131131131131,0.0012682160199943,22.55516377429687,0.5468166793942651
DoE1_R2,0.6256256256256256,0.0012678804809084,22.582647879625583,0.5563114239974166
DoE1_R2,0.6381381381381381,0.0012675477594181,22.610101927815474,0.5657493584184687
DoE1_R2,0.6506506506506506,0.001267217166434,22.63752577193438,0.5751254275058596
DoE1_R2,0.6631631631631631,0.0012668924015471,22.66492187338296,0.5844699858464645
DoE1_R2,0.6756756756756758,0.0012665737971492,22.692290683134274,0.5937862227815246
DoE1_R2,0.6881881881881883,0.0012662617615493,22.71963269216924,0.6030779417140034
DoE1_R2,0.7007007007007008,0.0012659567789739,22.74694843147661,0.6123495601085879
DoE1_R2,0.7132132132132133,0.0012656594095668,22.77423847205301,0.6216061094916874
DoE1_R2,0.7257257257257258,0.0012653702893891,22.80150342490288,0.6308532354514343
DoE1_R2,0.7382382382382383,0.0012650901304193,22.828743941038528,0.6400971976376842
DoE1_R2,0.7507507507507508,0.0012648197205534,22.855960711480105,0.6493448697620151
DoE1_R2,0.7632632632632633,0.0012645593501657,22.883154088461836,0.6585990651022806
DoE1_R2,0.7757757757757758,0.0012642957049729,22.91031542731208,0.6677516911827073
DoE1_R2,0.7882882882882883,0.00126403940277,22.93745188191991,0.676889737630217
DoE1_R2,0.8008008008008008,0.0012637907717677,22.964563799091422,0.6860163117745854
DoE1_R2,0.8133133133133134,0.0012635501720435,22.99165153654204,0.6951347759176482
DoE1_R2,0.8258258258258259,0.0012633179955412,23.018715462896505,0.7042487473333012
DoE1_R2,0.8383383383383384,0.0012630946660709,23.04575595768888,0.7133620982675006
DoE1_R2,0.8508508508508509,0.0012628806393092,23.072773411362547,0.7224789559382628
DoE1_R2,0.8633633633633634,0.0012626764027992,23.09976822527021,0.7316037025356643
DoE1_R2,0.8758758758758759,0.0012624824759502,23.12674081167391,0.7407409752218416
DoE1_R2,0.8883883883883884,0.0012622994100382,23.153691593744973,0.7498956661309916
DoE1_R2,0.9009009009009008,0.0012621218510532,23.180617706218424,0.7590243499072431
DoE1_R2,0.9134134134134134,0.0012619478382929,23.207518162731304,0.7681113564697999
DoE1_R2,0.925925925925926,0.0012617819986791,23.234395630941805,0.7771949040449415
DoE1_R2,0.9384384384384384,0.0012616243742332,23.261250223825677,0.7862756955815391
DoE1_R2,0.9509509509509512,0.0012614750030839,23.28808204539628,0.7953543964522752
DoE1_R2,0.9634634634634636,0.0012613339194675,23.314891190704586,0.8044316344536447
DoE1_R2,0.975975975975976,0.0012612011537276,23.34167774583919,0.813507999805954
DoE1_R2,0.9884884884884886,0.0012610767323153,23.36844178792629,0.822584045153321
DoE1_R2,1.001001001001001,0.0012609606777889,23.395183385129712,0.8316602855636755
DoE1_R2,1.0135135135135136,0.0012608530088144,23.421902596650877,0.8407371985287593
DoE1_R2,1.026026026026026,0.0012607537401648,23.448599472728816,0.8498152239641255
DoE1_R2,1.0385385385385386,0.0012606588447521,23.475273814786203,0.8588614643926966
DoE1_R2,1.0510510510510511,0.001260570978491,23.501925812482664,0.8678981294154162
DoE1_R2,1.0635635635635636,0.0012604899475602,23.52855547747329,0.8769239223112469
DoE1_R2,1.076076076076076,0.0012604155365823,23.55516281140158,0.8859373631182276
DoE1_R2,1.0885885885885886,0.0012603475145508,23.5817478062515,0.8949368375093958
DoE1_R2,1.1011011011011012,0.0012602856348297,23.608310444347467,0.9039205967927878
DoE1_R2,1.1136136136136137,0.0012602296351537,23.63485069835435,0.9128867579114386
DoE1_R2,1.1261261261261262,0.0012601792376284,23.66136853127748,0.9218333034433824
DoE1_R2,1.138638638638639,0.0012601341487298,23.68786389646264,0.9307580816016512
DoE1_R2,1.1511511511511512,0.0012600940593047,23.71433673759608,0.939658806234277
DoE1_R2,1.1636636636636637,0.0012600602792693,23.740788560398244,0.9485467305497152
DoE1_R2,1.1761761761761762,0.0012600336168539,23.767220304457105,0.9574289679938788
DoE1_R2,1.1886886886886887,0.0012600124453227,23.793630591723744,0.9662922484250612
DoE1_R2,1.2012012012012012,0.0012599966325665,23.82001950524904,0.9751357874777072
DoE1_R2,1.2137137137137135,0.0012599860464756,23.846387128083865,0.983958800786262
DoE1_R2,1.2262262262262262,0.0012599805549407,23.8727335432791,0.9927605039851696
DoE1_R2,1.2387387387387387,0.0012599800258522,23.89905883388562,1.001540112708875
DoE1_R2,1.2512512512512513,0.0012599843271008,23.9253630829543,1.0102968425918226
DoE1_R2,1.2637637637637638,0.001259993326577,23.95164637353601,1.0190299092684572
DoE1_R2,1.2762762762762765,0.0012600068921713,23.97790878868165,1.0277385283732234
DoE1_R2,1.2887887887887888,0.0012600248917743,24.004150411442065,1.0364219155405656
DoE1_R2,1.3013013013013013,0.0012600592350804,24.030376305182465,1.0451789471358444
DoE1_R2,1.3138138138138138,0.0012600999409138,24.056582479523623,1.0539273256609414
DoE1_R2,1.3263263263263263,0.0012601463786277,24.082768811328688,1.062662140741708
DoE1_R2,1.338838838838839,0.0012601984843991,24.108935411890773,1.0713831731660863
DoE1_R2,1.3513513513513515,0.0012602561944048,24.13508239250299,1.080090203722017
DoE1_R2,1.363863863863864,0.0012603194448218,24.16120986445846,1.0887830131974423
DoE1_R2,1.3763763763763766,0.0012603881718269,24.18731793905029,1.0974613823803037
DoE1_R2,1.388888888888889,0.0012604623115971,24.213406727571595,1.1061250920585428
DoE1_R2,1.4014014014014016,0.0012605418003092,24.23947634131549,1.1147739230201017
DoE1_R2,1.413913913913914,0.0012606265741401,24.26552689157509,1.1234076560529214
DoE1_R2,1.4264264264264266,0.0012607165692668,24.29155848964351,1.132026071944944
DoE1_R2,1.438938938938939,0.0012608117218661,24.31757124681386,1.1406289514841108
DoE1_R2,1.4514514514514516,0.0012609119681149,24.34356527437925,1.1492160754583638
DoE1_R2,1.463963963963964,0.0012610172441901,24.36954068363281,1.1577872246556444
DoE1_R2,1.4764764764764766,0.0012611274862687,24.39549758586764,1.1663421798638944
DoE1_R2,1.4889889889889891,0.0012612426305275,24.42143609237685,1.1748807218710555
DoE1_R2,1.5015015015015016,0.0012613626131434,24.44735631445357,1.1834026314650692
DoE1_R2,1.514014014014014,0.0012614873702933,24.473258363390908,1.1919076894338771
DoE1_R2,1.5265265265265269,0.0012616168381541,24.49914235048197,1.2003956765654211
DoE1_R2,1.5390390390390392,0.0012617509529028,24.52500838701988,1.2088663736476426
DoE1_R2,1.5515515515515517,0.0012618896507161,24.55085658429774,1.2173195614684833
DoE1_R2,1.5640640640640642,0.001262032867771,24.57668705360868,1.225755020815885
DoE1_R2,1.576576576576577,0.0012621809763525,24.602499994384,1.2341752825715575
DoE1_R2,1.5890890890890892,0.0012623380089105,24.62829634578092,1.2426059585906315
DoE1_R2,1.6016016016016017,0.0012625000023786,24.65407543104851,1.2510222410615568
DoE1_R2,1.6141141141141142,0.0012626669193669,24.67983736682212,1.2594240774610612
DoE1_R2,1.6266266266266267,0.0012628387224858,24.705582269737093,1.2678114152658744
DoE1_R2,1.6391391391391392,0.0012630153743455,24.731310256428788,1.2761842019527252
DoE1_R2,1.6516516516516515,0.0012631968375565,24.75702144353255,1.2845423849983426
DoE1_R2,1.6641641641641642,0.0012633830747288,24.782715947683734,1.2928859118794556
DoE1_R2,1.6766766766766767,0.001263574048473,24.80839388551768,1.301214730072793
DoE1_R2,1.6891891891891893,0.0012637697213991,24.83405537366975,1.309528787055084
DoE1_R2,1.7017017017017018,0.0012639700561176,24.859700528775285,1.3178280303030576
DoE1_R2,1.7142142142142145,0.0012641750152388,24.88532946746964,1.3261124072934427
DoE1_R2,1.7267267267267268,0.0012643845613728,24.91094230638817,1.3343818655029682
DoE1_R2,1.7392392392392393,0.00126459865713,24.936539162166213,1.342636352408363
DoE1_R2,1.7517517517517518,0.0012648172651208,24.962120151439123,1.350875815486357
DoE1_R2,1.7642642642642643,0.0012650403479553,24.987685390842252,1.359100202213678
DoE1_R2,1.7767767767767768,0.0012652678682439,25.01323499701096,1.3673094600670554
DoE1_R2,1.789289289289289,0.0012654997885969,25.03876908658058,1.3755035365232184
DoE1_R2,1.8018018018018016,0.0012657360716246,25.06428777618647,1.3836823790588957
DoE1_R2,1.8143143143143143,0.0012659766799372,25.089791182463983,1.3918459351508163
DoE1_R2,1.8268268268268268,0.0012662215761451,25.115279422048463,1.3999941522757096
DoE1_R2,1.8393393393393396,0.0012664707228586,25.140752611575262,1.408126977910304
DoE1_R2,1.851851851851852,0.0012667240826878,25.166210867679737,1.4162443595313288
DoE1_R2,1.8643643643643644,0.0012669820119823,25.191654242263635,1.424349282335471
DoE1_R2,1.876876876876877,0.0012672455869133,25.21708266888465,1.4324502849898493
DoE1_R2,1.8893893893893896,0.0012675136607039,25.24249644656961,1.4405387559811242
DoE1_R2,1.901901901901902,0.0012677862231913,25.26789568747752,1.4486148528453002
DoE1_R2,1.9144144144144144,0.0012680632642131,25.29328050376736,1.4566787331183808
DoE1_R2,1.9269269269269271,0.0012683447736068,25.318651007598145,1.46473055433637
DoE1_R2,1.93943943943944,0.0012686307412098,25.344007311128884,1.4727704740352718
DoE1_R2,1.951951951951952,0.0012689211568596,25.36934952651857,1.4807986497510903
DoE1_R2,1.9644644644644649,0.0012692160103937,25.394677765926204,1.488815239019829
DoE1_R2,1.9769769769769767,0.0012695152916495,25.419992141510797,1.4968203993774924
DoE1_R2,1.9894894894894897,0.0012698189904645,25.445292765431336,1.504814288360084
DoE1_R2,2.002002002002002,0.0012701270966761,25.47057974984684,1.5127970635036074
DoE1_R2,2.0145145145145147,0.0012704396001219,25.495853206916298,1.5207688823440673
DoE1_R2,2.027027027027027,0.0012707564906393,25.52111324879872,1.528729902417467
DoE1_R2,2.03953953953954,0.0012710782688702,25.546359694192947,1.5366864606158028
DoE1_R2,2.052052052052052,0.0012714047006986,25.57159278392064,1.5446360052405987
DoE1_R2,2.0645645645645647,0.0012717357304032,25.596812656314555,1.552578142689998
DoE1_R2,2.077077077077077,0.0012720713727323,25.62201940922217,1.5605133318564317
DoE1_R2,2.0895895895895897,0.0012724116424347,25.647213140490937,1.56844203163233
DoE1_R2,2.1021021021021022,0.0012727565542588,25.67239394796832,1.576364700910124
DoE1_R2,2.1146146146146148,0.001273106122953,25.697561929501774,1.5842817985822444
DoE1_R2,2.1271271271271277,0.0012734602206608,25.72271718189389,1.5921938089904073
DoE1_R2,2.13963963963964,0.0013961877066471,25.748704381218587,1.6003072181923432
DoE1_R2,2.1521521521521523,0.0013967294910439,25.774838148659907,1.6084192802926225
DoE1_R2,2.164664664664665,0.0013970062321183,25.80091824189326,1.6165100725792438
DoE1_R2,2.1771771771771773,0.0013972944736132,25.82698831607296,1.624594543828232
DoE1_R2,2.18968968968969,0.001397582715108,25.85305839025266,1.63267901507722
DoE1_R2,2.2022022022022023,0.0013978709566029,25.87912846443236,1.640763486326208
DoE1_R2,2.214714714714715,0.0013981670744525,25.905181674263545,1.6488455559882171
DoE1_R2,2.2272272272272278,0.0013984844770888,25.93118931046711,1.6569211356852809
DoE1_R2,2.23973973973974,0.0013988018797251,25.95719694667068,1.664996715382344
DoE1_R2,2.2522522522522523,0.0013991192823614,25.983204582874244,1.6730722950794077
DoE1_R2,2.264764764764765,0.0013994366849977,26.00921221907781,1.6811478747764708
DoE1_R2,2.2772772772772774,0.0013998108783557,26.034986919984547,1.6890781962093642
DoE1_R2,2.28978978978979,0.0014002080087722,26.060667541253054,1.6969498496553572
DoE1_R2,2.3023023023023024,0.0014006051391888,26.08634816252156,1.7048215031013505
DoE1_R2,2.314814814814815,0.0014010022696053,26.112028783790063,1.7126931565473436
DoE1_R2,2.3273273273273274,0.0014013994000219,26.137709405058573,1.7205648099933368
DoE1_R2,2.33983983983984,0.0014017965304384,26.16339002632708,1.72843646343933
DoE1_R2,2.3523523523523524,0.001402193660855,26.189070647595585,1.7363081168853232
DoE1_R2,2.364864864864865,0.0014025907912715,26.21475126886409,1.7441797703313162
DoE1_R2,2.3773773773773774,0.0014029879216881,26.2404318901326,1.7520514237773095
DoE1_R2,2.38988988988989,0.0014033850521046,26.266112511401104,1.7599230772233023
DoE1_R2,2.4024024024024024,0.0014037821825212,26.29179313266961,1.7677947306692956
DoE1_R2,2.414914914914915,0.0014041793129377,26.31747375393812,1.7756663841152889
DoE1_R2,2.4274274274274275,0.0014045764433543,26.343154375206623,1.783538037561282
DoE1_R2,2.43993993993994,0.0014049735737708,26.36883499647513,1.7914096910072752
DoE1_R2,2.4524524524524525,0.0014053707041874,26.39451561774364,1.7992813444532685
DoE1_R2,2.464964964964965,0.0014057678346039,26.420196239012142,1.807152997899261
DoE1_R2,2.477477477477477,0.0014061649650205,26.44587686028065,1.8150246513452544
DoE1_R2,2.48998998998999,0.001406562095437,26.471557481549155,1.822896304791248
DoE1_R2,2.5025025025025025,0.0014069592258536,26.49723810281766,1.830767958237241
DoE1_R2,2.515015015015015,0.0014073563562701,26.522918724086168,1.8386396116832344
DoE1_R2,2.5275275275275275,0.0014077534866867,26.548599345354678,1.8465112651292277
DoE1_R2,2.54004004004004,0.0014081506171032,26.574279966623177,1.8543829185752203
DoE1_R2,2.5525525525525525,0.0014085477475198,26.599960587891683,1.8622545720212136
DoE1_R2,2.565065065065065,0.0014089448779363,26.62564120916019,1.8701262254672064
DoE1_R2,2.5775775775775776,0.0014093420083529,26.651321830428696,1.8779978789132
DoE1_R2,2.59009009009009,0.0014097391387694,26.6770024516972,1.885869532359193
DoE1_R2,2.6026026026026026,0.001410136269186,26.70268307296571,1.8937411858051865
DoE1_R2,2.615115115115115,0.0014105333996025,26.72836369423421,1.9016128392511795
DoE1_R2,2.627627627627628,0.0014109305300191,26.75404431550272,1.9094844926971728
DoE1_R2,2.64014014014014,0.0014113343136783,26.77970682939635,1.917336037617813
DoE1_R2,2.6526526526526526,0.0014117912755756,26.805224614120377,1.9250268585132595
DoE1_R2,2.665165165165165,0.0014122521191453,26.830731834537605,1.9327059475794135
DoE1_R2,2.677677677677678,0.0014127168443873,26.856228490648046,1.9403733048162763
DoE1_R2,2.6901901901901906,0.0014131854513018,26.88171458245169,1.9480289302238465
DoE1_R2,2.702702702702703,0.0014136579398886,26.907190109948537,1.9556728238021244
DoE1_R2,2.715215215215216,0.0014141343101479,26.93265507313859,1.9633049855511104
DoE1_R2,2.727727727727728,0.0014146145620795,26.95810947202185,1.970925415470804
DoE1_R2,2.7402402402402406,0.0014150986956835,26.98355330659832,1.9785341135612056
DoE1_R2,2.752752752752753,0.0014155867109599,27.00898657686799,1.9861310798223148
DoE1_R2,2.7652652652652656,0.0014160786079087,27.034409282830865,1.9937163142541323
DoE1_R2,2.777777777777778,0.0014165743865298,27.059821424486948,2.0012898168566577
DoE1_R2,2.79029029029029,0.0014170740468234,27.08522300183624,2.0088515876298905
DoE1_R2,2.802802802802803,0.0014175775887893,27.11061401487873,2.016401626573832
DoE1_R2,2.815315315315316,0.0014180850124277,27.13599446361443,2.0239399336884807
DoE1_R2,2.827827827827828,0.0014185963177384,27.16136434804334,2.0314665089738373
DoE1_R2,2.8403403403403407,0.0014191115047215,27.18672366816545,2.038981352429902
DoE1_R2,2.852852852852853,0.001419630573377,27.212072423980768,2.0464844640566744
DoE1_R2,2.8653653653653657,0.0014201535237049,27.23741061548929,2.0539758438541544
DoE1_R2,2.877877877877878,0.0014206803557052,27.262738242691015,2.061455491822343
DoE1_R2,2.8903903903903907,0.0014212110693778,27.288055305585956,2.068923407961239
DoE1_R2,2.902902902902903,0.0014217456647229,27.313361804174093,2.076379592270843
DoE1_R2,2.915415415415416,0.0014222841417403,27.33865773845544,2.0838240447511547
DoE1_R2,2.927927927927928,0.0014228265004301,27.363943108429996,2.0912567654021745
DoE1_R2,2.9404404404404407,0.0014233727407924,27.38921791409775,2.0986777542239023
DoE1_R2,2.952952952952953,0.001423922862827,27.41448215545871,2.1060870112163377
DoE1_R2,2.9654654654654657,0.001424476866534,27.43973583251288,2.113484536379481
DoE1_R2,2.9779779779779783,0.0014250347519133,27.464978945260256,2.120870329713332
DoE1_R2,2.9904904904904908,0.0014255965189651,27.49021149370084,2.1282443912178914
DoE1_R2,3.0030030030030037,0.0014261621676893,27.515433477834623,2.1356067208931586
DoE1_R2,3.015515515515516,0.0014267304869756,27.54067614930219,2.142991021131154
DoE1_R2,3.0280280280280283,0.0014273014821395,27.56593937094765,2.1503971440202365
DoE1_R2,3.040540540540541,0.001427876252498,27.59119477584996,2.1577944981074197
DoE1_R2,3.0530530530530533,0.0014284547980513,27.616442364009124,2.165183083392704
DoE1_R2,3.065565565565566,0.0014290371187992,27.64168213542514,2.1725628998760884
DoE1_R2,3.0780780780780783,0.0014296232147419,27.666914090098008,2.1799339475575747
DoE1_R2,3.090590590590591,0.0014302130858792,27.692138228027726,2.1872962264371614
DoE1_R2,3.1031031031031038,0.0014308067322113,27.717354549214296,2.1946497365148496
DoE1_R2,3.115615615615616,0.0014314041537381,27.74256305365772,2.201994477790638
DoE1_R2,3.1281281281281283,0.0014320053504595,27.767763741358,2.2093304502645283
DoE1_R2,3.140640640640641,0.0014326103223757,27.79295661231512,2.216657653936519
DoE1_R2,3.1531531531531534,0.0014332190694866,27.8181416665291,2.223976088806611
DoE1_R2,3.165665665665666,0.0014338315917922,27.84331890399993,2.2312857548748037
DoE1_R2,3.1781781781781784,0.0014344478892925,27.86848832472761,2.2385866521410973
DoE1_R2,3.190690690690691,0.0014350679619875,27.893649928712144,2.245878780605492
DoE1_R2,3.2032032032032034,0.0014356918098772,27.91880371595353,2.253162140267988
DoE1_R2,3.215715715715716,0.0014363194329616,27.943949686451766,2.260436731128584
DoE1_R2,3.2282282282282284,0.0014369508312407,27.969087840206857,2.2677025531872816
DoE1_R2,3.240740740740741,0.0014375860047145,27.9942181772188,2.27495960644408
DoE1_R2,3.253253253253253,0.001438224953383,28.01934069748759,2.28220789089898
DoE1_R2,3.265765765765766,0.0014388676772462,28.044455401013234,2.28944740655198
DoE1_R2,3.2782782782782784,0.0014395141763041,28.06956228779573,2.2966781534030813
DoE1_R2,3.290790790790791,0.0014401644505568,28.09466135783508,2.303900131452284
DoE1_R2,3.3033033033033035,0.0014408185000041,28.11975261113128,2.311113340699587
DoE1_R2,3.315815815815816,0.0014414763246461,28.14483604768433,2.3183177811449918
DoE1_R2,3.3283283283283285,0.0014421379244829,28.169911667494237,2.3255134527884964
DoE1_R2,3.340840840840841,0.0014428032995143,28.194979470560988,2.3327003556301027
DoE1_R2,3.353353353353353,0.0014434724497405,28.2200394568846,2.3398784896698097
DoE1_R2,3.365865865865866,0.0014441453751613,28.24509162646505,2.347047854907618
DoE1_R2,3.3783783783783785,0.0014448220757769,28.270135979302367,2.354208451343527
DoE1_R2,3.390890890890891,0.0014455025515872,28.295172515396526,2.361360278977537
DoE1_R2,3.4034034034034035,0.0014461868025921,28.320201234747543,2.368503337809648
DoE1_R2,3.415915915915916,0.0014468748287918,28.345222137355407,2.37563762783986
DoE1_R2,3.4284284284284285,0.0014475666301862,28.370235223220128,2.3827631490681727
DoE1_R2,3.440940940940941,0.0014482622067753,28.395240492341696,2.389879901494586
DoE1_R2,3.4534534534534536,0.001448961558559,28.42023794472012,2.3969878851191018
DoE1_R2,3.465965965965966,0.0014496646855375,28.44522758035539,2.404087099941717
DoE1_R2,3.4784784784784786,0.0014503715877107,28.47020939924752,2.4111775459624343
DoE1_R2,3.490990990990991,0.0014510822650786,28.49518340139649,2.418259223181252
DoE1_R2,3.503503503503504,0.0014517967176412,28.52014958680232,2.42533213159817
DoE1_R2,3.516016016016016,0.0014525149453985,28.545107955465003,2.4323962712131904
DoE1_R2,3.5285285285285286,0.0014532369483505,28.57005850738453,2.439451642026311
DoE1_R2,3.541041041041041,0.0014539627264972,28.59500124256092,2.4464982440375325
DoE1_R2,3.5535535535535536,0.0014546909420409,28.61994002802247,2.453547339757682
DoE1_R2,3.566066066066066,0.00145541557376,28.64489226866825,2.460649620014024
DoE1_R2,3.578578578578578,0.0014561435913485,28.669837817951567,2.467746409078819
DoE1_R2,3.591091091091091,0.0014568749948065,28.694776675872404,2.474837706952068
DoE1_R2,3.603603603603604,0.0014576097841339,28.719708842430773,2.4819235136337707
DoE1_R2,3.616116116116116,0.0014583479593308,28.744634317626662,2.4890038291239267
DoE1_R2,3.6286286286286287,0.0014590895203972,28.769553101460083,2.4960786534225368
DoE1_R2,3.641141141141141,0.0014598344673331,28.79446519393103,2.5031479865296
DoE1_R2,3.6536536536536537,0.0014605828001384,28.819370595039494,2.5102118284451174
DoE1_R2,3.666166166166166,0.0014613345188132,28.84426930478549,2.517270179169088
DoE1_R2,3.678678678678679,0.0014620896233574,28.86916132316902,2.5243230387015125
DoE1_R2,3.691191191191191,0.0014628481137712,28.89404665019007,2.5313704070423904
DoE1_R2,3.703703703703704,0.0014636099900543,28.918925285848648,2.5384122841917223
DoE1_R2,3.716216216216216,0.001464375252207,28.943797230144757,2.545448670149508
DoE1_R2,3.7287287287287287,0.0014651439002291,28.968662483078383,2.5524795649157466
DoE1_R2,3.7412412412412417,0.0014659159341207,28.99352104464954,2.5595049684904394
DoE1_R2,3.753753753753754,0.0014666913538818,29.018372914858222,2.566524880873585
DoE1_R2,3.7662662662662663,0.0014674701595123,29.043218093704432,2.5735393020651856
DoE1_R2,3.778778778778779,0.0014682523510123,29.06805658118817,2.580548232065239
DoE1_R2,3.791291291291292,0.0014690379283818,29.092888377309432,2.587551670873746
DoE1_R2,3.803803803803804,0.0014698268916207,29.117713482068226,2.594549618490707
DoE1_R2,3.8163163163163167,0.0014706192407291,29.142531895464536,2.601542074916121
DoE1_R2,3.828828828828829,0.001471414975707,29.16734361749838,2.608529040149989
DoE1_R2,3.8413413413413418,0.0014722140965543,29.19214864816975,2.6155105141923105
DoE1_R2,3.8538538538538543,0.0014730166032711,29.216946987478643,2.622486497043086
DoE1_R2,3.866366366366367,0.0014738224958574,29.241738635425065,2.629456988702315
DoE1_R2,3.8788788788788793,0.0014746317743131,29.26652359200901,2.6364219891699974
DoE1_R2,3.891391391391392,0.0014754444386384,29.291301857230486,2.643381498446133
DoE1_R2,3.903903903903904,0.001476260488833,29.31607343108949,2.650335516530724
DoE1_R2,3.916416416416417,0.0014770799248972,29.340838313586016,2.657284043423767
DoE1_R2,3.928928928928929,0.0014779027468308,29.36559650472007,2.664227079125264
DoE1_R2,3.941441441441442,0.0014787289546339,29.39034800449165,2.6711646236352147
DoE1_R2,3.9539539539539534,0.0014795585483064,29.41509281290076,2.678096676953619
DoE1_R2,3.966466466466467,0.0014803915278484,29.43983092994739,2.685023239080477
DoE1_R2,3.9789789789789793,0.0014812278932599,29.46456235563155,2.6919443100157885
DoE1_R2,3.991491491491492,0.0014820676445409,29.48928708995324,2.6988598897595537
DoE1_R2,4.004004004004004,0.0014829107816913,29.514005132912448,2.705769978311773
DoE1_R2,4.016516516516517,0.0014837573047112,29.538716484509187,2.712674575672445
DoE1_R2,4.029029029029029,0.0014846072136005,29.56342114474345,2.7195736818415712
DoE1_R2,4.041541541541542,0.0014854605083594,29.58811911361525,2.726467296819151
DoE1_R2,4.054054054054054,0.0014863171889876,29.612810391124565,2.7333554206051844
DoE1_R2,4.066566566566567,0.0014871772554854,29.63749497727141,2.7402380531996715
DoE1_R2,4.079079079079079,0.0014880407078526,29.66217287205578,2.747115194602612
DoE1_R2,4.091591591591592,0.0014889075460893,29.68684407547768,2.7539868448140066
DoE1_R2,4.104104104104104,0.0014897727014456,29.711511021632035,2.760833876900048
DoE1_R2,4.116616616616617,0.0014906358061353,29.73617388713572,2.767654903018704
DoE1_R2,4.129129129129129,0.0014915014629205,29.76083232037277,2.774477096937736
DoE1_R2,4.141641641641642,0.0014923695656988,29.7854863201575,2.781299783235401
DoE1_R2,4.1541541541541545,0.0016502240094661,29.81072730762538,2.788237749058801
DoE1_R2,4.166666666666667,0.0016508861291679,29.83634096709723,2.795244786114134
DoE1_R2,4.17917917917918,0.0016517530758922,29.86194821723129,2.802244289633305
DoE1_R2,4.191691691691692,0.0016526079237587,29.887534569889247,2.8092179011108978
DoE1_R2,4.2042042042042045,0.0016534681681823,29.91306834567973,2.816126829615972
DoE1_R2,4.216716716716717,0.0016543284126058,29.93860212147021,2.8230357581210463
DoE1_R2,4.2292292292292295,0.0016551886570293,29.964135897260697,2.8299446866261206
DoE1_R2,4.241741741741742,0.0016560489014529,29.98966967305118,2.836853615131195
DoE1_R2,4.254254254254255,0.0016569091458764,30.015203448841664,2.843762543636269
DoE1_R2,4.266766766766767,0.0016577693902999,30.040737224632142,2.8506714721413435
DoE1_R2,4.27927927927928,0.0016586296347234,30.06627100042263,2.857580400646418
DoE1_R2,4.291791791791792,0.001659489879147,30.091804776213117,2.864489329151493
DoE1_R2,4.3043043043043046,0.0016603501235705,30.117338552003595,2.871398257656567
DoE1_R2,4.316816816816817,0.001661210367994,30.14287232779408,2.878307186161641
DoE1_R2,4.32932932932933,0.0016620706124176,30.16840610358456,2.8852161146667155
DoE1_R2,4.341841841841842,0.0016629308568411,30.193939879375048,2.8921250431717898
DoE1_R2,4.354354354354355,0.0016638367056416,30.219409447588745,2.899057658160303
DoE1_R2,4.366866866866867,0.0016647499928495,30.244868543077093,2.905994136587492
DoE1_R2,4.37937937937938,0.0016656632800574,30.270327638565444,2.9129306150146816
DoE1_R2,4.391891891891892,0.0016665765672653,30.295786734053795,2.9198670934418707
DoE1_R2,4.404404404404405,0.0016674898544732,30.32124582954215,2.92680357186906
DoE1_R2,4.416916916916917,0.0016684031416811,30.3467049250305,2.9337400502962487
DoE1_R2,4.42942942942943,0.001669316428889,30.37216402051885,2.9406765287234378
DoE1_R2,4.441941941941942,0.0016702297160969,30.397623116007203,2.947613007150627
DoE1_R2,4.454454454454455,0.0016711430033048,30.423082211495554,2.954549485577816
DoE1_R2,4.466966966966967,0.0016720562905127,30.448541306983905,2.961485964005005
DoE1_R2,4.47947947947948,0.0016729695777206,30.47400040247226,2.968422442432194
DoE1_R2,4.491991991991992,0.0016738828649285,30.49945949796061,2.975358920859384
DoE1_R2,4.504504504504505,0.0016748228877623,30.524807366082957,2.9821732952065467
DoE1_R2,4.517017017017017,0.0016757917768665,30.550035142786623,2.988855834622051
DoE1_R2,4.52952952952953,0.0016767606659708,30.575262919490296,2.9955383740375554
DoE1_R2,4.542042042042042,0.001677729555075,30.600490696193965,3.0022209134530597
DoE1_R2,4.554554554554555,0.0016786984441793,30.62571847289764,3.008903452868564
DoE1_R2,4.567067067067067,0.0016796673332835,30.650946249601308,3.015585992284068
DoE1_R2,4.57957957957958,0.0016806362223878,30.676174026304977,3.022268531699572
DoE1_R2,4.592092092092092,0.001681605111492,30.701401803008647,3.028951071115076
DoE1_R2,4.604604604604605,0.0016825740005963,30.72662957971232,3.03563361053058
DoE1_R2,4.617117117117117,0.0016835428897005,30.75185735641599,3.0423161499460845
DoE1_R2,4.62962962962963,0.0016845117788048,30.77708513311966,3.048998689361589
DoE1_R2,4.642142142142142,0.001685480667909,30.80231290982333,3.0556812287770927
DoE1_R2,4.654654654654655,0.0016864495570133,30.827540686527,3.062363768192597
DoE1_R2,4.667167167167167,0.0016874184461175,30.85276846323067,3.0690463076081014
DoE1_R2,4.67967967967968,0.0016883873352218,30.877996239934344,3.0757288470236053
DoE1_R2,4.692192192192192,0.001689356224326,30.903224016638013,3.0824113864391096
DoE1_R2,4.704704704704705,0.0016903251134302,30.928451793341683,3.089093925854614
DoE1_R2,4.717217217217217,0.0016912940025345,30.95367957004536,3.095776465270118
DoE1_R2,4.72972972972973,0.0016922628916387,30.978907346749025,3.102459004685622
DoE1_R2,4.742242242242242,0.001693231780743,31.00413512345269,3.109141544101126
DoE1_R2,4.754754754754755,0.0016942006698472,31.029362900156364,3.1158240835166304
DoE1_R2,4.767267267267267,0.0016951695589515,31.05459067686004,3.1225066229321348
DoE1_R2,4.77977977977978,0.0016961384480557,31.079818453563707,3.1291891623476387
DoE1_R2,4.792292292292292,0.00169710733716,31.105046230267376,3.135871701763143
DoE1_R2,4.804804804804805,0.0016980762262642,31.13027400697105,3.142554241178648
DoE1_R2,4.817317317317317,0.0016990451153685,31.15550178367472,3.1492367805941512
DoE1_R2,4.82982982982983,0.0017000140044727,31.18072956037839,3.155919320009656
DoE1_R2,4.842342342342342,0.001700982893577,31.20595733708206,3.16260185942516
DoE1_R2,4.854854854854855,0.0017019517826812,31.23118511378573,3.169284398840664
DoE1_R2,4.867367367367367,0.0017029206717855,31.2564128904894,3.175966938256168
DoE1_R2,4.87987987987988,0.0017038895608897,31.281640667193077,3.1826494776716725
DoE1_R2,4.892392392392392,0.001704858449994,31.306868443896743,3.1893320170871764
DoE1_R2,4.904904904904905,0.0017058273390982,31.332096220600413,3.1960145565026807
DoE1_R2,4.9174174174174174,0.0017067962282025,31.35732399730408,3.2026970959181846
DoE1_R2,4.92992992992993,0.0017077651173067,31.382551774007755,3.209379635333689
DoE1_R2,4.9424424424424425,0.001708734006411,31.407779550711425,3.2160621747491933
DoE1_R2,4.954954954954955,0.0017097028955152,31.43300732741509,3.222744714164697
DoE1_R2,4.967467467467468,0.0017106717846195,31.458235104118767,3.2294272535802016
DoE1_R2,4.97997997997998,0.0017116406737237,31.48346288082244,3.236109792995706
DoE1_R2,4.9924924924924925,0.001712609562828,31.508690657526103,3.24279233241121
DoE1_R2,5.005005005005005,0.0017135784519322,31.53391843422978,3.249474871826714
DoE1_R2,5.0175175175175175,0.0017145473410365,31.55914621093345,3.2561574112422185
DoE1_R2,5.03003003003003,0.0017155162301407,31.58437398763712,3.2628399506577224
DoE1_R2,5.042542542542543,0.001716485119245,31.60960176434079,3.2695224900732267
DoE1_R2,5.055055055055055,0.0017174540083492,31.63482954104446,3.2762050294887306
DoE1_R2,5.067567567567568,0.0017184228974535,31.66005731774813,3.282887568904235
DoE1_R2,5.08008008008008,0.0017193917865577,31.6852850944518,3.2895701083197397
DoE1_R2,5.092592592592593,0.001720360675662,31.710512871155476,3.296252647735243
DoE1_R2,5.105105105105105,0.001721355136432,31.73568024591768,3.302823330467102
DoE1_R2,5.117617617617618,0.0017223674854377,31.76080536750088,3.3093157657061925
DoE1_R2,5.13013013013013,0.0017233815697592,31.78592639015499,3.3158006102519604
DoE1_R2,5.142642642642643,0.0017243973893966,31.81104331388002,3.322277864104406
DoE1_R2,5.155155155155155,0.0017254149443498,31.836156138675967,3.3287475272635287
DoE1_R2,5.167667667667668,0.0017264342346188,31.861264864542832,3.3352095997293296
DoE1_R2,5.18018018018018,0.0017274552602036,31.88636949148061,3.341664081501808
DoE1_R2,5.192692692692693,0.0017284780211042,31.91147001948931,3.348110972580963
DoE1_R2,5.205205205205205,0.0017295025173206,31.936566448568925,3.354550272966796
DoE1_R2,5.217717717717718,0.0017305287488529,31.961658778719457,3.3609819826593066
DoE1_R2,5.23023023023023,0.001731556715701,31.986747009940903,3.367406101658495
DoE1_R2,5.242742742742743,0.0017325864178649,32.01183114223327,3.3738226299643603
DoE1_R2,5.255255255255255,0.0017336178553446,32.03691117559655,3.3802315675769035
DoE1_R2,5.267767767767768,0.0017346510281401,32.06198711003075,3.386632914496124
DoE1_R2,5.28028028028028,0.0017356859362514,32.08705894553587,3.3930266707220227
DoE1_R2,5.292792792792793,0.0017367225796786,32.1121266821119,3.3994128362545983
DoE1_R2,5.305305305305305,0.0017377609584215,32.13719031975885,3.405791411093852
DoE1_R2,5.317817817817818,0.0017388010724803,32.16224985847672,3.412162395239782
DoE1_R2,5.33033033033033,0.0017398429218549,32.18730529826551,3.4185257886923908
DoE1_R2,5.342842842842844,0.0017408865065453,32.21235663912521,3.424881591451677
DoE1_R2,5.355355355355356,0.0017419318265515,32.237403881055826,3.43122980351764
DoE1_R2,5.367867867867869,0.0017429788818736,32.262447024057366,3.437570424890281
DoE1_R2,5.380380380380381,0.0017440276725115,32.287486068129816,3.4439034555695995
DoE1_R2,5.392892892892894,0.0017450781984651,32.312521013273184,3.4502288955555955
DoE1_R2,5.405405405405406,0.0017461304597346,32.33755185948747,3.456546744848269
DoE1_R2,5.417917917917919,0.0017471844563199,32.36257860677267,3.46285700344762
DoE1_R2,5.430430430430431,0.0017482401882211,32.38760125512879,3.469159671353649
DoE1_R2,5.442942942942944,0.001749297655438,32.41261980455583,3.4754547485663543
DoE1_R2,5.455455455455456,0.0017503568579708,32.43763425505379,3.481742235085738
DoE1_R2,5.467967967967969,0.0017514177958193,32.46264460662266,3.488022130911799
DoE1_R2,5.480480480480481,0.0017524804689837,32.487650859262445,3.494294436044538
DoE1_R2,5.492992992992994,0.0017535448774639,32.51265301297315,3.5005591504839537
DoE1_R2,5.505505505505506,0.0017546110212599,32.53765106775477,3.5068162742300477
DoE1_R2,5.518018018018019,0.0017556789003718,32.56264502360731,3.5130658072828185
DoE1_R2,5.530530530530531,0.0017567485147994,32.58763488053077,3.519307749642268
DoE1_R2,5.543043043043044,0.0017578198645429,32.612620638525144,3.5255421013083934
DoE1_R2,5.555555555555556,0.0017588929496022,32.63760229759043,3.531768862281197
DoE1_R2,5.568068068068069,0.0017599677699773,32.66257985772664,3.5379880325606785
DoE1_R2,5.580580580580581,0.0017610443256682,32.687553318933766,3.544199612146837
DoE1_R2,5.593093093093094,0.0017621226166749,32.7125226812118,3.550403601039674
DoE1_R2,5.605605605605606,0.0017632026429974,32.73748794456076,3.5565999992391872
DoE1_R2,5.618118118118119,0.0017642844046358,32.76244910898064,3.562788806745379
DoE1_R2,5.630630630630631,0.00176536790159,32.78740617447143,3.568970023558248
DoE1_R2,5.643143143143144,0.00176645313386,32.81235914103314,3.575143649677794
DoE1_R2,5.655655655655656,0.0017675401014458,32.837308008665765,3.581309685104018
DoE1_R2,5.668168168168169,0.0017686288043474,32.86225277736931,3.5874681298369198
DoE1_R2,5.680680680680681,0.0017697192425648,32.887193447143765,3.5936189838764983
DoE1_R2,5.693193193193194,0.0017708114160981,32.91213001798914,3.599762247222755
DoE1_R2,5.705705705705706,0.0017719175386927,32.93708083165813,3.60596828202326
DoE1_R2,5.718218218218219,0.0017730307682304,32.96203561313401,3.6121976715300814
DoE1_R2,5.730730730730731,0.0017741468485338,32.986987970785705,3.618425896336772
DoE1_R2,5.743243243243244,0.0017752657796028,33.01193790461321,3.6246529564433287
DoE1_R2,5.755755755755756,0.0017763875614375,33.036885414616535,3.630878851849753
DoE1_R2,5.768268268268269,0.0017775121940378,33.061830500795665,3.637103582556044
DoE1_R2,5.780780780780781,0.0017786396774037,33.08677316315061,3.6433271485622023
DoE1_R2,5.793293293293294,0.0017797700115353,33.11171340168137,3.649549549868228
DoE1_R2,5.805805805805806,0.0017809031964325,33.13665121638794,3.655770786474121
DoE1_R2,5.818318318318319,0.0017820392320954,33.16158660727033,3.661990858379881
DoE1_R2,5.830830830830831,0.001783178118524,33.18651957432852,3.668209765585508
DoE1_R2,5.843343343343344,0.0017843198557181,33.211450117562535,3.674427508091002
DoE1_R2,5.855855855855856,0.0017854644436779,33.236378236972364,3.6806440858963634
DoE1_R2,5.868368368368369,0.0017866118824034,33.261303932558,3.686859499001592
DoE1_R2,5.8808808808808815,0.0017877621718945,33.286227204319445,3.6930737474066873
DoE1_R2,5.893393393393394,0.0017889153121512,33.31114805225671,3.69928683111165
DoE1_R2,5.9059059059059065,0.0017900713031736,33.33606647636979,3.70549875011648
DoE1_R2,5.918418418418419,0.0017912301449617,33.36098247665868,3.711709504421177
DoE1_R2,5.930930930930932,0.0017923918375153,33.38589605312338,3.7179190940257416
DoE1_R2,5.943443443443444,0.0017935563808347,33.410807205763895,3.724127518930173
DoE1_R2,5.9559559559559565,0.0017947237749196,33.43571593458022,3.730334779134472
DoE1_R2,5.968468468468469,0.0017958940197702,33.460622239572366,3.736540874638637
DoE1_R2,5.9809809809809815,0.0017970671153865,33.48552612074032,3.742745805442671
DoE1_R2,5.993493493493494,0.0017982430617684,33.51042757808409,3.7489495715465706
DoE1_R2,6.006006006006007,0.0017994218589159,33.53532661160367,3.755152172950338
DoE1_R2,6.018518518518519,0.0018006035068291,33.56022322129906,3.761353609653973
DoE1_R2,6.031031031031032,0.001801788005508,33.585117407170266,3.7675538816574736
DoE1_R2,6.043543543543544,0.0018029753549524,33.61000916921729,3.7737529889608425
DoE1_R2,6.056056056056057,0.0018041655551626,33.63489850744012,3.7799509315640782
DoE1_R2,6.068568568568569,0.0018053429730221,33.659785901982175,3.7861442793955606
DoE1_R2,6.081081081081082,0.0018065093758704,33.68467129856276,3.792333420228287
DoE1_R2,6.093593593593594,0.0018076710827914,33.70955450310244,3.798519740536355
DoE1_R2,6.106106106106107,0.0018088280937851,33.734435515601206,3.8047032403197663
DoE1_R2,6.118618618618619,0.0018099804088515,33.759314336059056,3.81088391957852
DoE1_R2,6.131131131131132,0.0018111315302115,33.784190791717386,3.817061305372021
DoE1_R2,6.143643643643644,0.001812300575376,33.8090639395418,3.823232816067743
DoE1_R2,6.156156156156157,0.0018134831714197,33.833934118570845,3.8293995217725993
DoE1_R2,6.168668668668669,0.0018147124564821,33.85880075358778,3.835558749946786
DoE1_R2,6.181181181181182,0.0020195005916256,33.883747050235726,3.841704145547924
DoE1_R2,6.193693693693694,0.0020302027549758,33.90956346270892,3.847996795939311
DoE1_R2,6.206206206206207,0.0020314902994311,33.93537745214247,3.854289105917674
DoE1_R2,6.218718718718719,0.0020326808665378,33.96118548839239,3.8605384426433353
DoE1_R2,6.231231231231232,0.0020338435730575,33.98695690782325,3.8666959173292974
DoE1_R2,6.243743743743744,0.0020350048932802,34.01272650526147,3.872848821111373
DoE1_R2,6.256256256256257,0.002036166213503,34.03849610269968,3.879001724893448
DoE1_R2,6.268768768768769,0.0020373275337257,34.064265700137895,3.8851546286755214
DoE1_R2,6.281281281281282,0.0020384888539484,34.090035297576115,3.891307532457597
DoE1_R2,6.293793793793794,0.0020396501741711,34.11580489501433,3.897460436239671
DoE1_R2,6.306306306306307,0.0020408114943939,34.14157449245255,3.903613340021746
DoE1_R2,6.318818818818819,0.0020419728146166,34.16734408989076,3.909766243803821
DoE1_R2,6.331331331331332,0.0020431341348393,34.193113687328974,3.915919147585895
DoE1_R2,6.343843843843844,0.002044295455062,34.218883284767195,3.92207205136797
DoE1_R2,6.356356356356357,0.0020454594691648,34.24464017869928,3.928204622889504
DoE1_R2,6.368868868868869,0.0020466293423411,34.27036944305098,3.93429297261736
DoE1_R2,6.381381381381382,0.0020477992155174,34.29609870740268,3.9403813223452153
DoE1_R2,6.393893893893894,0.0020489690886938,34.32182797175438,3.9464696720730714
DoE1_R2,6.406406406406407,0.0020501389618701,34.34755723610608,3.952558021800926
DoE1_R2,6.418918918918919,0.0020513088350464,34.37328650045778,3.958646371528781
DoE1_R2,6.431431431431432,0.0020524787082227,34.39901576480948,3.964734721256637
DoE1_R2,6.443943943943944,0.002053648581399,34.42474502916118,3.970823070984492
DoE1_R2,6.456456456456457,0.0020548184545753,34.45047429351288,3.976911420712348
DoE1_R2,6.468968968968969,0.0020559883277516,34.47620355786458,3.982999770440204
DoE1_R2,6.481481481481482,0.0020571582009279,34.50193282221628,3.989088120168059
DoE1_R2,6.493993993993994,0.0020583093484669,34.52756117293124,3.9950242559117664
DoE1_R2,6.506506506506507,0.0020594515753725,34.55314144979239,4.000887879029243
DoE1_R2,6.519019019019019,0.002060593802278,34.57872172665354,4.006751502146719
DoE1_R2,6.531531531531532,0.0020617360291836,34.60430200351469,4.012615125264196
DoE1_R2,6.544044044044044,0.0020628782560892,34.62988228037584,4.018478748381672
DoE1_R2,6.556556556556557,0.0020640204829948,34.655462557236994,4.024342371499149
DoE1_R2,6.569069069069069,0.0020651627099004,34.68104283409814,4.030205994616625
DoE1_R2,6.581581581581582,0.0020663049368059,34.70662311095929,4.0360696177341016
DoE1_R2,6.594094094094094,0.0020674471637115,34.73220338782044,4.041933240851578
DoE1_R2,6.606606606606607,0.0020685893906171,34.75778366468159,4.047796863969055
DoE1_R2,6.619119119119119,0.0020697316175227,34.78336394154274,4.053660487086531
DoE1_R2,6.631631631631632,0.0020708738444283,34.80894421840389,4.059524110204007
DoE1_R2,6.644144144144144,0.0020720160713338,34.83452449526504,4.065387733321484
DoE1_R2,6.656656656656657,0.0020731582982394,34.860104772126185,4.07125135643896
DoE1_R2,6.6691691691691695,0.002074300525145,34.88568504898734,4.077114979556438
DoE1_R2,6.681681681681682,0.0020754427520506,34.91126532584849,4.082978602673914
DoE1_R2,6.6941941941941945,0.0020765849789562,34.93684560270964,4.088842225791391
DoE1_R2,6.706706706706707,0.0020777272058617,34.96242587957079,4.094705848908867
DoE1_R2,6.71921921921922,0.0020788694327673,34.988006156431936,4.100569472026344
DoE1_R2,6.731731731731732,0.0020800116596729,35.013586433293085,4.10643309514382
DoE1_R2,6.7442442442442445,0.0020811538865785,35.039166710154234,4.112296718261296
DoE1_R2,6.756756756756757,0.0020822961134841,35.06474698701538,4.118160341378773
DoE1_R2,6.7692692692692695,0.0020834383403896,35.09032726387653,4.124023964496249
DoE1_R2,6.781781781781782,0.0020845805672952,35.11590754073769,4.129887587613726
DoE1_R2,6.794294294294295,0.0020857227942008,35.14148781759884,4.135751210731202
DoE1_R2,6.806806806806807,0.0020868650211064,35.167068094459985,4.141614833848679
DoE1_R2,6.81931931931932,0.002088007248012,35.192648371321134,4.147478456966155
DoE1_R2,6.831831831831832,0.0020891494749175,35.21822864818228,4.153342080083632
DoE1_R2,6.844344344344345,0.0020902917018231,35.24380892504343,4.159205703201108
DoE1_R2,6.856856856856857,0.0020914339287287,35.26938920190458,4.1650693263185845
DoE1_R2,6.86936936936937,0.0020925761556343,35.29496947876573,4.170932949436061
DoE1_R2,6.881881881881882,0.0020937183825398,35.32054975562688,4.176796572553537
DoE1_R2,6.894394394394395,0.0020948606094454,35.346130032488034,4.182660195671014
DoE1_R2,6.906906906906907,0.002096002836351,35.37171030934918,4.18852381878849
DoE1_R2,6.91941941941942,0.0020971450632566,35.39729058621033,4.194387441905967
DoE1_R2,6.931931931931932,0.0020982872901622,35.42287086307148,4.200251065023443
DoE1_R2,6.944444444444445,0.0020994295170677,35.44845113993263,4.20611468814092
DoE1_R2,6.956956956956957,0.0021005717439733,35.47403141679378,4.211978311258396
DoE1_R2,6.96946946946947,0.0021017139708789,35.49961169365493,4.217841934375873
DoE1_R2,6.981981981981982,0.0021028561977845,35.52519197051608,4.223705557493349
DoE1_R2,6.994494494494495,0.0021039984246901,35.550772247377225,4.2295691806108255
DoE1_R2,7.007007007007007,0.0021051406515956,35.57635252423838,4.235432803728302
DoE1_R2,7.01951951951952,0.0021062828785012,35.60193280109953,4.2412964268457785
DoE1_R2,7.032032032032032,0.0021074251054068,35.62751307796068,4.247160049963255
DoE1_R2,7.044544544544545,0.0021085673323124,35.65309335482183,4.253023673080731
DoE1_R2,7.057057057057057,0.002109709559218,35.678673631682976,4.258887296198208
DoE1_R2,7.06956956956957,0.0021108517861235,35.704253908544125,4.264750919315684
DoE1_R2,7.082082082082082,0.0021119940130291,35.729834185405274,4.270614542433161
DoE1_R2,7.094594594594595,0.0021131362399347,35.75541446226642,4.276478165550637
DoE1_R2,7.107107107107107,0.0021142784668403,35.78099473912757,4.2823417886681145
DoE1_R2,7.11961961961962,0.0021154206937459,35.80657501598873,4.288205411785591
DoE1_R2,7.132132132132132,0.0021165659323055,35.8320848335618,4.293962152932696
DoE1_R2,7.144644644644645,0.0021177116100653,35.85758437580875,4.299703307105636
DoE1_R2,7.157157157157157,0.0021188574166311,35.883080904570846,4.305439890026047
DoE1_R2,7.16966966966967,0.0021200033520027,35.90857441984809,4.311171901693929
DoE1_R2,7.182182182182182,0.0021211494161803,35.93406492164048,4.316899342109282
DoE1_R2,7.194694694694695,0.0021222956091638,35.95955240994801,4.322622211272104
DoE1_R2,7.207207207207207,0.0021234419309533,35.98503688477069,4.3283405091823965
DoE1_R2,7.21971971971972,0.0021245883815487,36.01051834610852,4.33405423584016
DoE1_R2,7.232232232232232,0.00212573496095,36.035996793961495,4.339763391245394
DoE1_R2,7.244744744744745,0.0021268816691572,36.06147222832962,4.3454679753980985
DoE1_R2,7.257257257257257,0.0021280285061704,36.08694464921288,4.351167988298273
DoE1_R2,7.26976976976977,0.0021291754719894,36.1124140566113,4.356863429945918
DoE1_R2,7.282282282282282,0.0021303225666145,36.13788045052486,4.362554300341033
DoE1_R2,7.294794794794795,0.0021314697900454,36.163343830953565,4.368240599483618
DoE1_R2,7.307307307307307,0.0021326171422823,36.18880419789742,4.373922327373675
DoE1_R2,7.31981981981982,0.0021337646233251,36.214261551356415,4.379599484011202
DoE1_R2,7.332332332332332,0.0021349122331738,36.23971589133056,4.385272069396199
DoE1_R2,7.344844844844845,0.0021360599718285,36.26516721781986,4.390940083528665
DoE1_R2,7.357357357357357,0.002137207839289,36.29061553082429,4.396603526408604
DoE1_R2,7.36986986986987,0.0021383558355556,36.31606083034388,4.402262398036012
DoE1_R2,7.382382382382382,0.002139503960628,36.34150311637861,4.40791669841089
DoE1_R2,7.394894894894895,0.0021406522145064,36.366942388928486,4.413566427533239
DoE1_R2,7.407407407407407,0.0021418005971907,36.39237864799351,4.419211585403058
DoE1_R2,7.41991991991992,0.0021429491086809,36.417811893573685,4.424852172020349
DoE1_R2,7.432432432432432,0.0021440977489771,36.443242125669,4.430488187385109
DoE1_R2,7.444944944944945,0.0021452465180791,36.46866934427946,4.43611963149734
DoE1_R2,7.4574574574574575,0.0021463954159872,36.49409354940507,4.44174650435704
DoE1_R2,7.46996996996997,0.0021475444427011,36.51951474104583,4.447368805964212
DoE1_R2,7.482482482482483,0.002148693598221,36.54493291920173,4.452986536318853
DoE1_R2,7.494994994994996,0.0021498428825468,36.57034808387279,4.458599695420966
DoE1_R2,7.507507507507508,0.0021509922956785,36.59576023505898,4.4642082832705485
DoE1_R2,7.520020020020021,0.0021521418376162,36.62116937276032,4.469812299867602
DoE1_R2,7.532532532532533,0.0021532915083597,36.646575496976816,4.475411745212125
DoE1_R2,7.545045045045046,0.0021544413079092,36.671978607708446,4.481006619304119
DoE1_R2,7.557557557557558,0.0021555912362647,36.69737870495523,4.486596922143583
DoE1_R2,7.570070070070071,0.0021567412934261,36.72277578871716,4.492182653730517
DoE1_R2,7.582582582582583,0.0021578914793934,36.74816985899423,4.497763814064923
DoE1_R2,7.595095095095096,0.0021590417941666,36.77356091578645,4.503340403146798
DoE1_R2,7.607607607607608,0.0021601922377457,36.79894895909382,4.508912420976144
DoE1_R2,7.620120120120121,0.0021613428101308,36.82433398891634,4.51447986755296
DoE1_R2,7.6326326326326335,0.0021624935113218,36.849716005254,4.520042742877247
DoE1_R2,7.645145145145146,0.0021636443413188,36.8750950081068,4.525601046949004
DoE1_R2,7.657657657657658,0.0021647953001216,36.90047099747476,4.531154779768231
DoE1_R2,7.670170170170171,0.0021659463877304,36.92584397335786,4.536703941334929
DoE1_R2,7.6826826826826835,0.0021670976041452,36.9512139357561,4.542248531649098
DoE1_R2,7.695195195195196,0.0021682489493658,36.976580884669495,4.547788550710736
DoE1_R2,7.7077077077077085,0.0021694004233924,37.00194482009803,4.553323998519845
DoE1_R2,7.720220220220221,0.0021705520262249,37.02730574204172,4.558854875076425
DoE1_R2,7.732732732732733,0.0021717037578633,37.05266365050055,4.564381180380475
DoE1_R2,7.745245245245246,0.0021728556183077,37.07801854547453,4.569902914431995
DoE1_R2,7.7577577577577586,0.0021740084454513,37.10337242120869,4.575421028515966
DoE1_R2,7.770270270270271,0.002175167241639,37.12873718363704,4.58094120194259
DoE1_R2,7.782782782782784,0.0021763267895465,37.15410041515914,4.586457511329056
DoE1_R2,7.795295295295296,0.0021774870891736,37.17946211577501,4.5919699566753645
DoE1_R2,7.807807807807809,0.0021786481405203,37.20482228548463,4.597478537981517
DoE1_R2,7.820320320320321,0.0021798099435868,37.230180924288014,4.602983255247511
DoE1_R2,7.832832832832834,0.0021809724983728,37.25553803218515,4.608484108473348
DoE1_R2,7.845345345345346,0.0021821358048786,37.28089360917605,4.613981097659029
DoE1_R2,7.857857857857859,0.002183299863104,37.3062476552607,4.619474222804552
DoE1_R2,7.870370370370371,0.002184464673049,37.33160017043911,4.624963483909918
DoE1_R2,7.882882882882884,0.0021856302347138,37.35695115471128,4.630448880975126
DoE1_R2,7.895395395395396,0.0021867965480981,37.3823006080772,4.635930414000178
DoE1_R2,7.907907907907909,0.0021879636132022,37.40764853053689,4.641408082985072
DoE1_R2,7.920420420420421,0.0021891314300259,37.43299492209033,4.646881887929809
DoE1_R2,7.932932932932934,0.0021902999985692,37.458339782737525,4.652351828834389
DoE1_R2,7.945445445445446,0.0021914693188322,37.48368311247849,4.6578179056988125
DoE1_R2,7.957957957957959,0.0021926393908149,37.5090249113132,4.663280118523078
DoE1_R2,7.970470470470471,0.0021938102145173,37.53436517924167,4.668738467307186
DoE1_R2,7.982982982982984,0.0021949817899393,37.5597039162639,4.674192952051137
DoE1_R2,7.995495495495496,0.0021961541170809,37.58504112237989,4.679643572754931
DoE1_R2,8.008008008008009,0.0021973271959422,37.61037679758963,4.685090329418568
DoE1_R2,8.02052052052052,0.0021985064494731,37.63571014076484,4.69056217041813
DoE1_R2,8.033033033033034,0.0021996880748904,37.66104171368783,4.696038796027136
DoE1_R2,8.045545545545545,0.0022008718523615,37.686371548834245,4.701519032753155
DoE1_R2,8.058058058058059,0.0022020577818866,37.7116996462041,4.707002880596189
DoE1_R2,8.07057057057057,0.0022032458634656,37.7370260057974,4.712490339556235
DoE1_R2,8.083083083083084,0.0022044360970986,37.762350627614126,4.717981409633297
DoE1_R2,8.095595595595595,0.0022056284827854,37.7876735116543,4.723476090827372
DoE1_R2,8.108108108108109,0.0022068190039281,37.81299183867249,4.728962332321784
DoE1_R2,8.12062062062062,0.0022080095944163,37.83830696606368,4.7344459362783216
DoE1_R2,8.133133133133134,0.0022092010876134,37.86361947876448,4.739929402998638
DoE1_R2,8.145645645645645,0.0022103934835192,37.8889293767749,4.74541273248273
DoE1_R2,8.158158158158159,0.0022115867821339,37.91423666009495,4.750895924730601
DoE1_R2,8.17067067067067,0.0022127809834575,37.93954132872461,4.756378979742248
DoE1_R2,8.183183183183184,0.0022139760874898,37.96484338266389,4.761861897517674
DoE1_R2,8.195695695695695,0.002215172953868,37.99014225641802,4.76734155533279
DoE1_R2,8.208208208208209,0.0022163702394872,38.01543745782013,4.772814834942729
DoE1_R2,8.22072072072072,0.0025150418131919,38.041263999854685,4.778365909759064
DoE1_R2,8.233233233233234,0.002515243210257,38.06751077758645,4.783940237550918
DoE1_R2,8.245745745745745,0.002516407734344,38.093752613356585,4.789495977912978
DoE1_R2,8.258258258258259,0.0025174716725111,38.11996558639057,4.794980824497605
DoE1_R2,8.27077077077077,0.002518528290067,38.14617583523028,4.80045894401131
DoE1_R2,8.283283283283284,0.0025195849076229,38.17238608407,4.8059370635250165
DoE1_R2,8.295795795795796,0.0025206415251789,38.19859633290972,4.811415183038721
DoE1_R2,8.308308308308309,0.0025216981427348,38.22480658174944,4.816893302552427
DoE1_R2,8.32082082082082,0.0025227547602907,38.25101683058914,4.822371422066132
DoE1_R2,8.333333333333334,0.0025238113778466,38.27722707942886,4.8278495415798375
DoE1_R2,8.345845845845846,0.0025248679954025,38.30343732826858,4.833327661093543
DoE1_R2,8.358358358358359,0.0025259244551066,38.3296401593232,4.838809938254761
DoE1_R2,8.37087087087087,0.0025269803665519,38.35581722656112,4.844306655962166
DoE1_R2,8.383383383383384,0.0025280362779972,38.38199429379904,4.849803373669571
DoE1_R2,8.395895895895896,0.0025290921894425,38.40817136103696,4.855300091376975
DoE1_R2,8.408408408408409,0.0025301481008878,38.43434842827489,4.8607968090843805
DoE1_R2,8.42092092092092,0.0025312040123331,38.46052549551281,4.866293526791785
DoE1_R2,8.433433433433434,0.0025322599237784,38.486702562750736,4.87179024449919
DoE1_R2,8.445945945945946,0.0025333158352238,38.51287962998866,4.877286962206594
DoE1_R2,8.458458458458459,0.0025343717466691,38.53905669722658,4.882783679913999
DoE1_R2,8.47097097097097,0.0025353516282983,38.56513889069412,4.888152396828207
DoE1_R2,8.483483483483484,0.0025362655890007,38.59113882476411,4.893410131875744
DoE1_R2,8.495995995995996,0.0025371795497032,38.61713875883409,4.898667866923281
DoE1_R2,8.508508508508509,0.0025380935104056,38.64313869290408,4.903925601970819
DoE1_R2,8.52102102102102,0.0025390074711081,38.66913862697406,4.909183337018357
DoE1_R2,8.533533533533534,0.0025399214318105,38.69513856104405,4.914441072065895
DoE1_R2,8.546046046046047,0.002540835392513,38.72113849511403,4.919698807113432
DoE1_R2,8.558558558558559,0.0025417493532154,38.74713842918401,4.924956542160969
DoE1_R2,8.571071071071072,0.0025426633139179,38.773138363254,4.930214277208508
DoE1_R2,8.583583583583584,0.0025435772746203,38.79913829732398,4.935472012256045
DoE1_R2,8.596096096096097,0.0025444912353228,38.82513823139397,4.940729747303583
DoE1_R2,8.608608608608609,0.0025454051960252,38.85113816546395,4.94598748235112
DoE1_R2,8.621121121121122,0.0025463191567277,38.87713809953394,4.951245217398657
DoE1_R2,8.633633633633634,0.0025472331174301,38.90313803360392,4.956502952446195
DoE1_R2,8.646146146146148,0.0025481470781326,38.9291379676739,4.961760687493733
DoE1_R2,8.65865865865866,0.002549061038835,38.95513790174389,4.96701842254127
DoE1_R2,8.671171171171173,0.0025499749995375,38.98113783581388,4.972276157588808
DoE1_R2,8.683683683683684,0.0025508889602399,39.007137769883855,4.9775338926363455
DoE1_R2,8.696196196196198,0.0025518029209424,39.03313770395384,4.982791627683883
DoE1_R2,8.70870870870871,0.0025527168816448,39.05913763802383,4.98804936273142
DoE1_R2,8.721221221221223,0.0025536308423473,39.08513757209381,4.993307097778958
DoE1_R2,8.733733733733734,0.0025545448030498,39.11113750616379,4.998564832826496
DoE1_R2,8.746246246246248,0.0025554587637522,39.13713744023378,5.003822567874034
DoE1_R2,8.75875875875876,0.0025563727244547,39.16313737430376,5.0090803029215705
DoE1_R2,8.771271271271273,0.0025572866851571,39.18913730837375,5.014338037969108
DoE1_R2,8.783783783783784,0.0025582006458596,39.21513724244373,5.019595773016645
DoE1_R2,8.796296296296298,0.002559114606562,39.24113717651372,5.024853508064184
DoE1_R2,8.80880880880881,0.0025600285672645,39.2671371105837,5.030111243111721
DoE1_R2,8.821321321321323,0.0025609425279669,39.29313704465368,5.0353689781592585
DoE1_R2,8.833833833833834,0.0025618564886694,39.31913697872367,5.040626713206796
DoE1_R2,8.846346346346348,0.0025627704493718,39.345136912793656,5.045884448254333
DoE1_R2,8.85885885885886,0.0025636844100743,39.37113684686364,5.051142183301871
DoE1_R2,8.871371371371373,0.0025645983707767,39.39713678093362,5.056399918349409
DoE1_R2,8.883883883883884,0.0025655123314792,39.4231367150036,5.061657653396946
DoE1_R2,8.896396396396398,0.0025664262921816,39.44913664907359,5.066915388444484
DoE1_R2,8.90890890890891,0.0025673402528841,39.47513658314357,5.072173123492021
DoE1_R2,8.921421421421423,0.0025682542135865,39.50113651721356,5.077430858539559
DoE1_R2,8.933933933933934,0.002569168174289,39.52713645128354,5.082688593587096
DoE1_R2,8.946446446446448,0.0025700821349914,39.553136385353525,5.087946328634634
DoE1_R2,8.95895895895896,0.0025709960956939,39.57913631942351,5.093204063682172
DoE1_R2,8.971471471471473,0.0025719100563963,39.6051362534935,5.098461798729709
DoE1_R2,8.983983983983984,0.0025728240170988,39.63113618756348,5.103719533777246
DoE1_R2,8.996496496496498,0.0025737379778012,39.65713612163346,5.108977268824784
DoE1_R2,9.00900900900901,0.0025746519385037,39.68313605570345,5.114235003872321
DoE1_R2,9.021521521521525,0.0025755658992061,39.70913598977343,5.11949273891986
DoE1_R2,9.034034034034034,0.0025764798599086,39.735135923843416,5.124750473967397
DoE1_R2,9.046546546546548,0.002577393820611,39.7611358579134,5.130008209014934
DoE1_R2,9.05905905905906,0.0025783077813135,39.78713579198338,5.135265944062471
DoE1_R2,9.071571571571573,0.0025792217420159,39.81313572605337,5.140523679110009
DoE1_R2,9.084084084084084,0.0025801357027184,39.83913566012336,5.145781414157547
DoE1_R2,9.096596596596598,0.0025810496634208,39.86513559419334,5.151039149205085
DoE1_R2,9.10910910910911,0.0025819636241233,39.89113552826332,5.156296884252622
DoE1_R2,9.121621621621625,0.0025828083921774,39.91704662200977,5.161406166600182
DoE1_R2,9.134134134134134,0.0025836458985854,39.94294839212151,5.166499869099632
DoE1_R2,9.146646646646648,0.0025844805979932,39.96884655816807,5.171587549185103
DoE1_R2,9.15915915915916,0.0025853124904007,39.99474112014945,5.176669206856593
DoE1_R2,9.171671671671673,0.0025861415758079,40.02063207806565,5.181744842114103
DoE1_R2,9.184184184184184,0.0025869678542148,40.04651943191668,5.186814454957632
DoE1_R2,9.196696696696698,0.0025877913256214,40.072403181702526,5.191878045387181
DoE1_R2,9.20920920920921,0.0025886119900277,40.0982833274232,5.196935613402749
DoE1_R2,9.221721721721725,0.0025894298474337,40.124159869078696,5.201987159004337
DoE1_R2,9.234234234234236,0.0025902448978394,40.15003280666901,5.207032682191945
DoE1_R2,9.246746746746748,0.0025910571412449,40.17590214019416,5.212072182965572
DoE1_R2,9.25925925925926,0.00259186657765,40.20176786965411,5.217105661325219
DoE1_R2,9.271771771771771,0.0025926732070548,40.2276299950489,5.222133117270885
DoE1_R2,9.284284284284285,0.0025934770294593,40.2534885163785,5.227154550802571
DoE1_R2,9.296796796796798,0.0025942780448635,40.279343433642936,5.232169961920277
DoE1_R2,9.30930930930931,0.0025950762532675,40.30519474684218,5.237179350624002
DoE1_R2,9.321821821821825,0.0025958716546711,40.33104245597626,5.242182716913747
DoE1_R2,9.334334334334336,0.0025966642490744,40.35688656104516,5.247180060789511
DoE1_R2,9.346846846846848,0.0025974540364775,40.38272706204888,5.252171382251295
DoE1_R2,9.35935935935936,0.0025982410168802,40.40856395898742,5.257156681299099
DoE1_R2,9.371871871871871,0.0025990251902826,40.43439725186079,5.262135957932922
DoE1_R2,9.384384384384385,0.0025998065566848,40.460226940668974,5.267109212152765
DoE1_R2,9.396896896896898,0.0026005851160866,40.486053025411984,5.272076443958627
DoE1_R2,9.40940940940941,0.0026013608684882,40.511875506089815,5.27703765335051
DoE1_R2,9.421921921921925,0.0026021338138894,40.53769438270248,5.281992840328411
DoE1_R2,9.434434434434436,0.0026029039522904,40.56350965524995,5.286942004892333
DoE1_R2,9.446946946946948,0.0026036712836911,40.58932132373225,5.291885147042273
DoE1_R2,9.45945945945946,0.0026044358080914,40.61512938814938,5.296822266778234
DoE1_R2,9.471971971971971,0.0026051975254915,40.64093384850132,5.301753364100215
DoE1_R2,9.484484484484485,0.0026059564358912,40.66673470478809,5.306678439008214
DoE1_R2,9.496996996996998,0.0026067125392907,40.692531957009685,5.3115974915022335
DoE1_R2,9.50950950950951,0.0026074658356899,40.71832560516609,5.316510521582272
DoE1_R2,9.522022022022025,0.0026082163250888,40.74411564925733,5.321417529248331
DoE1_R2,9.534534534534536,0.0026089640074873,40.76990208928339,5.326318514500408
DoE1_R2,9.547047047047048,0.0026097088828856,40.795684925244274,5.3312134773385065
DoE1_R2,9.55955955955956,0.0026104509512836,40.82146415713997,5.336102417762623
DoE1_R2,9.572072072072071,0.0026111902126813,40.847239784970505,5.340985335772761
DoE1_R2,9.584584584584585,0.0026119266670787,40.873011808735846,5.345862231368917
DoE1_R2,9.597097097097098,0.0026126603144758,40.89878022843602,5.350733104551093
DoE1_R2,9.60960960960961,0.0026133911548726,40.92454504407102,5.355597955319289
DoE1_R2,9.622122122122123,0.0026141191882691,40.95030625564083,5.360456783673505
DoE1_R2,9.634634634634637,0.0026148444146653,40.97606386314547,5.365309589613739
DoE1_R2,9.647147147147148,0.0026155668340612,41.001817866584936,5.370156373139994
DoE1_R2,9.65965965965966,0.0026162864464568,41.02756826595922,5.374997134252268
DoE1_R2,9.672172172172171,0.0026170032518521,41.05331506126833,5.379831872950562
DoE1_R2,9.684684684684685,0.0026177172502471,41.079058252512255,5.384660589234875
DoE1_R2,9.697197197197198,0.0026184284416418,41.10479783969101,5.389483283105208
DoE1_R2,9.70970970970971,0.0026191368260362,41.13053382280458,5.394299954561561
DoE1_R2,9.722222222222223,0.0026198424034303,41.15626620185298,5.399110603603933
DoE1_R2,9.734734734734737,0.0026205451738242,41.1819949768362,5.403915230232324
DoE1_R2,9.747247247247248,0.0026212451372177,41.207720147754245,5.408713834446736
DoE1_R2,9.75975975975976,0.002621955823294,41.23344668087066,5.413530480711168
DoE1_R2,9.772272272272271,0.0026226912559235,41.2591797238475,5.418390112471798
DoE1_R2,9.784784784784785,0.0026234260170261,41.2849099466152,5.423247520061348
DoE1_R2,9.797297297297298,0.0026241601066018,41.31063734917375,5.42810270347982
DoE1_R2,9.80980980980981,0.0026248935246506,41.33636193152315,5.432955662727212
DoE1_R2,9.822322322322323,0.0026256262711725,41.362083693663415,5.437806397803527
DoE1_R2,9.834834834834837,0.0026263583461676,41.387802635594525,5.442654908708763
DoE1_R2,9.847347347347348,0.0026270897496357,41.4135187573165,5.44750119544292
DoE1_R2,9.85985985985986,0.0026278204815769,41.43923205882933,5.452345258005996
DoE1_R2,9.872372372372372,0.0026285505419913,41.46494254013302,5.457187096397996
DoE1_R2,9.884884884884883,0.0026292799308787,41.49065020122757,5.462026710618916
DoE1_R2,9.897397397397398,0.0026300086482393,41.51635504211296,5.466864100668757
DoE1_R2,9.90990990990991,0.0026307366940729,41.54205706278922,5.471699266547519
DoE1_R2,9.922422422422423,0.0026314640683797,41.567756263256335,5.476532208255203
DoE1_R2,9.934934934934937,0.0026321907711596,41.5934526435143,5.481362925791808
DoE1_R2,9.947447447447448,0.0026329168024126,41.619146203563126,5.4861914191573335
DoE1_R2,9.95995995995996,0.0026336421621387,41.64483694340281,5.49101768835178
DoE1_R2,9.972472472472472,0.0026343668503379,41.67052486303334,5.4958417333751495
DoE1_R2,9.984984984984983,0.0026350908670102,41.69620996245474,5.500663554227439
DoE1_R2,9.997497497497498,0.0026358142121556,41.721892241666986,5.505483150908649
DoE1_R2,10.01001001001001,0.0026365368857741,41.74757170067009,5.51030052341878
DoE1_R2,10.022522522522523,0.0026372588878657,41.77324833946405,5.515115671757834
DoE1_R2,10.035035035035037,0.0026379802184305,41.79892215804887,5.519928595925808
DoE1_R2,10.047547547547548,0.0026387008774683,41.82459315642455,5.524739295922704
DoE1_R2,10.06006006006006,0.0026394208649793,41.85026133459108,5.529547771748519
DoE1_R2,10.072572572572572,0.0026401401809633,41.87592669254846,5.5343540234032575
DoE1_R2,10.085085085085083,0.0026408588254205,41.9015892302967,5.539158050886916
DoE1_R2,10.097597597597598,0.0026415767983507,41.92724894783581,5.543959854199496
DoE1_R2,10.11011011011011,0.0026422940997541,41.95290584516576,5.548759433340996
DoE1_R2,10.122622622622623,0.0026430107296306,41.97855992228657,5.553556788311419
DoE1_R2,10.135135135135137,0.0026437266879802,42.00421117919824,5.558351919110763
DoE1_R2,10.147647647647648,0.0026444419748029,42.02985961590076,5.563144825739028
DoE1_R2,10.16016016016016,0.0026451565900987,42.05550523239414,5.5679355081962125
DoE1_R2,10.172672672672672,0.0026458705338676,42.08114802867838,5.57272396648232
DoE1_R2,10.185185185185183,0.0026465838061096,42.10678800475347,5.577510200597348
DoE1_R2,10.1976976976977,0.0026472964068247,42.13242516061942,5.582294210541297
DoE1_R2,10.21021021021021,0.002648008336013,42.15805949627622,5.587075996314168
DoE1_R2,10.222722722722724,0.0026487306202817,42.18369178273113,5.59185928968556
DoE1_R2,10.235235235235235,0.0026494729264945,42.2093226959148,5.596647362242712
DoE1_R2,10.247747747747749,0.0029843749855258,42.2349889922635,5.601442251494314
DoE1_R2,10.26026026026026,0.0030311368177901,42.26151149688994,5.606338957302095
DoE1_R2,10.272772772772774,0.0030316649852255,42.28804094578031,5.611230702728191
DoE1_R2,10.285285285285283,0.0030321125190451,42.3145648780605,5.616117001516317
DoE1_R2,10.2977977977978,0.0030324254283608,42.3410437483409,5.620911939813298
DoE1_R2,10.31031031031031,0.0030327312824489,42.36752025707002,5.625702090207277
DoE1_R2,10.322822822822824,0.0030330371365369,42.39399676579914,5.630492240601256
DoE1_R2,10.335335335335335,0.0030333429906249,42.420473274528256,5.635282390995234
DoE1_R2,10.347847847847849,0.003033648844713,42.446949783257374,5.6400725413892125
DoE1_R2,10.36036036036036,0.003033954698801,42.47342629198649,5.644862691783191
DoE1_R2,10.372872872872874,0.0030342605528891,42.49990280071562,5.6496528421771695
DoE1_R2,10.385385385385383,0.0030345664069771,42.526379309444735,5.654442992571148
DoE1_R2,10.3978978978979,0.0030348722610652,42.55285581817385,5.659233142965127
DoE1_R2,10.41041041041041,0.0030351781151532,42.57933232690297,5.664023293359105
DoE1_R2,10.422922922922924,0.0030354650680962,42.60578650365369,5.668799614930385
DoE1_R2,10.435435435435435,0.0030357268220434,42.63221090742381,5.673557499923288
DoE1_R2,10.447947947947949,0.0030359885759907,42.65863531119393,5.678315384916192
DoE1_R2,10.46046046046046,0.0030362503299379,42.685059714964055,5.683073269909095
DoE1_R2,10.472972972972974,0.0030365120838852,42.71148411873418,5.687831154902
DoE1_R2,10.485485485485484,0.0030367738378325,42.7379085225043,5.692589039894902
DoE1_R2,10.497997997998,0.0030370355917797,42.76433292627442,5.697346924887807
DoE1_R2,10.51051051051051,0.003037297345727,42.79075733004454,5.70210480988071
DoE1_R2,10.523023023023024,0.0030375590996742,42.81718173381466,5.706862694873614
DoE1_R2,10.535535535535535,0.0030378208536215,42.84360613758479,5.711620579866517
DoE1_R2,10.548048048048049,0.0030380826075688,42.87003054135491,5.716378464859422
DoE1_R2,10.56056056056056,0.0030381052546899,42.89622963131744,5.720918301089506
DoE1_R2,10.573073073073074,0.0030381033816162,42.92240561554699,5.725435776610569
DoE1_R2,10.585585585585584,0.0030381015085425,42.94858159977655,5.729953252131631
DoE1_R2,10.5980980980981,0.0030380996354688,42.9747575840061,5.734470727652694
DoE1_R2,10.61061061061061,0.003038097762395,43.00093356823565,5.738988203173755
DoE1_R2,10.623123123123124,0.0030380958893213,43.027109552465205,5.7435056786948175
DoE1_R2,10.635635635635635,0.0030380940162476,43.05328553669476,5.748023154215879
DoE1_R2,10.648148148148149,0.0030380921431738,43.07946152092431,5.7525406297369415
DoE1_R2,10.66066066066066,0.0030380902701001,43.105637505153865,5.757058105258004
DoE1_R2,10.673173173173174,0.0030380883970264,43.13181348938342,5.761575580779066
DoE1_R2,10.685685685685687,0.0030380865239526,43.15798947361297,5.766093056300129
DoE1_R2,10.6981981981982,0.0030380846508789,43.184165457842525,5.77061053182119
DoE1_R2,10.710710710710712,0.0030380827778052,43.21034144207208,5.775128007342253
DoE1_R2,10.723223223223224,0.0030380809047315,43.23651742630163,5.779645482863314
DoE1_R2,10.735735735735735,0.0030380790316577,43.26269341053119,5.7841629583843766
DoE1_R2,10.748248248248249,0.003038077158584,43.28886939476074,5.788680433905438
DoE1_R2,10.760760760760762,0.0030380752855103,43.31504537899029,5.7931979094265005
DoE1_R2,10.773273273273274,0.0030380734124365,43.34122136321984,5.797715384947563
DoE1_R2,10.785785785785787,0.0030380715393628,43.3673973474494,5.802232860468625
DoE1_R2,10.7982982982983,0.0030380696662891,43.393573331678944,5.806750335989687
DoE1_R2,10.810810810810812,0.0030380677932153,43.4197493159085,5.811267811510749
DoE1_R2,10.823323323323324,0.0030380659201416,43.44592530013805,5.815785287031811
DoE1_R2,10.835835835835836,0.0030380640470679,43.47210128436761,5.820302762552873
DoE1_R2,10.848348348348347,0.0030380621739942,43.49827726859716,5.824820238073935
DoE1_R2,10.860860860860862,0.0030380603009204,43.52445325282671,5.829337713594997
DoE1_R2,10.873373373373374,0.0030380584278467,43.55062923705626,5.83385518911606
DoE1_R2,10.885885885885887,0.003038056554773,43.57680522128582,5.838372664637122
DoE1_R2,10.8983983983984,0.0030380546816992,43.60298120551537,5.842890140158183
DoE1_R2,10.910910910910912,0.0030380528086255,43.62915718974492,5.847407615679246
DoE1_R2,10.923423423423424,0.0030380509355518,43.65533317397448,5.851925091200307
DoE1_R2,10.935935935935936,0.003038049062478,43.68150915820403,5.85644256672137
DoE1_R2,10.948448448448447,0.0030380471894043,43.70768514243358,5.860960042242432
DoE1_R2,10.960960960960962,0.0030380453163306,43.733861126663136,5.865477517763495
DoE1_R2,10.973473473473474,0.0030380434432569,43.76003711089269,5.869994993284556
DoE1_R2,10.985985985985987,0.0030380415701831,43.78621309512224,5.8745124688056185
DoE1_R2,10.9984984984985,0.0030380396971094,43.8123890793518,5.87902994432668
DoE1_R2,11.011011011011012,0.0030380378240357,43.83856506358135,5.883547419847742
DoE1_R2,11.023523523523524,0.0030380359509619,43.864741047810895,5.888064895368804
DoE1_R2,11.036036036036036,0.0030380340778882,43.890917032040456,5.892582370889866
DoE1_R2,11.048548548548547,0.0030380322048145,43.91709301627,5.897099846410929
DoE1_R2,11.061061061061062,0.0030380303317407,43.94326900049956,5.901617321931991
DoE1_R2,11.073573573573574,0.003038028458667,43.96944498472911,5.906134797453053
DoE1_R2,11.086086086086087,0.0030380265855933,43.99562096895866,5.910652272974115
DoE1_R2,11.0985985985986,0.0030380247125196,44.021796953188215,5.915169748495177
DoE1_R2,11.111111111111112,0.0030380228394458,44.04797293741777,5.919687224016239
DoE1_R2,11.123623623623624,0.0030380209663721,44.07414892164732,5.924204699537301
DoE1_R2,11.136136136136138,0.0030380190932984,44.10032490587688,5.928722175058364
DoE1_R2,11.14864864864865,0.0030380172202246,44.12650089010643,5.933239650579425
DoE1_R2,11.161161161161164,0.0030380153471509,44.15267687433598,5.937757126100488
DoE1_R2,11.173673673673674,0.0030380134740772,44.178852858565534,5.942274601621549
DoE1_R2,11.186186186186188,0.0030380116010034,44.20502884279509,5.946792077142612
DoE1_R2,11.1986986986987,0.0030380097279297,44.23120482702464,5.951309552663673
DoE1_R2,11.211211211211213,0.003038007854856,44.257380811254194,5.955827028184736
DoE1_R2,11.223723723723724,0.0030380059817823,44.28355679548375,5.960344503705798
DoE1_R2,11.236236236236238,0.0030380041087085,44.3097327797133,5.9648619792268605
DoE1_R2,11.24874874874875,0.0030380022356348,44.33590876394285,5.969379454747922
DoE1_R2,11.261261261261264,0.0030378839900335,44.36195553470903,5.973759485594968
DoE1_R2,11.273773773773774,0.003037749728338,44.387984522111424,5.9781206002348775
DoE1_R2,11.286286286286288,0.0030376109648142,44.41400851093864,5.982476397878258
DoE1_R2,11.2987987987988,0.0030374676994621,44.44002750119067,5.986826878525108
DoE1_R2,11.311311311311313,0.0030373199322817,44.46604149286752,5.99117204217543
DoE1_R2,11.323823823823824,0.0030371676632729,44.49205048596919,5.995511888829221
DoE1_R2,11.336336336336338,0.0030370108924359,44.51805448049568,5.999846418486484
DoE1_R2,11.34884884884885,0.0030368496197705,44.54405347644699,6.004175631147218
DoE1_R2,11.361361361361364,0.0030366838452768,44.57004747382312,6.008499526811423
DoE1_R2,11.373873873873874,0.0030365135689548,44.59603647262406,6.012818105479099
DoE1_R2,11.386386386386388,0.0030363387908045,44.62202047284983,6.017131367150244
DoE1_R2,11.3988988988989,0.0030361595108259,44.64799947450041,6.021439311824861
DoE1_R2,11.411411411411413,0.0030359757290189,44.67397347757581,6.025741939502949
DoE1_R2,11.423923923923924,0.0030357874453836,44.69994248207603,6.030039250184507
DoE1_R2,11.436436436436438,0.0030355946599201,44.72590648800108,6.034331243869537
DoE1_R2,11.44894894894895,0.0030353973726282,44.75186549535093,6.038617920558036
DoE1_R2,11.461461461461464,0.003035195583508,44.77781950412562,6.042899280250007
DoE1_R2,11.473973973973974,0.0030349892925594,44.80376851432512,6.047175322945449
DoE1_R2,11.486486486486488,0.0030347784997826,44.82971252594943,6.051446048644362
DoE1_R2,11.498998998999,0.0030345632051774,44.855651538998565,6.055711457346744
DoE1_R2,11.511511511511513,0.0030343434087439,44.881585553472526,6.059971549052599
DoE1_R2,11.524024024024024,0.0030341191104821,44.907514569371294,6.064226323761923
DoE1_R2,11.536536536536538,0.003033890310392,44.93343858669489,6.068475781474719
DoE1_R2,11.54904904904905,0.0030336570084736,44.9593576054433,6.072719922190985
DoE1_R2,11.561561561561565,0.0030334192047268,44.98527162561653,6.076958745910722
DoE1_R2,11.574074074074074,0.0030331768991518,45.01118064721458,6.0811922526339295
DoE1_R2,11.586586586586588,0.0030329300917484,45.037084670237455,6.085420442360609
DoE1_R2,11.5990990990991,0.0030326787825167,45.06298369468514,6.089643315090758
DoE1_R2,11.611611611611613,0.0030324229714567,45.08887772055765,6.093860870824378
DoE1_R2,11.624124124124124,0.0030321626585684,45.11476674785497,6.098073109561469
DoE1_R2,11.636636636636638,0.0030318978438517,45.14065077657712,6.102280031302031
DoE1_R2,11.64914914914915,0.0030316285273068,45.166529806724085,6.106481636046063
DoE1_R2,11.661661661661665,0.0030313547089335,45.19240383829587,6.110677923793566
DoE1_R2,11.674174174174174,0.0030310763887319,45.21827287129247,6.11486889454454
DoE1_R2,11.686686686686688,0.003030793566702,45.24413690571389,6.119054548298985
DoE1_R2,11.6991991991992,0.0030305062428438,45.269995941560126,6.1232348850569
DoE1_R2,11.711711711711713,0.0030302144171572,45.29584997883119,6.127409904818287
DoE1_R2,11.724224224224224,0.0030299180896424,45.32169901752707,6.131579607583144
DoE1_R2,11.736736736736738,0.0030296172602992,45.34754305764776,6.135743993351472
DoE1_R2,11.74924924924925,0.0030293119291277,45.37338209919328,6.13990306212327
DoE1_R2,11.761761761761765,0.0030290020961279,45.39921614216362,6.1440568138985405
DoE1_R2,11.774274274274276,0.0030286877612998,45.42504518655877,6.1482052486772805
DoE1_R2,11.786786786786788,0.0030283689246434,45.45086923237874,6.152348366459491
DoE1_R2,11.7992992992993,0.0030280455861586,45.47668827962353,6.1564861672451725
DoE1_R2,11.811811811811811,0.0030277177458455,45.50250232829315,6.1606186510343255
DoE1_R2,11.824324324324325,0.0030273854037042,45.52831137838758,6.164745817826949
DoE1_R2,11.836836836836838,0.0030270485597345,45.55411542990683,6.168867667623044
DoE1_R2,11.84934934934935,0.0030267072139364,45.579914482850896,6.172984200422608
DoE1_R2,11.861861861861865,0.0030263613663101,45.60570853721978,6.177095416225644
DoE1_R2,11.874374374374376,0.0030260110168555,45.631497593013485,6.18120131503215
DoE1_R2,11.886886886886888,0.0030256561655725,45.657281650232015,6.185301896842128
DoE1_R2,11.8993993993994,0.0030252968124612,45.68306070887535,6.189397161655576
DoE1_R2,11.911911911911911,0.0030249329575216,45.70883476894352,6.193487109472494
DoE1_R2,11.924424424424425,0.0030245646007537,45.7346038304365,6.197571740292884
DoE1_R2,11.936936936936938,0.0030241917421575,45.76036789335431,6.201651054116744
DoE1_R2,11.94944944944945,0.0030238143817329,45.78612695769692,6.205725050944075
DoE1_R2,11.961961961961965,0.0030234703621615,45.81190715091217,6.209838673347272
DoE1_R2,11.974474474474476,0.0030231337778856,45.837690587213935,6.21396115547262
DoE1_R2,11.986986986986988,0.0030228012730023,45.8634749496106,6.218088511796381
DoE1_R2,11.9994994994995,0.0030224728475116,45.88926023810215,6.222220742318555
DoE1_R2,12.012012012012011,0.0030221485014136,45.91504645268861,6.226357847039142
DoE1_R2,12.024524524524525,0.0030218282347082,45.940833593369966,6.230499825958142
DoE1_R2,12.037037037037038,0.0030215120473954,45.966621660146224,6.234646679075555
DoE1_R2,12.04954954954955,0.0030211999394753,45.99241065301738,6.23879840639138
DoE1_R2,12.062062062062065,0.0030208896503253,46.01819870432505,6.242951940836688
DoE1_R2,12.074574574574577,0.0030205658060493,46.04397311261791,6.247086424085763
DoE1_R2,12.087087087087088,0.0030202420772115,46.06974517210556,6.251220403491708
DoE1_R2,12.0995995995996,0.0030199184638118,46.09551488278801,6.255353879054519
DoE1_R2,12.112112112112111,0.0030195949658504,46.12128224466527,6.2594868507742
DoE1_R2,12.124624624624625,0.0030192715833272,46.147047257737306,6.263619318650748
DoE1_R2,12.137137137137138,0.0030189483162421,46.17280992200416,6.267751282684165
DoE1_R2,12.14964964964965,0.0030186251645953,46.1985702374658,6.271882742874449
DoE1_R2,12.162162162162163,0.0030183021283867,46.22432820412224,6.276013699221601
DoE1_R2,12.174674674674677,2.5390984993582853e-10,46.24306004582329,6.279015356329283
DoE1_R2,12.187187187187188,-9.308563457448913e-10,46.24306004547893,6.279015356264554
DoE1_R2,12.1996996996997,-2.110917118307865e-09,46.2430600457173,6.279015356309284
DoE1_R2,12.212212212212211,-3.290977890871006e-09,46.24306004595567,6.279015356354012
DoE1_R2,12.224724724724725,-4.468204862933778e-09,46.24306004626784,6.279015356412603
DoE1_R2,12.237237237237238,-5.644802205487968e-09,46.2430600465964,6.2790153564742734
DoE1_R2,12.24974974974975,-6.821392771076523e-09,46.24306004692516,6.279015356535981
DoE1_R2,12.262262262262263,-7.997505175991621e-09,46.24306004726782,6.2790153566003
DoE1_R2,12.274774774774777,-9.173617580906553e-09,46.24306004761048,6.279015356664619
DoE1_R2,12.287287287287288,-1.0349729985821648e-08,46.24306004795314,6.279015356728937
DoE1_R2,12.2997997997998,-1.1525842390736576e-08,46.2430600482958,6.279015356793256
DoE1_R2,12.312312312312311,-1.2701954795651676e-08,46.24306004863846,6.279015356857575
DoE1_R2,12.324824824824825,-1.3878067200566604e-08,46.24306004898113,6.279015356921893
DoE1_R2,12.337337337337338,-1.50541796054817e-08,46.24306004932379,6.279015356986212
DoE1_R2,12.34984984984985,-1.6230292010396632e-08,46.24306004966645,6.279015357050531
DoE1_R2,12.362362362362363,-1.7406404415311732e-08,46.24306005000911,6.279015357114849
DoE1_R2,12.374874874874877,-1.858251682022666e-08,46.24306005035177,6.279015357179167
DoE1_R2,12.387387387387388,-1.975862922514176e-08,46.24306005069443,6.279015357243486
DoE1_R2,12.3998998998999,-2.0934741630056685e-08,46.24306005103709,6.279015357307805
DoE1_R2,12.412412412412412,-2.2110854034971785e-08,46.24306005137975,6.279015357372123
DoE1_R2,12.424924924924923,-2.3286966439886717e-08,46.243060051722416,6.279015357436442
DoE1_R2,12.437437437437438,-2.4463078844801813e-08,46.24306005206508,6.279015357500761
DoE1_R2,12.44994994994995,-2.563919124971674e-08,46.243060052407735,6.279015357565079
DoE1_R2,12.462462462462463,-2.681530365463184e-08,46.2430600527504,6.279015357629397
DoE1_R2,12.474974974974977,-2.7991416059546773e-08,46.24306005309306,6.279015357693716
DoE1_R2,12.487487487487488,-2.9167528464461863e-08,46.24306005343572,6.279015357758035
DoE1_R2,12.5,-3.03436408693768e-08,46.24306005377838,6.279015357822353
DoE1_R3,0.0,0.0,26.300000000000065,0.0
DoE1_R3,0.0125125125125125,0.0002201129751404,26.31125221525377,0.0066806949400996
DoE1_R3,0.025025025025025,0.0002201116275113,26.322601636978085,0.0133700869707821
DoE1_R3,0.0375375375375375,0.0002201131302932,26.33394369821304,0.0200493314515328
DoE1_R3,0.05005005005005,0.000220110285487,26.34527741358079,0.0267333667148471
DoE1_R3,0.0625625625625625,0.0002200943179716,26.35660265523327,0.0334331575692635
DoE1_R3,0.075075075075075,0.0002200781883211,26.367914098944677,0.0401340775884763
DoE1_R3,0.0875875875875876,0.0002200635494966,26.37920685486433,0.046821112406495
DoE1_R3,0.1001001001001001,0.0002200535139132,26.39043695341534,0.0534611650170383
DoE1_R3,0.1126126126126126,0.0002200434783298,26.40166705196635,0.0601012176275815
DoE1_R3,0.1251251251251251,0.0002200334427464,26.41289715051736,0.0667412702381248
DoE1_R3,0.1376376376376376,0.000220023407163,26.42412724906837,0.0733813228486681
DoE1_R3,0.1501501501501501,0.0002200133715796,26.43535734761938,0.0800213754592114
DoE1_R3,0.1626626626626626,0.0002200033359962,26.44658744617039,0.0866614280697546
DoE1_R3,0.1751751751751752,0.0002199933004128,26.4578175447214,0.0933014806802979
DoE1_R3,0.1876876876876877,0.0002199832648294,26.46904764327241,0.0999415332908412
DoE1_R3,0.2002002002002002,0.0002199733674611,26.48027310881223,0.1065745054136878
DoE1_R3,0.2127127127127127,0.0002199643599966,26.49146874451405,0.1131618895178435
DoE1_R3,0.2252252252252252,0.0002199553525322,26.50266438021588,0.1197492736219992
DoE1_R3,0.2377377377377377,0.0002199463089237,26.5138515320152,0.1262705020571143
DoE1_R3,0.2502502502502503,0.0002199371767062,26.52501788510003,0.1326295465360716
DoE1_R3,0.2627627627627628,0.0002199279897187,26.536171382285325,0.1388883434421189
DoE1_R3,0.2752752752752753,0.0002199159485285,26.547313687233498,0.1450171244065772
DoE1_R3,0.2877877877877878,0.0002199009310839,26.55844487247826,0.1510145915638898
DoE1_R3,0.3003003003003003,0.0002198837913535,26.56956443051825,0.1568898257751857
DoE1_R3,0.3128128128128128,0.0002198651206018,26.58067132919181,0.162620863140971
DoE1_R3,0.3253253253253253,0.0002198451701981,26.591765129687097,0.1681983659580903
DoE1_R3,0.3378378378378379,0.0002198236389296,26.602846357827133,0.1736335234854416
DoE1_R3,0.3503503503503504,0.0002198009218845,26.613914912967918,0.1789186977005233
DoE1_R3,0.3628628628628629,0.0002197774128288,26.624970694802325,0.1840462761484083
DoE1_R3,0.3753753753753754,0.0002197527909162,26.636013785062065,0.1890224615680945
DoE1_R3,0.3878878878878879,0.0002197269047591,26.647045835472035,0.1938620504970344
DoE1_R3,0.4004004004004004,0.0002196995528368,26.658069044731377,0.1985847393956721
DoE1_R3,0.4129129129129129,0.000219670978662,26.66908075598347,0.2031667275218229
DoE1_R3,0.4254254254254254,0.0002196411822347,26.680080969228307,0.2076080148754869
DoE1_R3,0.4379379379379379,0.0002196101635549,26.69106968446589,0.2119086014566641
DoE1_R3,0.4504504504504504,0.0002195779226226,26.702046901696225,0.2160684872653544
DoE1_R3,0.4629629629629629,0.0002195444594377,26.7130126209193,0.2200876723015578
DoE1_R3,0.4754754754754755,0.0002195097740004,26.723966842135127,0.2239661565652745
DoE1_R3,0.487987987987988,0.0002194744316574,26.7349175785569,0.2278479612036739
DoE1_R3,0.5005005005005005,0.0002194381690969,26.74586109800867,0.2316660079738551
DoE1_R3,0.513013013013013,0.0002194008922155,26.756796066671377,0.2353963242012905
DoE1_R3,0.5255255255255256,0.0002193626010133,26.767722484545025,0.2390389098859803
DoE1_R3,0.5380380380380381,0.0002193232954902,26.7786403516296,0.2425937650279245
DoE1_R3,0.5505505505505506,0.0002192834069272,26.789551309130083,0.24609911792184
DoE1_R3,0.5630630630630631,0.0002192452272355,26.80046407872769,0.2497581211313137
DoE1_R3,0.5755755755755756,0.0002192069345475,26.81137172745352,0.2534092862496081
DoE1_R3,0.5880880880880881,0.0002191685288632,26.822274255307587,0.2570526132767232
DoE1_R3,0.6006006006006006,0.0002191300101826,26.83317166228989,0.260688102212659
DoE1_R3,0.6131131131131131,0.0002190913785056,26.84406394840043,0.2643157530574155
DoE1_R3,0.6256256256256256,0.000219054504742,26.85494585557608,0.2679342282299428
DoE1_R3,0.6381381381381381,0.0002190195314665,26.86582104110513,0.2715493346035409
DoE1_R3,0.6506506506506506,0.0002189845581911,26.876696226634184,0.2751644409771391
DoE1_R3,0.6631631631631631,0.0002189495849157,26.88757141216324,0.2787795473507373
DoE1_R3,0.6756756756756758,0.0002189146116403,26.898446597692296,0.2823946537243355
DoE1_R3,0.6881881881881883,0.0002188796383649,26.90932178322135,0.2860097600979336
DoE1_R3,0.7007007007007008,0.0002188439110314,26.920139036598236,0.289584426352792
DoE1_R3,0.7132132132132133,0.0002188080189321,26.930943631485203,0.2931502562220557
DoE1_R3,0.7257257257257258,0.0002187721268327,26.941748226372177,0.2967160860913195
DoE1_R3,0.7382382382382383,0.0002187362347334,26.95255282125915,0.3002819159605833
DoE1_R3,0.7507507507507508,0.0002187003426341,26.963357416146124,0.303847745829847
DoE1_R3,0.7632632632632633,0.0002186644505347,26.97416201103309,0.3074135756991108
DoE1_R3,0.7757757757757758,0.0002186285584354,26.984966605920068,0.3109794055683745
DoE1_R3,0.7882882882882883,0.0002185926663361,26.99577120080704,0.3145452354376383
DoE1_R3,0.8008008008008008,0.0002185567742367,27.006575795694012,0.3181110653069021
DoE1_R3,0.8133133133133134,0.0002185208821374,27.01738039058099,0.3216768951761658
DoE1_R3,0.8258258258258259,0.0002184849900381,27.02818498546796,0.3252427250454296
DoE1_R3,0.8383383383383384,0.0002184490979388,27.038989580354933,0.3288085549146933
DoE1_R3,0.8508508508508509,0.0002184132058394,27.049794175241907,0.3323743847839571
DoE1_R3,0.8633633633633634,0.0002183773137401,27.06059877012888,0.3359402146532209
DoE1_R3,0.8758758758758759,0.0002183414216408,27.07140336501585,0.3395060445224846
DoE1_R3,0.8883883883883884,0.0002183055295414,27.082207959902824,0.3430718743917484
DoE1_R3,0.9009009009009008,0.0002182695903388,27.092948101854617,0.3466248848994248
DoE1_R3,0.9134134134134134,0.0002182336471495,27.10368278887025,0.3501768104479937
DoE1_R3,0.925925925925926,0.0002181977039603,27.114417475885883,0.3537287359965625
DoE1_R3,0.9384384384384384,0.0002181617607711,27.125152162901514,0.3572806615451314
DoE1_R3,0.9509509509509512,0.0002181258175818,27.13588684991715,0.3608325870937002
DoE1_R3,0.9634634634634636,0.0002180898743926,27.14662153693278,0.3643845126422691
DoE1_R3,0.975975975975976,0.0002180539312033,27.157356223948412,0.367936438190838
DoE1_R3,0.9884884884884886,0.0002180179880141,27.16809091096405,0.3714883637394068
DoE1_R3,1.001001001001001,0.0002179820448249,27.17882559797968,0.3750402892879756
DoE1_R3,1.0135135135135136,0.0002179461016356,27.18956028499532,0.3785922148365445
DoE1_R3,1.026026026026026,0.0002179101584464,27.200294972010948,0.3821441403851133
DoE1_R3,1.0385385385385386,0.0002178742152572,27.211029659026583,0.3856960659336822
DoE1_R3,1.0510510510510511,0.0002178382720679,27.22176434604221,0.3892479914822511
DoE1_R3,1.0635635635635636,0.0002178023288787,27.23249903305785,0.3927999170308199
DoE1_R3,1.076076076076076,0.0002177663856894,27.24323372007348,0.3963518425793887
DoE1_R3,1.0885885885885886,0.0002177304517337,27.25396560552965,0.3999016211250688
DoE1_R3,1.1011011011011012,0.0002176949054816,27.264579856378862,0.4033612492227649
DoE1_R3,1.1136136136136137,0.0002176593592294,27.275194107228074,0.4068208773204611
DoE1_R3,1.1261261261261262,0.0002176238129773,27.285808358077286,0.4102805054181573
DoE1_R3,1.138638638638639,0.0002175882667252,27.2964226089265,0.4137401335158535
DoE1_R3,1.1511511511511512,0.0002175527204731,27.30703685977571,0.4171997616135496
DoE1_R3,1.1636636636636637,0.000217517174221,27.31765111062492,0.4206593897112458
DoE1_R3,1.1761761761761762,0.0002174816279689,27.32826536147413,0.424119017808942
DoE1_R3,1.1886886886886887,0.0002174460817167,27.338879612323343,0.4275786459066382
DoE1_R3,1.2012012012012012,0.0002174105354646,27.34949386317256,0.4310382740043343
DoE1_R3,1.2137137137137135,0.0002173749892125,27.36010811402177,0.4344979021020305
DoE1_R3,1.2262262262262262,0.0002173394429604,27.370722364870986,0.4379575301997267
DoE1_R3,1.2387387387387387,0.0002173038967083,27.381336615720198,0.4414171582974229
DoE1_R3,1.2512512512512513,0.0002172683504562,27.39195086656941,0.4448767863951191
DoE1_R3,1.2637637637637638,0.000217232804204,27.402565117418614,0.4483364144928152
DoE1_R3,1.2762762762762765,0.0002171972579519,27.41317936826783,0.4517960425905115
DoE1_R3,1.2887887887887888,0.0002171617116998,27.42379361911704,0.4552556706882076
DoE1_R3,1.3013013013013013,0.0002171261654477,27.43440786996625,0.4587152987859038
DoE1_R3,1.3138138138138138,0.0002170906191956,27.445022120815462,0.4621749268836
DoE1_R3,1.3263263263263263,0.0002170550729435,27.45563637166468,0.4656345549812962
DoE1_R3,1.338838838838839,0.0002170195266913,27.46625062251389,0.4690941830789924
DoE1_R3,1.3513513513513515,0.0002169839804392,27.476864873363105,0.4725538111766886
DoE1_R3,1.363863863863864,0.0002169484341871,27.487479124212317,0.4760134392743848
DoE1_R3,1.3763763763763766,0.000216912887935,27.49809337506153,0.4794730673720809
DoE1_R3,1.388888888888889,0.0002168773416829,27.508707625910738,0.4829326954697771
DoE1_R3,1.4014014014014016,0.0002168417954308,27.51932187675995,0.4863923235674733
DoE1_R3,1.413913913913914,0.0002168062491786,27.52993612760916,0.4898519516651695
DoE1_R3,1.4264264264264266,0.0002167707029265,27.540550378458374,0.4933115797628656
DoE1_R3,1.438938938938939,0.0002167351566744,27.551164629307586,0.4967712078605618
DoE1_R3,1.4514514514514516,0.0002166996104223,27.5617788801568,0.500230835958258
DoE1_R3,1.463963963963964,0.0002166640641702,27.57239313100601,0.5036904640559542
DoE1_R3,1.4764764764764766,0.0002166288497963,27.58295043759917,0.5071234827265058
DoE1_R3,1.4889889889889891,0.0002165936959158,27.59349736461395,0.5105516511337703
DoE1_R3,1.5015015015015016,0.0002165585658727,27.604040201583143,0.5139779083075293
DoE1_R3,1.514014014014014,0.0002165234596669,27.614578948506747,0.5174022542477829
DoE1_R3,1.5265265265265269,0.0002164883772983,27.62511360538476,0.5208246889545308
DoE1_R3,1.5390390390390392,0.0002164533187671,27.635644172217187,0.5242452124277733
DoE1_R3,1.5515515515515517,0.0002164182840731,27.646170649004024,0.5276638246675103
DoE1_R3,1.5640640640640642,0.0002163832732165,27.656693035745278,0.5310805256737418
DoE1_R3,1.576576576576577,0.0002163482861971,27.66721133244093,0.5344953154464678
DoE1_R3,1.5890890890890892,0.000216313323015,27.677725539091004,0.5379081939856882
DoE1_R3,1.6016016016016017,0.0002162783836703,27.688235655695483,0.5413191612914031
DoE1_R3,1.6141141141141142,0.0002162434681628,27.698741682254376,0.5447282173636125
DoE1_R3,1.6266266266266267,0.0002162085764926,27.70924361876768,0.5481353622023165
DoE1_R3,1.6391391391391392,0.0002161737086597,27.719741465235398,0.5515405958075149
DoE1_R3,1.6516516516516515,0.0002161388646641,27.73023522165752,0.5549439181792079
DoE1_R3,1.6641641641641642,0.0002161040445058,27.740724888034052,0.5583453293173952
DoE1_R3,1.6766766766766767,0.0002160692481848,27.751210464365,0.561744829222077
DoE1_R3,1.6891891891891893,0.0002160344757011,27.76169195065036,0.5651424178932534
DoE1_R3,1.7017017017017018,0.0002159997270547,27.772169346890127,0.5685380953309243
DoE1_R3,1.7142142142142145,0.0002159650022456,27.78264265308431,0.5719318615350896
DoE1_R3,1.7267267267267268,0.0002159303012738,27.7931118692329,0.5753237165057494
DoE1_R3,1.7392392392392393,0.0002158956241392,27.803576995335906,0.5787136602429037
DoE1_R3,1.7517517517517518,0.000215860970842,27.814038031393316,0.5821016927465525
DoE1_R3,1.7642642642642643,0.0002158263413821,27.824494977405138,0.5854878140166959
DoE1_R3,1.7767767767767768,0.0002157917357594,27.834947833371373,0.5888720240533336
DoE1_R3,1.789289289289289,0.0002157571539741,27.84539659929202,0.592254322856466
DoE1_R3,1.8018018018018016,0.000215722596026,27.85584127516708,0.5956347104260927
DoE1_R3,1.8143143143143143,0.0002156880619152,27.866281860996544,0.5990131867622139
DoE1_R3,1.8268268268268268,0.0002156535516418,27.876718356780422,0.6023897518648297
DoE1_R3,1.8393393393393396,0.0002156190652056,27.88715076251871,0.60576440573394
DoE1_R3,1.851851851851852,0.0002156771452588,27.897690988320083,0.6091599627292945
DoE1_R3,1.8643643643643644,0.0002157670852298,27.908265622856305,0.6125614569780894
DoE1_R3,1.876876876876877,0.000215862109637,27.918842287034984,0.6159622875729429
DoE1_R3,1.8893893893893896,0.0002159622184802,27.92942098085612,0.6193624545138549
DoE1_R3,1.901901901901902,0.0002160674117595,27.940001704319705,0.6227619578008255
DoE1_R3,1.9144144144144144,0.0002161776894749,27.95058445742575,0.6261607974338548
DoE1_R3,1.9269269269269271,0.0002162930516265,27.96116924017425,0.6295589734129428
DoE1_R3,1.93943943943944,0.000216413498214,27.9717560525652,0.6329564857380893
DoE1_R3,1.951951951951952,0.0002165390292377,27.98234489459861,0.6363533344092944
DoE1_R3,1.9644644644644649,0.0002166696446975,27.992935766274478,0.6397495194265581
DoE1_R3,1.9769769769769767,0.0002168053445934,28.003528667592796,0.6431450407898806
DoE1_R3,1.9894894894894897,0.0002169461289253,28.014123598553567,0.6465398984992615
DoE1_R3,2.002002002002002,0.0002170919976934,28.024720559156798,0.6499340925547011
DoE1_R3,2.0145145145145147,0.0002172429508975,28.03531954940248,0.6533276229561994
DoE1_R3,2.027027027027027,0.0002173989885378,28.04592056929061,0.6567204897037562
DoE1_R3,2.03953953953954,0.0002175601106141,28.05652361882121,0.6601126927973717
DoE1_R3,2.052052052052052,0.0002177263171265,28.06712869799426,0.6635042322370458
DoE1_R3,2.0645645645645647,0.000217897608075,28.077735806809763,0.6668951080227785
DoE1_R3,2.077077077077077,0.0002180739834596,28.08834494526772,0.6702853201545699
DoE1_R3,2.0895895895895897,0.0002182554432803,28.098956113368136,0.6736748686324199
DoE1_R3,2.1021021021021022,0.0002184419875371,28.109569311111,0.6770637534563284
DoE1_R3,2.1146146146146148,0.0002186336162299,28.12018453849633,0.6804519746262956
DoE1_R3,2.1271271271271277,0.0002188303293589,28.130801795524107,0.6838395321423214
DoE1_R3,2.13963963963964,0.0002190321269239,28.14142108219434,0.6872264260044059
DoE1_R3,2.1521521521521523,0.000219239008925,28.152042398507028,0.690612656212549
DoE1_R3,2.164664664664665,0.0002194509753623,28.16266574446217,0.6939982227667506
DoE1_R3,2.1771771771771773,0.0002196680262356,28.173291120059773,0.6973831256670109
DoE1_R3,2.18968968968969,0.000219890161545,28.183918525299823,0.7007673649133298
DoE1_R3,2.2022022022022023,0.0002201173812905,28.194547960182334,0.7041509405057074
DoE1_R3,2.214714714714715,0.0002203496854721,28.205179424707296,0.7075338524441436
DoE1_R3,2.2272272272272278,0.0002205870740897,28.21581291887472,0.7109161007286383
DoE1_R3,2.23973973973974,0.0002208295471435,28.22644844268459,0.7142976853591917
DoE1_R3,2.2522522522522523,0.0002210771046334,28.23708599613692,0.7176786063358037
DoE1_R3,2.264764764764765,0.0002213297465593,28.247725579231705,0.7210588636584744
DoE1_R3,2.2772772772772774,0.0002215874729213,28.258367191968944,0.7244384573272037
DoE1_R3,2.28978978978979,0.0002218502837195,28.26901083434864,0.7278173873419915
DoE1_R3,2.3023023023023024,0.0002221181789537,28.279656506370785,0.731195653702838
DoE1_R3,2.314814814814815,0.000222391158624,28.29030420803539,0.7345732564097431
DoE1_R3,2.3273273273273274,0.0002226692227304,28.30095393934245,0.7379501954627069
DoE1_R3,2.33983983983984,0.0002229523712729,28.311605700291963,0.7413264708617293
DoE1_R3,2.3523523523523524,0.0002232406042515,28.322259490883933,0.7447020826068103
DoE1_R3,2.364864864864865,0.0002235339216661,28.33291531111836,0.7480770306979498
DoE1_R3,2.3773773773773774,0.0002238323235169,28.343573160995238,0.7514513151351481
DoE1_R3,2.38988988988989,0.0002241358098037,28.35423304051457,0.7548249359184049
DoE1_R3,2.4024024024024024,0.0002244443805267,28.36489494967636,0.7581978930477203
DoE1_R3,2.414914914914915,0.0002247580356857,28.375558888480604,0.7615701865230945
DoE1_R3,2.4274274274274275,0.0002250412240438,28.3862174600414,0.7649399353099898
DoE1_R3,2.43993993993994,0.0002251348144208,28.396837555097772,0.768298719694464
DoE1_R3,2.4524524524524525,0.0002252199935778,28.40745687185417,0.7716561263627849
DoE1_R3,2.464964964964965,0.0002252967615151,28.41807541031057,0.7750121553149526
DoE1_R3,2.477477477477477,0.0002253651182324,28.428693170466996,0.7783668065509671
DoE1_R3,2.48998998998999,0.00022542506373,28.43931015232343,0.7817200800708285
DoE1_R3,2.5025025025025025,0.0002254765980076,28.44992635587988,0.7850719758745367
DoE1_R3,2.515015015015015,0.0002255197210654,28.46054178113634,0.7884224939620917
DoE1_R3,2.5275275275275275,0.0002255544329034,28.47115642809282,0.7917716343334935
DoE1_R3,2.54004004004004,0.0002255807335215,28.48177029674931,0.7951193969887422
DoE1_R3,2.5525525525525525,0.0002255986229197,28.492383387105814,0.7984657819278377
DoE1_R3,2.565065065065065,0.0002256081010981,28.502995699162337,0.80181078915078
DoE1_R3,2.5775775775775776,0.0002256091680566,28.51360723291888,0.8051544186575691
DoE1_R3,2.59009009009009,0.0002256018237953,28.524217988375423,0.8084966704482051
DoE1_R3,2.6026026026026026,0.0002255860683141,28.53482796553199,0.8118375445226879
DoE1_R3,2.615115115115115,0.0002255619016131,28.545437164388566,0.8151770408810174
DoE1_R3,2.627627627627628,0.0002255293236922,28.55604558494516,0.8185151595231939
DoE1_R3,2.64014014014014,0.0002254883345515,28.56665322720177,0.8218519004492171
DoE1_R3,2.6526526526526526,0.0002254389341909,28.57726009115839,0.8251872636590871
DoE1_R3,2.665165165165165,0.0002253811226104,28.587866176815027,0.828521249152804
DoE1_R3,2.677677677677678,0.0002253148998101,28.598471484171675,0.8318538569303677
DoE1_R3,2.6901901901901906,0.0002252402657899,28.609076013228343,0.8351850869917783
DoE1_R3,2.702702702702703,0.0002251572205499,28.619679763985022,0.8385149393370356
DoE1_R3,2.715215215215216,0.0002250657640901,28.630282736441718,0.8418434139661397
DoE1_R3,2.727727727727728,0.0002249658964103,28.640884930598425,0.8451705108790907
DoE1_R3,2.7402402402402406,0.0002248576175107,28.651486346455144,0.8484962300758885
DoE1_R3,2.752752752752753,0.0002247409273913,28.66208698401188,0.8518205715565331
DoE1_R3,2.7652652652652656,0.000224615826052,28.672686843268632,0.8551435353210246
DoE1_R3,2.777777777777778,0.0002244823134929,28.6832859242254,0.8584651213693628
DoE1_R3,2.79029029029029,0.0002243403897139,28.69388422688218,0.8617853297015479
DoE1_R3,2.802802802802803,0.000224190054715,28.704481751238973,0.8651041603175798
DoE1_R3,2.815315315315316,0.0002240313084963,28.71507849729578,0.8684216132174585
DoE1_R3,2.827827827827828,0.0002238641510577,28.72567446505261,0.871737688401184
DoE1_R3,2.8403403403403407,0.0002237386830662,28.736256521821257,0.8750485999867161
DoE1_R3,2.852852852852853,0.0002236996297201,28.74681294396369,0.8783509682919887
DoE1_R3,2.8653653653653657,0.0002236605618924,28.7573663868026,0.8816513243773695
DoE1_R3,2.877877877877878,0.0002236214795831,28.767916850337997,0.8849496682428586
DoE1_R3,2.8903903903903907,0.0002235823827921,28.778464334569865,0.888245999888456
DoE1_R3,2.902902902902903,0.0002235432715195,28.78900883949822,0.8915403193141617
DoE1_R3,2.915415415415416,0.0002235041457653,28.79955036512305,0.8948326265199756
DoE1_R3,2.927927927927928,0.0002234650055294,28.810088911444364,0.8981229215058978
DoE1_R3,2.9404404404404407,0.0002234258508119,28.82062447846216,0.9014112042719284
DoE1_R3,2.952952952952953,0.0002233866816128,28.83115706617643,0.9046974748180672
DoE1_R3,2.9654654654654657,0.0002233474979321,28.841686674587184,0.9079817331443142
DoE1_R3,2.9779779779779783,0.0002233082997697,28.852213303694416,0.9112639792506696
DoE1_R3,2.9904904904904908,0.0002232690871257,28.86273695349813,0.9145442131371332
DoE1_R3,3.0030030030030037,0.0002232298600001,28.873257623998324,0.9178224348037052
DoE1_R3,3.015515515515516,0.0002231906183929,28.883775315195,0.9210986442503856
DoE1_R3,3.0280280280280283,0.000223151362304,28.894290027088157,0.924372841477174
DoE1_R3,3.040540540540541,0.0002231120917335,28.904801759677788,0.9276450264840708
DoE1_R3,3.0530530530530533,0.0002230728066813,28.915310512963902,0.9309151992710758
DoE1_R3,3.065565565565566,0.0002230335071476,28.9258162869465,0.9341833598381892
DoE1_R3,3.0780780780780783,0.0002229941931322,28.936319081625573,0.9374495081854108
DoE1_R3,3.090590590590591,0.0002229548646351,28.94681889700113,0.9407136443127408
DoE1_R3,3.1031031031031038,0.0002229155216565,28.95731573307317,0.943975768220179
DoE1_R3,3.115615615615616,0.0002228761641962,28.96780958984168,0.9472358799077256
DoE1_R3,3.1281281281281283,0.0002228367922543,28.97830046730668,0.9504939793753804
DoE1_R3,3.140640640640641,0.0002227974058307,28.988788365468157,0.9537500666231434
DoE1_R3,3.1531531531531534,0.0002227580049256,28.99927328432611,0.9570041416510148
DoE1_R3,3.165665665665666,0.0002227185895388,29.009755223880543,0.9602562044589944
DoE1_R3,3.1781781781781784,0.0002226791596704,29.020234184131464,0.9635062550470824
DoE1_R3,3.190690690690691,0.0002226397153203,29.03071016507886,0.9667542934152786
DoE1_R3,3.2032032032032034,0.0002226002564886,29.04118316672274,0.9700003195635832
DoE1_R3,3.215715715715716,0.0002225607831753,29.051653189063096,0.973244333491996
DoE1_R3,3.2282282282282284,0.0002225212953804,29.062120232099936,0.976486335200517
DoE1_R3,3.240740740740741,0.0002224817931038,29.07258429583325,0.9797263246891464
DoE1_R3,3.253253253253253,0.0002224428923622,29.08303869397113,0.9829628270843292
DoE1_R3,3.265765765765766,0.0002224045127942,29.093484298762498,0.986196034788207
DoE1_R3,3.2782782782782784,0.0002223661847056,29.103926208304426,0.9894270723476346
DoE1_R3,3.290790790790791,0.0002223279080963,29.11436442259692,0.9926559397626116
DoE1_R3,3.3033033033033035,0.0002222896829664,29.12479894163997,0.9958826370331382
DoE1_R3,3.315815815815816,0.0002222515093159,29.135229765433586,0.9991071641592144
DoE1_R3,3.3283283283283285,0.0002222133871448,29.14565689397776,1.00232952114084
DoE1_R3,3.340840840840841,0.0002221753164531,29.156080327272495,1.0055497079780154
DoE1_R3,3.353353353353353,0.0002221372972408,29.1665000653178,1.00876772467074
DoE1_R3,3.365865865865866,0.0002220993295078,29.176916108113662,1.0119835712190144
DoE1_R3,3.3783783783783785,0.0002220614132543,29.187328455660086,1.015197247622838
DoE1_R3,3.390890890890891,0.0002220235484801,29.197737107957074,1.0184087538822115
DoE1_R3,3.4034034034034035,0.0002219857351853,29.208142065004623,1.0216180899971343
DoE1_R3,3.415915915915916,0.0002219479733698,29.21854332680273,1.024825255967607
DoE1_R3,3.4284284284284285,0.0002219102630338,29.228940893351407,1.028030251793629
DoE1_R3,3.440940940940941,0.0002218726041771,29.239334764650643,1.0312330774752003
DoE1_R3,3.4534534534534536,0.0002218349967999,29.24972494070044,1.0344337330123217
DoE1_R3,3.465965965965966,0.000221797440902,29.260111421500795,1.0376322184049924
DoE1_R3,3.4784784784784786,0.0002217599364835,29.27049420705172,1.0408285336532126
DoE1_R3,3.490990990990991,0.0002217224835443,29.2808732973532,1.0440226787569824
DoE1_R3,3.503503503503504,0.0002216850820846,29.291248692405244,1.0472146537163016
DoE1_R3,3.516016016016016,0.0002216477321042,29.301620392207848,1.0504044585311705
DoE1_R3,3.5285285285285286,0.0002216104336032,29.311988396761016,1.053592093201589
DoE1_R3,3.541041041041041,0.0002215731865816,29.32235270606475,1.0567775577275569
DoE1_R3,3.5535535535535536,0.0002215359910394,29.33271332011904,1.0599608521090742
DoE1_R3,3.566066066066066,0.0002214988469766,29.343070238923897,1.0631419763461414
DoE1_R3,3.578578578578578,0.0002214617543931,29.353423462479316,1.0663209304387578
DoE1_R3,3.591091091091091,0.0002214247132891,29.36377299078529,1.069497714386924
DoE1_R3,3.603603603603604,0.0002213877236644,29.37411882384183,1.0726723281906396
DoE1_R3,3.616116116116116,0.0002213507855191,29.38446096164893,1.075844771849905
DoE1_R3,3.6286286286286287,0.0002213138988532,29.394799404206594,1.0790150453647196
DoE1_R3,3.641141141141141,0.0002212770636666,29.405134151514822,1.082183148735084
DoE1_R3,3.6536536536536537,0.0002212402799595,29.41546520357361,1.0853490819609977
DoE1_R3,3.666166166166166,0.0002212441751227,29.425897622223346,1.0885407263830449
DoE1_R3,3.678678678678679,0.0002212618059411,29.436361732702647,1.0917395916935655
DoE1_R3,3.691191191191191,0.0002212804534137,29.44682464386027,1.0949369492296426
DoE1_R3,3.703703703703704,0.0002213001175403,29.457286355696212,1.0981327989912757
DoE1_R3,3.716216216216216,0.0002213207983211,29.467746868210483,1.1013271409784648
DoE1_R3,3.7287287287287287,0.000221342495756,29.478206181403067,1.1045199751912105
DoE1_R3,3.7412412412412417,0.000221365209845,29.48866429527397,1.107711301629512
DoE1_R3,3.753753753753754,0.000221388940588,29.4991212098232,1.1109011202933696
DoE1_R3,3.7662662662662663,0.0002214136879852,29.509576925050748,1.1140894311827836
DoE1_R3,3.778778778778779,0.0002214394520365,29.52003144095662,1.1172762342977536
DoE1_R3,3.791291291291292,0.000221466232742,29.530484757540805,1.1204615296382796
DoE1_R3,3.803803803803804,0.0002214940301015,29.540936874803315,1.123645317204362
DoE1_R3,3.8163163163163167,0.0002215228441151,29.551387792744144,1.1268275969960002
DoE1_R3,3.828828828828829,0.0002215526747828,29.561837511363294,1.1300083690131948
DoE1_R3,3.8413413413413418,0.0002215835221047,29.572286030660763,1.1331876332559454
DoE1_R3,3.8538538538538543,0.0002216153860806,29.58273335063656,1.1363653897242525
DoE1_R3,3.866366366366367,0.0002216482667107,29.593179471290668,1.1395416384181152
DoE1_R3,3.8788788788788793,0.0002216821639949,29.603624392623097,1.1427163793375343
DoE1_R3,3.891391391391392,0.0002217170779332,29.61406811463385,1.1458896124825095
DoE1_R3,3.903903903903904,0.0002217530085255,29.624510637322924,1.149061337853041
DoE1_R3,3.916416416416417,0.000221789955772,29.63495196069032,1.1522315554491285
DoE1_R3,3.928928928928929,0.0002218279196726,29.64539208473603,1.1554002652707722
DoE1_R3,3.941441441441442,0.0002218669002274,29.655831009460066,1.158567467317972
DoE1_R3,3.9539539539539534,0.0002219068974362,29.66626873486242,1.161733161590728
DoE1_R3,3.966466466466467,0.0002219479112991,29.67670526094309,1.16489734808904
DoE1_R3,3.9789789789789793,0.0002219899418162,29.68714058770209,1.1680600268129084
DoE1_R3,3.991491491491492,0.0002220329889873,29.697574715139407,1.1712211977623328
DoE1_R3,4.004004004004004,0.0002220770528126,29.708007643255044,1.1743808609373132
DoE1_R3,4.016516516516517,0.0002221221332919,29.718439372049,1.17753901633785
DoE1_R3,4.029029029029029,0.0002221682304254,29.72886990152128,1.1806956639639428
DoE1_R3,4.041541541541542,0.000222215344213,29.739299231671875,1.1838508038155915
DoE1_R3,4.054054054054054,0.0002222634746547,29.7497273625008,1.1870044358927967
DoE1_R3,4.066566566566567,0.0002223126217505,29.76015429400804,1.190156560195558
DoE1_R3,4.079079079079079,0.0002223627855004,29.770580026193592,1.1933071767238752
DoE1_R3,4.091591591591592,0.0002224139659044,29.781004559057475,1.1964562854777487
DoE1_R3,4.104104104104104,0.0002224661629625,29.791427892599675,1.1996038864571783
DoE1_R3,4.116616616616617,0.0002225193766747,29.801850026820198,1.2027499796621643
DoE1_R3,4.129129129129129,0.0002225736070411,29.81227096171904,1.2058945650927062
DoE1_R3,4.141641641641642,0.0002226288540615,29.8226906972962,1.2090376427488043
DoE1_R3,4.1541541541541545,0.0002226851177361,29.83310923355168,1.2121792126304585
DoE1_R3,4.166666666666667,0.0002227423980647,29.843526570485484,1.2153192747376689
DoE1_R3,4.17917917917918,0.0002228006950475,29.85394270809761,1.218457829070435
DoE1_R3,4.191691691691692,0.0002228600086844,29.86435764638805,1.221594875628758
DoE1_R3,4.2042042042042045,0.0002229203389754,29.874771385356816,1.2247304144126367
DoE1_R3,4.216716716716717,0.0002229816859205,29.8851839250039,1.2278644454220715
DoE1_R3,4.2292292292292295,0.0002230440495197,29.895595265329305,1.2309969686570628
DoE1_R3,4.241741741741742,0.000223107429773,29.906005406333037,1.23412798411761
DoE1_R3,4.254254254254255,0.0002231718266804,29.91641434801508,1.2372574918037134
DoE1_R3,4.266766766766767,0.0002232372402419,29.926822090375445,1.2403854917153727
DoE1_R3,4.27927927927928,0.0002233036704576,29.937228633414133,1.2435119838525883
DoE1_R3,4.291791791791792,0.0002233711173273,29.94763397713114,1.2466369682153602
DoE1_R3,4.3043043043043046,0.0002234395808512,29.95803812152647,1.249760444803688
DoE1_R3,4.316816816816817,0.0002235090610291,29.96844106660012,1.2528824136175722
DoE1_R3,4.32932932932933,0.0002235795578612,29.978842812352088,1.2560028746570122
DoE1_R3,4.341841841841842,0.0002236510713474,29.989243358782375,1.2591218279220089
DoE1_R3,4.354354354354355,0.0002237236014877,29.999642705890988,1.2622392734125611
DoE1_R3,4.366866866866867,0.0002237971482821,30.01004085367792,1.2653552111286697
DoE1_R3,4.37937937937938,0.0002238717117306,30.02043780214317,1.2684696410703349
DoE1_R3,4.391891891891892,0.0002239472918332,30.030833551286744,1.2715825632375557
DoE1_R3,4.404404404404405,0.0002240238885899,30.041228101108636,1.2746939776303323
DoE1_R3,4.416916916916917,0.0002241015020007,30.051621451608845,1.2778038842486656
DoE1_R3,4.42942942942943,0.0002241801320657,30.06201360278738,1.280912283092555
DoE1_R3,4.441941941941942,0.0002242597787847,30.072404554644237,1.2840191741620004
DoE1_R3,4.454454454454455,0.0002243404421579,30.08279430717941,1.287124557457002
DoE1_R3,4.466966966966967,0.0002244221221851,30.093182860392904,1.2902284329775595
DoE1_R3,4.47947947947948,0.0002245048188665,30.10357021428472,1.2933308007236737
DoE1_R3,4.491991991991992,0.000224588532202,30.11395636885485,1.296431660695344
DoE1_R3,4.504504504504505,0.0002246732621916,30.12434132410331,1.29953101289257
DoE1_R3,4.517017017017017,0.0002247590088353,30.134725080030087,1.3026288573153522
DoE1_R3,4.52952952952953,0.0002248457721331,30.145107636635185,1.3057251939636907
DoE1_R3,4.542042042042042,0.000224933552085,30.155488993918603,1.3088200228375853
DoE1_R3,4.554554554554555,0.000225022348691,30.16586915188034,1.311913343937036
DoE1_R3,4.567067067067067,0.0002251121619512,30.1762481105204,1.315005157262043
DoE1_R3,4.57957957957958,0.0002252029918654,30.186625869838775,1.318095462812606
DoE1_R3,4.592092092092092,0.0002252948384337,30.197002429835475,1.3211842605887252
DoE1_R3,4.604604604604605,0.0002253877016562,30.207377790510492,1.3242715505904004
DoE1_R3,4.617117117117117,0.0002254815815328,30.21775195186384,1.3273573328176318
DoE1_R3,4.62962962962963,0.0002255764780634,30.2281249138955,1.3304416072704195
DoE1_R3,4.642142142142142,0.0002256723912482,30.23849667660548,1.3335243739487632
DoE1_R3,4.654654654654655,0.0002257693210871,30.248867239993785,1.336605632852663
DoE1_R3,4.667167167167167,0.0002258672675801,30.259236604060405,1.339685383982119
DoE1_R3,4.67967967967968,0.0002259662307272,30.269604768805348,1.3427636273371313
DoE1_R3,4.692192192192192,0.0002260662105284,30.27997173422861,1.3458403629176996
DoE1_R3,4.704704704704705,0.0002261672069837,30.2903375003302,1.348915590723824
DoE1_R3,4.717217217217217,0.0002262692200932,30.300702067110095,1.3519893107555043
DoE1_R3,4.72972972972973,0.0002263722498567,30.311065434568324,1.3550615230127412
DoE1_R3,4.742242242242242,0.0002264762962744,30.32142760270487,1.358132227495534
DoE1_R3,4.754754754754755,0.0002265813593461,30.33178857151973,1.3612014242038832
DoE1_R3,4.767267267267267,0.000226687439072,30.342148341012923,1.3642691131377882
DoE1_R3,4.77977977977978,0.0002267945354519,30.352506911184427,1.3673352942972496
DoE1_R3,4.792292292292292,0.000226902648486,30.362864282034256,1.370399967682267
DoE1_R3,4.804804804804805,0.0002270117781742,30.373220453562404,1.3734631332928406
DoE1_R3,4.817317317317317,0.0002271219245165,30.38357542576887,1.3765247911289702
DoE1_R3,4.82982982982983,0.0002272330875129,30.393929198653662,1.3795849411906562
DoE1_R3,4.842342342342342,0.0002273452671634,30.40428177221677,1.382643583477898
DoE1_R3,4.854854854854855,0.0002274584634681,30.4146331464582,1.3857007179906962
DoE1_R3,4.867367367367367,0.0002275726764268,30.42498332137795,1.3887563447290503
DoE1_R3,4.87987987987988,0.0002276879060396,30.43533229697602,1.391810463692961
DoE1_R3,4.892392392392392,0.0002278041523066,30.44568007325241,1.3948630748824276
DoE1_R3,4.904904904904905,0.0002279214152276,30.456026650207125,1.3979141782974502
DoE1_R3,4.9174174174174174,0.0002280396948028,30.466372027840155,1.400963773938029
DoE1_R3,4.92992992992993,0.0002281589910321,30.476716206151508,1.404011861804164
DoE1_R3,4.9424424424424425,0.0002282793039154,30.48705918514118,1.4070584418958552
DoE1_R3,4.954954954954955,0.0002284006334529,30.497400964809174,1.4101035142131024
DoE1_R3,4.967467467467468,0.0002285229796445,30.50774154515549,1.4131470787559055
DoE1_R3,4.97997997997998,0.0002286463424902,30.51808092618013,1.4161891355242653
DoE1_R3,4.9924924924924925,0.0002287707219901,30.52841910788308,1.419229684518181
DoE1_R3,5.005005005005005,0.000228896118144,30.538756090264357,1.422268725737653
DoE1_R3,5.0175175175175175,0.000229022530952,30.549091873323952,1.4253062591826808
DoE1_R3,5.03003003003003,0.0002291499604141,30.559426457061868,1.428342284853265
DoE1_R3,5.042542542542543,0.0002292382202682,30.56981710374564,1.4313950113586935
DoE1_R3,5.055055055055055,0.0002293123253268,30.580228169231845,1.4344531043542226
DoE1_R3,5.067567567567568,0.0002293864628783,30.590639437748703,1.4375101355039597
DoE1_R3,5.08008008008008,0.0002294606329228,30.601050909296223,1.4405661048079053
DoE1_R3,5.092592592592593,0.0002295348354603,30.611462583874395,1.443621012266059
DoE1_R3,5.105105105105105,0.0002296090704908,30.621874461483227,1.4466748578784212
DoE1_R3,5.117617617617618,0.0002296833380142,30.63228654212272,1.4497276416449918
DoE1_R3,5.13013013013013,0.0002297576380305,30.642698825792863,1.4527793635657706
DoE1_R3,5.142642642642643,0.0002298319705399,30.653111312493664,1.455830023640758
DoE1_R3,5.155155155155155,0.0002299063355422,30.663524002225127,1.4588796218699536
DoE1_R3,5.167667667667668,0.0002299807330374,30.673936894987243,1.4619281582533574
DoE1_R3,5.18018018018018,0.0002300551630257,30.684349990780017,1.4649756327909698
DoE1_R3,5.192692692692693,0.0002301296255069,30.69476328960345,1.4680220454827904
DoE1_R3,5.205205205205205,0.000230204120481,30.70517679145754,1.4710673963288192
DoE1_R3,5.217717717717718,0.0002302786479481,30.715590496342287,1.4741116853290563
DoE1_R3,5.23023023023023,0.0002303532079082,30.72600440425769,1.4771549124835022
DoE1_R3,5.242742742742743,0.0002304278003613,30.736418515203752,1.480197077792156
DoE1_R3,5.255255255255255,0.0002305024253073,30.74683282918047,1.4832381812550182
DoE1_R3,5.267767767767768,0.0002305770827463,30.75724734618784,1.4862782228720888
DoE1_R3,5.28028028028028,0.0002306517726782,30.76766206622588,1.489317202643368
DoE1_R3,5.292792792792793,0.0002307264951031,30.778076989294565,1.4923551205688552
DoE1_R3,5.305305305305305,0.000230801250021,30.788492115393915,1.4953919766485506
DoE1_R3,5.317817817817818,0.0002308760374319,30.79890744452392,1.4984277708824547
DoE1_R3,5.33033033033033,0.0002309508573357,30.80932297668458,1.501462503270567
DoE1_R3,5.342842842842844,0.0002310257097324,30.8197387118759,1.504496173812888
DoE1_R3,5.355355355355356,0.0002311005946222,30.830154650097874,1.5075287825094168
DoE1_R3,5.367867867867869,0.0002311755120049,30.84057079135051,1.5105603293601542
DoE1_R3,5.380380380380381,0.0002312504618805,30.8509871356338,1.5135908143650998
DoE1_R3,5.392892892892894,0.0002313254442492,30.861403682947746,1.516620237524254
DoE1_R3,5.405405405405406,0.0002314004591108,30.87182043329235,1.5196485988376165
DoE1_R3,5.417917917917919,0.0002314755064653,30.88223738666761,1.522675898305187
DoE1_R3,5.430430430430431,0.0002315505863128,30.892654543073533,1.525702135926966
DoE1_R3,5.442942942942944,0.0002316256986533,30.90307190251011,1.5287273117029534
DoE1_R3,5.455455455455456,0.0002317008434868,30.913489464977346,1.531751425633149
DoE1_R3,5.467967967967969,0.0002317760208132,30.923907230475237,1.5347744777175532
DoE1_R3,5.480480480480481,0.0002318512306326,30.93432519900378,1.5377964679561655
DoE1_R3,5.492992992992994,0.0002319264729449,30.944743370562986,1.5408173963489862
DoE1_R3,5.505505505505506,0.0002320017477502,30.95516174515285,1.5438372628960153
DoE1_R3,5.518018018018019,0.0002320770550485,30.96558032277337,1.5468560675972527
DoE1_R3,5.530530530530531,0.0002321523948398,30.975999103424545,1.5498738104526983
DoE1_R3,5.543043043043044,0.000232227767124,30.98641808710638,1.5528904914623525
DoE1_R3,5.555555555555556,0.0002323031719011,30.996837273818876,1.5559061106262149
DoE1_R3,5.568068068068069,0.0002323786091713,31.00725666356202,1.5589206679442855
DoE1_R3,5.580580580580581,0.0002324540789344,31.017676256335825,1.5619341634165649
DoE1_R3,5.593093093093094,0.0002325295811904,31.02809605214029,1.5649465970430525
DoE1_R3,5.605605605605606,0.0002326051159395,31.03851605097541,1.567957968823748
DoE1_R3,5.618118118118119,0.0002326806831814,31.048936252841187,1.570968278758652
DoE1_R3,5.630630630630631,0.0002327562829164,31.059356657737624,1.5739775268477647
DoE1_R3,5.643143143143144,0.0002328319151443,31.069777265664715,1.5769857130910854
DoE1_R3,5.655655655655656,0.0002329075798652,31.080198076622462,1.5799928374886143
DoE1_R3,5.668168168168169,0.0002329832770791,31.090619090610872,1.582998900040352
DoE1_R3,5.680680680680681,0.0002330590067859,31.101040307629933,1.5860039007462978
DoE1_R3,5.693193193193194,0.0002331347689857,31.111461727679657,1.589007839606452
DoE1_R3,5.705705705705706,0.0002332105636784,31.121883350760037,1.5920107166208144
DoE1_R3,5.718218218218219,0.0002332863908641,31.13230517687107,1.5950125317893853
DoE1_R3,5.730730730730731,0.0002333622505428,31.14272720601276,1.5980132851121644
DoE1_R3,5.743243243243244,0.0002334381427144,31.153149438185118,1.601012976589152
DoE1_R3,5.755755755755756,0.000233514067379,31.16357187338812,1.6040116062203478
DoE1_R3,5.768268268268269,0.0002335900245366,31.173994511621785,1.607009174005752
DoE1_R3,5.780780780780781,0.0002336660141871,31.184417352886104,1.6100056799453646
DoE1_R3,5.793293293293294,0.0002337420363306,31.194840397181085,1.6130011240391855
DoE1_R3,5.805805805805806,0.0002338180909671,31.20526364450672,1.615995506287215
DoE1_R3,5.818318318318319,0.0002338941780965,31.21568709486301,1.618988826689452
DoE1_R3,5.830830830830831,0.0002339702977189,31.226110748249965,1.621981085245898
DoE1_R3,5.843343343343344,0.0002340464498343,31.23653460466757,1.6249722819565522
DoE1_R3,5.855855855855856,0.0002341226344426,31.24695866411584,1.6279624168214148
DoE1_R3,5.868368368368369,0.0002341988515439,31.25738292659476,1.6309514898404858
DoE1_R3,5.8808808808808815,0.0002342751011381,31.267807392104334,1.633939501013765
DoE1_R3,5.893393393393394,0.0002343513832253,31.278232060644577,1.6369264503412526
DoE1_R3,5.9059059059059065,0.0002344276978055,31.28865693221547,1.6399123378229483
DoE1_R3,5.918418418418419,0.0002345040448786,31.29908200681702,1.6428971634588527
DoE1_R3,5.930930930930932,0.0002345804244448,31.30950728444923,1.6458809272489654
DoE1_R3,5.943443443443444,0.0002346568365038,31.31993276511209,1.6488636291932863
DoE1_R3,5.9559559559559565,0.0002347332810559,31.33035844880561,1.6518452692918155
DoE1_R3,5.968468468468469,0.0002348097581009,31.3407843355298,1.6548258475445532
DoE1_R3,5.9809809809809815,0.0002348862676388,31.351210425284638,1.6578053639514991
DoE1_R3,5.993493493493494,0.0002349628096698,31.361636718070127,1.6607838185126536
DoE1_R3,6.006006006006007,0.0002350393841937,31.37206321388628,1.663761211228016
DoE1_R3,6.018518518518519,0.0002351159912105,31.38248991273309,1.6667375420975872
DoE1_R3,6.031031031031032,0.0002351926307203,31.392916814610555,1.6697128111213664
DoE1_R3,6.043543543543544,0.0002352693027231,31.40334391951868,1.672687018299354
DoE1_R3,6.056056056056057,0.0002353460072189,31.41377122745746,1.67566016363155
DoE1_R3,6.068568568568569,0.0002354227442076,31.42419873842689,1.6786322471179544
DoE1_R3,6.081081081081082,0.0002354995136893,31.434626452426997,1.6816032687585671
DoE1_R3,6.093593593593594,0.0002355763156639,31.445054369457743,1.684573228553388
DoE1_R3,6.106106106106107,0.0002356531501315,31.455482489519152,1.6875421265024175
DoE1_R3,6.118618618618619,0.0002357300170921,31.46591081261122,1.6905099626056552
DoE1_R3,6.131131131131132,0.0002358069165457,31.476339338733943,1.6934767368631012
DoE1_R3,6.143643643643644,0.0002358838484922,31.48676806788733,1.6964424492747556
DoE1_R3,6.156156156156157,0.0002359608129316,31.497197000071363,1.6994070998406183
DoE1_R3,6.168668668668669,0.0002360378098641,31.50762613528606,1.7023706885606893
DoE1_R3,6.181181181181182,0.0002361148392895,31.51805547353141,1.7053332154349687
DoE1_R3,6.193693693693694,0.0002361919012078,31.528485014807423,1.7082946804634564
DoE1_R3,6.206206206206207,0.0002362689956192,31.53891475911409,1.7112550836461524
DoE1_R3,6.218718718718719,0.0002363461225235,31.54934470645141,1.7142144249830569
DoE1_R3,6.231231231231232,0.0002364232819207,31.559774856819395,1.7171727044741696
DoE1_R3,6.243743743743744,0.0002365004738109,31.570205210218035,1.7201299221194908
DoE1_R3,6.256256256256257,0.0002365776981941,31.58063576664733,1.72308607791902
DoE1_R3,6.268768768768769,0.0002366549550703,31.591066526107284,1.726041171872758
DoE1_R3,6.281281281281282,0.0002367322444394,31.601497488597897,1.728995203980704
DoE1_R3,6.293793793793794,0.0002368095663015,31.61192865411916,1.7319481742428584
DoE1_R3,6.306306306306307,0.0002368869206565,31.62236002267109,1.7349000826592211
DoE1_R3,6.318818818818819,0.0002369643075045,31.63279159425367,1.7378509292297923
DoE1_R3,6.331331331331332,0.0002370417268455,31.64322336886691,1.7408007139545718
DoE1_R3,6.343843843843844,0.0002371191786795,31.653655346510806,1.7437494368335595
DoE1_R3,6.356356356356357,0.0002371966630064,31.66408752718536,1.7466970978667558
DoE1_R3,6.368868868868869,0.0002372741798262,31.67451991089057,1.7496436970541602
DoE1_R3,6.381381381381382,0.0002373517291391,31.68495249762644,1.752589234395773
DoE1_R3,6.393893893893894,0.0002374293109449,31.695385287392966,1.7555337098915942
DoE1_R3,6.406406406406407,0.0002375069252436,31.705818280190147,1.7584771235416237
DoE1_R3,6.418918918918919,0.0002375545124174,31.716197576154936,1.7614128717652178
DoE1_R3,6.431431431431432,0.0002375891530814,31.72655380251713,1.7643447068795526
DoE1_R3,6.443943943943944,0.000237622672835,31.73690816374373,1.7672752267652143
DoE1_R3,6.456456456456457,0.0002376550613556,31.747260641325564,1.7702044291545376
DoE1_R3,6.468968968968969,0.0002376863083209,31.75761121675345,1.7731323117798563
DoE1_R3,6.481481481481482,0.0002377164034083,31.767959871518197,1.776058872373506
DoE1_R3,6.493993993993994,0.0002377453362954,31.778306587110634,1.7789841086678202
DoE1_R3,6.506506506506507,0.0002377730966598,31.78865134502158,1.7819080183951337
DoE1_R3,6.519019019019019,0.000237799674179,31.79899412674186,1.7848305992877809
DoE1_R3,6.531531531531532,0.0002378250585305,31.809334913762285,1.787751849078096
DoE1_R3,6.544044044044044,0.0002378492393919,31.81967368757368,1.7906717654984137
DoE1_R3,6.556556556556557,0.0002378722064408,31.830010429666864,1.7935903462810687
DoE1_R3,6.569069069069069,0.0002378939493546,31.840345121532657,1.796507589158395
DoE1_R3,6.581581581581582,0.000237914457811,31.85067774466188,1.7994234918627272
DoE1_R3,6.594094094094094,0.0002379337214874,31.861008280545352,1.8023380521264
DoE1_R3,6.606606606606607,0.0002379517300615,31.87133671067389,1.805251267681748
DoE1_R3,6.619119119119119,0.0002379684732107,31.88166301653832,1.8081631362611044
DoE1_R3,6.631631631631632,0.0002379839406126,31.891987179629464,1.811073655596805
DoE1_R3,6.644144144144144,0.0002379981219448,31.90230918143813,1.813982823421184
DoE1_R3,6.656656656656657,0.0002380110068848,31.91262900345515,1.8168906374665756
DoE1_R3,6.6691691691691695,0.0002380225851101,31.922946627171346,1.819797095465314
DoE1_R3,6.681681681681682,0.0002380328462984,31.93326203407752,1.8227021951497344
DoE1_R3,6.6941941941941945,0.000238041780127,31.94357520566451,1.8256059342521704
DoE1_R3,6.706706706706707,0.0002380493762737,31.95388612342313,1.828508310504957
DoE1_R3,6.71921921921922,0.0002380556244159,31.964194768844195,1.8314093216404288
DoE1_R3,6.731731731731732,0.0002380605142311,31.97450112341853,1.83430896539092
DoE1_R3,6.7442442442442445,0.000238064035397,31.98480516863696,1.8372072394887649
DoE1_R3,6.756756756756757,0.000238066177591,31.9951068859903,1.8401041416662975
DoE1_R3,6.7692692692692695,0.0002380669304908,32.005406256969366,1.8429996696558533
DoE1_R3,6.781781781781782,0.0002380662837738,32.015703263064985,1.8458938211897664
DoE1_R3,6.794294294294295,0.0002380642271176,32.02599788576797,1.8487865940003716
DoE1_R3,6.806806806806807,0.0002380607501997,32.036290106569155,1.851677985820002
DoE1_R3,6.81931931931932,0.0002380558426978,32.04657990695934,1.8545679943809932
DoE1_R3,6.831831831831832,0.0002380494942893,32.05686726842936,1.85745661741568
DoE1_R3,6.844344344344345,0.0002380416946518,32.06715217247003,1.860343852656396
DoE1_R3,6.856856856856857,0.0002380324334628,32.07743460057217,1.8632296978354757
DoE1_R3,6.86936936936937,0.0002380217003998,32.0877145342266,1.8661141506852532
DoE1_R3,6.881881881881882,0.0002380094851405,32.09799195492414,1.8689972089380644
DoE1_R3,6.894394394394395,0.0002379957773624,32.10826684415561,1.8718788703262423
DoE1_R3,6.906906906906907,0.000237980566743,32.11853918341183,1.8747591325821225
DoE1_R3,6.91941941941942,0.0002379638429598,32.128808954183626,1.8776379934380385
DoE1_R3,6.931931931931932,0.0002379455956905,32.13907613796181,1.8805154506263253
DoE1_R3,6.944444444444445,0.0002379258146125,32.1493407162372,1.883391501879317
DoE1_R3,6.956956956956957,0.0002379044894034,32.159602670500625,1.8862661449293483
DoE1_R3,6.96946946946947,0.0002378816097407,32.1698619822429,1.8891393775087535
DoE1_R3,6.981981981981982,0.000237857165302,32.180118632954844,1.8920111973498677
DoE1_R3,6.994494494494495,0.0002378311457649,32.19037260412728,1.894881602185024
DoE1_R3,7.007007007007007,0.0002378035408068,32.20062387725103,1.897750589746558
DoE1_R3,7.01951951951952,0.0002377743401054,32.21087243381691,1.900618157766804
DoE1_R3,7.032032032032032,0.0002377435333381,32.221118255315744,1.903484303978096
DoE1_R3,7.044544544544545,0.0002377111101825,32.231361323238346,1.9063490261127685
DoE1_R3,7.057057057057057,0.0002376770603162,32.24160161907554,1.9092123219031565
DoE1_R3,7.06956956956957,0.0002376413734167,32.25183912431814,1.912074189081594
DoE1_R3,7.082082082082082,0.0002376040391616,32.262073820456976,1.9149346253804156
DoE1_R3,7.094594594594595,0.0002375650472283,32.27230568898286,1.9177936285319557
DoE1_R3,7.107107107107107,0.0002375243872945,32.28253471138662,1.9206511962685489
DoE1_R3,7.11961961961962,0.0002374820490377,32.29276086915907,1.923507326322529
DoE1_R3,7.132132132132132,0.0002374380221354,32.30298414379103,1.9263620164262316
DoE1_R3,7.144644644644645,0.0002373922962652,32.31320451677332,1.92921526431199
DoE1_R3,7.157157157157157,0.0002373448611046,32.323421969596765,1.9320670677121397
DoE1_R3,7.16966966966967,0.0002372957063312,32.33363648375218,1.934917424359014
DoE1_R3,7.182182182182182,0.0002372448216225,32.343848040730386,1.9377663319849483
DoE1_R3,7.194694694694695,0.0002371921966561,32.354056622022206,1.940613788322277
DoE1_R3,7.207207207207207,0.0002371378211095,32.36426220911846,1.943459791103334
DoE1_R3,7.21971971971972,0.0002370816846602,32.37446478350996,1.946304338060454
DoE1_R3,7.232232232232232,0.0002370237769858,32.384664326687535,1.949147426925972
DoE1_R3,7.244744744744745,0.0002369640877639,32.394860820142,1.9519890554322208
DoE1_R3,7.257257257257257,0.0002369026066719,32.40505424536418,1.9548292213115368
DoE1_R3,7.26976976976977,0.0002368393233875,32.41524458384489,1.957667922296254
DoE1_R3,7.282282282282282,0.0002367742275882,32.42543181707495,1.960505156118706
DoE1_R3,7.294794794794795,0.0002367073089515,32.43561592654519,1.963340920511228
DoE1_R3,7.307307307307307,0.000236638557155,32.44579689374641,1.9661752132061543
DoE1_R3,7.31981981981982,0.0002365679618762,32.455974700169456,1.969008031935819
DoE1_R3,7.332332332332332,0.0002364955127926,32.466149327305125,1.9718393744325569
DoE1_R3,7.344844844844845,0.0002364211995819,32.47632075664425,1.9746692384287023
DoE1_R3,7.357357357357357,0.0002363450119215,32.486488969677644,1.9774976216565896
DoE1_R3,7.36986986986987,0.000236266939489,32.496653947896135,1.9803245218485537
DoE1_R3,7.382382382382382,0.000236186971962,32.50681567279054,1.9831499367369283
DoE1_R3,7.394894894894895,0.0002361050990179,32.51697412585167,1.9859738640540487
DoE1_R3,7.407407407407407,0.0002360213103344,32.52712928857036,1.988796301532249
DoE1_R3,7.41991991991992,0.000235935595589,32.537281142437415,1.9916172469038635
DoE1_R3,7.432432432432432,0.0002358479444592,32.547429668943664,1.9944366979012265
DoE1_R3,7.444944944944945,0.0002357583466226,32.55757484957993,1.9972546522566728
DoE1_R3,7.4574574574574575,0.0002356667917567,32.567716665837025,2.000071107702537
DoE1_R3,7.46996996996997,0.000235573269539,32.57785509920578,2.002886061971153
DoE1_R3,7.482482482482483,0.0002354777696472,32.587990131177,2.005699512794856
DoE1_R3,7.494994994994996,0.0002353802817587,32.598121743241514,2.0085114579059797
DoE1_R3,7.507507507507508,0.0002352807955512,32.608249916890145,2.011321895036858
DoE1_R3,7.520020020020021,0.000235179300702,32.618374633613705,2.014130821919827
DoE1_R3,7.532532532532533,0.0002350757868889,32.628495874903024,2.016938236287221
DoE1_R3,7.545045045045046,0.0002349702437893,32.63861362224891,2.0197441358713726
DoE1_R3,7.557557557557558,0.0002348626610808,32.64872785714219,2.0225485184046184
DoE1_R3,7.570070070070071,0.0002347530284409,32.658838561073686,2.0253513816192914
DoE1_R3,7.582582582582583,0.0002346413355472,32.668945715534214,2.0281527232477266
DoE1_R3,7.595095095095096,0.0002345275720772,32.6790493020146,2.030952541022258
DoE1_R3,7.607607607607608,0.0002344117277085,32.689149302005646,2.0337508326752216
DoE1_R3,7.620120120120121,0.0002342937921186,32.6992456969982,2.0365475959389503
DoE1_R3,7.6326326326326335,0.0002341737549851,32.70933846848306,2.039342828545778
DoE1_R3,7.645145145145146,0.0002340516059854,32.719427597951054,2.042136528228042
DoE1_R3,7.657657657657658,0.0002339273347972,32.729513066893006,2.0449286927180736
DoE1_R3,7.670170170170171,0.000233800931098,32.73959485679973,2.047719319748209
DoE1_R3,7.6826826826826835,0.0002336723845653,32.74967294916204,2.0505084070507817
DoE1_R3,7.695195195195196,0.0002335416848768,32.75974732547077,2.053295952358128
DoE1_R3,7.7077077077077085,0.0002334088217098,32.76981796721673,2.056081953402579
DoE1_R3,7.720220220220221,0.000233273784742,32.77988485589075,2.058866407916472
DoE1_R3,7.732732732732733,0.000233136563651,32.78994797298364,2.061649313632141
DoE1_R3,7.745245245245246,0.0002329971481142,32.80000729998623,2.06443066828192
DoE1_R3,7.7577577577577586,0.0002328555278093,32.810062818389326,2.0672104695981437
DoE1_R3,7.770270270270271,0.0002327116924136,32.82011450968376,2.069988715313145
DoE1_R3,7.782782782782784,0.0002325656316049,32.83016235536035,2.072765403159261
DoE1_R3,7.795295295295296,0.0002325139147941,32.84027288791958,2.0755563404492743
DoE1_R3,7.807807807807809,0.0002325093000371,32.850413542561284,2.0783537933542955
DoE1_R3,7.820320320320321,0.000232510097798,32.860555580529926,2.0811509369446517
DoE1_R3,7.832832832832834,0.0002325164325096,32.87069907617326,2.083947791011381
DoE1_R3,7.845345345345346,0.0002325284286046,32.880844103839024,2.086744375345525
DoE1_R3,7.857857857857859,0.0002325462105159,32.89099073787498,2.089540709738122
DoE1_R3,7.870370370370371,0.0002325699026763,32.90113905262887,2.092336813980211
DoE1_R3,7.882882882882884,0.0002325996295185,32.911289122448444,2.0951327078628323
DoE1_R3,7.895395395395396,0.0002326355154753,32.921441021681446,2.0979284111770244
DoE1_R3,7.907907907907909,0.0002326776849795,32.931594824675635,2.1007239437138274
DoE1_R3,7.920420420420421,0.0002327262624639,32.94175060577875,2.10351932526428
DoE1_R3,7.932932932932934,0.0002327813723614,32.951908439338546,2.1063145756194217
DoE1_R3,7.945445445445446,0.0002328431391045,32.962068399702765,2.109109714570292
DoE1_R3,7.957957957957959,0.0002329116871263,32.97223056121916,2.1119047619079305
DoE1_R3,7.970470470470471,0.0002329871408594,32.982394998235485,2.1146997374233765
DoE1_R3,7.982982982982984,0.0002330696247366,32.992561785099475,2.117494660907669
DoE1_R3,7.995495495495496,0.0002331592631908,33.002730996158895,2.1202895521518474
DoE1_R3,8.008008008008009,0.0002332561806546,33.01290270576148,2.1230844309469514
DoE1_R3,8.02052052052052,0.000233360501561,33.023076988254985,2.12587931708402
DoE1_R3,8.033033033033034,0.0002334723503426,33.03325391798716,2.1286742303540933
DoE1_R3,8.045545545545545,0.0002335918514324,33.043433569305755,2.1314691905482097
DoE1_R3,8.058058058058059,0.000233719129263,33.05361601655851,2.1342642174574094
DoE1_R3,8.07057057057057,0.0002338543082672,33.06380133409318,2.1370593308727317
DoE1_R3,8.083083083083084,0.0002339975128779,33.07398959625752,2.139854550585215
DoE1_R3,8.095595595595595,0.0002341488675278,33.08418087739926,2.142649896385899
DoE1_R3,8.108108108108109,0.0002343084966497,33.09437525186617,2.145445388065824
DoE1_R3,8.12062062062062,0.0002344765246764,33.10457279400598,2.1482410454160283
DoE1_R3,8.133133133133134,0.0002346530760407,33.11477357816646,2.1510368882275523
DoE1_R3,8.145645645645645,0.0002348382751754,33.12497767869533,2.153832936291434
DoE1_R3,8.158158158158159,0.0002350322465133,33.13518516994037,2.156629209398714
DoE1_R3,8.17067067067067,0.0002352351144871,33.1453961262493,2.159425727340431
DoE1_R3,8.183183183183184,0.0002354470035296,33.1556106219699,2.1622225099076253
DoE1_R3,8.195695695695695,0.0002356680380737,33.165828731449885,2.1650195768913347
DoE1_R3,8.208208208208209,0.0002358983425521,33.17605052903703,2.1678169480826
DoE1_R3,8.22072072072072,0.0002361380413976,33.18627608907907,2.17061464327246
DoE1_R3,8.233233233233234,0.0002363872590429,33.19650548592376,2.173412682251953
DoE1_R3,8.245745745745745,0.000236646119921,33.206738793918845,2.1762110848121203
DoE1_R3,8.258258258258259,0.0002369147484645,33.21697608741207,2.179009870744
DoE1_R3,8.27077077077077,0.0002371932691063,33.2272174407512,2.181809059838632
DoE1_R3,8.283283283283284,0.0002374818062791,33.23746292828396,2.184608671887056
DoE1_R3,8.295795795795796,0.0002377804844158,33.247712624358115,2.1874087266803097
DoE1_R3,8.308308308308309,0.000238089427949,33.257966603321414,2.1902092440094347
DoE1_R3,8.32082082082082,0.0002384087613117,33.2682249395216,2.193010243665469
DoE1_R3,8.333333333333334,0.0002387386089366,33.278487707306425,2.1958117454394523
DoE1_R3,8.345845845845846,0.0002390790952564,33.28875498102363,2.1986137691224235
DoE1_R3,8.358358358358359,0.000239430344704,33.299026835020975,2.201416334505423
DoE1_R3,8.37087087087087,0.0002397924817122,33.3093033436462,2.204219461379489
DoE1_R3,8.383383383383384,0.0002401656307137,33.31958458124706,2.207023169535662
DoE1_R3,8.395895895895896,0.0002405499161413,33.32987062217129,2.2098274787649803
DoE1_R3,8.408408408408409,0.0002409454624278,33.340161540766665,2.212632408858484
DoE1_R3,8.42092092092092,0.0002413523940061,33.35045741138091,2.2154379796072123
DoE1_R3,8.433433433433434,0.0002417708353089,33.36075830836178,2.2182442108022045
DoE1_R3,8.445945945945946,0.0002422009107689,33.37106430605703,2.2210511222344995
DoE1_R3,8.458458458458459,0.000242642744819,33.381375478814405,2.223858733695138
DoE1_R3,8.47097097097097,0.0002430964618919,33.39169190098165,2.2266670649751577
DoE1_R3,8.483483483483484,0.0002434602119586,33.402003667608724,2.22946854282849
DoE1_R3,8.495995995995996,0.0002436953739089,33.41230706137532,2.2322603020459586
DoE1_R3,8.508508508508509,0.0002439034072073,33.42261207335186,2.2350499078436177
DoE1_R3,8.52102102102102,0.0002440823123711,33.4329185700381,2.237837221865369
DoE1_R3,8.533533533533534,0.0002442300899176,33.44322641793383,2.24062210575512
DoE1_R3,8.546046046046047,0.0002443447403641,33.45353548353882,2.243404421156771
DoE1_R3,8.558558558558559,0.000244424264228,33.463845633352854,2.2461840297142284
DoE1_R3,8.571071071071072,0.0002444666620266,33.47415673387571,2.248960793071395
DoE1_R3,8.583583583583584,0.000244469934277,33.48446865160715,2.2517345728721745
DoE1_R3,8.596096096096097,0.0002444320814968,33.49478125304698,2.254505230760472
DoE1_R3,8.608608608608609,0.0002443511042031,33.50509440469495,2.257272628380191
DoE1_R3,8.621121121121122,0.0002442250029133,33.515407973050856,2.2600366273752357
DoE1_R3,8.633633633633634,0.0002440517781447,33.525721824614465,2.262797089389508
DoE1_R3,8.646146146146148,0.0002438294304146,33.53603582588556,2.265553876066915
DoE1_R3,8.65865865865866,0.0002435559602404,33.54634984336391,2.268306849051359
DoE1_R3,8.671171171171173,0.0002432293681392,33.55666374354931,2.271055869986744
DoE1_R3,8.683683683683684,0.0002428476546285,33.56697739294152,2.273800800516974
DoE1_R3,8.696196196196198,0.0002425468063543,33.577288046174395,2.276551232857082
DoE1_R3,8.70870870870871,0.0002424313774572,33.58759355285093,2.2793145426497894
DoE1_R3,8.721221221221223,0.0002423173558386,33.597897224690776,2.2820777562872387
DoE1_R3,8.733733733733734,0.0002422061265433,33.60819886412977,2.284840974085028
DoE1_R3,8.746246246246248,0.0002420990746158,33.618498273603784,2.287604296358759
DoE1_R3,8.75875875875876,0.0002419975851006,33.62879525554868,2.290367823424029
DoE1_R3,8.771271271271273,0.0002419030430424,33.639089612400326,2.2931316555964387
DoE1_R3,8.783783783783784,0.0002418168334858,33.649381146594585,2.2958958931915867
DoE1_R3,8.796296296296298,0.0002417403414752,33.659669660567324,2.298660636525073
DoE1_R3,8.80880880880881,0.0002416749520553,33.669954956754395,2.301425985912497
DoE1_R3,8.821321321321323,0.0002416220502707,33.68023683759167,2.304192041669459
DoE1_R3,8.833833833833834,0.0002415830211659,33.69051510551501,2.306958904111557
DoE1_R3,8.846346346346348,0.0002415592497855,33.70078956296029,2.309726673554391
DoE1_R3,8.85885885885886,0.0002415521211741,33.711060012363355,2.31249545031356
DoE1_R3,8.871371371371373,0.0002415630203763,33.72132625616008,2.315265334704664
DoE1_R3,8.883883883883884,0.0002415933324366,33.73158809678632,2.3180364270433023
DoE1_R3,8.896396396396398,0.0002416444423997,33.74184533667795,2.3208088276450747
DoE1_R3,8.90890890890891,0.0002416728362773,33.75210076624815,2.323577250601532
DoE1_R3,8.921421421421423,0.0002416203726776,33.76235814934646,2.3263346552565234
DoE1_R3,8.933933933933934,0.0002415682752071,33.77261197524722,2.329090719601545
DoE1_R3,8.946446446446448,0.0002415165930465,33.782862135286486,2.3318453836978943
DoE1_R3,8.95895895895896,0.0002414653753762,33.79310852080025,2.334598587606868
DoE1_R3,8.971471471471473,0.0002414146713767,33.803351023124584,2.337350271389761
DoE1_R3,8.983983983983984,0.0002413645302285,33.81358953359548,2.340100375107873
DoE1_R3,8.996496496496498,0.0002413150011122,33.82382394354901,2.342848838822499
DoE1_R3,9.00900900900901,0.0002412661332083,33.83405414432117,2.345595602594936
DoE1_R3,9.021521521521525,0.0002412179756972,33.84428002724801,2.348340606486481
DoE1_R3,9.034034034034034,0.0002411705777596,33.85450148366556,2.3510837905584308
DoE1_R3,9.046546546546548,0.0002411239885757,33.864718404909844,2.3538250948720827
DoE1_R3,9.05905905905906,0.0002410782573263,33.8749306823169,2.356564459488732
DoE1_R3,9.071571571571573,0.0002410334331918,33.88513820722277,2.3593018244696773
DoE1_R3,9.084084084084084,0.0002409895653527,33.89534087096346,2.362037129876214
DoE1_R3,9.096596596596598,0.0002409467029895,33.905538564875016,2.36477031576964
DoE1_R3,9.10910910910911,0.0002409048952827,33.91573118029347,2.367501322211251
DoE1_R3,9.121621621621625,0.000240861672088,33.92592082379888,2.3702297089298225
DoE1_R3,9.134134134134134,0.0002408118026868,33.9361122826331,2.3729548797140487
DoE1_R3,9.146646646646648,0.0002407617088575,33.94630004069519,2.375677938487056
DoE1_R3,9.15915915915916,0.0002407113906001,33.95648409798516,2.3783988852488425
DoE1_R3,9.171671671671673,0.0002406608479145,33.96666445450302,2.38111771999941
DoE1_R3,9.184184184184184,0.0002406100808007,33.97684111024876,2.383834442738757
DoE1_R3,9.196696696696698,0.0002405590892588,33.98701406522238,2.386549053466885
DoE1_R3,9.20920920920921,0.0002405078732887,33.99718331942388,2.389261552183793
DoE1_R3,9.221721721721725,0.0002404564328904,34.00734887285327,2.391971938889482
DoE1_R3,9.234234234234236,0.000240404768064,34.01751072551054,2.3946802135839507
DoE1_R3,9.246746746746748,0.0002403528788095,34.02766887739569,2.3973863762672
DoE1_R3,9.25925925925926,0.0002403007651267,34.03782332850872,2.4000904269392294
DoE1_R3,9.271771771771771,0.0002402484270158,34.047974078849634,2.4027923656000394
DoE1_R3,9.284284284284285,0.0002401958644768,34.05812112841843,2.4054921922496293
DoE1_R3,9.296796796796798,0.0002401430775096,34.06826447721511,2.408189906888
DoE1_R3,9.30930930930931,0.0002400900661142,34.07840412523967,2.41088550951515
DoE1_R3,9.321821821821825,0.0002400368302907,34.088540072492115,2.4135790001310813
DoE1_R3,9.334334334334336,0.0002399845170887,34.098674241840385,2.416272878857915
DoE1_R3,9.346846846846848,0.0002399367514261,34.10881270995049,2.4189750466058824
DoE1_R3,9.35935935935936,0.000239888959822,34.11894781002349,2.421675534966301
DoE1_R3,9.371871871871871,0.0002398411422763,34.12907954205941,2.424374343939174
DoE1_R3,9.384384384384385,0.0002397932987892,34.139207906058225,2.427071473524498
DoE1_R3,9.396896896896898,0.0002397454293605,34.14933290201996,2.429766923722275
DoE1_R3,9.40940940940941,0.0002396975339904,34.15945452994458,2.432460694532504
DoE1_R3,9.421921921921925,0.0002396496126787,34.169572789832124,2.4351527859551854
DoE1_R3,9.434434434434436,0.0002396016654255,34.179687681682566,2.4378431979903192
DoE1_R3,9.446946946946948,0.0002395536922308,34.18979920549592,2.440531930637906
DoE1_R3,9.45945945945946,0.0002395056930947,34.19990736127217,2.4432189838979443
DoE1_R3,9.471971971971971,0.000239457668017,34.210012149011334,2.445904357770436
DoE1_R3,9.484484484484485,0.0002394096169978,34.2201135687134,2.4485880522553787
DoE1_R3,9.496996996996998,0.000239361540037,34.23021162037838,2.451270067352775
DoE1_R3,9.50950950950951,0.0002393134371348,34.24030630400625,2.453950403062623
DoE1_R3,9.522022022022025,0.0002392653082911,34.25039761959704,2.456629059384924
DoE1_R3,9.534534534534536,0.0002392171535059,34.26048556715073,2.459306036319677
DoE1_R3,9.547047047047048,0.0002391689727791,34.27057014666733,2.4619813338668823
DoE1_R3,9.55955955955956,0.0002391207661109,34.280651358146834,2.46465495202654
DoE1_R3,9.572072072072071,0.0002390725335011,34.290729201589244,2.4673268907986503
DoE1_R3,9.584584584584585,0.0002390242749499,34.30080367699456,2.4699971501832128
DoE1_R3,9.597097097097098,0.0002389759904571,34.31087478436278,2.472665730180228
DoE1_R3,9.60960960960961,0.0002389276800228,34.32094252369391,2.4753326307896955
DoE1_R3,9.622122122122123,0.000238879343647,34.331006894987944,2.4779978520116157
DoE1_R3,9.634634634634637,0.0002388309813298,34.34106789824489,2.4806613938459874
DoE1_R3,9.647147147147148,0.000238782593071,34.35112553346473,2.483323256292812
DoE1_R3,9.65965965965966,0.0002387341788707,34.361179800647484,2.485983439352089
DoE1_R3,9.672172172172171,0.0002386857387289,34.371230699793145,2.4886419430238185
DoE1_R3,9.684684684684685,0.0002386372726455,34.381278230901714,2.491298767308
DoE1_R3,9.697197197197198,0.0002385887806207,34.391322393973184,2.4939539122046344
DoE1_R3,9.70970970970971,0.0002385402626544,34.40136318900756,2.4966073777137208
DoE1_R3,9.722222222222223,0.0002384917187465,34.41140061600484,2.49925916383526
DoE1_R3,9.734734734734737,0.0002384431488972,34.421434674965035,2.501909270569251
DoE1_R3,9.747247247247248,0.0002383945531063,34.43146536588813,2.5045576979156947
DoE1_R3,9.75975975975976,0.000238345931374,34.441492688774126,2.507204445874591
DoE1_R3,9.772272272272271,0.0002382972837001,34.45151664362304,2.50984951444594
DoE1_R3,9.784784784784785,0.0002382486100847,34.46153723043485,2.5124929036297403
DoE1_R3,9.797297297297298,0.0002381999105279,34.47155444920957,2.5151346134259938
DoE1_R3,9.80980980980981,0.0002381511850295,34.48156829994719,2.517774643834699
DoE1_R3,9.822322322322323,0.0002381024335896,34.49157878264773,2.5204129948558576
DoE1_R3,9.834834834834837,0.0002380536562082,34.501585897311166,2.523049666489468
DoE1_R3,9.847347347347348,0.0002380048528853,34.51158964393751,2.5256846587355306
DoE1_R3,9.85985985985986,0.0002379560236209,34.52159002252676,2.528317971594046
DoE1_R3,9.872372372372372,0.0002379071684149,34.531587033078914,2.5309496050650138
DoE1_R3,9.884884884884883,0.0002378582872675,34.54158067559398,2.5335795591484334
DoE1_R3,9.897397397397398,0.0002378093801786,34.55157095007195,2.536207833844306
DoE1_R3,9.90990990990991,0.0002377604471481,34.56155785651282,2.538834429152631
DoE1_R3,9.922422422422423,0.0002377114881762,34.5715413949166,2.541459345073408
DoE1_R3,9.934934934934937,0.0002376625032627,34.58152156528329,2.544082581606637
DoE1_R3,9.947447447447448,0.0002376134924077,34.59149836761288,2.54670413875232
DoE1_R3,9.95995995995996,0.0002375644556113,34.601471801905376,2.5493240165104543
DoE1_R3,9.972472472472472,0.0002375153928733,34.61144186816078,2.551942214881041
DoE1_R3,9.984984984984983,0.0002374663041938,34.621408566379095,2.5545587338640803
DoE1_R3,9.997497497497498,0.0002374171895728,34.63137189656031,2.557173573459572
DoE1_R3,10.01001001001001,0.0002373680490103,34.64133185870443,2.5597867336675155
DoE1_R3,10.022522522522523,0.0002373188825063,34.651288452811464,2.5623982144879123
DoE1_R3,10.035035035035037,0.0002372696900608,34.6612416788814,2.565008015920761
DoE1_R3,10.047547547547548,0.0002372204716738,34.67119153691424,2.5676161379660623
DoE1_R3,10.06006006006006,0.0002371712273452,34.681138026909984,2.5702225806238155
DoE1_R3,10.072572572572572,0.0002371235172713,34.69108777890357,2.5728289294923448
DoE1_R3,10.085085085085083,0.0002370759142714,34.701034728107494,2.575433734154419
DoE1_R3,10.097597597597598,0.0002370283407092,34.710978544608125,2.5780369157099297
DoE1_R3,10.11011011011011,0.0002369807965848,34.72091922840547,2.580638474158877
DoE1_R3,10.122622622622623,0.0002369332818983,34.730856779499526,2.583238409501261
DoE1_R3,10.135135135135137,0.0002368857966496,34.7407911978903,2.585836721737081
DoE1_R3,10.147647647647648,0.0002368383408388,34.75072248357779,2.588433410866338
DoE1_R3,10.16016016016016,0.0002367909144657,34.76065063656199,2.591028476889031
DoE1_R3,10.172672672672672,0.0002367435175305,34.7705756568429,2.5936219198051607
DoE1_R3,10.185185185185183,0.0002366961500331,34.78049754442053,2.596213739614727
DoE1_R3,10.1976976976977,0.0002366488119735,34.79041629929487,2.5988039363177298
DoE1_R3,10.21021021021021,0.0002366015033518,34.800331921465926,2.601392509914169
DoE1_R3,10.222722722722724,0.0002365542241678,34.8102444109337,2.603979460404045
DoE1_R3,10.235235235235235,0.0002365069744217,34.82015376769818,2.606564787787357
DoE1_R3,10.247747747747749,0.0002364597541134,34.83005999175938,2.6091484920641057
DoE1_R3,10.26026026026026,0.000236412563243,34.83996308311728,2.611730573234291
DoE1_R3,10.272772772772774,0.0002363654018103,34.849863041771904,2.614311031297913
DoE1_R3,10.285285285285283,0.0002363182698155,34.85975986772324,2.616889866254971
DoE1_R3,10.2977977977978,0.0002362711672586,34.869653560971294,2.619467078105466
DoE1_R3,10.31031031031031,0.0002362240941394,34.87954412151606,2.622042666849397
DoE1_R3,10.322822822822824,0.000236177050458,34.88943154935754,2.624616632486765
DoE1_R3,10.335335335335335,0.0002361300362145,34.89931584449573,2.6271889750175688
DoE1_R3,10.347847847847849,0.0002360830514088,34.90919700693064,2.62975969444181
DoE1_R3,10.36036036036036,0.000236036096041,34.91907503666226,2.6323287907594866
DoE1_R3,10.372872872872874,0.0002359891701109,34.92894993369059,2.6348962639706004
DoE1_R3,10.385385385385383,0.0002359422736187,34.93882169801564,2.6374621140751504
DoE1_R3,10.3978978978979,0.0002358954065643,34.948690329637394,2.640026341073137
DoE1_R3,10.41041041041041,0.0002358485689477,34.95855582855587,2.6425889449645603
DoE1_R3,10.422922922922924,0.000235801760769,34.96841819477106,2.64514992574942
DoE1_R3,10.435435435435435,0.0002357549820281,34.97827742828296,2.6477092834277163
DoE1_R3,10.447947947947949,0.000235708232725,34.98813352909158,2.650267017999449
DoE1_R3,10.46046046046046,0.0002356615128597,34.997986497196905,2.6528231294646183
DoE1_R3,10.472972972972974,0.0002356148224322,35.00783633259895,2.655377617823224
DoE1_R3,10.485485485485484,0.0002355681614426,35.01768303529771,2.657930483075266
DoE1_R3,10.497997997998,0.0002355215298908,35.027526605293176,2.6604817252207447
DoE1_R3,10.51051051051051,0.0002354749277768,35.03736704258536,2.66303134425966
DoE1_R3,10.523023023023024,0.0002354283551006,35.04720434717426,2.665579340192012
DoE1_R3,10.535535535535535,0.0002353818118623,35.057038519059866,2.6681257130178
DoE1_R3,10.548048048048049,0.0002353352980618,35.0668695582422,2.670670462737025
DoE1_R3,10.56056056056056,0.0002352888136991,35.076697464721235,2.6732135893496856
DoE1_R3,10.573073073073074,0.0002352423587742,35.08652223849698,2.675755092855783
DoE1_R3,10.585585585585584,0.0002351959332872,35.09634387956945,2.6782949732553174
DoE1_R3,10.5980980980981,0.000235149537238,35.10616238793863,2.680833230548288
DoE1_R3,10.61061061061061,0.0002351031706266,35.115977763604526,2.683369864734695
DoE1_R3,10.623123123123124,0.000235056833453,35.12579000656713,2.685904875814539
DoE1_R3,10.635635635635635,0.0002350105257173,35.135599116826455,2.688438263787819
DoE1_R3,10.648148148148149,0.0002349642474194,35.14540509438249,2.690970028654536
DoE1_R3,10.66066066066066,0.0002349179985593,35.15520793923523,2.6935001704146884
DoE1_R3,10.673173173173174,0.000234871779137,35.1650076513847,2.696028689068278
DoE1_R3,10.685685685685687,0.0002348255891525,35.17480423083087,2.6985555846153044
DoE1_R3,10.6981981981982,0.0002347794286059,35.18459767757376,2.701080857055767
DoE1_R3,10.710710710710712,0.0002347332974971,35.19438799161337,2.703604506389666
DoE1_R3,10.723223223223224,0.0002346871958261,35.20417517294968,2.706126532617002
DoE1_R3,10.735735735735735,0.000234641123593,35.21395922158272,2.708646935737774
DoE1_R3,10.748248248248249,0.0002345950807976,35.22374013751246,2.7111657157519824
DoE1_R3,10.760760760760762,0.0002345490674401,35.23351792073892,2.713682872659628
DoE1_R3,10.773273273273274,0.0002345030835204,35.24329257126209,2.716198406460709
DoE1_R3,10.785785785785787,0.0002344571290386,35.253064089081974,2.7187123171552274
DoE1_R3,10.7982982982983,0.0002344111488919,35.262836057365334,2.721238169094628
DoE1_R3,10.810810810810812,0.0002343651729649,35.27260653280865,2.723768605755036
DoE1_R3,10.823323323323324,0.0002343192238275,35.28237404776193,2.72629807123524
DoE1_R3,10.835835835835836,0.0002342733014795,35.292138602225144,2.72882656553524
DoE1_R3,10.848348348348347,0.000234227405921,35.30190019619832,2.7313540886550367
DoE1_R3,10.860860860860862,0.000234181537152,35.31165882968144,2.73388064059463
DoE1_R3,10.873373373373374,0.0002341356951725,35.321414502674514,2.736406221354019
DoE1_R3,10.885885885885887,0.0002340898799825,35.33116721517753,2.7389308309332048
DoE1_R3,10.8983983983984,0.000234044091582,35.3409169671905,2.7414544693321865
DoE1_R3,10.910910910910912,0.000233998329971,35.35066375871343,2.743977136550965
DoE1_R3,10.923423423423424,0.0002339525951495,35.3604075897463,2.7464988325895394
DoE1_R3,10.935935935935936,0.0002339068871174,35.37014846028912,2.74901955744791
DoE1_R3,10.948448448448447,0.0002338612058749,35.37988637034189,2.751539311126077
DoE1_R3,10.960960960960962,0.0002338155514219,35.38962131990462,2.754058093624041
DoE1_R3,10.973473473473474,0.0002337699237583,35.39935330897729,2.756575904941801
DoE1_R3,10.985985985985987,0.0002337243228843,35.40908233755992,2.7590927450793568
DoE1_R3,10.9984984984985,0.0002336787487998,35.418808405652484,2.7616086140367093
DoE1_R3,11.011011011011012,0.0002336332015047,35.42853151325501,2.764123511813858
DoE1_R3,11.023523523523524,0.0002335876809992,35.438251660367484,2.766637438410803
DoE1_R3,11.036036036036036,0.0002335421872831,35.44796884698991,2.769150393827545
DoE1_R3,11.048548548548547,0.0002334967203565,35.45768307312228,2.7716623780640823
DoE1_R3,11.061061061061062,0.0002334512802195,35.467394338764606,2.7741733911204163
DoE1_R3,11.073573573573574,0.0002334058668719,35.47710264391688,2.776683432996547
DoE1_R3,11.086086086086087,0.0002333604803138,35.4868079885791,2.7791925036924736
DoE1_R3,11.0985985985986,0.0002333151205453,35.496510372751274,2.781700603208196
DoE1_R3,11.111111111111112,0.0002332697875662,35.5062097964334,2.784207731543716
DoE1_R3,11.123623623623624,0.0002332244813766,35.515906259625474,2.7867138886990315
DoE1_R3,11.136136136136138,0.0002331792019765,35.5255997623275,2.7892190746741434
DoE1_R3,11.14864864864865,0.0002331339493659,35.53529030453948,2.791723289469052
DoE1_R3,11.161161161161164,0.0002330887235448,35.5449778862614,2.7942265330837563
DoE1_R3,11.173673673673674,0.0002330435245132,35.55466250749328,2.796728805518257
DoE1_R3,11.186186186186188,0.0002329983522711,35.5643441682351,2.7992301067725545
DoE1_R3,11.1986986986987,0.0002329532068185,35.57402286848688,2.801730436846648
DoE1_R3,11.211211211211213,0.0002329080881553,35.5836986082486,2.8042297957405378
DoE1_R3,11.223723723723724,0.0002328629962817,35.59337138752028,2.806728183454224
DoE1_R3,11.236236236236238,0.0002328179311976,35.60304120630191,2.8092255999877063
DoE1_R3,11.24874874874875,0.0002327728929029,35.612708064593484,2.811722045340985
DoE1_R3,11.261261261261264,0.0002327278813978,35.622371962395015,2.8142175195140604
DoE1_R3,11.273773773773774,0.0002326828966822,35.63203289970649,2.816712022506932
DoE1_R3,11.286286286286288,0.000232637938756,35.64169087652792,2.8192055543196
DoE1_R3,11.2987987987988,0.0002325930076194,35.65134589285929,2.8216981149520635
DoE1_R3,11.311311311311313,0.0002325481032722,35.66099794870062,2.8241897044043243
DoE1_R3,11.323823823823824,0.0002325032257145,35.6706470440519,2.826680322676381
DoE1_R3,11.336336336336338,0.0002324583749464,35.680293178913125,2.829169969768234
DoE1_R3,11.34884884884885,0.0002324135509677,35.6899363532843,2.831658645679883
DoE1_R3,11.361361361361364,0.0002323687537785,35.69957656716543,2.834146350411329
DoE1_R3,11.373873873873874,0.0002323239833789,35.709213820556506,2.83663308396257
DoE1_R3,11.386386386386388,0.0002322792397687,35.71884811345754,2.839118846333609
DoE1_R3,11.3988988988989,0.000232234522948,35.72847944586852,2.841603637524444
DoE1_R3,11.411411411411413,0.0002321898329168,35.73810781778944,2.8440874575350747
DoE1_R3,11.423923923923924,0.0002321451696751,35.74773322922032,2.8465703063655017
DoE1_R3,11.436436436436438,0.0002321005332229,35.757355680161155,2.8490521840157257
DoE1_R3,11.44894894894895,0.0002320559235602,35.76697517061193,2.851533090485745
DoE1_R3,11.461461461461464,0.000232011340687,35.77659170057266,2.8540130257755614
DoE1_R3,11.473973973973974,0.0002319667846032,35.78620527004334,2.856491989885174
DoE1_R3,11.486486486486488,0.000231922255309,35.79581587902397,2.858969982814583
DoE1_R3,11.498998998999,0.0002318777528043,35.80542352751455,2.861447004563788
DoE1_R3,11.511511511511513,0.0002318332770891,35.81502821551508,2.8639230551327897
DoE1_R3,11.524024024024024,0.000231788731732,35.824630389258374,2.866390218625328
DoE1_R3,11.536536536536538,0.0002317440861807,35.834230190124686,2.8688459870424445
DoE1_R3,11.54904904904905,0.0002316994485737,35.84382711770686,2.871299237300048
DoE1_R3,11.561561561561565,0.0002316548189108,35.85342117200489,2.87374996939814
DoE1_R3,11.574074074074074,0.0002316101971922,35.86301235301879,2.8761981833367187
DoE1_R3,11.586586586586588,0.0002315655834178,35.87260066074854,2.878643879115786
DoE1_R3,11.5990990990991,0.0002315209775877,35.88218609519415,2.8810870567353404
DoE1_R3,11.611611611611613,0.0002314763797017,35.891768656355616,2.8835277161953834
DoE1_R3,11.624124124124124,0.00023143178976,35.90134834423295,2.885965857495913
DoE1_R3,11.636636636636638,0.0002313872077624,35.91092515882614,2.888401480636932
DoE1_R3,11.64914914914915,0.0002313426337091,35.92049910013519,2.890834585618437
DoE1_R3,11.661661661661665,0.0002312980676,35.93007016816009,2.893265172440431
DoE1_R3,11.674174174174174,0.0002312535094352,35.93963836290086,2.895693241102912
DoE1_R3,11.686686686686688,0.0002312089592145,35.94920368435749,2.898118791605881
DoE1_R3,11.6991991991992,0.0002311644169381,35.95876613252997,2.9005418239493377
DoE1_R3,11.711711711711713,0.0002311198826059,35.96832570741832,2.9029623381332827
DoE1_R3,11.724224224224224,0.0002310753562179,35.97788240902253,2.905380334157715
DoE1_R3,11.736736736736738,0.0002310308377741,35.98743623734259,2.907795812022635
DoE1_R3,11.74924924924925,0.0002309863272746,35.99698719237851,2.9102087717280427
DoE1_R3,11.761761761761765,0.0002309418247193,36.00653527413029,2.9126192132739384
DoE1_R3,11.774274274274276,0.0002308973301082,36.016080482597935,2.915027136660321
DoE1_R3,11.786786786786788,0.0002308528434413,36.02562281778144,2.9174325418871927
DoE1_R3,11.7992992992993,0.0002308084922459,36.03516306301697,2.91984491817857
DoE1_R3,11.811811811811811,0.0002307642261437,36.04470090885536,2.9222605169109133
DoE1_R3,11.824324324324325,0.0002307199849506,36.054235985616685,2.924674859833614
DoE1_R3,11.836836836836838,0.0002306757686667,36.06376829330095,2.9270879469466724
DoE1_R3,11.84934934934935,0.0002306315772919,36.07329783190815,2.929499778250088
DoE1_R3,11.861861861861865,0.0002305874108263,36.08282460143829,2.9319103537438624
DoE1_R3,11.874374374374376,0.0002305432692698,36.092348601891366,2.9343196734279933
DoE1_R3,11.886886886886888,0.0002304991526225,36.10186983326738,2.9367277373024825
DoE1_R3,11.8993993993994,0.0002304550608844,36.11138829556633,2.9391345453673288
DoE1_R3,11.911911911911911,0.0002304109940554,36.12090398878821,2.9415400976225325
DoE1_R3,11.924424424424425,0.0002303669521356,36.13041691293304,2.9439443940680943
DoE1_R3,11.936936936936938,0.0002303229351249,36.1399270680008,2.946347434704013
DoE1_R3,11.94944944944945,0.0002302789430234,36.1494344539915,2.9487492195302902
DoE1_R3,11.961961961961965,0.000230234975831,36.15893907090514,2.951149748546925
DoE1_R3,11.974474474474476,0.0002301910335478,36.16844091874171,2.9535490217539166
DoE1_R3,11.986986986986988,0.0002301471161737,36.17793999750122,2.9559470391512663
DoE1_R3,11.9994994994995,0.0002301032237088,36.18743630718367,2.958343800738973
DoE1_R3,12.012012012012011,0.0002300593561531,36.19692984778906,2.960739306517038
DoE1_R3,12.024524524524525,0.0002300155135065,36.20642061931738,2.9631335564854604
DoE1_R3,12.037037037037038,0.000229971695769,36.21590862176864,2.9655265506442405
DoE1_R3,12.04954954954955,0.0002299279029408,36.22539385514283,2.967918288993378
DoE1_R3,12.062062062062065,0.0002298841350216,36.23487631943996,2.9703087715328733
DoE1_R3,12.074574574574577,0.0002298404056534,36.24435621986079,2.9726993500957763
DoE1_R3,12.087087087087088,0.000229796707151,36.25383344080731,2.975089263139091
DoE1_R3,12.0995995995996,0.0002297530378964,36.263307957937215,2.977478350299171
DoE1_R3,12.112112112112111,0.0002297093978893,36.2727797712505,2.9798666115760173
DoE1_R3,12.124624624624625,0.00022966578713,36.28224888074716,2.9822540469696293
DoE1_R3,12.137137137137138,0.0002296222056183,36.29171528642721,2.984640656480008
DoE1_R3,12.14964964964965,0.0002295786320253,36.30117898797501,2.9870260603917203
DoE1_R3,12.162162162162163,0.0002295350653117,36.3106399853752,2.9894102402003973
DoE1_R3,12.174674674674677,0.0002294915175405,36.32009827880627,2.991793410663067
DoE1_R3,12.187187187187188,0.0002294479887117,36.32955386826824,2.9941755717797305
DoE1_R3,12.1996996996997,0.0002294044788254,36.33900675376108,2.996556723550387
DoE1_R3,12.212212212212211,0.0002293609878814,36.34845693528481,2.998936865975037
DoE1_R3,12.224724724724725,0.0002293174726836,36.35790432400872,3.0013135445143666
DoE1_R3,12.237237237237238,0.0002292738039927,36.36734865415984,3.003679415423027
DoE1_R3,12.24974974974975,0.0002292299615986,36.37679003903454,3.006037468298014
DoE1_R3,12.262262262262263,0.0001346700234382,36.38623336415867,3.008391239093351
DoE1_R3,12.274774774774777,-2.32116370591949e-08,36.386282457015255,3.008401395060573
DoE1_R3,12.287287287287288,-2.4876441360318692e-08,36.38628245716635,3.008401395094913
DoE1_R3,12.2997997997998,-2.5478824497429313e-08,36.38628245722102,3.008401395107338
DoE1_R3,12.312312312312311,-2.608120763454001e-08,36.3862824572757,3.0084013951197632
DoE1_R3,12.324824824824825,-2.6683590771650632e-08,36.38628245733037,3.0084013951321884
DoE1_R3,12.337337337337338,-2.7285973908761342e-08,36.38628245738504,3.0084013951446136
DoE1_R3,12.34984984984985,-2.7888357045871955e-08,36.38628245743971,3.0084013951570387
DoE1_R3,12.362362362362363,-2.8047816055152123e-08,36.386282457454186,3.008401395160328
DoE1_R3,12.374874874874877,-2.8141858992169392e-08,36.38628245746272,3.0084013951622675
DoE1_R3,12.387387387387388,-2.8235901929186677e-08,36.38628245747125,3.0084013951642072
DoE1_R3,12.3998998998999,-2.8329944866203945e-08,36.38628245747979,3.008401395166147
DoE1_R3,12.412412412412412,-2.8423987803221223e-08,36.38628245748833,3.008401395168087
DoE1_R3,12.424924924924923,-2.8512561753819166e-08,36.38628245749637,3.008401395169914
DoE1_R3,12.437437437437438,-2.8527243562551823e-08,36.38628245749769,3.0084013951702167
DoE1_R3,12.44994994994995,-2.8541925371284472e-08,36.38628245749903,3.0084013951705195
DoE1_R3,12.462462462462463,-2.8556607180017132e-08,36.38628245750036,3.0084013951708224
DoE1_R3,12.474974974974977,-2.8571288988749786e-08,36.38628245750169,3.0084013951711253
DoE1_R3,12.487487487487488,-2.8585970797482442e-08,36.38628245750302,3.008401395171428
DoE1_R3,12.5,-2.860065260621509e-08,36.38628245750436,3.008401395171731
DoE1_R4,0.0,0.0,25.1,0.0
DoE1_R4,0.0125125125125125,0.0010014269824562,25.129392232134027,0.0150022758482286
DoE1_R4,0.025025025025025,0.0010019914247744,25.15919813746409,0.0301855052862562
DoE1_R4,0.0375375375375375,0.0010025519469512,25.188983618942405,0.0453693059454034
DoE1_R4,0.05005005005005,0.0010031062826062,25.218705283969783,0.0603749151516464
DoE1_R4,0.0625625625625625,0.0010036589748527,25.248383881512694,0.0752897881653659
DoE1_R4,0.075075075075075,0.0010042173707215,25.27803062679889,0.090218229554776
DoE1_R4,0.0875875875875876,0.0010047805372877,25.3076392542486,0.1051406593727724
DoE1_R4,0.1001001001001001,0.0010053496657241,25.33720827124673,0.1200696559318991
DoE1_R4,0.1126126126126126,0.0010059243675667,25.36671874566755,0.1349714321137239
DoE1_R4,0.1251251251251251,0.0010065011730732,25.39618801974097,0.1498415620005128
DoE1_R4,0.1376376376376376,0.0010070881440946,25.42544834930208,0.1645504869351154
DoE1_R4,0.1501501501501501,0.001007675115116,25.454708678863184,0.179259411869718
DoE1_R4,0.1626626626626626,0.0010082620861373,25.48396900842429,0.1939683368043205
DoE1_R4,0.1751751751751752,0.0010088490571587,25.5132293379854,0.2086772617389231
DoE1_R4,0.1876876876876877,0.0010094360281801,25.542489667546505,0.2233861866735257
DoE1_R4,0.2002002002002002,0.0010100242836796,25.57172278112539,0.2380664030929253
DoE1_R4,0.2127127127127127,0.0010106184811383,25.60082999434755,0.25261381474061
DoE1_R4,0.2252252252252252,0.0010112146418227,25.62989561003956,0.2671173476365717
DoE1_R4,0.2377377377377377,0.0010118127657329,25.658919628201428,0.2815770017808106
DoE1_R4,0.2502502502502503,0.0010124128528689,25.68790204883315,0.2959927771733264
DoE1_R4,0.2627627627627628,0.0010130149032306,25.716842871934723,0.3103646738141194
DoE1_R4,0.2752752752752753,0.0010136091879561,25.745746452309906,0.3245740640853687
DoE1_R4,0.2877877877877878,0.0010141724065759,25.774623219644248,0.3383368367329785
DoE1_R4,0.3003003003003003,0.0010147257019586,25.80346371003091,0.3519107945859049
DoE1_R4,0.3128128128128128,0.0010152690741044,25.83226792346989,0.3652959376441481
DoE1_R4,0.3253253253253253,0.0010158025230131,25.86103585996119,0.3784922659077078
DoE1_R4,0.3378378378378379,0.0010163260486848,25.889767519504808,0.3914997793765844
DoE1_R4,0.3503503503503504,0.0010168233218938,25.91845868072077,0.4041163928443812
DoE1_R4,0.3628628628628629,0.0010172946065785,25.9471094118416,0.4163453727265885
DoE1_R4,0.3753753753753754,0.0010177477793529,25.975721749104764,0.4282841974485868
DoE1_R4,0.3878878878878879,0.0010181828402172,26.00429569251028,0.4399328670103758
DoE1_R4,0.4004004004004004,0.0010185997891714,26.03283124205813,0.4512913814119556
DoE1_R4,0.4129129129129129,0.0010189986262153,26.061328397748326,0.4623597406533262
DoE1_R4,0.4254254254254254,0.0010194063891069,26.089809436209872,0.473508330528651
DoE1_R4,0.4379379379379379,0.0010198043707849,26.118258944542568,0.484480886085179
DoE1_R4,0.4504504504504504,0.0010201924375385,26.146676812581035,0.4952755756413
DoE1_R4,0.4629629629629629,0.0010205705893678,26.175063040325277,0.5058923991970141
DoE1_R4,0.4754754754754755,0.0010209388262727,26.203417627775288,0.5163313567523212
DoE1_R4,0.487987987987988,0.0010213085417888,26.23174803035569,0.5267398004892845
DoE1_R4,0.5005005005005005,0.0010216966648055,26.26006532558146,0.5373366711240976
DoE1_R4,0.513013013013013,0.001022085871202,26.288358177315704,0.547897916426979
DoE1_R4,0.5255255255255256,0.0010224761609782,26.316626585558414,0.558423536397929
DoE1_R4,0.5380380380380381,0.0010228675341342,26.34487055030959,0.5689135310369473
DoE1_R4,0.5505505505505506,0.0010232599906698,26.37309007156924,0.5793679003440342
DoE1_R4,0.5630630630630631,0.0010236552779314,26.401289063381203,0.5898116733550506
DoE1_R4,0.5755755755755756,0.0010240525930028,26.429465727218947,0.6002333490784502
DoE1_R4,0.5880880880880881,0.0010244516487996,26.4576194200151,0.6106288153077724
DoE1_R4,0.6006006006006006,0.0010248524453218,26.485750141769653,0.6209980720430172
DoE1_R4,0.6131131131131131,0.0010252549825693,26.51385789248261,0.6313411192841846
DoE1_R4,0.6256256256256256,0.0010256596512114,26.541943387644825,0.6416642984109759
DoE1_R4,0.6381381381381381,0.0010260673299736,26.57000823659821,0.6519818729855192
DoE1_R4,0.6506506506506506,0.0010264775036867,26.59805149583605,0.6622854807285201
DoE1_R4,0.6631631631631631,0.0010268902826687,26.626073367400323,0.6725769123335792
DoE1_R4,0.6756756756756758,0.0010273057772378,26.65407405333301,0.6828579584942971
DoE1_R4,0.6881881881881883,0.0010277240977118,26.682053755676087,0.6931304099042744
DoE1_R4,0.7007007007007008,0.0010281381960061,26.7100072424709,0.7032934461214031
DoE1_R4,0.7132132132132133,0.0010285526547049,26.73793811069227,0.713412964919438
DoE1_R4,0.7257257257257258,0.001028969183803,26.76584777670954,0.723513687337507
DoE1_R4,0.7382382382382383,0.0010293878532607,26.79373641192887,0.7335968255678779
DoE1_R4,0.7507507507507508,0.0010298087330385,26.82160418775641,0.7436635918028178
DoE1_R4,0.7632632632632633,0.0010302318930967,26.84945127559832,0.7537151982345942
DoE1_R4,0.7757757757757758,0.0010306574033957,26.877277846860736,0.7637528570554745
DoE1_R4,0.7882882882882883,0.001031085333896,26.905084072949823,0.7737777804577259
DoE1_R4,0.8008008008008008,0.001031515754558,26.932870125271737,0.7837911806336161
DoE1_R4,0.8133133133133134,0.0010319487353419,26.960636175232622,0.7937942697754122
DoE1_R4,0.8258258258258259,0.0010323843462083,26.988382394238634,0.8037882600753818
DoE1_R4,0.8383383383383384,0.0010328226571174,27.016108953695927,0.8137743637257921
DoE1_R4,0.8508508508508509,0.0010332637380298,27.043816025010653,0.8237537929189106
DoE1_R4,0.8633633633633634,0.0010337076589058,27.07150377958896,0.8337277598470045
DoE1_R4,0.8758758758758759,0.0010341544897058,27.099172388837008,0.8436974767023415
DoE1_R4,0.8883883883883884,0.0010346043003902,27.126822024160944,0.8536641556771888
DoE1_R4,0.9009009009009008,0.0010350571609194,27.154452856966923,0.8636290089638137
DoE1_R4,0.9134134134134134,0.0010355131412538,27.1820650586611,0.8735932487544836
DoE1_R4,0.925925925925926,0.0010359723113538,27.209658800649624,0.8835580872414661
DoE1_R4,0.9384384384384384,0.0010364347411797,27.237234254338645,0.8935247366170285
DoE1_R4,0.9509509509509512,0.001036900500692,27.264791591134323,0.903494409073438
DoE1_R4,0.9634634634634636,0.0010373696598511,27.29233098244281,0.913468316802962
DoE1_R4,0.975975975975976,0.0010378422886173,27.319852599670245,0.923447671997868
DoE1_R4,0.9884884884884886,0.0010383184569511,27.3473566142228,0.9334336868504236
DoE1_R4,1.001001001001001,0.0010387982348128,27.37484319750661,0.9434275735528956
DoE1_R4,1.0135135135135136,0.0010392743707915,27.402303496760094,0.9533165395393174
DoE1_R4,1.026026026026026,0.0010397498758914,27.42974130845782,0.9631475934743544
DoE1_R4,1.0385385385385386,0.0010402278981909,27.457160598029443,0.9729698784779848
DoE1_R4,1.0510510510510511,0.0010407084590688,27.48456147700021,0.9827838502506728
DoE1_R4,1.0635635635635636,0.0010411915799035,27.51194405689534,0.9925899644928828
DoE1_R4,1.076076076076076,0.0010416772820737,27.5393084492401,1.002388676905079
DoE1_R4,1.0885885885885886,0.001042165586958,27.566654765559715,1.0121804431877253
DoE1_R4,1.1011011011011012,0.0010426565159349,27.59398311737943,1.021965719041286
DoE1_R4,1.1136136136136137,0.0010431500903831,27.621293616224484,1.0317449601662252
DoE1_R4,1.1261261261261262,0.0010436463316811,27.64858637362012,1.0415186222630073
DoE1_R4,1.138638638638639,0.0010441452612075,27.67586150109157,1.0512871610320962
DoE1_R4,1.1511511511511512,0.0010446469003409,27.70311911016409,1.061051032173956
DoE1_R4,1.1636636636636637,0.0010451512704599,27.730359312362904,1.0708106913890512
DoE1_R4,1.1761761761761762,0.001045658392943,27.757582219213266,1.0805665943778455
DoE1_R4,1.1886886886886887,0.0010461682891689,27.7847879422404,1.090319196840804
DoE1_R4,1.2012012012012012,0.0010466809805161,27.81197659296956,1.1000689544783897
DoE1_R4,1.2137137137137135,0.0010471964883633,27.83914828292598,1.1098163229910676
DoE1_R4,1.2262262262262262,0.0010477148340889,27.8663031236349,1.1195617580793014
DoE1_R4,1.2387387387387387,0.0010482360390717,27.893441226621565,1.1293057154435553
DoE1_R4,1.2512512512512513,0.0010487601246901,27.92056270341121,1.1390486507842938
DoE1_R4,1.2637637637637638,0.0010492871123228,27.947667665529085,1.1487910198019808
DoE1_R4,1.2762762762762765,0.0010498170233483,27.974756224500418,1.1585332781970803
DoE1_R4,1.2887887887887888,0.0010503498791453,28.001828491850457,1.1682758816700571
DoE1_R4,1.3013013013013013,0.0010508857010923,28.02888457910444,1.1780192859213747
DoE1_R4,1.3138138138138138,0.0010514245105679,28.055924597787605,1.1877639466514978
DoE1_R4,1.3263263263263263,0.0010519620743343,28.082943294705263,1.197449882252438
DoE1_R4,1.338838838838839,0.0010524987881609,28.109941253458672,1.2070828666899858
DoE1_R4,1.3513513513513515,0.0010530376407333,28.13692232710184,1.2167055065934056
DoE1_R4,1.363863863863864,0.0010535786192229,28.163886584027917,1.22631777175025
DoE1_R4,1.3763763763763766,0.0010541217108015,28.190834092630077,1.2359196319480714
DoE1_R4,1.388888888888889,0.0010546669026407,28.21776492130148,1.2455110569744214
DoE1_R4,1.4014014014014016,0.0010552141819123,28.244679138435284,1.2550920166168524
DoE1_R4,1.413913913913914,0.001055763535788,28.27157681242466,1.2646624806629163
DoE1_R4,1.4264264264264266,0.0010563149514394,28.298458011662763,1.2742224189001654
DoE1_R4,1.438938938938939,0.0010568684160382,28.32532280454276,1.283771801116152
DoE1_R4,1.4514514514514516,0.0010574239167561,28.352171259457812,1.2933105970984276
DoE1_R4,1.463963963963964,0.0010579814407647,28.37900344480109,1.3028387766345446
DoE1_R4,1.4764764764764766,0.0010585409752359,28.40581942896573,1.3123563095120554
DoE1_R4,1.4889889889889891,0.0010591025073411,28.43261928034493,1.3218631655185118
DoE1_R4,1.5015015015015016,0.0010596660242522,28.459403067331827,1.3313593144414655
DoE1_R4,1.514014014014014,0.0010602315131408,28.4861708583196,1.3408447260684695
DoE1_R4,1.5265265265265269,0.0010607989611787,28.512922721701397,1.3503193701870757
DoE1_R4,1.5390390390390392,0.0010613683555374,28.539658725870385,1.3597832165848356
DoE1_R4,1.5515515515515517,0.0010619396833886,28.56637893921973,1.3692362350493017
DoE1_R4,1.5640640640640642,0.0010625129319041,28.5930834301426,1.378678395368026
DoE1_R4,1.576576576576577,0.0010630880882556,28.619772267032143,1.388109667328561
DoE1_R4,1.5890890890890892,0.0010636651396147,28.64644551828153,1.397530020718458
DoE1_R4,1.6016016016016017,0.0010642440731531,28.67310325228393,1.4069394253252698
DoE1_R4,1.6141141141141142,0.0010648248760424,28.69974553743249,1.4163378509365483
DoE1_R4,1.6266266266266267,0.0010654075354545,28.726372442120397,1.4257252673398455
DoE1_R4,1.6391391391391392,0.0010659920181619,28.752983075774264,1.4350999922600862
DoE1_R4,1.6516516516516515,0.001066578303466,28.779577136793435,1.4444613580767611
DoE1_R4,1.6641641641641642,0.0010671664012996,28.806155763582243,1.4538111779425755
DoE1_R4,1.6766766766766767,0.0010677562986269,28.832719014788587,1.4631494048564142
DoE1_R4,1.6891891891891893,0.0010683479824124,28.859266949060387,1.4724759918171613
DoE1_R4,1.7017017017017018,0.0010689414396204,28.885799625045543,1.4817908918237022
DoE1_R4,1.7142142142142145,0.0010695366572154,28.912317101391967,1.491094057874921
DoE1_R4,1.7267267267267268,0.0010701336221618,28.938819436747565,1.5003854429697026
DoE1_R4,1.7392392392392393,0.0010707323214238,28.96530668976025,1.509665000106932
DoE1_R4,1.7517517517517518,0.001071332741966,28.991778919077927,1.5189326822854936
DoE1_R4,1.7642642642642643,0.0010719348707526,29.018236183348503,1.528188442504272
DoE1_R4,1.7767767767767768,0.0010725386947482,29.04467854121989,1.5374322337621522
DoE1_R4,1.789289289289289,0.001073144200917,29.071106051340003,1.5466640090580188
DoE1_R4,1.8018018018018016,0.0010737513762234,29.09751877235674,1.5558837213907566
DoE1_R4,1.8143143143143143,0.0010743602076319,29.12391676291801,1.56509132375925
DoE1_R4,1.8268268268268268,0.0010749706821068,29.150300081671727,1.574286769162384
DoE1_R4,1.8393393393393396,0.0010755827866125,29.1766687872658,1.5834700105990431
DoE1_R4,1.851851851851852,0.0010761965081134,29.203022938348127,1.592641001068112
DoE1_R4,1.8643643643643644,0.0010768118335738,29.229362593566627,1.6017996935684755
DoE1_R4,1.876876876876877,0.0010774287499582,29.255687811569207,1.6109460410990184
DoE1_R4,1.8893893893893896,0.001078047244231,29.28199865100377,1.6200799966586252
DoE1_R4,1.901901901901902,0.0010786673033565,29.30829517051824,1.6292015132461808
DoE1_R4,1.9144144144144144,0.0010792889142991,29.334577428760504,1.6383105438605696
DoE1_R4,1.9269269269269271,0.0010799120640232,29.360845484378487,1.6474070415006763
DoE1_R4,1.93943943943944,0.0010805367394931,29.387099396020087,1.656490959165386
DoE1_R4,1.951951951951952,0.0010811628559597,29.41333917150568,1.6655611987394434
DoE1_R4,1.9644644644644649,0.0010817903028453,29.439564800349597,1.674616283538867
DoE1_R4,1.9769769769769767,0.0010824191899572,29.46577642826553,1.6836579670838234
DoE1_R4,1.9894894894894897,0.0010830495013151,29.491974111814343,1.692686159212956
DoE1_R4,2.002002002002002,0.0010836812209388,29.51815790755689,1.7017007697649087
DoE1_R4,2.0145145145145147,0.001084314332848,29.54432787205403,1.7107017085783245
DoE1_R4,2.027027027027027,0.0010849488210623,29.57048406186662,1.7196888854918468
DoE1_R4,2.03953953953954,0.0010855846696016,29.59662653355551,1.7286622103441196
DoE1_R4,2.052052052052052,0.0010862218624856,29.62275534368157,1.7376215929737855
DoE1_R4,2.0645645645645647,0.0010868603837339,29.648870548805647,1.7465669432194888
DoE1_R4,2.077077077077077,0.0010875002173663,29.674972205488604,1.7554981709198725
DoE1_R4,2.0895895895895897,0.0010881413474024,29.70106037029129,1.76441518591358
DoE1_R4,2.1021021021021022,0.0010887837578622,29.727135099774586,1.7733178980392543
DoE1_R4,2.1146146146146148,0.0010894274327651,29.75319645049932,1.7822062171355402
DoE1_R4,2.1271271271271277,0.001090072356131,29.77924447902636,1.79108005304108
DoE1_R4,2.13963963963964,0.0010907175542048,29.80527927616409,1.799927788031807
DoE1_R4,2.1521521521521523,0.0010913635897643,29.831300877778485,1.808756297748376
DoE1_R4,2.164664664664665,0.001092010493694,29.857309338754643,1.817566056085303
DoE1_R4,2.1771771771771773,0.0010926582217954,29.88330471666244,1.8263566332511336
DoE1_R4,2.18968968968969,0.0010933067298697,29.90928706907173,1.835127599454413
DoE1_R4,2.2022022022022023,0.0010939559737184,29.93525645355241,1.843878524903685
DoE1_R4,2.214714714714715,0.0010946059091427,29.96121292767433,1.852608979807497
DoE1_R4,2.2272272272272278,0.001095256491944,29.987156549007388,1.861318534374392
DoE1_R4,2.23973973973974,0.0010959076779237,30.01308737512144,1.870006758812916
DoE1_R4,2.2522522522522523,0.0010965594345248,30.0390054753845,1.8786733836509977
DoE1_R4,2.264764764764765,0.0010972120394165,30.06491123355736,1.887322411550373
DoE1_R4,2.2772772772772774,0.0010978654988124,30.090804758299186,1.895954106947568
DoE1_R4,2.28978978978979,0.0011842805043599,30.1167315621902,1.904622561141854
DoE1_R4,2.3023023023023024,0.0011874143087658,30.14354778536653,1.913543932338384
DoE1_R4,2.314814814814815,0.0011880712487982,30.170320169965347,1.9224087381905848
DoE1_R4,2.3273273273273274,0.0011887215293558,30.197063140744454,1.931224603964497
DoE1_R4,2.33983983983984,0.0011893718099133,30.22380611152357,1.9400404697384088
DoE1_R4,2.3523523523523524,0.0011900220904709,30.25054908230268,1.9488563355123207
DoE1_R4,2.364864864864865,0.0011906723710285,30.277292053081787,1.9576722012862329
DoE1_R4,2.3773773773773774,0.0011913244553558,30.304022189559475,1.966480927301434
DoE1_R4,2.38988988988989,0.0011919844914501,30.33069574710217,1.975258178292737
DoE1_R4,2.4024024024024024,0.0011926445275443,30.357369304644862,1.98403542928404
DoE1_R4,2.414914914914915,0.0011933045636386,30.384042862187552,1.992812680275343
DoE1_R4,2.4274274274274275,0.0011939645997328,30.41071641973025,2.001589931266646
DoE1_R4,2.43993993993994,0.0011946246358271,30.43738997727294,2.010367182257949
DoE1_R4,2.4524524524524525,0.0011952997722253,30.46377491246965,2.018875916686642
DoE1_R4,2.464964964964965,0.0011959781110498,30.49009863752257,2.0273277049445584
DoE1_R4,2.477477477477477,0.0011966564498744,30.5164223625755,2.035779493202474
DoE1_R4,2.48998998998999,0.0011973347886989,30.542746087628423,2.0442312814603905
DoE1_R4,2.5025025025025025,0.0011980131275234,30.569069812681352,2.0526830697183063
DoE1_R4,2.515015015015015,0.0011986914663479,30.59539353773428,2.0611348579762225
DoE1_R4,2.5275275275275275,0.0011993698051724,30.621717262787204,2.0695866462341383
DoE1_R4,2.54004004004004,0.001200048143997,30.64804098784013,2.0780384344920546
DoE1_R4,2.5525525525525525,0.0012007264828215,30.674364712893052,2.0864902227499704
DoE1_R4,2.565065065065065,0.001201404821646,30.70068843794598,2.0949420110078867
DoE1_R4,2.5775775775775776,0.0012020831604705,30.727012162998907,2.1033937992658025
DoE1_R4,2.59009009009009,0.0012027614992951,30.75333588805184,2.1118455875237188
DoE1_R4,2.6026026026026026,0.0012034398381196,30.77965961310476,2.1202973757816346
DoE1_R4,2.615115115115115,0.0012041181769441,30.805983338157688,2.128749164039551
DoE1_R4,2.627627627627628,0.0012047965157686,30.832307063210614,2.137200952297466
DoE1_R4,2.64014014014014,0.0012054748545931,30.85863078826354,2.145652740555383
DoE1_R4,2.6526526526526526,0.0012061531934177,30.884954513316465,2.1541045288132987
DoE1_R4,2.665165165165165,0.0012068315322422,30.91127823836939,2.162556317071215
DoE1_R4,2.677677677677678,0.0012075098710667,30.93760196342232,2.1710081053291312
DoE1_R4,2.6901901901901906,0.0012081882098912,30.963925688475246,2.179459893587047
DoE1_R4,2.702702702702703,0.0012088665487157,30.99024941352817,2.1879116818449638
DoE1_R4,2.715215215215216,0.0012095448875403,31.016573138581094,2.196363470102879
DoE1_R4,2.727727727727728,0.0012102232263648,31.042896863634024,2.2048152583607954
DoE1_R4,2.7402402402402406,0.0012109015651893,31.06922058868695,2.213267046618711
DoE1_R4,2.752752752752753,0.0012115799040138,31.095544313739875,2.2217188348766275
DoE1_R4,2.7652652652652656,0.0012122582428384,31.1218680387928,2.2301706231345437
DoE1_R4,2.777777777777778,0.0012129365816629,31.148191763845727,2.2386224113924595
DoE1_R4,2.79029029029029,0.0012136149204874,31.174515488898653,2.247074199650376
DoE1_R4,2.802802802802803,0.0012142932593119,31.20083921395158,2.255525987908292
DoE1_R4,2.815315315315316,0.0012149715981364,31.227162939004508,2.2639777761662074
DoE1_R4,2.827827827827828,0.001215649936961,31.253486664057437,2.272429564424124
DoE1_R4,2.8403403403403407,0.0012163282757855,31.27981038911036,2.2808813526820395
DoE1_R4,2.852852852852853,0.00121700661461,31.306134114163285,2.289333140939956
DoE1_R4,2.8653653653653657,0.0012177040373682,31.332338803950687,2.297738762312399
DoE1_R4,2.877877877877878,0.0012184413259815,31.358294832076396,2.3060479422277123
DoE1_R4,2.8903903903903907,0.0012191786145948,31.3842508602021,2.314357122143025
DoE1_R4,2.902902902902903,0.0012199159032081,31.410206888327806,2.3226663020583387
DoE1_R4,2.915415415415416,0.0012206531918214,31.436162916453515,2.330975481973652
DoE1_R4,2.927927927927928,0.0012213904804347,31.46211894457922,2.339284661888965
DoE1_R4,2.9404404404404407,0.001222127769048,31.48807497270493,2.3475938418042785
DoE1_R4,2.952952952952953,0.0012228650576613,31.514031000830634,2.355903021719592
DoE1_R4,2.9654654654654657,0.0012236023462746,31.539987028956343,2.3642122016349054
DoE1_R4,2.9779779779779783,0.0012243396348879,31.56594305708205,2.3725213815502184
DoE1_R4,2.9904904904904908,0.0012250769235012,31.59189908520776,2.380830561465532
DoE1_R4,3.0030030030030037,0.0012258142121145,31.617855113333466,2.3891397413808453
DoE1_R4,3.015515515515516,0.0012265515007278,31.64381114145917,2.3974489212961583
DoE1_R4,3.0280280280280283,0.0012272887893411,31.66976716958488,2.405758101211472
DoE1_R4,3.040540540540541,0.0012280260779544,31.695723197710585,2.414067281126785
DoE1_R4,3.0530530530530533,0.0012287633665677,31.721679225836294,2.4223764610420986
DoE1_R4,3.065565565565566,0.001229500655181,31.747635253962,2.430685640957412
DoE1_R4,3.0780780780780783,0.0012302379437943,31.773591282087708,2.438994820872725
DoE1_R4,3.090590590590591,0.0012309752324076,31.799547310213413,2.4473040007880384
DoE1_R4,3.1031031031031038,0.0012317125210209,31.82550333833912,2.4556131807033514
DoE1_R4,3.115615615615616,0.0012324498096342,31.851459366464827,2.463922360618665
DoE1_R4,3.1281281281281283,0.0012331870982475,31.877415394590532,2.4722315405339783
DoE1_R4,3.140640640640641,0.0012339243868608,31.90337142271624,2.480540720449292
DoE1_R4,3.1531531531531534,0.0012346616754741,31.92932745084195,2.4888499003646047
DoE1_R4,3.165665665665666,0.0012353989640874,31.95528347896765,2.497159080279918
DoE1_R4,3.1781781781781784,0.0012361362527007,31.981239507093363,2.505468260195232
DoE1_R4,3.190690690690691,0.001236873541314,32.00719553521907,2.5137774401105446
DoE1_R4,3.2032032032032034,0.0012376108299273,32.033151563344774,2.522086620025858
DoE1_R4,3.215715715715716,0.0012383481185406,32.059107591470486,2.5303957999411715
DoE1_R4,3.2282282282282284,0.0012390854071539,32.08506361959619,2.5387049798564845
DoE1_R4,3.240740740740741,0.0012398226957672,32.111019647721896,2.547014159771798
DoE1_R4,3.253253253253253,0.0012405599843805,32.1369756758476,2.555323339687112
DoE1_R4,3.265765765765766,0.0012412972729938,32.162931703973314,2.5636325196024248
DoE1_R4,3.2782782782782784,0.0012420345616071,32.18888773209902,2.5719416995177378
DoE1_R4,3.290790790790791,0.0012427891618105,32.21456588847254,2.579919349865731
DoE1_R4,3.3033033033033035,0.0012435474996418,32.24018405144385,2.587825421917175
DoE1_R4,3.315815815815816,0.0012443058374731,32.265802214415146,2.5957314939686187
DoE1_R4,3.3283283283283285,0.0012450641753044,32.29142037738645,2.603637566020063
DoE1_R4,3.340840840840841,0.0012458225131357,32.31703854035776,2.6115436380715065
DoE1_R4,3.353353353353353,0.001246580850967,32.34265670332906,2.6194497101229506
DoE1_R4,3.365865865865866,0.0012473391887983,32.36827486630037,2.6273557821743942
DoE1_R4,3.3783783783783785,0.0012480975266296,32.393893029271666,2.6352618542258384
DoE1_R4,3.390890890890891,0.0012488558644608,32.41951119224297,2.6431679262772825
DoE1_R4,3.4034034034034035,0.0012496142022921,32.44512935521428,2.651073998328726
DoE1_R4,3.415915915915916,0.0012503725401234,32.47074751818558,2.6589800703801703
DoE1_R4,3.4284284284284285,0.0012511308779547,32.49636568115688,2.666886142431614
DoE1_R4,3.440940940940941,0.001251889215786,32.52198384412819,2.674792214483058
DoE1_R4,3.4534534534534536,0.0012526475536173,32.54760200709949,2.6826982865345017
DoE1_R4,3.465965965965966,0.0012534058914486,32.5732201700708,2.690604358585946
DoE1_R4,3.4784784784784786,0.0012541642292798,32.598838333042096,2.698510430637389
DoE1_R4,3.490990990990991,0.0012549225671111,32.6244564960134,2.7064165026888336
DoE1_R4,3.503503503503504,0.0012556809049424,32.65007465898471,2.7143225747402777
DoE1_R4,3.516016016016016,0.0012564392427737,32.67569282195601,2.7222286467917214
DoE1_R4,3.5285285285285286,0.001257197580605,32.70131098492731,2.730134718843165
DoE1_R4,3.541041041041041,0.0012579559184363,32.726929147898616,2.738040790894609
DoE1_R4,3.5535535535535536,0.0012587142562676,32.75254731086992,2.7459468629460533
DoE1_R4,3.566066066066066,0.0012594725940989,32.77816547384123,2.753852934997497
DoE1_R4,3.578578578578578,0.0012602309319301,32.803783636812526,2.761759007048941
DoE1_R4,3.591091091091091,0.0012609892697614,32.82940179978383,2.7696650791003847
DoE1_R4,3.603603603603604,0.0012617476075927,32.85501996275514,2.777571151151829
DoE1_R4,3.616116116116116,0.001262505945424,32.88063812572644,2.785477223203273
DoE1_R4,3.6286286286286287,0.0012632642832553,32.90625628869775,2.7933832952547166
DoE1_R4,3.641141141141141,0.0012640226210866,32.931874451669046,2.8012893673061607
DoE1_R4,3.6536536536536537,0.0012647809589179,32.95749261464035,2.8091954393576044
DoE1_R4,3.666166166166166,0.0012655392967492,32.98311077761166,2.8171015114090485
DoE1_R4,3.678678678678679,0.0012662976345804,33.00872894058296,2.825007583460492
DoE1_R4,3.691191191191191,0.0012670559724117,33.03434710355426,2.8329136555119363
DoE1_R4,3.703703703703704,0.0012678166393578,33.05994354619093,2.8407983375983656
DoE1_R4,3.716216216216216,0.0012685916531449,33.085406196281795,2.8485512621441416
DoE1_R4,3.7287287287287287,0.0012693676207478,33.110859951492216,2.856295427101963
DoE1_R4,3.7412412412412417,0.0012701445421664,33.136304811822185,2.8640308324718298
DoE1_R4,3.753753753753754,0.0012709224174008,33.1617407772717,2.871757478253741
DoE1_R4,3.7662662662662663,0.0012717012464509,33.18716784784077,2.879475364447698
DoE1_R4,3.778778778778779,0.0012724810293168,33.21258602352938,2.8871844910536995
DoE1_R4,3.791291291291292,0.0012732617659984,33.237995304337545,2.8948848580717463
DoE1_R4,3.803803803803804,0.0012740434564958,33.263395690265256,2.9025764655018382
DoE1_R4,3.8163163163163167,0.0012748261008089,33.28878718131252,2.910259313343975
DoE1_R4,3.828828828828829,0.0012756096989377,33.31416977747933,2.917933401598157
DoE1_R4,3.8413413413413418,0.0012763942508823,33.33954347876569,2.9255987302643844
DoE1_R4,3.8538538538538543,0.0012771797566427,33.3649082851716,2.9332552993426564
DoE1_R4,3.866366366366367,0.0012779662162187,33.39026419669705,2.940903108832974
DoE1_R4,3.8788788788788793,0.0012787536296106,33.41561121334206,2.948542158735336
DoE1_R4,3.891391391391392,0.0012795419968181,33.440949335106616,2.956172449049744
DoE1_R4,3.903903903903904,0.0012803313178414,33.46627856199072,2.963793979776196
DoE1_R4,3.916416416416417,0.0012811215926805,33.49159889399438,2.971406750914694
DoE1_R4,3.928928928928929,0.0012819128213353,33.51691033111758,2.9790107624652364
DoE1_R4,3.941441441441442,0.0012827050038059,33.54221287336033,2.9866060144278244
DoE1_R4,3.9539539539539534,0.0012834981400921,33.56750652072263,2.9941925068024573
DoE1_R4,3.966466466466467,0.0012842922301942,33.59279127320448,3.0017702395891352
DoE1_R4,3.9789789789789793,0.001285087274112,33.61806713080588,3.009339212787858
DoE1_R4,3.991491491491492,0.0012858832718455,33.643334093526825,3.016899426398626
DoE1_R4,4.004004004004004,0.0012866802233947,33.66859216136732,3.02445088042144
DoE1_R4,4.016516516516517,0.0012874781287598,33.69384133432737,3.0319935748562976
DoE1_R4,4.029029029029029,0.0012882769879405,33.71908161240696,3.039527509703201
DoE1_R4,4.041541541541542,0.001289076800937,33.7443129956061,3.047052684962149
DoE1_R4,4.054054054054054,0.0012898775677493,33.7695354839248,3.054569100633143
DoE1_R4,4.066566566566567,0.0012906792883772,33.79474907736304,3.062076756716181
DoE1_R4,4.079079079079079,0.001291481962821,33.81995377592083,3.069575653211265
DoE1_R4,4.091591591591592,0.0012922855910804,33.845149579598164,3.077065790118394
DoE1_R4,4.104104104104104,0.0012930901731557,33.870336488395054,3.084547167437568
DoE1_R4,4.116616616616617,0.0012938957090466,33.89551450231149,3.092019785168787
DoE1_R4,4.129129129129129,0.0012947075627848,33.92069827940739,3.0995052578954407
DoE1_R4,4.141641641641642,0.0012955280046507,33.94589402358111,3.107012733804892
DoE1_R4,4.1541541541541545,0.0012963514412093,33.971086449891686,3.1145196739231507
DoE1_R4,4.166666666666667,0.0012971778724605,33.99627555833912,3.122026078250217
DoE1_R4,4.17917917917918,0.0012980072984045,34.02146134892341,3.1295319467860905
DoE1_R4,4.191691691691692,0.0012988397190411,34.04664382164455,3.137037279530772
DoE1_R4,4.2042042042042045,0.0012996751343704,34.07182297650255,3.14454207648426
DoE1_R4,4.216716716716717,0.0013005135443924,34.09699881349741,3.152046337646557
DoE1_R4,4.2292292292292295,0.0013013549491071,34.12217133262912,3.1595500630176603
DoE1_R4,4.241741741741742,0.0013021993485145,34.14734053389769,3.167053252597572
DoE1_R4,4.254254254254255,0.0013030467426146,34.17250641730311,3.1745559063862907
DoE1_R4,4.266766766766767,0.0014337146073425,34.19777014604854,3.182088595990711
DoE1_R4,4.27927927927928,0.0014360722424702,34.22396848036414,3.1898314541790875
DoE1_R4,4.291791791791792,0.0014368862217381,34.25012988266926,3.197498537264776
DoE1_R4,4.3043043043043046,0.0014376985368846,34.276271749405936,3.2051219428538875
DoE1_R4,4.316816816816817,0.001438510852031,34.30241361614261,3.212745348442999
DoE1_R4,4.32932932932933,0.0014393231671775,34.328555482879274,3.22036875403211
DoE1_R4,4.341841841841842,0.001440135482324,34.35469734961595,3.227992159621222
DoE1_R4,4.354354354354355,0.0014409477974704,34.38083921635262,3.2356155652103333
DoE1_R4,4.366866866866867,0.0014417678681068,34.40693578916914,3.2432405075731534
DoE1_R4,4.37937937937938,0.0014425893158337,34.4330243194471,3.2508657228106057
DoE1_R4,4.391891891891892,0.0014434107635606,34.45911284972507,3.258490938048058
DoE1_R4,4.404404404404405,0.0014442322112875,34.48520138000303,3.26611615328551
DoE1_R4,4.416916916916917,0.0014450536590145,34.51128991028099,3.273741368522962
DoE1_R4,4.42942942942943,0.0014458743960609,34.537343411409395,3.281335064119172
DoE1_R4,4.441941941941942,0.00144668711833,34.56300186743071,3.288573293476365
DoE1_R4,4.454454454454455,0.001447499840599,34.58866032345202,3.295811522833558
DoE1_R4,4.466966966966967,0.0014483125628681,34.61431877947334,3.3030497521907507
DoE1_R4,4.47947947947948,0.0014491252851371,34.63997723549465,3.310287981547944
DoE1_R4,4.491991991991992,0.0014499380074062,34.66563569151596,3.317526210905137
DoE1_R4,4.504504504504505,0.0014507507296752,34.69129414753727,3.3247644402623298
DoE1_R4,4.517017017017017,0.0014515634519443,34.71695260355858,3.332002669619522
DoE1_R4,4.52952952952953,0.0014523761742133,34.74261105957989,3.3392408989767155
DoE1_R4,4.542042042042042,0.0014531888964824,34.768269515601204,3.346479128333909
DoE1_R4,4.554554554554555,0.0014540016187514,34.79392797162252,3.3537173576911017
DoE1_R4,4.567067067067067,0.0014548143410205,34.81958642764383,3.3609555870482946
DoE1_R4,4.57957957957958,0.0014556270632895,34.84524488366514,3.368193816405488
DoE1_R4,4.592092092092092,0.0014564397855586,34.87090333968645,3.3754320457626807
DoE1_R4,4.604604604604605,0.0014572525078276,34.89656179570776,3.3826702751198736
DoE1_R4,4.617117117117117,0.0014580652300967,34.92222025172908,3.3899085044770665
DoE1_R4,4.62962962962963,0.0014588779523657,34.94787870775039,3.39714673383426
DoE1_R4,4.642142142142142,0.0014596906746348,34.9735371637717,3.4043849631914527
DoE1_R4,4.654654654654655,0.0014605033969038,34.999195619793014,3.411623192548645
DoE1_R4,4.667167167167167,0.0014613161191729,35.024854075814325,3.4188614219058384
DoE1_R4,4.67967967967968,0.0014621288414419,35.05051253183564,3.426099651263032
DoE1_R4,4.692192192192192,0.001462941563711,35.07617098785695,3.4333378806202246
DoE1_R4,4.704704704704705,0.00146375428598,35.10182944387826,3.440576109977417
DoE1_R4,4.717217217217217,0.0014645670082491,35.12748789989957,3.4478143393346103
DoE1_R4,4.72972972972973,0.0014653797305181,35.15314635592088,3.455052568691804
DoE1_R4,4.742242242242242,0.0014661924527872,35.17880481194219,3.4622907980489965
DoE1_R4,4.754754754754755,0.0014670051750562,35.204463267963504,3.4695290274061894
DoE1_R4,4.767267267267267,0.0014678178973253,35.23012172398482,3.4767672567633823
DoE1_R4,4.77977977977978,0.0014686306195943,35.255780180006134,3.484005486120576
DoE1_R4,4.792292292292292,0.0014694433418634,35.281438636027445,3.4912437154777685
DoE1_R4,4.804804804804805,0.0014702560641324,35.30709709204876,3.4984819448349613
DoE1_R4,4.817317317317317,0.0014710687864015,35.33275554807007,3.505720174192154
DoE1_R4,4.82982982982983,0.0014718815086705,35.35841400409138,3.5129584035493475
DoE1_R4,4.842342342342342,0.0014726942309396,35.38407246011269,3.5201966329065404
DoE1_R4,4.854854854854855,0.0014735069532086,35.409730916134,3.5274348622637333
DoE1_R4,4.867367367367367,0.0014743196754777,35.43538937215531,3.5346730916209266
DoE1_R4,4.87987987987988,0.0014751323977467,35.461047828176625,3.5419113209781194
DoE1_R4,4.892392392392392,0.0014759451200158,35.486706284197936,3.5491495503353123
DoE1_R4,4.904904904904905,0.0014767578422848,35.512364740219255,3.556387779692505
DoE1_R4,4.9174174174174174,0.0014775705645539,35.538023196240566,3.563626009049698
DoE1_R4,4.92992992992993,0.0014783832868229,35.56368165226188,3.570864238406892
DoE1_R4,4.9424424424424425,0.001479196009092,35.58934010828319,3.578102467764084
DoE1_R4,4.954954954954955,0.001480008731361,35.6149985643045,3.585340697121277
DoE1_R4,4.967467467467468,0.0014808214536301,35.64065702032581,3.5925789264784704
DoE1_R4,4.97997997997998,0.0014816341758991,35.66631547634712,3.5998171558356638
DoE1_R4,4.9924924924924925,0.0014824468981682,35.691973932368434,3.607055385192856
DoE1_R4,5.005005005005005,0.0014832596204372,35.717632388389745,3.614293614550049
DoE1_R4,5.0175175175175175,0.0014840723427063,35.74329084441106,3.6215318439072415
DoE1_R4,5.03003003003003,0.0014848850649753,35.76894930043237,3.6287700732644352
DoE1_R4,5.042542542542543,0.0014856977872444,35.79460775645368,3.636008302621628
DoE1_R4,5.055055055055055,0.0014865105095134,35.820266212475,3.643246531978821
DoE1_R4,5.067567567567568,0.0014873232317825,35.84592466849631,3.6504847613360143
DoE1_R4,5.08008008008008,0.0014881359540515,35.87158312451762,3.657722990693207
DoE1_R4,5.092592592592593,0.0014889486763206,35.89724158053893,3.6649612200504
DoE1_R4,5.105105105105105,0.0014897613985896,35.92290003656024,3.672199449407593
DoE1_R4,5.117617617617618,0.0014905741208587,35.948558492581554,3.679437678764786
DoE1_R4,5.13013013013013,0.0014913868431277,35.974216948602866,3.686675908121979
DoE1_R4,5.142642642642643,0.0014921995653968,35.99987540462418,3.693914137479172
DoE1_R4,5.155155155155155,0.0014930162332296,36.02544210652432,3.701080067636924
DoE1_R4,5.167667667667668,0.00149383896207,36.05086785963351,3.7081349348296713
DoE1_R4,5.18018018018018,0.0014946620273491,36.07628578886001,3.715183637062776
DoE1_R4,5.192692692692693,0.0014954854290668,36.10169589420385,3.722226174336239
DoE1_R4,5.205205205205205,0.0014963091672231,36.127098175665004,3.729262546650059
DoE1_R4,5.217717717717718,0.0014971332418179,36.15249263324348,3.736292754004237
DoE1_R4,5.23023023023023,0.0014979576528514,36.177879266939286,3.743316796398772
DoE1_R4,5.242742742742743,0.0014987824003235,36.20325807675241,3.750334673833665
DoE1_R4,5.255255255255255,0.0014996074842341,36.22862906268286,3.757346386308915
DoE1_R4,5.267767767767768,0.0015004329045834,36.25399222473063,3.764351933824523
DoE1_R4,5.28028028028028,0.0015012586613712,36.27934756289573,3.7713513163804886
DoE1_R4,5.292792792792793,0.0015020847545976,36.30469507717815,3.778344533976812
DoE1_R4,5.305305305305305,0.0015029111842627,36.33003476757789,3.785331586613492
DoE1_R4,5.317817817817818,0.0015037379503663,36.35536663409496,3.7923124742905303
DoE1_R4,5.33033033033033,0.0015045650529085,36.38069067672935,3.7992871970079274
DoE1_R4,5.342842842842844,0.0015053924918893,36.40600689548107,3.80625575476568
DoE1_R4,5.355355355355356,0.0015062202673088,36.431315290350106,3.813218147563792
DoE1_R4,5.367867867867869,0.0015070483791668,36.45661586133647,3.82017437540226
DoE1_R4,5.380380380380381,0.0015078768274634,36.48190860844015,3.8271244382810874
DoE1_R4,5.392892892892894,0.0015087056121986,36.50719353166116,3.83406833620027
DoE1_R4,5.405405405405406,0.0015095347333724,36.53247063099949,3.8410060691598114
DoE1_R4,5.417917917917919,0.0015103641909848,36.55773990645515,3.847937637159711
DoE1_R4,5.430430430430431,0.0015111939850358,36.58300135802813,3.854863040199967
DoE1_R4,5.442942942942944,0.0015120241155253,36.608254985718425,3.861782278280581
DoE1_R4,5.455455455455456,0.0015128545824535,36.63350078952605,3.868695351401553
DoE1_R4,5.467967967967969,0.0015136853858203,36.658738769451006,3.875602259562882
DoE1_R4,5.480480480480481,0.0015145165256257,36.68396892549328,3.882503002764569
DoE1_R4,5.492992992992994,0.0015153480018696,36.70919125765287,3.889397581006613
DoE1_R4,5.505505505505506,0.0015161798145522,36.73440576592979,3.8962859942890153
DoE1_R4,5.518018018018019,0.0015170119636733,36.75961245032404,3.903168242611775
DoE1_R4,5.530530530530531,0.0015178444492331,36.7848113108356,3.910044325974892
DoE1_R4,5.543043043043044,0.0015186772712314,36.81000234746449,3.916914244378367
DoE1_R4,5.555555555555556,0.0015195104296684,36.835185560210704,3.923777997822199
DoE1_R4,5.568068068068069,0.0015203439245439,36.86036094907424,3.930635586306389
DoE1_R4,5.580580580580581,0.0015211777558581,36.8855285140551,3.937487009830936
DoE1_R4,5.593093093093094,0.0015220119236108,36.91068825515328,3.944332268395841
DoE1_R4,5.605605605605606,0.0015228464278021,36.93584017236879,3.951171362001104
DoE1_R4,5.618118118118119,0.001523681268432,36.960984265701626,3.958004290646724
DoE1_R4,5.630630630630631,0.0015245164455005,36.98612053515178,3.9648310543327017
DoE1_R4,5.643143143143144,0.0015253519590076,37.01124898071925,3.971651653059037
DoE1_R4,5.655655655655656,0.0015261878089534,37.03636960240406,3.97846608682573
DoE1_R4,5.668168168168169,0.0015270239953377,37.06148240020618,3.985274355632781
DoE1_R4,5.680680680680681,0.0015278605181606,37.08658737412563,3.992076459480189
DoE1_R4,5.693193193193194,0.001528697377422,37.1116845241624,3.9988723983679546
DoE1_R4,5.705705705705706,0.0015295345731221,37.136773850316494,4.005662172296078
DoE1_R4,5.718218218218219,0.0015303721052608,37.16185535258792,4.012445781264558
DoE1_R4,5.730730730730731,0.0015312099738381,37.18692903097666,4.019223225273397
DoE1_R4,5.743243243243244,0.001532048178854,37.21199488548272,4.025994504322593
DoE1_R4,5.755755755755756,0.0015328867203084,37.23705291610612,4.032759618412147
DoE1_R4,5.768268268268269,0.0015337255982015,37.26210312284682,4.039518567542058
DoE1_R4,5.780780780780781,0.0015345648125331,37.28714550570486,4.046271351712326
DoE1_R4,5.793293293293294,0.0015354043633034,37.31218006468022,4.053017970922952
DoE1_R4,5.805805805805806,0.0015362442505123,37.33720679977291,4.0597584251739365
DoE1_R4,5.818318318318319,0.0015370844741597,37.36222571098291,4.066492714465278
DoE1_R4,5.830830830830831,0.0015379250342457,37.38723679831024,4.073220838796977
DoE1_R4,5.843343343343344,0.0015387659307704,37.41224006175489,4.079942798169034
DoE1_R4,5.855855855855856,0.0015396071637336,37.43723550131687,4.086658592581448
DoE1_R4,5.868368368368369,0.0015404487331354,37.46222311699617,4.093368222034219
DoE1_R4,5.8808808808808815,0.0015412942385169,37.48723536965717,4.100106916594488
DoE1_R4,5.893393393393394,0.0015421417719379,37.51225505338906,4.106856002532981
DoE1_R4,5.9059059059059065,0.0015429900293543,37.53727040824724,4.113602716676395
DoE1_R4,5.918418418418419,0.0015438390107661,37.5622814342317,4.120347059024728
DoE1_R4,5.930930930930932,0.0015446887161733,37.58728813134245,4.127089029577981
DoE1_R4,5.943443443443444,0.0015455391455758,37.61229049957949,4.133828628336153
DoE1_R4,5.9559559559559565,0.0015463902989737,37.63728853894281,4.140565855299245
DoE1_R4,5.968468468468469,0.001547242176367,37.662282249432415,4.147300710467256
DoE1_R4,5.9809809809809815,0.0015480947777557,37.68727163104831,4.154033193840188
DoE1_R4,5.993493493493494,0.0015489481031398,37.71225668379049,4.160763305418038
DoE1_R4,6.006006006006007,0.0015498021525192,37.73723740765897,4.1674910452008085
DoE1_R4,6.018518518518519,0.001550656925894,37.76221380265372,4.174216413188498
DoE1_R4,6.031031031031032,0.0015515124232642,37.78718586877476,4.180939409381108
DoE1_R4,6.043543543543544,0.0015523686446297,37.81215360602209,4.187660033778637
DoE1_R4,6.056056056056057,0.0015532255899906,37.8371170143957,4.1943782863810855
DoE1_R4,6.068568568568569,0.0015540832593469,37.86207609389561,4.201094167188454
DoE1_R4,6.081081081081082,0.0015549416526986,37.8870308445218,4.2078076762007415
DoE1_R4,6.093593593593594,0.0015558007700457,37.91198126627427,4.214518813417949
DoE1_R4,6.106106106106107,0.0015566606113881,37.93692735915303,4.221227578840076
DoE1_R4,6.118618618618619,0.0015575211767259,37.96186912315808,4.227933972467123
DoE1_R4,6.131131131131132,0.0015583824660591,37.98680655828941,4.2346379942990895
DoE1_R4,6.143643643643644,0.0015592444793877,38.01173966454704,4.241339644335975
DoE1_R4,6.156156156156157,0.0015601072167116,38.03666844193094,4.248038922577781
DoE1_R4,6.168668668668669,0.0015609706780309,38.06159289044113,4.254735829024505
DoE1_R4,6.181181181181182,0.0015618348633456,38.08651301007762,4.26143036367615
DoE1_R4,6.193693693693694,0.001562700920205,38.11142857822776,4.268131845213744
DoE1_R4,6.206206206206207,0.0015635683210792,38.1363396972269,4.2748359898266495
DoE1_R4,6.218718718718719,0.0015644369304209,38.16124639336976,4.281541696803754
DoE1_R4,6.231231231231232,0.0015653067482302,38.18614866665634,4.288248966145055
DoE1_R4,6.243743743743744,0.0015661768004695,38.21104473952473,4.294950642239485
DoE1_R4,6.256256256256257,0.0015670452078404,38.23593118236466,4.301632919122455
DoE1_R4,6.268768768768769,0.0015679135884662,38.26081094815723,4.308307684078378
DoE1_R4,6.281281281281282,0.0015687819423471,38.28568403690244,4.314974937107253
DoE1_R4,6.293793793793794,0.001569650269483,38.310550448600296,4.321634678209081
DoE1_R4,6.306306306306307,0.0015705172924786,38.33540881490538,4.32827901825423
DoE1_R4,6.318818818818819,0.0017412902541435,38.360498149915166,4.33493701589322
DoE1_R4,6.331331331331332,0.0017420560949505,38.38631293189143,4.341715825564552
DoE1_R4,6.343843843843844,0.0017429099276638,38.41211812681068,4.348482981566458
DoE1_R4,6.356356356356357,0.0017437341431607,38.43788520206264,4.355206469838381
DoE1_R4,6.368868868868869,0.0017445480519587,38.46360524955609,4.361881126781653
DoE1_R4,6.381381381381382,0.0017453619607568,38.48932529704954,4.368555783724927
DoE1_R4,6.393893893893894,0.0017461758695548,38.51504534454299,4.3752304406682
DoE1_R4,6.406406406406407,0.0017469897783529,38.54076539203644,4.381905097611472
DoE1_R4,6.418918918918919,0.0017478036871509,38.566485439529885,4.388579754554746
DoE1_R4,6.431431431431432,0.001748617595949,38.592205487023335,4.395254411498018
DoE1_R4,6.443943943943944,0.001749431504747,38.61792553451679,4.401929068441292
DoE1_R4,6.456456456456457,0.0017502454135451,38.64364558201024,4.408603725384565
DoE1_R4,6.468968968968969,0.0017510593223431,38.66936562950369,4.415278382327838
DoE1_R4,6.481481481481482,0.0017518732311412,38.69508567699714,4.421953039271111
DoE1_R4,6.493993993993994,0.0017526840458957,38.72075704935341,4.428583573797267
DoE1_R4,6.506506506506507,0.0017534943169531,38.746419868327806,4.435206354962995
DoE1_R4,6.519019019019019,0.0017543040454901,38.7720741524341,4.441821399550412
DoE1_R4,6.531531531531532,0.0017551132315067,38.79771990167229,4.44842870755952
DoE1_R4,6.544044044044044,0.001755921875003,38.82335711604237,4.4550282789903175
DoE1_R4,6.556556556556557,0.0017567299759789,38.84898579554435,4.461620113842804
DoE1_R4,6.569069069069069,0.0017575375344345,38.87460594017822,4.46820421211698
DoE1_R4,6.581581581581582,0.0017583445503696,38.90021754994399,4.474780573812847
DoE1_R4,6.594094094094094,0.0017591510237845,38.92582062484165,4.481349198930403
DoE1_R4,6.606606606606607,0.0017599569546789,38.9514151648712,4.487910087469649
DoE1_R4,6.619119119119119,0.0017607621648121,38.97700815582208,4.4944726035161136
DoE1_R4,6.631631631631632,0.0017615666988464,39.00259784724708,4.501034400686836
DoE1_R4,6.644144144144144,0.0017623706792711,39.0281794384214,4.507589043861189
DoE1_R4,6.656656656656657,0.0017631741060863,39.05375292934504,4.514136533039169
DoE1_R4,6.6691691691691695,0.001763976979292,39.079318320018,4.520676868220779
DoE1_R4,6.681681681681682,0.0017647792988881,39.10487561044028,4.527210049406016
DoE1_R4,6.6941941941941945,0.0017655810648747,39.13042480061189,4.533736076594883
DoE1_R4,6.706706706706707,0.0017663822772518,39.155965890532805,4.540254949787378
DoE1_R4,6.71921921921922,0.0017671829360193,39.18149888020305,4.546766668983501
DoE1_R4,6.731731731731732,0.0017679830411773,39.20702376962261,4.553271234183254
DoE1_R4,6.7442442442442445,0.0017687825927258,39.23254055879149,4.559768645386635
DoE1_R4,6.756756756756757,0.0017695815906647,39.2580492477097,4.566258902593645
DoE1_R4,6.7692692692692695,0.0017703800349941,39.28354983637722,4.572742005804283
DoE1_R4,6.781781781781782,0.001771177925714,39.30904232479406,4.579217955018549
DoE1_R4,6.794294294294295,0.0017719752628244,39.33452671296023,4.585686750236445
DoE1_R4,6.806806806806807,0.0017727720463252,39.360003000875714,4.592148391457969
DoE1_R4,6.81931931931932,0.0017735682762165,39.38547118854052,4.5986028786831215
DoE1_R4,6.831831831831832,0.0017743639524982,39.41093127595465,4.605050211911904
DoE1_R4,6.844344344344345,0.0017751590751705,39.436383263118095,4.611490391144313
DoE1_R4,6.856856856856857,0.0017759536442332,39.461827150030864,4.617923416380352
DoE1_R4,6.86936936936937,0.0017767476596863,39.48726293669295,4.624349287620019
DoE1_R4,6.881881881881882,0.00177754112153,39.51269062310436,4.630768004863315
DoE1_R4,6.894394394394395,0.0017783340297641,39.538110209265085,4.63717956811024
DoE1_R4,6.906906906906907,0.0017791263843887,39.56352169517513,4.643583977360793
DoE1_R4,6.91941941941942,0.0017799181854037,39.58892508083451,4.649981232614974
DoE1_R4,6.931931931931932,0.0017807094328092,39.6143203662432,4.656371333872785
DoE1_R4,6.944444444444445,0.0017815001266052,39.63970755140121,4.662754281134223
DoE1_R4,6.956956956956957,0.0017822902667916,39.66508663630854,4.669130074399291
DoE1_R4,6.96946946946947,0.0017830798533686,39.690457620965184,4.675498713667987
DoE1_R4,6.981981981981982,0.0017838688863359,39.71582050537116,4.681860198940313
DoE1_R4,6.994494494494495,0.0017846573656938,39.74117528952645,4.688214530216266
DoE1_R4,7.007007007007007,0.0017854452914421,39.76652197343106,4.694561707495848
DoE1_R4,7.01951951951952,0.0017862326635809,39.791860557085,4.700901730779059
DoE1_R4,7.032032032032032,0.0017870194821102,39.81719104048825,4.707234600065898
DoE1_R4,7.044544544544545,0.0017878057470299,39.84251342364082,4.713560315356366
DoE1_R4,7.057057057057057,0.0017885914583401,39.86782770654271,4.719878876650462
DoE1_R4,7.06956956956957,0.0017893766160408,39.893133889193926,4.726190283948188
DoE1_R4,7.082082082082082,0.0017901612201319,39.91843197159447,4.732494537249542
DoE1_R4,7.094594594594595,0.0017909452706135,39.94372195374432,4.738791636554524
DoE1_R4,7.107107107107107,0.0017917287674856,39.96900383564349,4.745081581863135
DoE1_R4,7.11961961961962,0.0017925117107482,39.99427761729199,4.751364373175375
DoE1_R4,7.132132132132132,0.0017932941004012,40.01954329868981,4.757640010491243
DoE1_R4,7.144644644644645,0.0017940759364447,40.04480087983694,4.7639084938107406
DoE1_R4,7.157157157157157,0.0017948572188786,40.07005036073341,4.770169823133866
DoE1_R4,7.16966966966967,0.001795637947703,40.09529174137918,4.77642399846062
DoE1_R4,7.182182182182182,0.0017964181229179,40.12052502177428,4.782671019791003
DoE1_R4,7.194694694694695,0.0017971977445233,40.145750201918695,4.788910887125015
DoE1_R4,7.207207207207207,0.0017979768125191,40.17096728181243,4.795143600462654
DoE1_R4,7.21971971971972,0.0017987553269054,40.19617626145549,4.801369159803923
DoE1_R4,7.232232232232232,0.0017995332876822,40.22137714084787,4.807587565148821
DoE1_R4,7.244744744744745,0.0018003106948494,40.246569919989575,4.813798816497346
DoE1_R4,7.257257257257257,0.0018010875484071,40.27175459888059,4.8200029138495015
DoE1_R4,7.26976976976977,0.0018018638483553,40.29693117752093,4.826199857205284
DoE1_R4,7.282282282282282,0.001802639594694,40.3220996559106,4.832389646564696
DoE1_R4,7.294794794794795,0.001803410770428,40.347262994762445,4.838581019727091
DoE1_R4,7.307307307307307,0.001804177560832,40.37242105752051,4.844773573681847
DoE1_R4,7.31981981981982,0.0018049435178864,40.397571226209415,4.85095958213312
DoE1_R4,7.332332332332332,0.0018057086415911,40.42271350082916,4.857139045080912
DoE1_R4,7.344844844844845,0.0018064729319462,40.44784788137974,4.86331196252522
DoE1_R4,7.357357357357357,0.0018072363889516,40.47297436786116,4.869478334466046
DoE1_R4,7.36986986986987,0.0018079990126075,40.49809296027341,4.875638160903389
DoE1_R4,7.382382382382382,0.0018087608029136,40.5232036586165,4.881791441837249
DoE1_R4,7.394894894894895,0.0018095217598702,40.54830646289043,4.887938177267627
DoE1_R4,7.407407407407407,0.0018102818834771,40.5734013730952,4.894078367194523
DoE1_R4,7.41991991991992,0.0018110411737343,40.5984883892308,4.900212011617937
DoE1_R4,7.432432432432432,0.0018117996306419,40.62356751129724,4.906339110537867
DoE1_R4,7.444944944944945,0.0018125572541999,40.64863873929452,4.912459663954315
DoE1_R4,7.4574574574574575,0.0018133140444083,40.67370207322264,4.91857367186728
DoE1_R4,7.46996996996997,0.001814070001267,40.6987575130816,4.924681134276763
DoE1_R4,7.482482482482483,0.0018148251247761,40.723805058871385,4.930782051182764
DoE1_R4,7.494994994994996,0.0018155794149355,40.74884471059202,4.936876422585281
DoE1_R4,7.507507507507508,0.0018163328717453,40.773876468243486,4.942964248484317
DoE1_R4,7.520020020020021,0.0018170854952054,40.79890033182579,4.949045528879869
DoE1_R4,7.532532532532533,0.001817837285316,40.82391630133893,4.9551202637719385
DoE1_R4,7.545045045045046,0.0018185882420768,40.84892437678291,4.961188453160526
DoE1_R4,7.557557557557558,0.0018193383654881,40.87392455815773,4.967250097045631
DoE1_R4,7.570070070070071,0.0018200876555497,40.89891684546339,4.973305195427254
DoE1_R4,7.582582582582583,0.0018208361122617,40.92390123869989,4.979353748305393
DoE1_R4,7.595095095095096,0.001821583735624,40.948877737867214,4.9853957556800506
DoE1_R4,7.607607607607608,0.0018223305256367,40.97384634296538,4.991431217551225
DoE1_R4,7.620120120120121,0.0018230764822997,40.99880705399438,4.997460133918917
DoE1_R4,7.6326326326326335,0.0018238216056131,41.02375987095423,5.003482504783126
DoE1_R4,7.645145145145146,0.0018245658955769,41.04870479384491,5.009498330143853
DoE1_R4,7.657657657657658,0.0018253093521911,41.07364182266643,5.015507610001098
DoE1_R4,7.670170170170171,0.0018260519754556,41.09857095741879,5.021510344354859
DoE1_R4,7.6826826826826835,0.0018267937653704,41.12349219810198,5.027506533205139
DoE1_R4,7.695195195195196,0.0018275347219357,41.14840554471601,5.033496176551935
DoE1_R4,7.7077077077077085,0.0018282748451512,41.17331099726088,5.03947927439525
DoE1_R4,7.720220220220221,0.0018290141350172,41.198208555736585,5.045455826735082
DoE1_R4,7.732732732732733,0.0018297525915335,41.22309822014313,5.051425833571431
DoE1_R4,7.745245245245246,0.0018304902147002,41.24797999048052,5.057389294904297
DoE1_R4,7.7577577577577586,0.0018312270045172,41.27285386674873,5.06334621073368
DoE1_R4,7.770270270270271,0.0018319629609846,41.29771984894779,5.069296581059582
DoE1_R4,7.782782782782784,0.0018326980841024,41.32257793707768,5.075240405882001
DoE1_R4,7.795295295295296,0.0018334323738705,41.347428131138415,5.081177685200937
DoE1_R4,7.807807807807809,0.001834165830289,41.37227043112999,5.08710841901639
DoE1_R4,7.820320320320321,0.0018348984533578,41.3971048370524,5.093032607328362
DoE1_R4,7.832832832832834,0.001835630243077,41.42193134890564,5.09895025013685
DoE1_R4,7.845345345345346,0.0018363611994466,41.44674996668972,5.104861347441856
DoE1_R4,7.857857857857859,0.0018370913224666,41.47156069040464,5.11076589924338
DoE1_R4,7.870370370370371,0.0018378206121368,41.4963635200504,5.1166639055414205
DoE1_R4,7.882882882882884,0.0018385490684575,41.521158455627,5.122555366335979
DoE1_R4,7.895395395395396,0.0018392766914285,41.54594549713443,5.128440281627055
DoE1_R4,7.907907907907909,0.0018400034810499,41.5707246445727,5.134318651414648
DoE1_R4,7.920420420420421,0.0018407294373216,41.59549589794181,5.140190475698758
DoE1_R4,7.932932932932934,0.0018414545602438,41.62025925724176,5.146055754479386
DoE1_R4,7.945445445445446,0.0018421788498162,41.64501472247254,5.151914487756532
DoE1_R4,7.957957957957959,0.0018429023060391,41.66976229363416,5.157766675530194
DoE1_R4,7.970470470470471,0.0018436233946979,41.69450314252365,5.163615229617779
DoE1_R4,7.982982982982984,0.0018443416430077,41.71923763024324,5.169461047328068
DoE1_R4,7.995495495495496,0.0018450587373654,41.743964468762265,5.175300928012808
DoE1_R4,8.008008008008009,0.0018457746777711,41.768683658080725,5.181134871671998
DoE1_R4,8.02052052052052,0.0018464894642249,41.79339519819861,5.186962878305638
DoE1_R4,8.033033033033034,0.0018472030967266,41.81809908911594,5.192784947913729
DoE1_R4,8.045545545545545,0.0018479155752763,41.842795330832686,5.19860108049627
DoE1_R4,8.058058058058059,0.001848626899874,41.86748392334888,5.204411276053262
DoE1_R4,8.07057057057057,0.0018493370705197,41.892164866664494,5.210215534584704
DoE1_R4,8.083083083083084,0.0018500460872133,41.91683816077955,5.216013856090597
DoE1_R4,8.095595595595595,0.001850753949955,41.94150380569403,5.22180624057094
DoE1_R4,8.108108108108109,0.0018514606587447,41.96616180140795,5.227592688025734
DoE1_R4,8.12062062062062,0.0018521662135823,41.9908121479213,5.233373198454977
DoE1_R4,8.133133133133134,0.0018528706144679,42.01545484523408,5.239147771858671
DoE1_R4,8.145645645645645,0.0018535738614016,42.04008989334629,5.244916408236816
DoE1_R4,8.158158158158159,0.0018542759543832,42.06471729225793,5.250679107589411
DoE1_R4,8.17067067067067,0.0018549768934128,42.08933704196901,5.256435869916456
DoE1_R4,8.183183183183184,0.0018556766784904,42.11394914247952,5.262186695217952
DoE1_R4,8.195695695695695,0.001856375309616,42.13855359378946,5.267931583493898
DoE1_R4,8.208208208208209,0.0018570727867896,42.16315039589883,5.273670534744294
DoE1_R4,8.22072072072072,0.0018577686056399,42.18773977324052,5.279407130244143
DoE1_R4,8.233233233233234,0.0018584618188481,42.21232214734824,5.285148096406226
DoE1_R4,8.245745745745745,0.0018591534471819,42.23689706400533,5.290886185296223
DoE1_R4,8.258258258258259,0.0018598434906413,42.26146452321181,5.296621396914139
DoE1_R4,8.27077077077077,0.0018605319492262,42.28602452496766,5.30235373125997
DoE1_R4,8.283283283283284,0.0018612188229368,42.31057706927288,5.308083188333719
DoE1_R4,8.295795795795796,0.0018619041117728,42.33512215612748,5.313809768135385
DoE1_R4,8.308308308308309,0.0018625878157345,42.359659785531456,5.319533470664967
DoE1_R4,8.32082082082082,0.0018632707562799,42.3841896594744,5.32525114357122
DoE1_R4,8.333333333333334,0.0018639525058369,42.40871193307186,5.33096442766522
DoE1_R4,8.345845845845846,0.0018646329105769,42.43322666213014,5.33667391326509
DoE1_R4,8.358358358358359,0.0018653119704999,42.45773384664923,5.342379600370832
DoE1_R4,8.37087087087087,0.0018659896856059,42.48223348662911,5.348081488982444
DoE1_R4,8.383383383383384,0.0018666660558949,42.506725582069805,5.353779579099928
DoE1_R4,8.395895895895896,0.0018673410813669,42.531210132971296,5.359473870723282
DoE1_R4,8.408408408408409,0.0020865985505796,42.55575516176317,5.365176144579032
DoE1_R4,8.42092092092092,0.0020959685960626,42.58118067489158,5.371014915508889
DoE1_R4,8.433433433433434,0.0020966448546462,42.606598070029605,5.376846604106272
DoE1_R4,8.445945945945946,0.0020972027268346,42.631979480849175,5.382649691589169
DoE1_R4,8.458458458458459,0.0020977400666633,42.65732437321326,5.3884232817001285
DoE1_R4,8.47097097097097,0.0020982774064919,42.68266926557735,5.394196871811088
DoE1_R4,8.483483483483484,0.0020988147463205,42.70801415794143,5.399970461922048
DoE1_R4,8.495995995995996,0.0020993520861492,42.73335905030552,5.405744052033007
DoE1_R4,8.508508508508509,0.0020998894259778,42.7587039426696,5.411517642143966
DoE1_R4,8.52102102102102,0.0021004267658064,42.78404883503369,5.417291232254925
DoE1_R4,8.533533533533534,0.0021009641056351,42.80939372739777,5.423064822365885
DoE1_R4,8.546046046046047,0.0021015014454637,42.83473861976186,5.4288384124768445
DoE1_R4,8.558558558558559,0.0021020275116349,42.8600218180418,5.434572551318649
DoE1_R4,8.571071071071072,0.0021025510017549,42.88529091911105,5.440297675473531
DoE1_R4,8.583583583583584,0.0021030744918749,42.91056002018029,5.446022799628412
DoE1_R4,8.596096096096097,0.0021035979819949,42.93582912124954,5.451747923783293
DoE1_R4,8.608608608608609,0.0021041214721148,42.96109822231878,5.457473047938174
DoE1_R4,8.621121121121122,0.0021046449622348,42.98636732338803,5.463198172093056
DoE1_R4,8.633633633633634,0.0021051684523548,43.01163642445727,5.468923296247937
DoE1_R4,8.646146146146148,0.0021056919424748,43.03690552552652,5.474648420402818
DoE1_R4,8.65865865865866,0.002106196116335,43.06210245799439,5.480319837464374
DoE1_R4,8.671171171171173,0.0021066067641029,43.08694996218982,5.485731213781383
DoE1_R4,8.683683683683684,0.0021070174118708,43.111797466385255,5.491142590098391
DoE1_R4,8.696196196196198,0.0021074280596387,43.13664497058069,5.496553966415399
DoE1_R4,8.70870870870871,0.0021078387074066,43.161492474776125,5.501965342732406
DoE1_R4,8.721221221221223,0.0021082493551745,43.18633997897156,5.507376719049415
DoE1_R4,8.733733733733734,0.0021086600029424,43.21118748316699,5.512788095366423
DoE1_R4,8.746246246246248,0.0021090706507103,43.23603498736243,5.518199471683431
DoE1_R4,8.75875875875876,0.0021094812984782,43.26088249155786,5.5236108480004384
DoE1_R4,8.771271271271273,0.0021098919462461,43.2857299957533,5.529022224317447
DoE1_R4,8.783783783783784,0.002110302594014,43.31057749994873,5.534433600634454
DoE1_R4,8.796296296296298,0.0021107132417819,43.33542500414416,5.539844976951462
DoE1_R4,8.80880880880881,0.0021111238895499,43.3602725083396,5.545256353268471
DoE1_R4,8.821321321321323,0.0021115345373178,43.38512001253503,5.550667729585479
DoE1_R4,8.833833833833834,0.0021119451850857,43.40996751673047,5.556079105902486
DoE1_R4,8.846346346346348,0.0021123558328536,43.4348150209259,5.561490482219495
DoE1_R4,8.85885885885886,0.0021127664806215,43.45966252512134,5.566901858536502
DoE1_R4,8.871371371371373,0.0021131771283894,43.48451002931677,5.572313234853511
DoE1_R4,8.883883883883884,0.0021135877761573,43.50935753351221,5.577724611170519
DoE1_R4,8.896396396396398,0.0021139984239252,43.53420503770764,5.583135987487527
DoE1_R4,8.90890890890891,0.0021144090716931,43.55905254190308,5.588547363804534
DoE1_R4,8.921421421421423,0.002114819719461,43.58390004609851,5.593958740121543
DoE1_R4,8.933933933933934,0.0021152303672289,43.60874755029395,5.599370116438551
DoE1_R4,8.946446446446448,0.0021156410149968,43.63359505448938,5.604781492755559
DoE1_R4,8.95895895895896,0.0021160516627647,43.65844255868482,5.610192869072566
DoE1_R4,8.971471471471473,0.0021164623105326,43.68329006288025,5.615604245389575
DoE1_R4,8.983983983983984,0.0021168729583005,43.70813756707568,5.621015621706582
DoE1_R4,8.996496496496498,0.0021172836060685,43.73298507127112,5.626426998023591
DoE1_R4,9.00900900900901,0.0021176942538364,43.75783257546655,5.631838374340599
DoE1_R4,9.021521521521525,0.0021181049016043,43.78268007966199,5.637249750657607
DoE1_R4,9.034034034034034,0.0021185155493722,43.80752758385742,5.642661126974614
DoE1_R4,9.046546546546548,0.0021189261971401,43.832375088052856,5.648072503291623
DoE1_R4,9.05905905905906,0.002119336844908,43.85722259224829,5.653483879608631
DoE1_R4,9.071571571571573,0.0021197474926759,43.88207009644373,5.658895255925639
DoE1_R4,9.084084084084084,0.0021201581404438,43.90691760063916,5.664306632242647
DoE1_R4,9.096596596596598,0.0021205687882117,43.9317651048346,5.669718008559655
DoE1_R4,9.10910910910911,0.0021209794359796,43.95661260903003,5.675129384876662
DoE1_R4,9.121621621621625,0.0021213900837475,43.98146011322547,5.680540761193671
DoE1_R4,9.134134134134134,0.0021218007315154,44.0063076174209,5.685952137510679
DoE1_R4,9.146646646646648,0.0021222113792833,44.03115512161634,5.691363513827687
DoE1_R4,9.15915915915916,0.0021226220270512,44.05600262581177,5.696774890144694
DoE1_R4,9.171671671671673,0.0021230326748191,44.08085013000721,5.702186266461703
DoE1_R4,9.184184184184184,0.0021234433225871,44.10569763420264,5.70759764277871
DoE1_R4,9.196696696696698,0.002123853970355,44.13054513839808,5.713009019095719
DoE1_R4,9.20920920920921,0.0021242646181229,44.15539264259351,5.718420395412727
DoE1_R4,9.221721721721725,0.0021246752658908,44.18024014678895,5.723831771729735
DoE1_R4,9.234234234234236,0.0021250859136587,44.205087650984375,5.729243148046742
DoE1_R4,9.246746746746748,0.0021254965614266,44.22993515517982,5.734654524363751
DoE1_R4,9.25925925925926,0.0021259072091945,44.254782659375245,5.740065900680759
DoE1_R4,9.271771771771771,0.0021263178569624,44.27963016357069,5.745477276997767
DoE1_R4,9.284284284284285,0.0021267285047303,44.30447766776612,5.750888653314775
DoE1_R4,9.296796796796798,0.0021271391524982,44.32932517196155,5.756300029631783
DoE1_R4,9.30930930930931,0.0021275498002661,44.354172676156985,5.76171140594879
DoE1_R4,9.321821821821825,0.002127960448034,44.37902018035242,5.767122782265798
DoE1_R4,9.334334334334336,0.0021283710958019,44.403867684547855,5.772534158582807
DoE1_R4,9.346846846846848,0.0021287817435698,44.42871518874329,5.777945534899815
DoE1_R4,9.35935935935936,0.0021291923913378,44.453562692938725,5.783356911216822
DoE1_R4,9.371871871871871,0.0021296022483553,44.47840693183633,5.788766060764407
DoE1_R4,9.384384384384385,0.0021299554478705,44.503017211156816,5.794015661609208
DoE1_R4,9.396896896896898,0.0021303066727163,44.52761933634449,5.7992597017442105
DoE1_R4,9.40940940940941,0.0021306559228928,44.55221330739935,5.804498181169411
DoE1_R4,9.421921921921925,0.0021310031984,44.57679912432139,5.809731099884813
DoE1_R4,9.434434434434436,0.0021313484992378,44.60137678711061,5.8149584578904125
DoE1_R4,9.446946946946948,0.0021316918254064,44.625946295767015,5.820180255186212
DoE1_R4,9.45945945945946,0.0021320331769056,44.6505076502906,5.825396491772212
DoE1_R4,9.471971971971971,0.0021323725537355,44.67506085068137,5.830607167648411
DoE1_R4,9.484484484484485,0.0021327099558961,44.69960589693932,5.83581228281481
DoE1_R4,9.496996996996998,0.0021330453833873,44.72414278906445,5.841011837271409
DoE1_R4,9.50950950950951,0.0021333788362092,44.74867152705677,5.846205831018206
DoE1_R4,9.522022022022025,0.0021337103143618,44.77319211091626,5.851394264055204
DoE1_R4,9.534534534534536,0.0021340398178451,44.79770454064294,5.8565771363824
DoE1_R4,9.547047047047048,0.0021343673466591,44.8222088162368,5.861754447999798
DoE1_R4,9.55955955955956,0.0021346929008037,44.84670493769785,5.866926198907394
DoE1_R4,9.572072072072071,0.002135016480279,44.87119290502608,5.87209238910519
DoE1_R4,9.584584584584585,0.002135338085085,44.89567271822148,5.877253018593185
DoE1_R4,9.597097097097098,0.0021356577152217,44.92014437728408,5.88240808737138
DoE1_R4,9.60960960960961,0.002135975370689,44.94460788221385,5.887557595439775
DoE1_R4,9.622122122122123,0.002136291051487,44.96906323301081,5.8927015427983696
DoE1_R4,9.634634634634637,0.0021366047576157,44.99351042967495,5.897839929447163
DoE1_R4,9.647147147147148,0.0021369164890751,45.01794947220627,5.902972755386157
DoE1_R4,9.65965965965966,0.0021372262458652,45.04238036060477,5.90810002061535
DoE1_R4,9.672172172172171,0.0021375340279859,45.06680309487046,5.913221725134743
DoE1_R4,9.684684684684685,0.0021378398354373,45.09121767500333,5.9183378689443344
DoE1_R4,9.697197197197198,0.0021381436682194,45.11562410100338,5.923448452044127
DoE1_R4,9.70970970970971,0.0021384455263322,45.14002237287061,5.928553474434118
DoE1_R4,9.722222222222223,0.0021387454097756,45.16441249060503,5.933652936114309
DoE1_R4,9.734734734734737,0.0021390433185497,45.18879445420663,5.938746837084699
DoE1_R4,9.747247247247248,0.0021393392526545,45.21316826367541,5.94383517734529
DoE1_R4,9.75975975975976,0.00213963321209,45.23753391901137,5.94891795689608
DoE1_R4,9.772272272272271,0.0021399251968562,45.26189142021452,5.953995175737069
DoE1_R4,9.784784784784785,0.002140215206953,45.286240767284845,5.959066833868258
DoE1_R4,9.797297297297298,0.0021405032423805,45.31058196022236,5.964132931289647
DoE1_R4,9.80980980980981,0.0021407893031387,45.33491499902705,5.969193468001235
DoE1_R4,9.822322322322323,0.0021410733892275,45.359239883698926,5.974248444003023
DoE1_R4,9.834834834834837,0.0021413555006471,45.38355661423798,5.97929785929501
DoE1_R4,9.847347347347348,0.0021416356373973,45.40786519064422,5.984341713877198
DoE1_R4,9.85985985985986,0.0021419137994782,45.43216561291764,5.989380007749584
DoE1_R4,9.872372372372372,0.0021421899868898,45.45645788105825,5.99441274091217
DoE1_R4,9.884884884884883,0.002142464199632,45.48074199506603,5.999439913364956
DoE1_R4,9.897397397397398,0.0021427364377049,45.50501795494101,6.004461525107941
DoE1_R4,9.90990990990991,0.0021430067011085,45.52928576068316,6.009477576141126
DoE1_R4,9.922422422422423,0.0021432749898428,45.55354541229249,6.014488066464511
DoE1_R4,9.934934934934937,0.0021435413039078,45.577796909769006,6.019492996078095
DoE1_R4,9.947447447447448,0.0021438056433034,45.60204025311271,6.024492364981879
DoE1_R4,9.95995995995996,0.0021440680080297,45.62627544232359,6.0294861731758616
DoE1_R4,9.972472472472472,0.0021443283980867,45.65050247740166,6.034474420660045
DoE1_R4,9.984984984984983,0.0021445868134744,45.6747213583469,6.039457107434427
DoE1_R4,9.997497497497498,0.0021448432541927,45.69893208515933,6.04443423349901
DoE1_R4,10.01001001001001,0.0021450977202417,45.72313465783894,6.049405798853791
DoE1_R4,10.022522522522523,0.0021453502116214,45.74732907638574,6.054371803498773
DoE1_R4,10.035035035035037,0.0021456007283318,45.77151534079971,6.059332247433954
DoE1_R4,10.047547547547548,0.0021458492703729,45.79569345108087,6.064287130659334
DoE1_R4,10.06006006006006,0.0021460958377446,45.81986340722921,6.069236453174914
DoE1_R4,10.072572572572572,0.002146340430447,45.844025209244734,6.074180214980694
DoE1_R4,10.085085085085083,0.0021465830484801,45.86817885712744,6.079118416076673
DoE1_R4,10.097597597597598,0.002146835753551,45.89236282525682,6.084070599614758
DoE1_R4,10.11011011011011,0.0021470896699509,45.91654880193673,6.089022384602045
DoE1_R4,10.122622622622623,0.0021473428726539,45.94073064672833,6.093970651988128
DoE1_R4,10.135135135135137,0.0021475953616602,45.96490835963163,6.098915401773006
DoE1_R4,10.147647647647648,0.0021478471369697,45.98908194064661,6.10385663395668
DoE1_R4,10.16016016016016,0.0021480981985824,46.013251389773295,6.108794348539151
DoE1_R4,10.172672672672672,0.0021483485464982,46.03741670701167,6.113728545520417
DoE1_R4,10.185185185185183,0.0021485981807173,46.06157789236174,6.11865922490048
DoE1_R4,10.1976976976977,0.0021488471012395,46.0857349458235,6.123586386679339
DoE1_R4,10.21021021021021,0.002149095308065,46.10988786739696,6.128510030856992
DoE1_R4,10.222722722722724,0.0021493428011936,46.13403665708211,6.133430157433443
DoE1_R4,10.235235235235235,0.0021495895806255,46.15818131487895,6.138346766408689
DoE1_R4,10.247747747747749,0.0021498356463605,46.18232184078749,6.143259857782732
DoE1_R4,10.26026026026026,0.0021500809983987,46.20645823480771,6.148169431555569
DoE1_R4,10.272772772772774,0.0021503256367401,46.23059049693964,6.153075487727204
DoE1_R4,10.285285285285283,0.0021505695613848,46.25471862718325,6.157978026297634
DoE1_R4,10.2977977977978,0.0021508127723326,46.27884262553856,6.162877047266861
DoE1_R4,10.31031031031031,0.0021510552695836,46.30296249200556,6.167772550634882
DoE1_R4,10.322822822822824,0.0021512970531378,46.327078226584256,6.172664536401701
DoE1_R4,10.335335335335335,0.0021515381229952,46.351189829274645,6.177553004567314
DoE1_R4,10.347847847847849,0.0021517784791557,46.37529730007672,6.182437955131725
DoE1_R4,10.36036036036036,0.0021520149564149,46.39940195790908,6.187320038372533
DoE1_R4,10.372872872872874,0.0021522391689332,46.42350726207996,6.192200959295129
DoE1_R4,10.385385385385383,0.0024390994078676,46.44779719547574,6.197103092614049
DoE1_R4,10.3978978978979,0.0024397674702084,46.47282208441199,6.202096386493124
DoE1_R4,10.41041041041041,0.0024398005601822,46.4978237865567,6.207074746485644
DoE1_R4,10.422922922922924,0.0024397342788562,46.52278935704784,6.2120299704961
DoE1_R4,10.435435435435435,0.0024396679975302,46.54775492753896,6.216985194506556
DoE1_R4,10.447947947947949,0.0024396017162042,46.572720498030094,6.221940418517012
DoE1_R4,10.46046046046046,0.0024395354348782,46.59768606852122,6.226895642527468
DoE1_R4,10.472972972972974,0.0024394691535522,46.62265163901235,6.231850866537925
DoE1_R4,10.485485485485484,0.0024393990677865,46.64760645015077,6.23679921561835
DoE1_R4,10.497997997998,0.0024393126464087,46.672515062472,6.241718044927092
DoE1_R4,10.51051051051051,0.0024392262250309,46.69742367479322,6.246636874235833
DoE1_R4,10.523023023023024,0.0024391398036532,46.722332287114455,6.251555703544574
DoE1_R4,10.535535535535535,0.0024390533822754,46.74724089943568,6.256474532853315
DoE1_R4,10.548048048048049,0.0024389669608976,46.77214951175692,6.261393362162057
DoE1_R4,10.56056056056056,0.0024388690318824,46.79702149740744,6.266291000913001
DoE1_R4,10.573073073073074,0.0024386496633509,46.82150696365039,6.270965016776823
DoE1_R4,10.585585585585584,0.0024384302948194,46.84599242989332,6.275639032640644
DoE1_R4,10.5980980980981,0.0024382109262878,46.870477896136265,6.280313048504466
DoE1_R4,10.61061061061061,0.0024379915577563,46.8949633623792,6.284987064368287
DoE1_R4,10.623123123123124,0.0024377721892248,46.919448828622144,6.289661080232109
DoE1_R4,10.635635635635635,0.0024375528206932,46.94393429486509,6.294335096095931
DoE1_R4,10.648148148148149,0.0024373334521617,46.96841976110802,6.299009111959752
DoE1_R4,10.66066066066066,0.0024371140836301,46.99290522735097,6.303683127823573
DoE1_R4,10.673173173173174,0.0024368947150986,47.01739069359391,6.308357143687395
DoE1_R4,10.685685685685687,0.0024366753465671,47.041876159836846,6.313031159551217
DoE1_R4,10.6981981981982,0.0024364559780355,47.06636162607979,6.317705175415038
DoE1_R4,10.710710710710712,0.002436236609504,47.09084709232273,6.32237919127886
DoE1_R4,10.723223223223224,0.0024360172409725,47.11533255856567,6.327053207142681
DoE1_R4,10.735735735735735,0.0024357978724409,47.13981802480861,6.331727223006503
DoE1_R4,10.748248248248249,0.0024355785039094,47.16430349105155,6.336401238870325
DoE1_R4,10.760760760760762,0.0024353591353779,47.18878895729449,6.341075254734147
DoE1_R4,10.773273273273274,0.0024351397668463,47.21327442353743,6.345749270597968
DoE1_R4,10.785785785785787,0.0024349203983148,47.23775988978037,6.3504232864617896
DoE1_R4,10.7982982982983,0.0024347010297833,47.26224535602331,6.3550973023256105
DoE1_R4,10.810810810810812,0.0024344816612517,47.28673082226625,6.359771318189432
DoE1_R4,10.823323323323324,0.0024342622927202,47.31121628850919,6.364445334053253
DoE1_R4,10.835835835835836,0.0024340429241886,47.33570175475213,6.369119349917075
DoE1_R4,10.848348348348347,0.0024338235556571,47.36018722099507,6.373793365780897
DoE1_R4,10.860860860860862,0.0024336041871256,47.384672687238016,6.378467381644719
DoE1_R4,10.873373373373374,0.002433384818594,47.40915815348095,6.38314139750854
DoE1_R4,10.885885885885887,0.0024331654500625,47.433643619723895,6.387815413372362
DoE1_R4,10.8983983983984,0.002432946081531,47.45812908596683,6.392489429236183
DoE1_R4,10.910910910910912,0.0024327267129994,47.482614552209775,6.397163445100005
DoE1_R4,10.923423423423424,0.0024325073444679,47.50710001845271,6.401837460963826
DoE1_R4,10.935935935935936,0.0024322879759364,47.53158548469565,6.406511476827648
DoE1_R4,10.948448448448447,0.0024320686074048,47.55607095093859,6.4111854926914695
DoE1_R4,10.960960960960962,0.0024318492388733,47.58055641718153,6.415859508555291
DoE1_R4,10.973473473473474,0.0024316298703417,47.60504188342448,6.420533524419112
DoE1_R4,10.985985985985987,0.0024314105018102,47.62952734966741,6.425207540282934
DoE1_R4,10.9984984984985,0.0024311911332787,47.65401281591036,6.429881556146755
DoE1_R4,11.011011011011012,0.0024309717647471,47.6784982821533,6.434555572010577
DoE1_R4,11.023523523523524,0.0024307523962156,47.70298374839624,6.439229587874398
DoE1_R4,11.036036036036036,0.0024305330276841,47.72746921463918,6.44390360373822
DoE1_R4,11.048548548548547,0.0024303136591525,47.75195468088212,6.448577619602042
DoE1_R4,11.061061061061062,0.002430094290621,47.77644014712506,6.453251635465864
DoE1_R4,11.073573573573574,0.0024298749220895,47.800925613368,6.457925651329685
DoE1_R4,11.086086086086087,0.0024296555535579,47.82541107961094,6.462599667193507
DoE1_R4,11.0985985985986,0.0024294361850264,47.84989654585387,6.467273683057328
DoE1_R4,11.111111111111112,0.0024292168164949,47.87438201209682,6.4719476989211495
DoE1_R4,11.123623623623624,0.0024289974479633,47.89886747833976,6.4766217147849705
DoE1_R4,11.136136136136138,0.0024287780794318,47.923352944582696,6.481295730648792
DoE1_R4,11.14864864864865,0.0024285587109002,47.94783841082564,6.485969746512614
DoE1_R4,11.161161161161164,0.0024283393423687,47.97232387706858,6.490643762376436
DoE1_R4,11.173673673673674,0.0024281199738372,47.99680934331152,6.495317778240257
DoE1_R4,11.186186186186188,0.0024279006053056,48.02129480955446,6.499991794104079
DoE1_R4,11.1986986986987,0.0024276812367741,48.0457802757974,6.5046658099679
DoE1_R4,11.211211211211213,0.0024274618682426,48.07026574204034,6.509339825831722
DoE1_R4,11.223723723723724,0.0024272407283395,48.0947449413715,6.514009737664935
DoE1_R4,11.236236236236238,0.0024269537588361,48.11899124303753,6.518527131131865
DoE1_R4,11.24874874874875,0.0024266642908338,48.14322870529742,6.523038735911385
DoE1_R4,11.261261261261264,0.0024263723243326,48.16745732815118,6.527544552003496
DoE1_R4,11.273773773773774,0.0024260778593324,48.19167711159881,6.532044579408197
DoE1_R4,11.286286286286288,0.0024257808958332,48.21588805564031,6.536538818125488
DoE1_R4,11.2987987987988,0.0024254814338351,48.24009016027568,6.54102726815537
DoE1_R4,11.311311311311313,0.002425179473338,48.26428342550492,6.545509929497842
DoE1_R4,11.323823823823824,0.002424875014342,48.28846785132803,6.549986802152905
DoE1_R4,11.336336336336338,0.0024245680568471,48.31264343774501,6.554457886120559
DoE1_R4,11.34884884884885,0.0024242586008532,48.336810184755855,6.558923181400802
DoE1_R4,11.361361361361364,0.0024239466463603,48.36096809236058,6.563382687993636
DoE1_R4,11.373873873873874,0.0024236321933685,48.38511716055917,6.56783640589906
DoE1_R4,11.386386386386388,0.0024233152418777,48.40925738935162,6.572284335117075
DoE1_R4,11.3988988988989,0.002422995791888,48.43338877873795,6.57672647564768
DoE1_R4,11.411411411411413,0.0024226738433993,48.45751132871816,6.581162827490877
DoE1_R4,11.423923923923924,0.0024223493964117,48.48162503929222,6.585593390646662
DoE1_R4,11.436436436436438,0.0024220224509251,48.50572991046016,6.590018165115039
DoE1_R4,11.44894894894895,0.0024216930069396,48.52982594222196,6.594437150896006
DoE1_R4,11.461461461461464,0.0024213610644551,48.55391313457764,6.598850347989563
DoE1_R4,11.473973973973974,0.0024210266234717,48.57799148752719,6.603257756395711
DoE1_R4,11.486486486486488,0.0024206896839893,48.6020610010706,6.607659376114449
DoE1_R4,11.498998998999,0.002420350246008,48.62612167520789,6.612055207145778
DoE1_R4,11.511511511511513,0.0024200083095277,48.65017350993904,6.616445249489697
DoE1_R4,11.524024024024024,0.0024196638745485,48.67421650526407,6.620829503146206
DoE1_R4,11.536536536536538,0.0024193169410703,48.69825066118297,6.625207968115307
DoE1_R4,11.54904904904905,0.0024189675090931,48.72227597769573,6.629580644396996
DoE1_R4,11.561561561561565,0.0024186155786171,48.746292454802365,6.633947531991277
DoE1_R4,11.574074074074074,0.002418261149642,48.77030009250287,6.638308630898148
DoE1_R4,11.586586586586588,0.002417904222168,48.79429889079724,6.64266394111761
DoE1_R4,11.5990990990991,0.0024175447961951,48.81828884968549,6.647013462649662
DoE1_R4,11.611611611611613,0.0024171828717232,48.8422699691676,6.651357195494304
DoE1_R4,11.624124124124124,0.0024168184487523,48.866242249243584,6.655695139651536
DoE1_R4,11.636636636636638,0.0024164515272825,48.89020568991344,6.660027295121361
DoE1_R4,11.64914914914915,0.0024160821073138,48.91416029117716,6.664353661903774
DoE1_R4,11.661661661661665,0.0024157101888461,48.93810605303475,6.6686742399987775
DoE1_R4,11.674174174174174,0.0024153357718794,48.96204297548621,6.672989029406372
DoE1_R4,11.686686686686688,0.0024149588564138,48.98597105853155,6.677298030126558
DoE1_R4,11.6991991991992,0.0024145794424493,49.009890302170746,6.681601242159332
DoE1_R4,11.711711711711713,0.0024141975299858,49.033800706403824,6.685898665504698
DoE1_R4,11.724224224224224,0.0024138131190233,49.05770227123076,6.690190300162654
DoE1_R4,11.736736736736738,0.0024134262095619,49.081594996651575,6.6944761461332005
DoE1_R4,11.74924924924925,0.0024130368016015,49.10547888266625,6.6987562034163375
DoE1_R4,11.761761761761765,0.0024126448951422,49.1293539292748,6.703030472012065
DoE1_R4,11.774274274274276,0.002412250490184,49.15322013647722,6.707298951920383
DoE1_R4,11.786786786786788,0.0024118535867268,49.17707750427351,6.711561643141291
DoE1_R4,11.7992992992993,0.0024114541847706,49.20092603266367,6.715818545674789
DoE1_R4,11.811811811811811,0.0024110522843155,49.2247657216477,6.720069659520879
DoE1_R4,11.824324324324325,0.0024106478853614,49.2485965712256,6.724314984679558
DoE1_R4,11.836836836836838,0.0024102409879084,49.27241858139737,6.728554521150828
DoE1_R4,11.84934934934935,0.0024098315919564,49.296231752163,6.732788268934688
DoE1_R4,11.861861861861865,0.0024094196975055,49.32003608352251,6.737016228031139
DoE1_R4,11.874374374374376,0.0024090053045556,49.34383157547589,6.7412383984401805
DoE1_R4,11.886886886886888,0.0024085884131068,49.36761822802314,6.745454780161812
DoE1_R4,11.8993993993994,0.002408188775995,49.39144271001029,6.749692714269736
DoE1_R4,11.911911911911911,0.00240779105175,49.41526877506193,6.7539309657237565
DoE1_R4,11.924424424424425,0.0024073946262903,49.43909497232394,6.758168684536932
DoE1_R4,11.936936936936938,0.0024069994996157,49.46292130179632,6.762405870709264
DoE1_R4,11.94944944944945,0.0024066056717263,49.486747763479066,6.76664252424075
DoE1_R4,11.961961961961965,0.0024062131426222,49.51057435737218,6.7708786451313925
DoE1_R4,11.974474474474476,0.0024058219123032,49.53440108347566,6.77511423338119
DoE1_R4,11.986986986986988,0.0024054319807694,49.558227941789504,6.779349288990144
DoE1_R4,11.9994994994995,0.0024050433480208,49.58205493231372,6.783583811958252
DoE1_R4,12.012012012012011,0.0024046546764086,49.605878129571614,6.787814903866247
DoE1_R4,12.024524524524525,0.0024042600231892,49.6296800939313,6.79202968796839
DoE1_R4,12.037037037037038,0.0024038651215793,49.6534776501448,6.796240587007048
DoE1_R4,12.04954954954955,0.0024034699715789,49.67727079821212,6.80044760098222
DoE1_R4,12.062062062062065,0.0024030745731879,49.70105953813326,6.804650729893906
DoE1_R4,12.074574574574577,0.0024026789264065,49.72484386990822,6.808849973742106
DoE1_R4,12.087087087087088,0.0024022830312344,49.74862379353699,6.813045332526821
DoE1_R4,12.0995995995996,0.0024018868876719,49.77239930901959,6.817236806248049
DoE1_R4,12.112112112112111,0.0024014904957188,49.796170416356006,6.821424394905793
DoE1_R4,12.124624624624625,0.0024010938553752,49.81993711554624,6.82560809850005
DoE1_R4,12.137137137137138,0.0024006951482387,49.84367997130373,6.829787091558577
DoE1_R4,12.14964964964965,0.0024002933987264,49.867389766381294,6.833963534322958
DoE1_R4,12.162162162162163,0.0023998916492141,49.89109956145887,6.838139977087339
DoE1_R4,12.174674674674677,0.0023994898997017,49.91480935653643,6.842316419851721
DoE1_R4,12.187187187187188,0.0023990881501894,49.938519151614,6.846492862616102
DoE1_R4,12.1996996996997,0.0023986864006771,49.96222894669157,6.850669305380483
DoE1_R4,12.212212212212211,0.0023982846511647,49.98593874176913,6.854845748144864
DoE1_R4,12.224724724724725,0.0023978829016524,50.0096485368467,6.859022190909245
DoE1_R4,12.237237237237238,0.0023974811521401,50.03335833192427,6.863198633673627
DoE1_R4,12.24974974974975,0.0023970794026278,50.05706812700184,6.867375076438008
DoE1_R4,12.262262262262263,0.0023966935540972,50.080748493000186,6.871541819969049
DoE1_R4,12.274774774774777,0.0023963189049168,50.104408131563645,6.875701732153918
DoE1_R4,12.287287287287288,0.0023959183149723,50.12805816734098,6.87985720277438
DoE1_R4,12.2997997997998,-2.260200372745198e-07,50.149624211159725,6.883636408353343
DoE1_R4,12.312312312312311,-2.432038693114875e-07,50.149624215978704,6.883636409143723
DoE1_R4,12.324824824824825,-2.448308255435306e-07,50.14962421643496,6.883636409218556
DoE1_R4,12.337337337337338,-2.460388573298051e-07,50.14962421677374,6.88363640927412
DoE1_R4,12.34984984984985,-2.462928547162422e-07,50.14962421684497,6.883636409285803
DoE1_R4,12.362362362362363,-2.465372821064902e-07,50.14962421691351,6.883636409297044
DoE1_R4,12.374874874874877,-2.4657693570690445e-07,50.14962421692464,6.883636409298869
DoE1_R4,12.387387387387388,-2.466165893073188e-07,50.14962421693576,6.883636409300692
DoE1_R4,12.3998998998999,-2.4665624290773296e-07,50.14962421694688,6.883636409302516
DoE1_R4,12.412412412412412,-2.466958965081472e-07,50.149624216958,6.88363640930434
DoE1_R4,12.424924924924923,-2.467355501085614e-07,50.14962421696912,6.883636409306164
DoE1_R4,12.437437437437438,-2.4677520370897564e-07,50.14962421698024,6.883636409307988
DoE1_R4,12.44994994994995,-2.4681485730938986e-07,50.14962421699136,6.883636409309812
DoE1_R4,12.462462462462463,-2.4685451090980414e-07,50.14962421700248,6.883636409311635
DoE1_R4,12.474974974974977,-2.468941645102184e-07,50.1496242170136,6.88363640931346
DoE1_R4,12.487487487487488,-2.469338181106326e-07,50.14962421702472,6.883636409315283
DoE1_R4,12.5,-2.469734717110468e-07,50.14962421703584,6.883636409317107
DoE2_R1,0.0,0.5012072218927254,45.13333333333325,0.0
DoE2_R1,0.0125125125125125,0.4318720462382708,45.23256682622544,0.0250758444332148
DoE2_R1,0.025025025025025,0.3627169601219496,45.33168925971795,0.0500851252543448
DoE2_R1,0.0375375375375375,0.2938326262582682,45.430657545960806,0.0750226379454453
DoE2_R1,0.05005005005005,0.225242087739395,45.52946078203831,0.0998871675570204
DoE2_R1,0.0625625625625625,0.157256865437032,45.62795122618328,0.1246616925686877
DoE2_R1,0.075075075075075,0.0900541256929004,45.72604474292491,0.1493363437913883
DoE2_R1,0.0875875875875876,0.0261005857013924,45.82256916310219,0.1737718397114614
DoE2_R1,0.1001001001001001,0.0030202011407163,45.89964001248908,0.1956532344607567
DoE2_R1,0.1126126126126126,0.0030487737021394,45.96577089532273,0.2160311068164771
DoE2_R1,0.1251251251251251,0.0030773316240871,46.03210659878687,0.2363077810426593
DoE2_R1,0.1376376376376376,0.0031061117761966,46.09849819945852,0.2565564906459841
DoE2_R1,0.1501501501501501,0.0031348919283062,46.16488980013017,0.2768052002493089
DoE2_R1,0.1626626626626626,0.0031636720804158,46.23128140080181,0.2970539098526337
DoE2_R1,0.1751751751751752,0.0031924522325253,46.29767300147346,0.3173026194559585
DoE2_R1,0.1876876876876877,0.0032214131427712,46.36409026717,0.3375533473895858
DoE2_R1,0.2002002002002002,0.0032513139526887,46.43064098494208,0.357814570164703
DoE2_R1,0.2127127127127127,0.0032815368097395,46.49723742872052,0.3780793888913004
DoE2_R1,0.2252252252252252,0.0033120817139234,46.56387959850531,0.3983478035693781
DoE2_R1,0.2377377377377377,0.0033429486652406,46.63056749429645,0.4186198141989362
DoE2_R1,0.2502502502502503,0.003374137663691,46.69730111609394,0.4388954207799744
DoE2_R1,0.2627627627627628,0.0034057145324362,46.76405766579765,0.4591514798737109
DoE2_R1,0.2752752752752753,0.0034376761057041,46.83083823988468,0.4793891045663311
DoE2_R1,0.2877877877877878,0.0034699881557637,46.89765469325869,0.499620329335968
DoE2_R1,0.3003003003003003,0.003502650682615,46.96450702591968,0.5198451541826218
DoE2_R1,0.3128128128128128,0.0035356636862579,47.03139523786766,0.5400635791062923
DoE2_R1,0.3253253253253253,0.0035690271666925,47.09831932910263,0.5602756041069796
DoE2_R1,0.3378378378378379,0.0036027411239187,47.16527929962458,0.5804812291846839
DoE2_R1,0.3503503503503504,0.0036369094108592,47.232272909602855,0.600637999873702
DoE2_R1,0.3628628628628629,0.0036714785854827,47.29930131163959,0.6207677629630469
DoE2_R1,0.3753753753753754,0.0037064308513474,47.36636488955658,0.6408777935336377
DoE2_R1,0.3878878878878879,0.0037417662084536,47.43346364335383,0.6609680915854742
DoE2_R1,0.4004004004004004,0.0037774846568012,47.50059757303133,0.6810386571185566
DoE2_R1,0.4129129129129129,0.0038135861963901,47.56776667858909,0.7010894901328847
DoE2_R1,0.4254254254254254,0.0038500727079103,47.63497072965706,0.7211157731366888
DoE2_R1,0.4379379379379379,0.0038869912343484,47.7022039638315,0.7409970029065509
DoE2_R1,0.4504504504504504,0.0039243135176387,47.76946984250794,0.7608055640475591
DoE2_R1,0.4629629629629629,0.0039620421952949,47.83676804261123,0.7805347004216159
DoE2_R1,0.4754754754754755,0.0040001799048308,47.90409824106626,0.8001776558906244
DoE2_R1,0.487987987987988,0.0040387292837603,47.97146011479786,0.8197276743164872
DoE2_R1,0.5005005005005005,0.004077692969597,48.03885334073093,0.8391779995611071
DoE2_R1,0.513013013013013,0.0041171082353786,48.10627839916033,0.8585952556827391
DoE2_R1,0.5255255255255256,0.0041570688348437,48.17373708044933,0.8781657289973418
DoE2_R1,0.5380380380380381,0.0041974949739262,48.241227149524505,0.897708020546861
DoE2_R1,0.5505505505505506,0.0042383930981912,48.308748371638366,0.9172234420817232
DoE2_R1,0.5630630630630631,0.0042797696532035,48.37630051204342,0.936713305352354
DoE2_R1,0.5755755755755756,0.0043216310845282,48.443883335992176,0.9561789221091797
DoE2_R1,0.5880880880880881,0.0043639838377303,48.51149660873714,0.9756216041026262
DoE2_R1,0.6006006006006006,0.0044068343583746,48.57914009553082,0.99504266308312
DoE2_R1,0.6131131131131131,0.0044501890920262,48.64681356162571,1.014443410801087
DoE2_R1,0.6256256256256256,0.0044940544842501,48.71451677227434,1.0338251590069527
DoE2_R1,0.6381381381381381,0.0045384499108691,48.78224838292834,1.0531909922482656
DoE2_R1,0.6506506506506506,0.004583466346361,48.85000090374449,1.0725538115734687
DoE2_R1,0.6631631631631631,0.0046290432129154,48.91777985257506,1.0919057395237048
DoE2_R1,0.6756756756756758,0.0046751896599106,48.98558476260495,1.1112484585544735
DoE2_R1,0.6881881881881883,0.0047219148367248,49.05341516701903,1.1305836511212748
DoE2_R1,0.7007007007007008,0.004769227892736,49.12127059900221,1.1499129996796076
DoE2_R1,0.7132132132132133,0.0048171379773225,49.18915059173935,1.169238186684972
DoE2_R1,0.7257257257257258,0.0048656542398625,49.25705467841536,1.1885608945928676
DoE2_R1,0.7382382382382383,0.004914785829734,49.32498239221511,1.2078828058587945
DoE2_R1,0.7507507507507508,0.0049645418963152,49.39293326632351,1.2272056029382512
DoE2_R1,0.7632632632632633,0.005014932223778,49.4609067315962,1.2465294068024928
DoE2_R1,0.7757757757757758,0.0050660055056449,49.52889594667177,1.265758628058084
DoE2_R1,0.7882882882882883,0.0051177422052512,49.59690506894712,1.2849655119318937
DoE2_R1,0.8008008008008008,0.0051701525039038,49.66493346525947,1.3041492025110195
DoE2_R1,0.8133133133133134,0.0052232465829095,49.73298050244602,1.3233088438825606
DoE2_R1,0.8258258258258259,0.0052770346235751,49.80104554734396,1.342443580133614
DoE2_R1,0.8383383383383384,0.0053315268072074,49.86912796679051,1.3615525553512775
DoE2_R1,0.8508508508508509,0.0053867333151131,49.93722712762285,1.3806349136226497
DoE2_R1,0.8633633633633634,0.0054426643285991,50.0053423966782,1.3996897990348285
DoE2_R1,0.8758758758758759,0.0054993300289721,50.07347314079375,1.4187163556749114
DoE2_R1,0.8883883883883884,0.005556740597539,50.14161872680671,1.4377137276299967
DoE2_R1,0.9009009009009008,0.0056149686081326,50.20978091287297,1.456683363322892
DoE2_R1,0.9134134134134134,0.0056739876527723,50.2779576634719,1.4756230554929126
DoE2_R1,0.925925925925926,0.0057338036062677,50.34614818038558,1.494531789175813
DoE2_R1,0.9384384384384384,0.0057944284386415,50.41435189900732,1.5134087745211224
DoE2_R1,0.9509509509509512,0.0058558741199164,50.48256825473047,1.5322532216783704
DoE2_R1,0.9634634634634636,0.0059181526201153,50.55079668294832,1.551064340797086
DoE2_R1,0.975975975975976,0.0059812759092606,50.61903661905424,1.569841342026799
DoE2_R1,0.9884884884884886,0.0060452559573753,50.68728749844153,1.5885834355170383
DoE2_R1,1.001001001001001,0.006110104734482,50.75554875650352,1.6072898314173334
DoE2_R1,1.0135135135135136,0.0061758342106034,50.823819828633546,1.6259597398772134
DoE2_R1,1.026026026026026,0.0062429023441273,50.89210627558687,1.6446964336046053
DoE2_R1,1.0385385385385386,0.0063110695589935,50.96040407793394,1.6634404294489145
DoE2_R1,1.0510510510510511,0.0063802330874719,51.02871109521922,1.68216416577591
DoE2_R1,1.0635635635635636,0.0064504082385239,51.0970268086942,1.7008676318103206
DoE2_R1,1.076076076076076,0.0065216103211105,51.16535069961037,1.719550816776876
DoE2_R1,1.0885885885885886,0.0065938546441928,51.2336822492192,1.7382137099003048
DoE2_R1,1.1011011011011012,0.0066671565167321,51.3020209387722,1.756856300405336
DoE2_R1,1.1136136136136137,0.0067415312476894,51.370366249520856,1.7754785775166984
DoE2_R1,1.1261261261261262,0.0068169941460259,51.43871766271664,1.794080530459121
DoE2_R1,1.138638638638639,0.0068935605207027,51.50707465961106,1.8126621484573329
DoE2_R1,1.1511511511511512,0.006971245680681,51.5754367214556,1.8312234207360631
DoE2_R1,1.1636636636636637,0.0070500649349219,51.64380332950173,1.849764336520041
DoE2_R1,1.1761761761761762,0.0071300335923866,51.71217396500096,1.868284885033994
DoE2_R1,1.1886886886886887,0.0072111669620361,51.780548109204766,1.886785055502653
DoE2_R1,1.2012012012012012,0.0072934803528317,51.84892524336465,1.905264837150746
DoE2_R1,1.2137137137137135,0.0073769890737344,51.91730484873208,1.9237242192030024
DoE2_R1,1.2262262262262262,0.0074617084337054,51.98568640655856,1.9421631908841503
DoE2_R1,1.2387387387387387,0.0075476537417059,52.05406939809557,1.96058174141892
DoE2_R1,1.2512512512512513,0.0076348403066969,52.12245330459461,1.9789798600320392
DoE2_R1,1.2637637637637638,0.0077232834376397,52.19083760730715,1.9973575359482376
DoE2_R1,1.2762762762762765,0.0078129984434953,52.2592217874847,2.015714758392244
DoE2_R1,1.2887887887887888,0.0079040006332249,52.32760532637872,2.034051516588788
DoE2_R1,1.3013013013013013,0.0079976924439004,52.39599116831784,2.052377400063415
DoE2_R1,1.3138138138138138,0.0080935614378144,52.46437747699144,2.0706887455110468
DoE2_R1,1.3263263263263263,0.0081910452020745,52.53276229132184,2.0889815437488086
DoE2_R1,1.338838838838839,0.0082901708903658,52.601145122131854,2.107255865978656
DoE2_R1,1.3513513513513515,0.0083909656563736,52.66952548024428,2.125511783402543
DoE2_R1,1.363863863863864,0.0084934566537831,52.73790287648189,2.143749367222425
DoE2_R1,1.3763763763763766,0.0085976710362796,52.80627682166751,2.1619686886402563
DoE2_R1,1.388888888888889,0.0087036359575482,52.87464682662392,2.1801698188579914
DoE2_R1,1.4014014014014016,0.0088113785712743,52.94301240217391,2.1983528290775856
DoE2_R1,1.413913913913914,0.0089209260311429,53.0113730591403,2.2165177905009936
DoE2_R1,1.4264264264264266,0.0090323054908393,53.07972830834586,2.2346647743301697
DoE2_R1,1.438938938938939,0.0091455441040489,53.14807766061341,2.252793851767069
DoE2_R1,1.4514514514514516,0.0092606690244566,53.21642062676573,2.270905094013646
DoE2_R1,1.463963963963964,0.0093777074057479,53.284756717625626,2.288998572271856
DoE2_R1,1.4764764764764766,0.0094966864016079,53.35308544401589,2.307074357743653
DoE2_R1,1.4889889889889891,0.0096176331657218,53.42140631675932,2.3251325216309926
DoE2_R1,1.5015015015015016,0.0097405748517749,53.48971884667871,2.343173135135829
DoE2_R1,1.514014014014014,0.0098655386134524,53.55802254459685,2.3611962694601165
DoE2_R1,1.5265265265265269,0.0099925516044395,53.62631692133655,2.379201995805811
DoE2_R1,1.5390390390390392,0.0101216409784214,53.6946014877206,2.397190385374866
DoE2_R1,1.5515515515515517,0.0102528338890833,53.7628757545718,2.415161509369237
DoE2_R1,1.5640640640640642,0.0103861574901106,53.831139232712935,2.4331154389908787
DoE2_R1,1.576576576576577,0.0105239310560224,53.89939166400793,2.451112567936401
DoE2_R1,1.5890890890890892,0.010665968719592,53.967632537807496,2.469147361266652
DoE2_R1,1.6016016016016017,0.010810904582843,54.03586122451767,2.4871832287867868
DoE2_R1,1.6141141141141142,0.0109588017940082,54.10407723858941,2.5052211889790583
DoE2_R1,1.6266266266266267,0.0111097235013205,54.1722800944737,2.5232622603257195
DoE2_R1,1.6391391391391392,0.0112637328530127,54.24046930662151,2.5413074613090227
DoE2_R1,1.6516516516516515,0.0114208929973177,54.30864438948382,2.55935781041122
DoE2_R1,1.6641641641641642,0.0115812670824682,54.3768048575116,2.577414326114565
DoE2_R1,1.6766766766766767,0.0117449182566972,54.44495022515581,2.5954780269013096
DoE2_R1,1.6891891891891893,0.0119119096682375,54.51308000686744,2.6135499312537065
DoE2_R1,1.7017017017017018,0.0120823044653219,54.581193717097456,2.631631057654008
DoE2_R1,1.7142142142142145,0.0122561657961833,54.64929087029684,2.649722424584467
DoE2_R1,1.7267267267267268,0.0124335568090545,54.71737098091656,2.667825050527336
DoE2_R1,1.7392392392392393,0.0126145406521683,54.78543356340759,2.685939953964867
DoE2_R1,1.7517517517517518,0.0127991804737576,54.85347813222089,2.704068153379313
DoE2_R1,1.7642642642642643,0.0129875394220552,54.92150420180746,2.722210667252927
DoE2_R1,1.7767767767767768,0.013179680645294,54.98951128661826,2.740368514067961
DoE2_R1,1.789289289289289,0.0133765510073718,55.057496945015934,2.7585601715076025
DoE2_R1,1.8018018018018016,0.0135838381518311,55.1254482417348,2.776897778856496
DoE2_R1,1.8143143143143143,0.0137963141720686,55.19337640287815,2.7952778214385363
DoE2_R1,1.8268268268268268,0.0140141076704827,55.26128079801537,2.81370261088656
DoE2_R1,1.8393393393393396,0.0142373472494719,55.32916079671585,2.832174458833405
DoE2_R1,1.851851851851852,0.0144661615114344,55.39701576854896,2.8506956769119083
DoE2_R1,1.8643643643643644,0.0147006790587687,55.46484508308409,2.869268576754906
DoE2_R1,1.876876876876877,0.0149410284938732,55.53264810989064,2.887895469995236
DoE2_R1,1.8893893893893896,0.0151873384191462,55.60042421853797,2.9065786682657344
DoE2_R1,1.901901901901902,0.0154397374369863,55.66817277859548,2.9253204831992385
DoE2_R1,1.9144144144144144,0.0156983541497918,55.73589315963256,2.944123226428585
DoE2_R1,1.9269269269269271,0.0159633171599611,55.803584731218585,2.962989209586612
DoE2_R1,1.93943943943944,0.0162347550698926,55.87124686292295,2.9819207443061555
DoE2_R1,1.951951951951952,0.0165127964819847,55.93887892431503,3.0009201422200524
DoE2_R1,1.9644644644644649,0.0167975699986359,56.006480284964205,3.0199897149611403
DoE2_R1,1.9769769769769767,0.0170892042222444,56.07405031443987,3.039131774162256
DoE2_R1,1.9894894894894897,0.0173878277552087,56.14158838231142,3.0583486314562363
DoE2_R1,2.002002002002002,0.0176935691999273,56.20909385814822,3.077642598475918
DoE2_R1,2.0145145145145147,0.0180123866077145,56.27655586362796,3.097010021707695
DoE2_R1,2.027027027027027,0.0183439273293635,56.34397461433728,3.1164537052385515
DoE2_R1,2.03953953953954,0.0186861712531151,56.411353257182014,3.13597815943311
DoE2_R1,2.052052052052052,0.0190395546477014,56.47869062086891,3.1555853810960364
DoE2_R1,2.0645645645645647,0.0194045137818548,56.545985534104666,3.175277367031997
DoE2_R1,2.077077077077077,0.0197814849243075,56.61323682559602,3.195056114045659
DoE2_R1,2.0895895895895897,0.0201709043437919,56.68044332404968,3.2149236189416874
DoE2_R1,2.1021021021021022,0.0205732083090403,56.74760385817237,3.23488187852475
DoE2_R1,2.1146146146146148,0.0209888330887849,56.81471725667082,3.254932889599513
DoE2_R1,2.1271271271271277,0.0214198430791466,56.88177942286395,3.2750709327677416
DoE2_R1,2.13963963963964,0.0218670798316806,56.94878845725415,3.295296084072549
DoE2_R1,2.1521521521521523,0.0223310308296391,57.01574351900665,3.315622870220415
DoE2_R1,2.164664664664665,0.0228117118180465,57.082644780360056,3.336072172788237
DoE2_R1,2.1771771771771773,0.0356305483335485,57.14765844084308,3.3565839315854697
DoE2_R1,2.18968968968969,0.0478112895954312,57.21344204023262,3.377354136717034
DoE2_R1,2.2022022022022023,0.0586879082679275,57.27968823702926,3.398319742680743
DoE2_R1,2.214714714714715,0.0689611887739352,57.34611591136624,3.4194821205257075
DoE2_R1,2.2272272272272278,0.0788835959418181,57.41262251391048,3.4408362683069584
DoE2_R1,2.23973973973974,0.0886100307702834,57.47914420316186,3.4623677167195117
DoE2_R1,2.2522522522522523,0.0982611934945031,57.54563101035372,3.48407336904509
DoE2_R1,2.264764764764765,0.1078886921947601,57.61205966874128,3.505914928925192
DoE2_R1,2.2772772772772774,0.1175927628259658,57.67838833899621,3.5278832681768595
DoE2_R1,2.28978978978979,0.1273829649593213,57.74461145884421,3.549959943613932
DoE2_R1,2.3023023023023024,0.1373291001592327,57.810699406908725,3.572134127833082
DoE2_R1,2.314814814814815,0.1474253165356003,57.87665490758776,3.594444687893497
DoE2_R1,2.3273273273273274,0.1577156919469934,57.94245880191316,3.61688780303615
DoE2_R1,2.33983983983984,0.1682027557452271,58.00810907513762,3.639476112061602
DoE2_R1,2.3523523523523524,0.1788971994322116,58.0736009246334,3.662223443709889
DoE2_R1,2.364864864864865,0.1898499484920637,58.13891015930526,3.685207335602619
DoE2_R1,2.3773773773773774,0.2010280076089293,58.20405245289382,3.708377550057031
DoE2_R1,2.38988988988989,0.2124313767828083,58.269027805399055,3.7317340870731233
DoE2_R1,2.4024024024024024,0.2241041566263012,58.33381226397885,3.755317833103175
DoE2_R1,2.414914914914915,0.2360529004230494,58.39840226927746,3.7791348638115134
DoE2_R1,2.4274274274274275,0.2482592813881267,58.46280777531957,3.803168188114047
DoE2_R1,2.43993993993994,0.2607260335041016,58.5270271099976,3.827420390057254
DoE2_R1,2.4524524524524525,0.2734986694867405,58.59103243767069,3.8519344863649168
DoE2_R1,2.464964964964965,0.2865652777334819,58.65483104349168,3.876699218686296
DoE2_R1,2.477477477477477,0.2999336767489441,58.71841814565218,3.901721976746392
DoE2_R1,2.48998998998999,0.3135957495451479,58.78179326225892,3.926982424616071
DoE2_R1,2.5025025025025025,0.3275526043160103,58.844953422163975,3.952476276965261
DoE2_R1,2.515015015015015,0.3418240064608097,58.9078906198975,3.978231709539058
DoE2_R1,2.5275275275275275,0.3564167898032181,58.970600339350085,4.004254398847564
DoE2_R1,2.54004004004004,0.3713377881669079,59.03307806441234,4.030550021400879
DoE2_R1,2.5525525525525525,0.3865938353755514,59.09531927897486,4.057124253709105
DoE2_R1,2.565065065065065,0.4021917652528208,59.15731946692826,4.0839827722823445
DoE2_R1,2.5775775775775776,0.4181384116223884,59.21907411216313,4.111131253630698
DoE2_R1,2.59009009009009,0.4344406083079265,59.28057869857008,4.138575374264267
DoE2_R1,2.6026026026026026,0.451095050885015,59.34183112874612,4.166180553219959
DoE2_R1,2.615115115115115,0.4680529520995374,59.4028401562372,4.193182977865764
DoE2_R1,2.627627627627628,0.4853644827925794,59.46359092591664,4.220187870166075
DoE2_R1,2.64014014014014,0.5030343437956818,59.52407943054814,4.247171397776608
DoE2_R1,2.6526526526526526,0.5210672359403855,59.58430166289541,4.274109728353075
DoE2_R1,2.665165165165165,0.5394678600582313,59.64425361572216,4.300979029551191
DoE2_R1,2.677677677677678,0.5582409169807607,59.70393128179208,4.32775546902667
DoE2_R1,2.6901901901901906,0.5773911075395133,59.76333065386888,4.354415214435226
DoE2_R1,2.702702702702703,0.5969231325660306,59.82244772471628,4.380934433432573
DoE2_R1,2.715215215215216,0.6168416928918533,59.88127848709796,4.407289293674427
DoE2_R1,2.727727727727728,0.6370822672078498,59.93988732239124,4.4332927720442274
DoE2_R1,2.7402402402402406,0.6576780810352088,59.99824204214553,4.458988282978667
DoE2_R1,2.752752752752753,0.6786455131158609,60.05632710183182,4.484379524735611
DoE2_R1,2.7652652652652656,0.6999866637126908,60.11414106346813,4.50943653414611
DoE2_R1,2.777777777777778,0.7217036330885831,60.17168248907252,4.534129348041212
DoE2_R1,2.79029029029029,0.7437985215064221,60.22894994066301,4.5584280032519695
DoE2_R1,2.802802802802803,0.7662734292290926,60.28594198025764,4.582302536609429
DoE2_R1,2.815315315315316,0.7891304565194789,60.342657169874464,4.605722984944643
DoE2_R1,2.827827827827828,0.8123717036404656,60.39909407153151,4.628659385088659
DoE2_R1,2.8403403403403407,0.8359767022727108,60.45530263985128,4.651370805287679
DoE2_R1,2.852852852852853,0.8599299309903075,60.51131281530205,4.674060978836145
DoE2_R1,2.8653653653653657,0.8842542254178396,60.56706990959038,4.696439917622103
DoE2_R1,2.877877877877878,0.9089495855553072,60.622573922716285,4.7185076216455535
DoE2_R1,2.8903903903903907,0.9340160114027102,60.67782485467976,4.740264090906496
DoE2_R1,2.902902902902903,0.9594535029600486,60.73282270548079,4.761709325404932
DoE2_R1,2.915415415415416,0.9852620602273224,60.7875674751194,4.78284332514086
DoE2_R1,2.927927927927928,1.0114416832045316,60.842059163595565,4.803666090114279
DoE2_R1,2.9404404404404407,1.0379923718916766,60.89629777090931,4.824177620325192
DoE2_R1,2.952952952952953,1.064914415259393,60.95030241562591,4.844460466395452
DoE2_R1,2.9654654654654657,1.0922103376373884,61.00424010974004,4.865235756913997
DoE2_R1,2.9779779779779783,1.119877673775464,61.05794775001211,4.885799240612828
DoE2_R1,2.9904904904904908,1.14791642367362,61.11142533644213,4.906150917491948
DoE2_R1,3.0030030030030037,1.1763265873318562,61.1646728690301,4.926290787551356
DoE2_R1,3.015515515515516,1.205108164750173,61.217690347776006,4.946218850791052
DoE2_R1,3.0280280280280283,1.2342611559285692,61.27047777267987,4.965935107211036
DoE2_R1,3.040540540540541,1.2637855608670456,61.32303514374167,4.985439556811308
DoE2_R1,3.0530530530530533,1.2936813795656026,61.37536246096141,5.004732199591867
DoE2_R1,3.065565565565566,1.3239486120242396,61.42745972433911,5.023813035552715
DoE2_R1,3.0780780780780783,1.3545872582429568,61.479326933874745,5.04268206469385
DoE2_R1,3.090590590590591,1.3855973182217542,61.53096408956832,5.061339287015274
DoE2_R1,3.1031031031031038,1.4169787919606318,61.58237119141985,5.079784702516985
DoE2_R1,3.115615615615616,1.4487316794595897,61.63354823942933,5.0980183111989845
DoE2_R1,3.1281281281281283,1.4808559807186277,61.68449523359674,5.116040113061272
DoE2_R1,3.140640640640641,1.5133516957377458,61.73521217392211,5.133850108103848
DoE2_R1,3.1531531531531534,1.546218824516944,61.78569906040541,5.151448296326711
DoE2_R1,3.165665665665666,1.57948103340991,61.83601685376903,5.169221219432985
DoE2_R1,3.1781781781781784,1.6131455329743778,61.88618412725047,5.1872866472026775
DoE2_R1,3.190690690690691,1.6471873204817091,61.93613647784035,5.205236210968673
DoE2_R1,3.2032032032032034,1.6816063959319043,61.98587390553866,5.223069910730971
DoE2_R1,3.215715715715716,1.7164027593249631,62.03539641034539,5.240787746489573
DoE2_R1,3.2282282282282284,1.751576410660886,62.08470399226056,5.258389718244478
DoE2_R1,3.240740740740741,1.787127349939672,62.13379665128415,5.275875825995686
DoE2_R1,3.253253253253253,1.8230555771613215,62.18267438741618,5.293246069743198
DoE2_R1,3.265765765765766,1.859361092325835,62.23133720065663,5.310500449487012
DoE2_R1,3.2782782782782784,1.896043895433212,62.27978509100552,5.32763896522713
DoE2_R1,3.290790790790791,1.9331039864834525,62.32801805846283,5.34466161696355
DoE2_R1,3.3033033033033035,1.970541365476557,62.37603610302857,5.361568404696274
DoE2_R1,3.315815815815816,2.0083560324125243,62.42383922470274,5.378359328425301
DoE2_R1,3.3283283283283285,2.046547987291356,62.47142742348535,5.395034388150632
DoE2_R1,3.340840840840841,2.0851172301130507,62.51880069937638,5.411593583872264
DoE2_R1,3.353353353353353,2.1240637608776094,62.56595905237584,5.428036915590201
DoE2_R1,3.365865865865866,2.163387579585032,62.612902482483726,5.44436438330444
DoE2_R1,3.3783783783783785,2.203142145804894,62.65965766963945,5.460890619580343
DoE2_R1,3.390890890890891,2.243294253340778,62.70620804170605,5.477420191666618
DoE2_R1,3.4034034034034035,2.2838354431818324,62.75254937706524,5.493903314645331
DoE2_R1,3.415915915915916,2.3247663538540224,62.79868199438464,5.510343746516475
DoE2_R1,3.4284284284284285,2.366087623883312,62.84460621233189,5.52674524528005
DoE2_R1,3.440940940940941,2.4077998917956656,62.8903223495746,5.543111568936048
DoE2_R1,3.4534534534534536,2.4499037961170487,62.93583072478038,5.559446475484467
DoE2_R1,3.465965965965966,2.4923999753734245,62.98113165661689,5.575753722925303
DoE2_R1,3.4784784784784786,2.535289068090758,63.02622546375172,5.592037069258551
DoE2_R1,3.490990990990991,2.578571712795014,63.07111246485252,5.608300272484208
DoE2_R1,3.503503503503504,2.6222485480121565,63.1157929785869,5.6245470906022685
DoE2_R1,3.516016016016016,2.66632021226815,63.16026732362249,5.64078128161273
DoE2_R1,3.5285285285285286,2.710787344088959,63.20453581862692,5.657006603515587
DoE2_R1,3.541041041041041,2.7556505820005484,63.24859878226779,5.673226814310836
DoE2_R1,3.5535535535535536,2.800910564528882,63.29245653321275,5.689445671998473
DoE2_R1,3.566066066066066,2.846567930199925,63.33610939012942,5.705666934578495
DoE2_R1,3.578578578578578,2.8926255847295863,63.37954605796671,5.721801547322487
DoE2_R1,3.591091091091091,2.939090940074058,63.42273215838174,5.7375759820061125
DoE2_R1,3.603603603603604,2.985956899242396,63.46570763535789,5.753310668124489
DoE2_R1,3.616116116116116,3.033224150409157,63.50847255323701,5.769007331196224
DoE2_R1,3.6286286286286287,3.080893381748899,63.551026976360994,5.78466769673992
DoE2_R1,3.641141141141141,3.1289652814361792,63.5933709690717,5.800293490274183
DoE2_R1,3.6536536536536537,3.1774405376455555,63.635504595711,5.8158864373176185
DoE2_R1,3.666166166166166,3.2263198385515843,63.677427920620765,5.831448263388831
DoE2_R1,3.678678678678679,3.275603872328824,63.71914100814286,5.846980694006425
DoE2_R1,3.691191191191191,3.325293327151832,63.76064392261917,5.862485454689006
DoE2_R1,3.703703703703704,3.3753888911951653,63.801936728391546,5.87796427095518
DoE2_R1,3.716216216216216,3.4258912526333813,63.84301948980187,5.8934188683235496
DoE2_R1,3.7287287287287287,3.4768010996410377,63.883892271192,5.908850972312721
DoE2_R1,3.7412412412412417,3.5281191203926943,63.92455513690383,5.924262308441301
DoE2_R1,3.753753753753754,3.579846003062904,63.9650081512792,5.939654602227892
DoE2_R1,3.7662662662662663,3.6319824358262256,64.00525137866,5.955029579191098
DoE2_R1,3.778778778778779,3.684529106857218,64.04528488338809,5.970388964849528
DoE2_R1,3.791291291291292,3.737486704330438,64.08510872980536,5.985734484721784
DoE2_R1,3.803803803803804,3.7908559164204423,64.12472298225366,6.001067864326472
DoE2_R1,3.8163163163163167,3.84463743130179,64.16412770507485,6.016390829182196
DoE2_R1,3.828828828828829,3.898831937149037,64.20332296261083,6.031705104807562
DoE2_R1,3.8413413413413418,3.953440122136741,64.24230881920344,6.047012416721175
DoE2_R1,3.8538538538538543,4.00846267443946,64.28108533919459,6.06231449044164
DoE2_R1,3.866366366366367,4.063900282231751,64.31965258692611,6.07761305148756
DoE2_R1,3.8788788788788793,4.119753633688172,64.35801062673988,6.092909825377543
DoE2_R1,3.891391391391392,4.176025261872254,64.39615546605414,6.108188947352771
DoE2_R1,3.903903903903904,4.232726471252756,64.43406382390623,6.1233509208189245
DoE2_R1,3.916416416416417,4.289848140615944,64.47175733555086,6.138490999882899
DoE2_R1,3.928928928928929,4.347391118362058,64.5092357129925,6.153609382375583
DoE2_R1,3.941441441441442,4.405356252891339,64.54649866823566,6.168706266127861
DoE2_R1,3.9539539539539534,4.463744392604029,64.58354591328478,6.183781848970623
DoE2_R1,3.966466466466467,4.522556385900369,64.62037716014437,6.198836328734755
DoE2_R1,3.9789789789789793,4.581793081180601,64.65699212081891,6.213869903251144
DoE2_R1,3.991491491491492,4.641455326844965,64.69339050731287,6.228882770350677
DoE2_R1,4.004004004004004,4.7015439712937015,64.72957203163074,6.243875127864242
DoE2_R1,4.016516516516517,4.762059862927054,64.76553640577698,6.258847173622726
DoE2_R1,4.029029029029029,4.823003850145263,64.80128334175612,6.273799105457017
DoE2_R1,4.041541541541542,4.884376781348568,64.83681255157258,6.288731121198
DoE2_R1,4.054054054054054,4.946179504937212,64.87212374723087,6.3036434186765655
DoE2_R1,4.066566566566567,5.008412869311436,64.90721664073548,6.318536195723598
DoE2_R1,4.079079079079079,5.071077722871481,64.94209094409089,6.333409650169986
DoE2_R1,4.091591591591592,5.1367952871575895,64.97619399318975,6.348180371908519
DoE2_R1,4.104104104104104,5.204713919136871,65.00970520570368,6.362875759114143
DoE2_R1,4.116616616616617,5.274098410686325,65.04277945476062,6.377519494886806
DoE2_R1,4.129129129129129,5.345031487761687,65.07539919253095,6.3921091645998445
DoE2_R1,4.141641641641642,5.417595876318689,65.10754687118501,6.406642353626598
DoE2_R1,4.1541541541541545,5.491874302313066,65.13920494289316,6.421116647340404
DoE2_R1,4.166666666666667,5.56794949170055,65.17035585982575,6.435529631114601
DoE2_R1,4.17917917917918,5.645904170436876,65.20098207415315,6.449878890322528
DoE2_R1,4.191691691691692,5.725821064477776,65.23106603804568,6.46416201033752
DoE2_R1,4.2042042042042045,5.807782899778984,65.26059020367373,6.478376576532918
DoE2_R1,4.216716716716717,5.891872402296235,65.28953702320763,6.49252017428206
DoE2_R1,4.2292292292292295,5.974522173290401,65.31863766543589,6.506728685809367
DoE2_R1,4.241741741741742,6.057881274678332,65.34745073397515,6.520921406626711
DoE2_R1,4.254254254254255,6.142409294897462,65.3758813786496,6.535081643446047
DoE2_R1,4.266766766766767,6.228094199797511,65.40393148890143,6.549210571935667
DoE2_R1,4.27927927927928,6.314923955228197,65.43160295417293,6.563309367763865
DoE2_R1,4.291791791791792,6.40288652703924,65.45889766390631,6.57737920659893
DoE2_R1,4.3043043043043046,6.49196988108036,65.48581750754381,6.591421264109153
DoE2_R1,4.316816816816817,6.582161983201273,65.51236437452769,6.605436715962825
DoE2_R1,4.32932932932933,6.673450799251701,65.53854015430018,6.619426737828239
DoE2_R1,4.341841841841842,6.765824295081362,65.56434673630352,6.633392505373685
DoE2_R1,4.354354354354355,6.85926354432325,65.58978746675484,6.64733504059228
DoE2_R1,4.366866866866867,6.952422457182949,65.61514620805988,6.661225773826234
DoE2_R1,4.37937937937938,7.046274523010923,65.64021654427023,6.675087854878139
DoE2_R1,4.391891891891892,7.140777767722795,65.66500669308887,6.688921791848106
DoE2_R1,4.404404404404405,7.2358902172341875,65.68952487221874,6.70272809283624
DoE2_R1,4.416916916916917,7.3315698974607235,65.71377929936286,6.71650726594265
DoE2_R1,4.42942942942943,7.427774834318025,65.73777819222414,6.730259819267445
DoE2_R1,4.441941941941942,7.524463053721715,65.7615297685056,6.7439862609107335
DoE2_R1,4.454454454454455,7.621592581587416,65.78504224591018,6.757687098972621
DoE2_R1,4.466966966966967,7.719121443830752,65.80832384214085,6.771362841553218
DoE2_R1,4.47947947947948,7.817007666367344,65.83138277490059,6.785013996752633
DoE2_R1,4.491991991991992,7.915314991555551,65.85420746692739,6.798645752024987
DoE2_R1,4.504504504504505,8.014663565234882,65.87668215671741,6.812287923054385
DoE2_R1,4.517017017017017,8.11446884002493,65.89891665657068,6.825917001879989
DoE2_R1,4.52952952952953,8.214707604624767,65.92091567093686,6.8395343271038005
DoE2_R1,4.542042042042042,8.315356647733465,65.94268390426564,6.853141237327823
DoE2_R1,4.554554554554555,8.416392758050097,65.96422606100666,6.866739071154062
DoE2_R1,4.567067067067067,8.517792724273738,65.98554684560959,6.880329167184521
DoE2_R1,4.57957957957958,8.61953333510346,66.0066509625241,6.893912864021202
DoE2_R1,4.592092092092092,8.721591379238335,66.02754311619987,6.907491500266111
DoE2_R1,4.604604604604605,8.823943645377437,66.04822801108655,6.92106641452125
DoE2_R1,4.617117117117117,8.92656692221984,66.06871035163381,6.934638945388624
DoE2_R1,4.62962962962963,9.029766644534332,66.08892819391026,6.9482014932637135
DoE2_R1,4.642142142142142,9.13421502624505,66.10874521233453,6.961736483227701
DoE2_R1,4.654654654654655,9.239124769349203,66.12832106571713,6.975266034793641
DoE2_R1,4.667167167167167,9.34448906132857,66.1476571328866,6.988791040564879
DoE2_R1,4.67967967967968,9.450301089664917,66.16675479267145,7.002312393144759
DoE2_R1,4.692192192192192,9.556554041840014,66.1856154239002,7.015830985136627
DoE2_R1,4.704704704704705,9.663241105335636,66.20424040540139,7.029347709143825
DoE2_R1,4.717217217217217,9.770355467633552,66.22263111600354,7.042863457769699
DoE2_R1,4.72972972972973,9.877890316215534,66.24078893453515,7.056379123617593
DoE2_R1,4.742242242242242,9.985838838563357,66.25871523982477,7.069895599290852
DoE2_R1,4.754754754754755,10.094194222158784,66.2764114107009,7.0834137773928205
DoE2_R1,4.767267267267267,10.202949654483591,66.29387882599208,7.096934550526842
DoE2_R1,4.77977977977978,10.312098323019557,66.31111886452683,7.110458811296261
DoE2_R1,4.792292292292292,10.421633415248438,66.32813290513366,7.123987452304423
DoE2_R1,4.804804804804805,10.531548118652015,66.34492232664111,7.137521366154672
DoE2_R1,4.817317317317317,10.642259442079617,66.36140103357818,7.150981424785795
DoE2_R1,4.82982982982983,10.753626159945734,66.37759814685955,7.164393899000049
DoE2_R1,4.842342342342342,10.865482412489833,66.39354787175242,7.17778971071737
DoE2_R1,4.854854854854855,10.977829397069724,66.4092499338928,7.191168240216213
DoE2_R1,4.867367367367367,11.090668311043215,66.42470405891675,7.204528867775029
DoE2_R1,4.87987987987988,11.20400035176812,66.4399099724603,7.217870973672273
DoE2_R1,4.892392392392392,11.317826716602251,66.45486740015953,7.231193938186396
DoE2_R1,4.904904904904905,11.432148602903418,66.46957606765046,7.244497141595852
DoE2_R1,4.9174174174174174,11.54696720802943,66.48403570056917,7.257779964179094
DoE2_R1,4.92992992992993,11.662283729338103,66.49824602455166,7.271041786214574
DoE2_R1,4.9424424424424425,11.778099364187243,66.51220676523403,7.284281987980746
DoE2_R1,4.954954954954955,11.894415309934669,66.52591764825227,7.297499949756061
DoE2_R1,4.967467467467468,12.01123276393818,66.53937839924248,7.310695051818975
DoE2_R1,4.97997997997998,12.128552923555596,66.55258874384067,7.323866674447938
DoE2_R1,4.9924924924924925,12.246382094356289,66.56554836157423,7.336986519466165
DoE2_R1,5.005005005005005,12.364759879128169,66.57825663141695,7.349845870254437
DoE2_R1,5.0175175175175175,12.483653491794673,66.5907135857525,7.362628243741848
DoE2_R1,5.03003003003003,12.603064736880704,66.60291894473637,7.375329730318199
DoE2_R1,5.042542542542543,12.722995418911172,66.6148724285241,7.387946420373289
DoE2_R1,5.055055055055055,12.84344734241098,66.6265737572712,7.40047440429692
DoE2_R1,5.067567567567568,12.964422311905036,66.63802265113321,7.41290977247889
DoE2_R1,5.08008008008008,13.085922131918242,66.64921883026565,7.425248615309
DoE2_R1,5.092592592592593,13.207948606975506,66.66016201482404,7.437487023177049
DoE2_R1,5.105105105105105,13.330503541601734,66.6708519249639,7.449621086472837
DoE2_R1,5.117617617617618,13.45358874032183,66.68128828084075,7.461646895586166
DoE2_R1,5.13013013013013,13.5772060076607,66.69147080261011,7.473560540906834
DoE2_R1,5.142642642642643,13.70135714814325,66.70139921042751,7.485358112824641
DoE2_R1,5.155155155155155,13.826043966294383,66.71107322444848,7.497035701729388
DoE2_R1,5.167667667667668,13.951268266639012,66.72049256482853,7.508589398010875
DoE2_R1,5.18018018018018,14.07695163265398,66.7296929902106,7.519690813626353
DoE2_R1,5.192692692692693,14.20308394268264,66.73867957846558,7.530287799896298
DoE2_R1,5.205205205205205,14.329727056877338,66.74742507037108,7.540619360464964
DoE2_R1,5.217717717717718,14.456880788639028,66.75593008057476,7.550673532015618
DoE2_R1,5.23023023023023,14.584544951368668,66.76419522372423,7.56043835123153
DoE2_R1,5.242742742742743,14.712719358467206,66.77222111446716,7.569901854795966
DoE2_R1,5.255255255255255,14.8414038233356,66.78000836745119,7.579052079392195
DoE2_R1,5.267767767767768,14.970598159374806,66.78755759732395,7.587877061703486
DoE2_R1,5.28028028028028,15.100302179985777,66.79486941873311,7.5963648384131055
DoE2_R1,5.292792792792793,15.230515698569466,66.8019444463263,7.604503446204323
DoE2_R1,5.305305305305305,15.361238528526828,66.80878329475115,7.612280921760405
DoE2_R1,5.317817817817818,15.492470483258815,66.81538657865534,7.619685301764621
DoE2_R1,5.33033033033033,15.62421137616639,66.82175491268646,7.62670462290024
DoE2_R1,5.342842842842844,15.756461020650509,66.82788891149221,7.633326921850529
DoE2_R1,5.355355355355356,15.889219230112108,66.83378918972019,7.639540235298755
DoE2_R1,5.367867867867869,16.0223836510594,66.83955401306484,7.647086946912656
DoE2_R1,5.380380380380381,16.156035537929384,66.84510615488682,7.654556638042821
DoE2_R1,5.392892892892894,16.290177819071353,66.85044325256825,7.661883857397237
DoE2_R1,5.405405405405406,16.424809450663933,66.8555667400893,7.6690713613533
DoE2_R1,5.417917917917919,16.55992938888575,66.86047805143012,7.676121906288404
DoE2_R1,5.430430430430431,16.69553658991542,66.8651786205709,7.683038248579942
DoE2_R1,5.442942942942944,16.831630009931576,66.86966988149179,7.689823144605311
DoE2_R1,5.455455455455456,16.968208605112835,66.87395326817297,7.696479350741905
DoE2_R1,5.467967967967969,17.105271331637823,66.87803021459457,7.703009623367118
DoE2_R1,5.480480480480481,17.242817145685162,66.8819021547368,7.709416718858344
DoE2_R1,5.492992992992994,17.38084500343348,66.88557052257981,7.71570339359298
DoE2_R1,5.505505505505506,17.519353861061393,66.88903675210378,7.721872403948418
DoE2_R1,5.518018018018019,17.658342674747534,66.89230227728883,7.727926506302055
DoE2_R1,5.530530530530531,17.797810400670517,66.89536853211519,7.733868457031283
DoE2_R1,5.543043043043044,17.93775599500897,66.89823695056297,7.7397010125135
DoE2_R1,5.555555555555556,18.078178413941515,66.90090896661238,7.745426929126098
DoE2_R1,5.568068068068069,18.219076613646777,66.90338601424355,7.751048963246472
DoE2_R1,5.580580580580581,18.36044955030338,66.90566952743669,7.756569871252018
DoE2_R1,5.593093093093094,18.502280385618672,66.9077553018155,7.76183408752768
DoE2_R1,5.605605605605606,18.64455287795019,66.9096393459977,7.766692027212355
DoE2_R1,5.618118118118119,18.78728989129772,66.91133162864716,7.771386095976943
DoE2_R1,5.630630630630631,18.930490026899705,66.91283345703647,7.77591549231856
DoE2_R1,5.643143143143144,19.07415188599457,66.91414613843818,7.780279414734327
DoE2_R1,5.655655655655656,19.21827406982076,66.91527098012492,7.784477061721359
DoE2_R1,5.668168168168169,19.362855179616705,66.91620928936923,7.788507631776773
DoE2_R1,5.680680680680681,19.507893816620843,66.91696237344372,7.79237032339769
DoE2_R1,5.693193193193194,19.653388582071603,66.91753153962097,7.796064335081225
DoE2_R1,5.705705705705706,19.799338077207427,66.91791809517355,7.799588865324497
DoE2_R1,5.718218218218219,19.945740903266746,66.91812334737406,7.802943112624625
DoE2_R1,5.730730730730731,20.092595661487994,66.91814860349507,7.806126275478725
DoE2_R1,5.743243243243244,20.239900953109608,66.91799517080915,7.809137552383915
DoE2_R1,5.755755755755756,20.387655379370024,66.91766435658892,7.811976141837313
DoE2_R1,5.768268268268269,20.53585754150768,66.91715746810694,7.814641242336037
DoE2_R1,5.780780780780781,20.684506040761004,66.91647581263578,7.817132052377206
DoE2_R1,5.793293293293294,20.833599478368438,66.91562069744805,7.819447770457935
DoE2_R1,5.805805805805806,20.98313645556841,66.91459342981632,7.821587595075344
DoE2_R1,5.818318318318319,21.133115573599355,66.91339531701317,7.823550724726549
DoE2_R1,5.830830830830831,21.28353420942721,66.91201919795402,7.825661279004162
DoE2_R1,5.843343343343344,21.43439164426408,66.91047108332512,7.8277379918499905
DoE2_R1,5.855855855855856,21.585686766231973,66.90875426478769,7.829703923056698
DoE2_R1,5.868368368368369,21.7374181639355,66.90686996222549,7.831561624130098
DoE2_R1,5.8808808808808815,21.88958442597927,66.90481939552227,7.833313646575999
DoE2_R1,5.893393393393394,22.04218414096789,66.90260378456178,7.8349625419002145
DoE2_R1,5.9059059059059065,22.19521589750597,66.90022434922777,7.836510861608556
DoE2_R1,5.918418418418419,22.34867828419813,66.897682309404,7.837961157206832
DoE2_R1,5.930930930930932,22.50256988964896,66.89497888497421,7.839315980200856
DoE2_R1,5.943443443443444,22.656889302463085,66.89211529582215,7.840577882096439
DoE2_R1,5.9559559559559565,22.81163511124511,66.88909276183159,7.841749414399393
DoE2_R1,5.968468468468469,22.96680590459965,66.88591250288626,7.842833128615528
DoE2_R1,5.9809809809809815,23.122400271131298,66.8825757388699,7.843831576250656
DoE2_R1,5.993493493493494,23.278416799444685,66.87908368966629,7.844747308810588
DoE2_R1,6.006006006006007,23.434854078144408,66.87543757515915,7.845582877801134
DoE2_R1,6.018518518518519,23.59171069583508,66.87163861523227,7.8463408347281085
DoE2_R1,6.031031031031032,23.74898524112131,66.86768802976937,7.84702373109732
DoE2_R1,6.043543543543544,23.90667630260771,66.8635870386542,7.847634118414581
DoE2_R1,6.056056056056057,24.065391342912065,66.85919725849291,7.848162839973305
DoE2_R1,6.068568568568569,24.22715682962939,66.85405495492986,7.848573452614691
DoE2_R1,6.081081081081082,24.389834307893697,66.84865133143565,7.848909601664147
DoE2_R1,6.093593593593594,24.55344761621664,66.84298181856863,7.849173353089808
DoE2_R1,6.106106106106107,24.718020593109877,66.83704184688717,7.849366772859806
DoE2_R1,6.118618618618619,24.88357707708505,66.83082684694962,7.849491926942274
DoE2_R1,6.131131131131132,25.05014090665383,66.82433224931435,7.849550881305348
DoE2_R1,6.143643643643644,25.217735920327865,66.81755348453973,7.849545701917156
DoE2_R1,6.156156156156157,25.38638595661881,66.8104859831841,7.849478454745835
DoE2_R1,6.168668668668669,25.556114854038317,66.80312517580583,7.8493512057595165
DoE2_R1,6.181181181181182,25.726946451098037,66.7954664929633,7.849166020926334
DoE2_R1,6.193693693693694,25.898904586309627,66.78750536521486,7.848924966214421
DoE2_R1,6.206206206206207,26.072013098184748,66.77923722311886,7.848630107591909
DoE2_R1,6.218718718718719,26.24629582523505,66.77065749723367,7.848283511026933
DoE2_R1,6.231231231231232,26.42177660597218,66.76176161811766,7.847887242487625
DoE2_R1,6.243743743743744,26.598479278907806,66.75254501632918,7.847443367942117
DoE2_R1,6.256256256256257,26.77642768255357,66.7430031224266,7.846953953358544
DoE2_R1,6.268768768768769,26.955645655421137,66.73313136696828,7.846421064705039
DoE2_R1,6.281281281281282,27.136157036022155,66.72292518051259,7.845846767949734
DoE2_R1,6.293793793793794,27.3154943775608,66.71288186694365,7.84523351235634
DoE2_R1,6.306306306306307,27.494181155165062,66.70289620424117,7.844583287021623
DoE2_R1,6.318818818818819,27.67362363292348,66.69268513116663,7.843897945221253
DoE2_R1,6.331331331331332,27.853817945921964,66.68224965917688,7.843179557185662
DoE2_R1,6.343843843843844,28.034760229246444,66.67159079972875,7.84243019314528
DoE2_R1,6.356356356356357,28.216446617982843,66.66070956427909,7.841651923330539
DoE2_R1,6.368868868868869,28.39887324721708,66.64960696428477,7.84084681797187
DoE2_R1,6.381381381381382,28.582036252035085,66.63828401120264,7.840016947299702
DoE2_R1,6.393893893893894,28.76593176752277,66.62674171648953,7.839164381544469
DoE2_R1,6.406406406406407,28.950555928766065,66.61498109160232,7.8382911909366015
DoE2_R1,6.418918918918919,29.135904870850887,66.60300314799782,7.837399445706529
DoE2_R1,6.431431431431432,29.321974728863164,66.59080889713293,7.836491216084685
DoE2_R1,6.443943943943944,29.508761637888817,66.57839935046445,7.835568572301499
DoE2_R1,6.456456456456457,29.696261733013767,66.56577551944928,7.834633584587403
DoE2_R1,6.468968968968969,29.88447114932394,66.55293841554422,7.833688323172827
DoE2_R1,6.481481481481482,30.07338602190525,66.53988905020616,7.832734858288203
DoE2_R1,6.493993993993994,30.263002485843632,66.52662843489193,7.831775260163962
DoE2_R1,6.506506506506507,30.453316676225,66.5131575810584,7.830811599030535
DoE2_R1,6.519019019019019,30.64432472813528,66.4994775001624,7.829845945118354
DoE2_R1,6.531531531531532,30.836022776660396,66.48558920366078,7.828880368657849
DoE2_R1,6.544044044044044,31.02807208588321,66.4715604929458,7.827882411082128
DoE2_R1,6.556556556556557,31.219686804667347,66.45754834642509,7.82677351144265
DoE2_R1,6.569069069069069,31.41177603487472,66.44337168456697,7.825649876650789
DoE2_R1,6.581581581581582,31.60432648159579,66.42903339963847,7.824512604603155
DoE2_R1,6.594094094094094,31.797324849921036,66.4145363839066,7.823362793196358
DoE2_R1,6.606606606606607,31.99075784494092,66.39988352963837,7.8222015403270095
DoE2_R1,6.619119119119119,32.184612171745904,66.38507772910083,7.82102994389172
DoE2_R1,6.631631631631632,32.37887453542646,66.37012187456095,7.819849101787099
DoE2_R1,6.644144144144144,32.57353164107307,66.35501885828579,7.818660111909758
DoE2_R1,6.656656656656657,32.76857019377618,66.33977157254233,7.817464072156308
DoE2_R1,6.6691691691691695,32.96397689862627,66.32438290959762,7.816262080423358
DoE2_R1,6.681681681681682,33.159738460713804,66.30885576171865,7.815055234607518
DoE2_R1,6.6941941941941945,33.355841585129255,66.29319302117246,7.813844632605401
DoE2_R1,6.706706706706707,33.55227297696309,66.27739758022605,7.812631372313617
DoE2_R1,6.71921921921922,33.74901934130577,66.26147233114645,7.811416551628775
DoE2_R1,6.731731731731732,33.946067383247765,66.24542016620067,7.810201268447487
DoE2_R1,6.7442442442442445,34.14340380787955,66.22924397765573,7.808986620666361
DoE2_R1,6.756756756756757,34.34101532029158,66.21294665777864,7.807773706182011
DoE2_R1,6.7692692692692695,34.538888625574344,66.19653109883643,7.806563622891044
DoE2_R1,6.781781781781782,34.73701042881829,66.1800001930961,7.805357468690074
DoE2_R1,6.794294294294295,34.93536743511389,66.16335683282469,7.804156341475709
DoE2_R1,6.806806806806807,35.13459530701585,66.1464664137039,7.802819708978016
DoE2_R1,6.81931931931932,35.33421802787359,66.1294298662588,7.80144965469106
DoE2_R1,6.831831831831832,35.53414704369461,66.11226602812648,7.800063701249655
DoE2_R1,6.844344344344345,35.73437404682099,66.09497673490982,7.798661858119633
DoE2_R1,6.856856856856857,35.934890729594834,66.07756382221172,7.797244134766826
DoE2_R1,6.86936936936937,36.13568878435823,66.06002912563507,7.795810540657065
DoE2_R1,6.881881881881882,36.33675990345326,66.04237448078277,7.794361085256184
DoE2_R1,6.894394394394395,36.538095779222026,66.02460172325773,7.792895778030013
DoE2_R1,6.906906906906907,36.73968810400662,66.00671268866283,7.791414628444386
DoE2_R1,6.91941941941942,36.94152857014912,65.98870921260098,7.789917645965133
DoE2_R1,6.931931931931932,37.14360886999162,65.97059313067507,7.788404840058088
DoE2_R1,6.944444444444445,37.34592069587623,65.95236627848799,7.786876220189081
DoE2_R1,6.956956956956957,37.54845574014503,65.93403049164264,7.785331795823946
DoE2_R1,6.96946946946947,37.7512056951401,65.91558760574193,7.783771576428513
DoE2_R1,6.981981981981982,37.95416225320354,65.89703945638875,7.782195571468615
DoE2_R1,6.994494494494495,38.157317106677446,65.878387879186,7.780603790410085
DoE2_R1,7.007007007007007,38.36066194790391,65.85963470973655,7.778996242718754
DoE2_R1,7.01951951951952,38.56418846922501,65.84078178364332,7.777372937860454
DoE2_R1,7.032032032032032,38.767888362982845,65.82183093650922,7.775733885301017
DoE2_R1,7.044544544544545,38.9717533215195,65.80278400393712,7.774079094506275
DoE2_R1,7.057057057057057,39.17610163305191,65.7835826307463,7.772373678792109
DoE2_R1,7.06956956956957,39.38100011037599,65.76421312739444,7.7706144678182385
DoE2_R1,7.082082082082082,39.58616723244243,65.74472688628353,7.768832958131052
DoE2_R1,7.094594594594595,39.791602999251246,65.72512390741355,7.767029149730546
DoE2_R1,7.107107107107107,39.99730741080244,65.70540419078449,7.765203042616723
DoE2_R1,7.11961961961962,40.20328046709599,65.6855677363964,7.7633546367895825
DoE2_R1,7.132132132132132,40.40952216813192,65.66561454424922,7.761483932249124
DoE2_R1,7.144644644644645,40.61603251391022,65.645544614343,7.759590928995348
DoE2_R1,7.157157157157157,40.82281150443089,65.6253579466777,7.757675627028255
DoE2_R1,7.16966966966967,41.029859139693926,65.60505454125334,7.755738026347843
DoE2_R1,7.182182182182182,41.23717541969933,65.58463439806992,7.7537781269541135
DoE2_R1,7.194694694694695,41.44476034444711,65.56409751712744,7.751795928847067
DoE2_R1,7.207207207207207,41.65261391393726,65.54344389842589,7.7497914320267025
DoE2_R1,7.21971971971972,41.860736128169776,65.52267354196529,7.74776463649302
DoE2_R1,7.232232232232232,42.06912698714467,65.50178644774562,7.745715542246019
DoE2_R1,7.244744744744745,42.27778649086193,65.48078261576688,7.743644149285702
DoE2_R1,7.257257257257257,42.48671463932156,65.4596620460291,7.741550457612067
DoE2_R1,7.26976976976977,42.69591143252356,65.43842473853223,7.739434467225113
DoE2_R1,7.282282282282282,42.905376870467926,65.41707069327632,7.737296178124842
DoE2_R1,7.294794794794795,43.11511095315467,65.39559991026134,7.735135590311253
DoE2_R1,7.307307307307307,43.325037492366505,65.37404508934634,7.73295124749168
DoE2_R1,7.31981981981982,43.53476546236629,65.35257405814227,7.730735675440669
DoE2_R1,7.332332332332332,43.74473821927174,65.33099652892388,7.728497348647917
DoE2_R1,7.344844844844845,43.95495576308285,65.30931250169117,7.726236267113422
DoE2_R1,7.357357357357357,44.16541809379963,65.28752197644414,7.723952430837188
DoE2_R1,7.36986986986987,44.37612521142207,65.2656249531828,7.721645839819211
DoE2_R1,7.382382382382382,44.58707711595018,65.24362143190712,7.719316494059494
DoE2_R1,7.394894894894895,44.79827380738395,65.22151141261713,7.716964393558035
DoE2_R1,7.407407407407407,45.00971528572338,65.19929489531283,7.714589538314835
DoE2_R1,7.41991991991992,45.22140155096848,65.17697187999421,7.712191928329894
DoE2_R1,7.432432432432432,45.43333260311924,65.15454236666127,7.709771563603212
DoE2_R1,7.444944944944945,45.64550844217566,65.13200635531402,7.707328444134788
DoE2_R1,7.4574574574574575,45.85792906813775,65.10936384595244,7.704862569924623
DoE2_R1,7.46996996996997,46.07059448100551,65.08661483857655,7.702373940972718
DoE2_R1,7.482482482482483,46.28350468077894,65.06375933318634,7.69986255727907
DoE2_R1,7.494994994994996,46.49665966745802,65.04079732978181,7.697328418843682
DoE2_R1,7.507507507507508,46.710059441042766,65.01772882836295,7.694771525666553
DoE2_R1,7.520020020020021,46.92370400153317,64.99455382892978,7.692191877747683
DoE2_R1,7.532532532532533,47.13759334892925,64.9712723314823,7.689589475087071
DoE2_R1,7.545045045045046,47.35172748323098,64.9478843360205,7.686964317684717
DoE2_R1,7.557557557557558,47.56610640443838,64.92438984254437,7.684316405540623
DoE2_R1,7.570070070070071,47.780730112551446,64.90078885105393,7.681645738654788
DoE2_R1,7.582582582582583,47.99559860757017,64.87708136154917,7.678952317027211
DoE2_R1,7.595095095095096,48.21071188949457,64.8532673740301,7.6762361406578945
DoE2_R1,7.607607607607608,48.42606995832463,64.8293468884967,7.673497209546835
DoE2_R1,7.620120120120121,48.64167281406034,64.80531990494899,7.670735523694035
DoE2_R1,7.6326326326326335,48.85752045670173,64.78118642338694,7.667951083099494
DoE2_R1,7.645145145145146,49.073612886248775,64.75694644381059,7.665143887763211
DoE2_R1,7.657657657657658,49.28995010270149,64.73259996621992,7.662313937685187
DoE2_R1,7.670170170170171,49.506532106059865,64.70814699061494,7.659461232865423
DoE2_R1,7.6826826826826835,49.7233588963239,64.68358751699563,7.656585773303917
DoE2_R1,7.695195195195196,49.940430473493606,64.658921545362,7.653687559000669
DoE2_R1,7.7077077077077085,50.15774683756897,64.63414907571406,7.650766589955682
DoE2_R1,7.720220220220221,50.375307988550006,64.6092701080518,7.647822866168951
DoE2_R1,7.732732732732733,50.5931139264367,64.58428464237521,7.64485638764048
DoE2_R1,7.745245245245246,50.81116465122906,64.55919267868431,7.641867154370269
DoE2_R1,7.7577577577577586,51.02946016292708,64.5339942169791,7.638855166358316
DoE2_R1,7.770270270270271,51.24800046153077,64.50868925725956,7.635820423604621
DoE2_R1,7.782782782782784,51.466785547040125,64.48327779952571,7.632762926109186
DoE2_R1,7.795295295295296,51.68581541945514,64.45775984377754,7.629682673872009
DoE2_R1,7.807807807807809,51.90509007877581,64.43213539001505,7.626579666893091
DoE2_R1,7.820320320320321,52.12460952500216,64.40640443823823,7.623453905172432
DoE2_R1,7.832832832832834,52.34437375813417,64.3805669884471,7.620305388710032
DoE2_R1,7.845345345345346,52.56438277817184,64.35462304064166,7.61713411750589
DoE2_R1,7.857857857857859,52.78463658511517,64.32857259482189,7.613940091560008
DoE2_R1,7.870370370370371,53.00476186175465,64.30254763699756,7.610807577117041
DoE2_R1,7.882882882882884,53.22503780504985,64.27644945730025,7.60767355302848
DoE2_R1,7.895395395395396,53.44551349305834,64.25026070422076,7.604526941252643
DoE2_R1,7.907907907907909,53.66618892578014,64.22398137775913,7.601367741789528
DoE2_R1,7.920420420420421,53.887064103215245,64.19761147791533,7.598195954639137
DoE2_R1,7.932932932932934,54.10813902536364,64.17115100468938,7.595011579801469
DoE2_R1,7.945445445445446,54.329413692225344,64.14459995808127,7.5918146172765235
DoE2_R1,7.957957957957959,54.55088810380034,64.117958338091,7.588605067064301
DoE2_R1,7.970470470470471,54.77256226008864,64.09122614471856,7.585382929164802
DoE2_R1,7.982982982982984,54.99443616109025,64.06440337796397,7.582148203578026
DoE2_R1,7.995495495495496,55.21650980680515,64.03749003782723,7.578900890303972
DoE2_R1,8.008008008008009,55.43878319723336,64.01048612430831,7.5756409893426415
DoE2_R1,8.02052052052052,55.66125633237485,63.98339163740725,7.572368500694034
DoE2_R1,8.033033033033034,55.88392921222967,63.95620657712402,7.569083424358149
DoE2_R1,8.045545545545545,56.10680183679776,63.92893094345864,7.565785760334989
DoE2_R1,8.058058058058059,56.32987420607918,63.90156473641109,7.56247550862455
DoE2_R1,8.07057057057057,56.55314632007388,63.87410795598139,7.559152669226834
DoE2_R1,8.083083083083084,56.7766181787819,63.846560602169525,7.555817242141842
DoE2_R1,8.095595595595595,57.01559894912423,63.81559710968265,7.552087585050088
DoE2_R1,8.108108108108109,57.258625163331054,63.783707653900514,7.548249470812472
DoE2_R1,8.12062062062062,57.50369676291481,63.75132670164447,7.544352758899743
DoE2_R1,8.133133133133134,57.750813747875554,63.718454252914505,7.540397449311901
DoE2_R1,8.145645645645645,57.999976118213226,63.68509030771063,7.536383542048946
DoE2_R1,8.158158158158159,58.2511838739279,63.65123486603285,7.532311037110879
DoE2_R1,8.17067067067067,58.5044370150195,63.61688792788115,7.528179934497698
DoE2_R1,8.183183183183184,58.7597355414881,63.58204949325554,7.523990234209403
DoE2_R1,8.195695695695695,59.017079453333615,63.54671956215602,7.519741936245997
DoE2_R1,8.208208208208209,59.27646875055613,63.51089813458258,7.515435040607477
DoE2_R1,8.22072072072072,59.537903433155584,63.47458521053524,7.511069547293845
DoE2_R1,8.233233233233234,59.80138350113202,63.43778079001397,7.506645456305098
DoE2_R1,8.245745745745745,60.06690895448539,63.40048487301881,7.502162767641241
DoE2_R1,8.258258258258259,60.33447979321576,63.36269745954972,7.497621481302268
DoE2_R1,8.27077077077077,60.60409601732305,63.32441854960673,7.493021597288184
DoE2_R1,8.283283283283284,60.87575762680734,63.28564814318983,7.488363115598986
DoE2_R1,8.295795795795796,61.14946462166856,63.246386240299,7.483646036234675
DoE2_R1,8.308308308308309,61.42521700190677,63.20663284093427,7.478870359195251
DoE2_R1,8.32082082082082,61.69448143650034,63.16822463627437,7.4742211577075075
DoE2_R1,8.333333333333334,61.96365547083009,63.12978463588769,7.4695596800502
DoE2_R1,8.345845845845846,62.23384694875613,63.0910743904465,7.464861899001433
DoE2_R1,8.358358358358359,62.50505587027854,63.0520938999508,7.460127814561206
DoE2_R1,8.37087087087087,62.77728223539723,63.01284316440059,7.455357426729519
DoE2_R1,8.383383383383384,63.05052604411229,62.97332218379587,7.450550735506371
DoE2_R1,8.395895895895896,63.32478729642363,62.93353095813664,7.445707740891763
DoE2_R1,8.408408408408409,63.60006599233134,62.8934694874229,7.440828442885694
DoE2_R1,8.42092092092092,63.87636213183533,62.85313777165465,7.435912841488165
DoE2_R1,8.433433433433434,64.15367571493569,62.812535810831896,7.430960936699176
DoE2_R1,8.445945945945946,64.43200674163234,62.77166360495463,7.425972728518727
DoE2_R1,8.458458458458459,64.71135521192535,62.730521154022846,7.420948216946817
DoE2_R1,8.47097097097097,64.99172112581464,62.68910845803656,7.415887401983447
DoE2_R1,8.483483483483484,65.2731044833003,62.64742551699576,7.410790283628616
DoE2_R1,8.495995995995996,65.55550528438225,62.60547233090045,7.405656861882326
DoE2_R1,8.508508508508509,65.83892352906057,62.56324889975063,7.400487136744575
DoE2_R1,8.52102102102102,66.12335921733516,62.52075522354631,7.3952811082153636
DoE2_R1,8.533533533533534,66.40881234920612,62.47799130228747,7.390038776294691
DoE2_R1,8.546046046046047,66.68945140284379,62.43623453612141,7.384941096121235
DoE2_R1,8.558558558558559,66.96963125499089,62.39453098534675,7.379852933617146
DoE2_R1,8.571071071071072,67.25010278754056,62.352716168603614,7.374750988528893
DoE2_R1,8.583583583583584,67.53086600049272,62.310790085892,7.369635260856478
DoE2_R1,8.596096096096097,67.81192089384747,62.26875273721191,7.364505750599901
DoE2_R1,8.608608608608609,68.09326746760472,62.22660412256333,7.359362457759161
DoE2_R1,8.621121121121122,68.37490572176453,62.18434424194628,7.354205382334259
DoE2_R1,8.633633633633634,68.65683565632685,62.14197309536074,7.349034524325194
DoE2_R1,8.646146146146148,68.93905727129174,62.09949068280672,7.343849883731966
DoE2_R1,8.65865865865866,69.22157056665914,62.05689700428423,7.338651460554577
DoE2_R1,8.671171171171173,69.50437554242912,62.014192059793245,7.333439254793024
DoE2_R1,8.683683683683684,69.78747219860158,61.9713758493338,7.328213266447309
DoE2_R1,8.696196196196198,70.07086053517662,61.928448372905855,7.322973495517432
DoE2_R1,8.70870870870871,70.35454055215416,61.88540963050944,7.317719942003392
DoE2_R1,8.721221221221223,70.63851224953429,61.84225962214454,7.312452605905189
DoE2_R1,8.733733733733734,70.9227756273169,61.79899834781117,7.307171487222824
DoE2_R1,8.746246246246248,71.2073306855021,61.7556258075093,7.301876585956297
DoE2_R1,8.75875875875876,71.49095050118662,61.71242167824789,7.296606940989563
DoE2_R1,8.771271271271273,71.77343472958668,61.6694316286095,7.291368926999262
DoE2_R1,8.783783783783784,72.05593674471801,61.62639274705008,7.286125845318962
DoE2_R1,8.796296296296298,72.33845654658066,61.5833050335696,7.280877695948663
DoE2_R1,8.80880880880881,72.62099413517456,61.54016848816809,7.275624478888367
DoE2_R1,8.821321321321323,72.90354951049977,61.49698311084554,7.27036619413807
DoE2_R1,8.833833833833834,73.18612267255624,61.45374890160195,7.265102841697777
DoE2_R1,8.846346346346348,73.46871362134402,61.41046586043731,7.259834421567484
DoE2_R1,8.85885885885886,73.75132235686307,61.36713398735164,7.254560933747192
DoE2_R1,8.871371371371373,74.03394887911344,61.32375328234492,7.249282378236901
DoE2_R1,8.883883883883884,74.31659318809504,61.28032374541717,7.243998755036613
DoE2_R1,8.896396396396398,74.59925528380798,61.23684537656837,7.238710064146326
DoE2_R1,8.90890890890891,74.88193516625216,61.19331817579853,7.23341630556604
DoE2_R1,8.921421421421423,75.16463283542768,61.14974214310765,7.228117479295754
DoE2_R1,8.933933933933934,75.44734829133444,61.10611727849574,7.222813585335472
DoE2_R1,8.946446446446448,75.73008153397251,61.062443581962775,7.21750462368519
DoE2_R1,8.95895895895896,76.01283256334185,61.01872105350877,7.212190594344909
DoE2_R1,8.971471471471473,76.29551774556317,60.97497134492433,7.20687236095778
DoE2_R1,8.983983983983984,76.57757501576874,60.93133996794365,7.201555727672515
DoE2_R1,8.996496496496498,76.85957174707505,60.88768003659172,7.196234835524904
DoE2_R1,9.00900900900901,77.141507939482,60.843991550868544,7.190909684514948
DoE2_R1,9.021521521521525,77.4233835929897,60.80027451077411,7.185580274642646
DoE2_R1,9.034034034034034,77.70519870759803,60.75652891630843,7.180246605908001
DoE2_R1,9.046546546546548,77.9869532833071,60.7127547674715,7.174908678311008
DoE2_R1,9.05905905905906,78.26864732011684,60.66895206426333,7.169566491851671
DoE2_R1,9.071571571571573,78.5502808180273,60.625120806683896,7.164220046529987
DoE2_R1,9.084084084084084,78.83185377703842,60.58126099473322,7.15886934234596
DoE2_R1,9.096596596596598,79.11336619715027,60.53737262841128,7.153514379299586
DoE2_R1,9.10910910910911,79.39481807836277,60.49345570771811,7.148155157390868
DoE2_R1,9.121621621621625,79.676209420676,60.44951023265368,7.142791676619803
DoE2_R1,9.134134134134134,79.9575402240899,60.405536203218,7.137423936986393
DoE2_R1,9.146646646646648,80.23881048860453,60.36153361941107,7.132051938490639
DoE2_R1,9.15915915915916,80.5200202142198,60.31750248123289,7.1266756811325385
DoE2_R1,9.171671671671673,80.80116940093582,60.273442788683454,7.121295164912093
DoE2_R1,9.184184184184184,81.08225804875248,60.22935454176278,7.115910389829302
DoE2_R1,9.196696696696698,81.36277242584926,60.185427663837785,7.110568179396205
DoE2_R1,9.20920920920921,81.64302354145046,60.14154717678824,7.1052401870249975
DoE2_R1,9.221721721721725,81.92318542291453,60.09764874381328,7.099910551186795
DoE2_R1,9.234234234234236,82.20325807024138,60.05373236491289,7.0945792718816
DoE2_R1,9.246746746746748,82.4832414834311,60.00979804008708,7.089246349109411
DoE2_R1,9.25925925925926,82.7631356624836,59.96584576933586,7.083911782870229
DoE2_R1,9.271771771771771,83.04294060739899,59.92187555265921,7.078575573164052
DoE2_R1,9.284284284284285,83.32265631817715,59.87788739005715,7.073237719990883
DoE2_R1,9.296796796796798,83.60228279481818,59.83388128152966,7.06789822335072
DoE2_R1,9.30930930930931,83.881820037322,59.78985722707676,7.062557083243563
DoE2_R1,9.321821821821825,84.16126804568869,59.74581522669843,7.057214299669412
DoE2_R1,9.334334334334336,84.44062681991817,59.70175528039469,7.051869872628268
DoE2_R1,9.346846846846848,84.71989636001051,59.65767738816553,7.046523802120131
DoE2_R1,9.35935935935936,84.99907666596565,59.61358155001096,7.041176088145
DoE2_R1,9.371871871871871,85.27816773778365,59.56946776593095,7.035826730702874
DoE2_R1,9.384384384384385,85.55716957546443,59.525336035925534,7.030475729793757
DoE2_R1,9.396896896896898,85.83608217900809,59.481186359994695,7.025123085417644
DoE2_R1,9.40940940940941,86.11490554841453,59.437018738138434,7.019768797574539
DoE2_R1,9.421921921921925,86.39363968368384,59.39283317035675,7.01441286626444
DoE2_R1,9.434434434434436,86.67228458481594,59.34862965664966,7.009055291487347
DoE2_R1,9.446946946946948,86.95084025181092,59.30440819701714,7.003696073243261
DoE2_R1,9.45945945945946,87.22930668466867,59.26016879145921,6.998335211532181
DoE2_R1,9.471971971971971,87.50768388338929,59.21591143997585,6.992972706354108
DoE2_R1,9.484484484484485,87.7859718479727,59.17163614256708,6.987608557709041
DoE2_R1,9.496996996996998,88.06417057841898,59.12734289923288,6.98224276559698
DoE2_R1,9.50950950950951,88.34228007472805,59.08303170997327,6.976875330017927
DoE2_R1,9.522022022022025,88.62030033689999,59.03870257478823,6.971506250971879
DoE2_R1,9.534534534534536,88.8982313649347,58.99435549367779,6.966135528458837
DoE2_R1,9.547047047047048,89.1760731588323,58.94999046664191,6.960763162478802
DoE2_R1,9.55955955955956,89.45382571859268,58.90560749368062,6.955389153031774
DoE2_R1,9.572072072072071,89.73148904421592,58.861206574793904,6.950013500117752
DoE2_R1,9.584584584584585,90.00906313570196,58.81678770998178,6.944636203736737
DoE2_R1,9.597097097097098,90.28654799305086,58.77235089924422,6.939257263888727
DoE2_R1,9.60960960960961,90.56394361626256,58.72789614258126,6.933876680573724
DoE2_R1,9.622122122122123,90.84125000533712,58.68342343999287,6.928494453791728
DoE2_R1,9.634634634634637,91.11846716027446,58.63893279147906,6.923110583542738
DoE2_R1,9.647147147147148,91.39559508107467,58.59442419703984,6.917725069826754
DoE2_R1,9.65965965965966,91.67263376773768,58.54989765667519,6.912337912643777
DoE2_R1,9.672172172172171,91.94958322026356,58.50535317038512,6.906949111993806
DoE2_R1,9.684684684684685,92.2264434386522,58.46079073816964,6.901558667876843
DoE2_R1,9.697197197197198,92.50321442290374,58.41621036002873,6.896166580292885
DoE2_R1,9.70970970970971,92.77989617301806,58.37161203596241,6.890772849241934
DoE2_R1,9.722222222222223,93.05648868899524,58.326995765970665,6.885377474723988
DoE2_R1,9.734734734734737,93.3329919708352,58.2823615500535,6.87998045673905
DoE2_R1,9.747247247247248,93.60940601853804,58.23770938821092,6.874581795287117
DoE2_R1,9.75975975975976,93.88573083210368,58.19303928044292,6.8691814903681925
DoE2_R1,9.772272272272271,94.16196641153218,58.14835122674949,6.8637795419822725
DoE2_R1,9.784784784784785,94.44007333059028,58.10325741778372,6.85832553189208
DoE2_R1,9.797297297297298,94.72299093124222,58.05717643992739,6.852743871796321
DoE2_R1,9.80980980980981,95.00609910929848,58.01102216830155,6.847153372582513
DoE2_R1,9.822322322322323,95.28939786475917,57.96479460290618,6.841554034250655
DoE2_R1,9.834834834834837,95.57288719762414,57.91849374374131,6.835945856800749
DoE2_R1,9.847347347347348,95.85656710789354,57.87211959080691,6.830328840232792
DoE2_R1,9.85985985985986,96.14043759556724,57.825672144103,6.824702984546788
DoE2_R1,9.872372372372372,96.42449866064536,57.77915140362958,6.819068289742734
DoE2_R1,9.884884884884883,96.7087503031278,57.73255736938664,6.813424755820631
DoE2_R1,9.897397397397398,96.99319252301464,57.68589004137417,6.807772382780479
DoE2_R1,9.90990990990991,97.2778253203058,57.6391494195922,6.802111170622278
DoE2_R1,9.922422422422423,97.56264869500136,57.59233550404071,6.796441119346027
DoE2_R1,9.934934934934937,97.84766264710126,57.545448294719705,6.790762228951729
DoE2_R1,9.947447447447448,98.13286717660556,57.49848779162917,6.78507449943938
DoE2_R1,9.95995995995996,98.41826228351415,57.45145399476914,6.779377930808982
DoE2_R1,9.972472472472472,98.7038479678272,57.40434690413958,6.773672523060535
DoE2_R1,9.984984984984983,98.98962422954452,57.35716651974051,6.767958276194039
DoE2_R1,9.997497497497498,99.27559106866626,57.30991284157192,6.762235190209494
DoE2_R1,10.01001001001001,99.56174848519233,57.26258586963382,6.7565032651069
DoE2_R1,10.022522522522523,99.8480964791228,57.21518560392619,6.750762500886257
DoE2_R1,10.035035035035037,100.13463505045758,57.167712044449054,6.745012897547565
DoE2_R1,10.047547547547548,100.42136419919676,57.1201651912024,6.739254455090823
DoE2_R1,10.06006006006006,100.70828392534028,57.07254504418624,6.733487173516033
DoE2_R1,10.072572572572572,100.9953942288882,57.02485160340054,6.727711052823192
DoE2_R1,10.085085085085083,101.28269510984045,56.97708486884534,6.721926093012304
DoE2_R1,10.097597597597598,101.57018656819707,56.92924484052062,6.716132294083366
DoE2_R1,10.11011011011011,101.85786860395804,56.88133151842639,6.71032965603638
DoE2_R1,10.122622622622623,102.1457412171234,56.83334490256263,6.704518178871343
DoE2_R1,10.135135135135137,102.43380440769307,56.78528499292937,6.698697862588258
DoE2_R1,10.147647647647648,102.7220581756672,56.73715178952658,6.692868707187124
DoE2_R1,10.16016016016016,103.0105025210456,56.68894529235428,6.687030712667941
DoE2_R1,10.172672672672672,103.2991374438284,56.640665501412464,6.681183879030708
DoE2_R1,10.185185185185183,103.58796294401554,56.592312416701134,6.675328206275426
DoE2_R1,10.1976976976977,103.87697902160708,56.54388603822028,6.669463694402095
DoE2_R1,10.21021021021021,104.16618567660296,56.49538636596992,6.663590343410715
DoE2_R1,10.222722722722724,104.4555829090032,56.44681339995003,6.657708153301286
DoE2_R1,10.235235235235235,104.7451707188078,56.39816714016064,6.651817124073808
DoE2_R1,10.247747747747749,105.03494910601678,56.34944758660172,6.645917255728281
DoE2_R1,10.26026026026026,105.3249180706301,56.30065473927329,6.640008548264705
DoE2_R1,10.272772772772774,105.6150776126478,56.25178859817534,6.634091001683079
DoE2_R1,10.285285285285283,105.90542773206984,56.20284916330788,6.628164615983405
DoE2_R1,10.2977977977978,106.1959684288963,56.15383643467089,6.622229391165681
DoE2_R1,10.31031031031031,106.48669970312704,56.1047504122644,6.6162853272299085
DoE2_R1,10.322822822822824,106.77762155476222,56.05559109608839,6.610332424176086
DoE2_R1,10.335335335335335,107.0687339838017,56.00635848614287,6.604370682004216
DoE2_R1,10.347847847847849,107.3600369902456,55.95705258242781,6.598400100714295
DoE2_R1,10.36036036036036,107.6515305740938,55.90767338494326,6.592420680306327
DoE2_R1,10.372872872872874,107.94321473534642,55.85822089368917,6.586432420780308
DoE2_R1,10.385385385385383,108.23030840888164,55.80984057798032,6.580572583068134
DoE2_R1,10.3978978978979,108.51649306423576,55.76165041461064,6.574735474834221
DoE2_R1,10.41041041041041,108.8026337160374,55.71344315944339,6.56889626213237
DoE2_R1,10.422922922922924,109.08873036428656,55.66521881247859,6.563054944962576
DoE2_R1,10.435435435435435,109.3747830089832,55.61697737371624,6.557211523324844
DoE2_R1,10.447947947947949,109.6607916501274,55.56871884315632,6.551365997219169
DoE2_R1,10.46046046046046,109.94675628771904,55.520443220798846,6.545518366645556
DoE2_R1,10.472972972972974,110.23267692175828,55.4721505066438,6.539668631604001
DoE2_R1,10.485485485485484,110.51855355224497,55.42384070069121,6.533816792094507
DoE2_R1,10.497997997998,110.8043861791792,55.37551380294105,6.527962848117071
DoE2_R1,10.51051051051051,111.0901748025609,55.32716981339334,6.522106799671697
DoE2_R1,10.523023023023024,111.37591942239014,55.278808732048056,6.51624864675838
DoE2_R1,10.535535535535535,111.66162003866688,55.230430558905226,6.510388389377124
DoE2_R1,10.548048048048049,111.94727665139114,55.18203529396483,6.504526027527928
DoE2_R1,10.56056056056056,112.23288926056289,55.13362293722688,6.498661561210791
DoE2_R1,10.573073073073074,112.51845786618216,55.08519348869136,6.492794990425714
DoE2_R1,10.585585585585584,112.80398246824892,55.03674694835829,6.486926315172696
DoE2_R1,10.5980980980981,113.08946306676324,54.98828331622765,6.481055535451738
DoE2_R1,10.61061061061061,113.37489966172502,54.939802592299465,6.475182651262839
DoE2_R1,10.623123123123124,113.66029225313436,54.89130477657371,6.469307662606001
DoE2_R1,10.635635635635635,113.94564084099116,54.8427898690504,6.463430569481222
DoE2_R1,10.648148148148149,114.23094542529552,54.79425786972953,6.457551371888502
DoE2_R1,10.66066066066066,114.51620600604734,54.7457087786111,6.451670069827843
DoE2_R1,10.673173173173174,114.80142258324672,54.69714259569511,6.445786663299242
DoE2_R1,10.685685685685687,115.0865951568936,54.64855932098156,6.439901152302701
DoE2_R1,10.6981981981982,115.37172372698797,54.599958954470445,6.43401353683822
DoE2_R1,10.710710710710712,115.65680829352986,54.551341496161776,6.428123816905799
DoE2_R1,10.723223223223224,115.94184885651924,54.502706946055554,6.422231992505438
DoE2_R1,10.735735735735735,116.22684541595616,54.45405530415176,6.416338063637135
DoE2_R1,10.748248248248249,116.51179797184056,54.40538657045042,6.410442030300893
DoE2_R1,10.760760760760762,116.79670652417248,54.3567007449515,6.40454389249671
DoE2_R1,10.773273273273274,117.0815710729519,54.30799782765504,6.398643650224587
DoE2_R1,10.785785785785787,117.36639161817888,54.25927781856101,6.392741303484523
DoE2_R1,10.7982982982983,117.6511681598533,54.21054071766943,6.386836852276519
DoE2_R1,10.810810810810812,117.93590069797528,54.16178652498028,6.380930296600575
DoE2_R1,10.823323323323324,118.22058923254474,54.11301524049358,6.375021636456691
DoE2_R1,10.835835835835836,118.50523376356176,54.06422686420931,6.369110871844866
DoE2_R1,10.848348348348347,118.78983429102622,54.01542139612749,6.363198002765101
DoE2_R1,10.860860860860862,119.07439081493824,53.9665988362481,6.3572830292173945
DoE2_R1,10.873373373373374,119.35890333529774,53.91775918457117,6.351365951201749
DoE2_R1,10.885885885885887,119.64337185210478,53.86890244109666,6.345446768718162
DoE2_R1,10.8983983983984,119.9277963653593,53.8200286058246,6.339525481766636
DoE2_R1,10.910910910910912,120.21217687506136,53.771137678754975,6.333602090347168
DoE2_R1,10.923423423423424,120.4965133812109,53.7222296598878,6.327676594459761
DoE2_R1,10.935935935935936,120.780805883808,53.673304549223054,6.3217489941044125
DoE2_R1,10.948448448448447,121.06505438285254,53.62436234676076,6.315819289281124
DoE2_R1,10.960960960960962,121.34925887834464,53.57540305250089,6.309887479989895
DoE2_R1,10.973473473473474,121.6320321064932,53.52677230684343,6.303993244922832
DoE2_R1,10.985985985985987,121.91252499460934,53.47868165846835,6.298160869362966
DoE2_R1,10.9984984984985,122.19281904151298,53.43061249650347,6.292330818021236
DoE2_R1,11.011011011011012,122.4729142472042,53.382564820948765,6.286503090897643
DoE2_R1,11.023523523523524,122.7528106116829,53.33453863180424,6.280677687992188
DoE2_R1,11.036036036036036,123.0325081349492,53.2865339290699,6.274854609304867
DoE2_R1,11.048548548548547,123.31200681700298,53.23855071274573,6.269033854835685
DoE2_R1,11.061061061061062,123.59130665784434,53.19058898283175,6.263215424584639
DoE2_R1,11.073573573573574,123.8704076574732,53.14264873932795,6.257399318551731
DoE2_R1,11.086086086086087,124.14930981588964,53.094729982234334,6.251585536736958
DoE2_R1,11.0985985985986,124.42801313309356,53.0468327115509,6.245774079140323
DoE2_R1,11.111111111111112,124.70651760908508,52.99895692727764,6.239964945761824
DoE2_R1,11.123623623623624,124.98482324386408,52.95110262941457,6.234158136601463
DoE2_R1,11.136136136136138,125.26293003743066,52.90326981796168,6.228353651659237
DoE2_R1,11.14864864864865,125.54083798978476,52.85545849291897,6.22255149093515
DoE2_R1,11.161161161161164,125.8185471009264,52.80766865428644,6.216751654429197
DoE2_R1,11.173673673673674,126.09605737085556,52.75990030206409,6.210954142141383
DoE2_R1,11.186186186186188,126.37336879957228,52.71215343625192,6.205158954071704
DoE2_R1,11.1986986986987,126.65048138707652,52.664428056849935,6.199366090220164
DoE2_R1,11.211211211211213,126.92739513336832,52.61672416385813,6.193575550586759
DoE2_R1,11.223723723723724,127.20411003844762,52.56904175727651,6.187787335171492
DoE2_R1,11.236236236236238,127.4806261023145,52.52138083710506,6.182001443974361
DoE2_R1,11.24874874874875,127.75694332496889,52.47374140334381,6.176217876995367
DoE2_R1,11.261261261261264,128.03306170641082,52.42612345599272,6.170436634234509
DoE2_R1,11.273773773773774,128.3089812466403,52.37852699505184,6.164657715691789
DoE2_R1,11.286286286286288,128.58470194565732,52.33095202052111,6.158881121367205
DoE2_R1,11.2987987987988,128.86022380346182,52.28339853240058,6.153106851260759
DoE2_R1,11.311311311311313,129.13554682005395,52.235866530690224,6.147334905372448
DoE2_R1,11.323823823823824,129.41067099543352,52.188356015390056,6.141565283702275
DoE2_R1,11.336336336336338,129.6855963296007,52.14086698650007,6.135797986250238
DoE2_R1,11.34884884884885,129.96032282255538,52.09339944402026,6.130033013016339
DoE2_R1,11.361361361361364,130.23485047429762,52.04595338795063,6.124270364000576
DoE2_R1,11.373873873873874,130.50917928482735,51.998528818291184,6.11851003920295
DoE2_R1,11.386386386386388,130.78330925414468,51.95112573504191,6.11275203862346
DoE2_R1,11.3988988988989,131.05724038224952,51.90374413820283,6.106996362262108
DoE2_R1,11.411411411411413,131.3309726691419,51.85638402777393,6.101243010118892
DoE2_R1,11.423923923923924,131.6045061148218,51.809045403755206,6.0954919821938125
DoE2_R1,11.436436436436438,131.87784071928925,51.76172826614667,6.08974327848687
DoE2_R1,11.44894894894895,132.15097648254422,51.71443261494832,6.083996898998065
DoE2_R1,11.461461461461464,132.42391340458676,51.66715845016013,6.078252843727396
DoE2_R1,11.473973973973974,132.69665148541682,51.619905771782136,6.0725111126748645
DoE2_R1,11.486486486486488,132.96919072503442,51.57267457981432,6.066771705840469
DoE2_R1,11.498998998999,133.24153112343953,51.52546487425669,6.061034623224211
DoE2_R1,11.511511511511513,133.51367268063223,51.47827665510924,6.055299864826089
DoE2_R1,11.524024024024024,133.78561539661243,51.43110992237197,6.049567430646104
DoE2_R1,11.536536536536538,134.0570822001403,51.38404122950036,6.043847286290553
DoE2_R1,11.54904904904905,134.327839690413,51.33713506401743,6.03814782664196
DoE2_R1,11.561561561561565,134.5983174000691,51.29027274811408,6.0324536024131
DoE2_R1,11.574074074074074,134.86851532910853,51.24345428179032,6.026764613603974
DoE2_R1,11.586586586586588,135.13843347753138,51.19667966504614,6.02108086021458
DoE2_R1,11.5990990990991,135.40807184533753,51.14994889788154,6.01540234224492
DoE2_R1,11.611611611611613,135.67743043252707,51.10326198029652,6.009729059694993
DoE2_R1,11.624124124124124,135.94650923909995,51.056618912291086,6.0040610125648
DoE2_R1,11.636636636636638,136.21530826505622,51.01001969386523,5.998398200854339
DoE2_R1,11.64914914914915,136.48382751039583,50.96346432501896,5.992740624563613
DoE2_R1,11.661661661661665,136.75206697511882,50.916952805752274,5.987088283692619
DoE2_R1,11.674174174174174,137.02002665922512,50.87048513606517,5.981441178241359
DoE2_R1,11.686686686686688,137.28770656271485,50.82406131595764,5.975799308209831
DoE2_R1,11.6991991991992,137.5551066855879,50.777681345429706,5.970162673598038
DoE2_R1,11.711711711711713,137.82222702784432,50.73134522448134,5.964531274405977
DoE2_R1,11.724224224224224,138.0890675894841,50.68505295311257,5.95890511063365
DoE2_R1,11.736736736736738,138.35562837050725,50.638804531323366,5.953284182281056
DoE2_R1,11.74924924924925,138.62190937091373,50.59259995911376,5.947668489348196
DoE2_R1,11.761761761761765,138.8879180079787,50.546447905372005,5.942059674843227
DoE2_R1,11.774274274274276,139.15365142253668,50.500345028468566,5.936457105429506
DoE2_R1,11.786786786786788,139.4191062507623,50.45428739695606,5.93086003598264
DoE2_R1,11.7992992992993,139.6842824926555,50.40827501083451,5.925268466502631
DoE2_R1,11.811811811811811,139.9491801482164,50.36230787010389,5.919682396989478
DoE2_R1,11.824324324324325,140.21379921744483,50.31638597476422,5.91410182744318
DoE2_R1,11.836836836836838,140.47813970034093,50.27050932481549,5.908526757863739
DoE2_R1,11.84934934934935,140.74220159690464,50.22467792025771,5.902957188251155
DoE2_R1,11.861861861861865,141.005984907136,50.17889176109086,5.897393118605426
DoE2_R1,11.874374374374376,141.26948963103496,50.133150847314965,5.891834548926553
DoE2_R1,11.886886886886888,141.53271576860155,50.08745517893,5.886281479214537
DoE2_R1,11.8993993993994,141.79566331983574,50.04180475593599,5.8807339094693765
DoE2_R1,11.911911911911911,142.0583322847376,49.996199578332906,5.875191839691072
DoE2_R1,11.924424424424425,142.320722663307,49.95063964612078,5.869655269879624
DoE2_R1,11.936936936936938,142.58283445554412,49.905124959299584,5.864124200035032
DoE2_R1,11.94944944944945,142.84466766144877,49.85965551786934,5.858598630157297
DoE2_R1,11.961961961961965,143.1062222810211,49.81423132183004,5.853078560246416
DoE2_R1,11.974474474474476,143.36749831426104,49.76885237118167,5.847563990302393
DoE2_R1,11.986986986986988,143.62853019076613,49.72351534190808,5.842054667454153
DoE2_R1,11.9994994994995,143.88929381193216,49.67822256061648,5.836550768695922
DoE2_R1,12.012012012012011,144.1497883528216,49.632974106950726,5.831052300086521
DoE2_R1,12.024524524524525,144.41001381343432,49.58776998091082,5.825559261625952
DoE2_R1,12.037037037037038,144.66997019377044,49.54261018249675,5.820071653314213
DoE2_R1,12.04954954954955,144.92965749382986,49.49749471170853,5.8145894751513065
DoE2_R1,12.062062062062065,145.12961319714478,49.46516023983016,5.810608466540457
DoE2_R1,12.074574574574577,145.23770884094117,49.45248857566356,5.808936797242898
DoE2_R1,12.087087087087088,145.302145737783,49.44915515997289,5.80836199582668
DoE2_R1,12.0995995995996,145.32292388767024,49.45515999275814,5.808884062291802
DoE2_R1,12.112112112112111,145.30004329060293,49.47050307401933,5.810502996638265
DoE2_R1,12.124624624624625,145.26603393101436,49.48824263000396,5.812401571188305
DoE2_R1,12.137137137137138,145.2325292497968,49.50589612910176,5.81428752727502
DoE2_R1,12.14964964964965,145.1771381311893,49.52824174942707,5.816723380984867
DoE2_R1,12.162162162162163,145.09986057519183,49.55527949097987,5.819709132317844
DoE2_R1,12.174674674674677,145.00069658180442,49.58700935376017,5.823244781273953
DoE2_R1,12.187187187187188,144.89585691345846,49.619981206496405,5.826923029702143
DoE2_R1,12.1996996996997,144.79800072957852,49.6514738410341,5.830425816314017
DoE2_R1,12.212212212212211,144.70014454569858,49.6829664755718,5.8339286029258925
DoE2_R1,12.224724724724725,144.6022883618187,49.71445911010949,5.837431389537767
DoE2_R1,12.237237237237238,144.50443217793872,49.74595174464719,5.840934176149642
DoE2_R1,12.24974974974975,144.4041159122708,49.77803282802937,5.8444988016598
DoE2_R1,12.262262262262263,144.30232681800635,49.8104662103839,5.848100449556049
DoE2_R1,12.274774774774777,144.2005377237419,49.842899592738426,5.851702097452297
DoE2_R1,12.287287287287288,144.0987486294774,49.87533297509295,5.855303745348547
DoE2_R1,12.2997997997998,143.99695953521294,49.90776635744748,5.858905393244795
DoE2_R1,12.312312312312311,143.89517044094848,49.94019973980201,5.862507041141044
DoE2_R1,12.324824824824825,143.793381346684,49.97263312215654,5.866108689037293
DoE2_R1,12.337337337337338,143.69159225241953,50.00506650451107,5.869710336933541
DoE2_R1,12.34984984984985,143.5887559451324,50.03779885151204,5.873338396563435
DoE2_R1,12.362362362362363,143.4855987603595,50.07062280453968,5.8769745490364285
DoE2_R1,12.374874874874877,143.38244157558665,50.1034467575673,5.880610701509422
DoE2_R1,12.387387387387388,143.27928439081376,50.13627071059493,5.884246853982416
DoE2_R1,12.3998998998999,143.1761272060409,50.16909466362255,5.88788300645541
DoE2_R1,12.412412412412412,143.072970021268,50.20191861665018,5.891519158928404
DoE2_R1,12.424924924924923,142.96981283649512,50.23474256967781,5.895155311401398
DoE2_R1,12.437437437437438,142.86665565172223,50.26756652270544,5.898791463874392
DoE2_R1,12.44994994994995,142.76287366430927,50.300585175682265,5.9024434009635645
DoE2_R1,12.462462462462463,142.65902639498077,50.33362417169994,5.906096987293494
DoE2_R1,12.474974974974977,142.5551791256523,50.36666316771761,5.909750573623422
DoE2_R1,12.487487487487488,142.4513318563238,50.39970216373528,5.913404159953352
DoE2_R1,12.5,142.34748458699534,50.43274115975295,5.91705774628328
DoE2_R2,0.0,0.0,43.73333333333333,0.0
DoE2_R2,0.0125125125125125,0.0008167648100583,43.77392527923966,0.0188633406077097
DoE2_R2,0.025025025025025,0.0008166506210203,43.81483309005227,0.0375038713005713
DoE2_R2,0.0375375375375375,0.0008164897945106,43.85566322372959,0.0558178654816044
DoE2_R2,0.05005005005005,0.0008163485418512,43.89641632855056,0.0738167435429311
DoE2_R2,0.0625625625625625,0.000816205110981,43.93709500379635,0.0915505776718999
DoE2_R2,0.075075075075075,0.0008160637860945,43.97770800697332,0.1092059243397328
DoE2_R2,0.0875875875875876,0.0008159226189585,44.01825173685515,0.1267066013756789
DoE2_R2,0.1001001001001001,0.0008157863673767,44.05873207755254,0.1442008308468577
DoE2_R2,0.1126126126126126,0.0008156611011883,44.09915662488758,0.1618788669100061
DoE2_R2,0.1251251251251251,0.0008155430203355,44.13952062345216,0.1796215998559765
DoE2_R2,0.1376376376376376,0.0008154376729556,44.179829551702895,0.1975996640391097
DoE2_R2,0.1501501501501501,0.000815343089777,44.22008146510096,0.2157524940209015
DoE2_R2,0.1626626626626626,0.0008152563780511,44.260272638414776,0.2339910540314247
DoE2_R2,0.1751751751751752,0.0008151744628396,44.300399041383045,0.252220695135967
DoE2_R2,0.1876876876876877,0.0008150998277528,44.34046392922496,0.2705178647424506
DoE2_R2,0.2002002002002002,0.000815031340554,44.38046613201287,0.2888482589064917
DoE2_R2,0.2127127127127127,0.0008149623701617,44.42039879792269,0.3070109723910501
DoE2_R2,0.2252252252252252,0.0008148968224413,44.46026596284256,0.3251243431824352
DoE2_R2,0.2377377377377377,0.000814834697393,44.50006762677248,0.3431883712806471
DoE2_R2,0.2502502502502503,0.0008147742953276,44.53980407684617,0.3611554628475129
DoE2_R2,0.2627627627627628,0.0008147162656168,44.57947520336329,0.3790438012592962
DoE2_R2,0.2752752752752753,0.0008146607525031,44.61908098195649,0.396857425524013
DoE2_R2,0.2877877877877878,0.0008146080510017,44.658625886285,0.4146116749615391
DoE2_R2,0.3003003003003003,0.000814558141563,44.69810961989448,0.4323055330867754
DoE2_R2,0.3128128128128128,0.0008145108729389,44.73752988923522,0.4499311357574559
DoE2_R2,0.3253253253253253,0.0008144662451295,44.77688669430722,0.467488482973581
DoE2_R2,0.3378378378378379,0.0008144242581348,44.81618003511048,0.4849775747351506
DoE2_R2,0.3503503503503504,0.0008143849119547,44.85540991164501,0.5023984110421644
DoE2_R2,0.3628628628628629,0.0008143482065893,44.894576323910805,0.5197509918946227
DoE2_R2,0.3753753753753754,0.0008143149345885,44.933686444231085,0.537071411743571
DoE2_R2,0.3878878878878879,0.0008142848943337,44.9727384480211,0.5543504884337989
DoE2_R2,0.4004004004004004,0.0008142577914866,45.011729671613885,0.5715748171599556
DoE2_R2,0.4129129129129129,0.0008142336260471,45.05066011500945,0.5887443979220411
DoE2_R2,0.4254254254254254,0.0008142123980153,45.08952977820778,0.6058592307200554
DoE2_R2,0.4379379379379379,0.0008141941073912,45.128338661208886,0.6229193155539986
DoE2_R2,0.4504504504504504,0.0008141787541747,45.16708676401277,0.6399246524238705
DoE2_R2,0.4629629629629629,0.000814167845169,45.20578015452327,0.6569311877072552
DoE2_R2,0.4754754754754755,0.0008141610331651,45.244417434528025,0.6739260298160445
DoE2_R2,0.487987987987988,0.0008141580624291,45.28299757418518,0.6908996835567935
DoE2_R2,0.5005005005005005,0.0008141590368461,45.32152099184084,0.7078560061015031
DoE2_R2,0.513013013013013,0.0008141640603012,45.3599881058411,0.7247988546221744
DoE2_R2,0.5255255255255256,0.0008141732366798,45.39839933453207,0.7417320862908084
DoE2_R2,0.5380380380380381,0.0008141866698668,45.43675509625983,0.7586595582794063
DoE2_R2,0.5505505505505506,0.0008142004553178,45.47505014534312,0.7754578539246145
DoE2_R2,0.5630630630630631,0.0008142169435336,45.51328807466098,0.7922021639137222
DoE2_R2,0.5755755755755756,0.0008142368111063,45.55147011181134,0.8089145297559877
DoE2_R2,0.5880880880880881,0.0008142600787509,45.58959655761807,0.8255961678339957
DoE2_R2,0.6006006006006006,0.0008142867671821,45.627667712905065,0.8422482945303315
DoE2_R2,0.6131131131131131,0.0008143168971145,45.6656838784962,0.8588721262275798
DoE2_R2,0.6256256256256256,0.000814350489263,45.70364535521535,0.8754688793083258
DoE2_R2,0.6381381381381381,0.0008143875643422,45.74155244388639,0.8920397701551546
DoE2_R2,0.6506506506506506,0.000814428143067,45.77940544533322,0.908586015150651
DoE2_R2,0.6631631631631631,0.000814472246152,45.8172046603797,0.9251088306774
DoE2_R2,0.6756756756756758,0.000814519894312,45.854950389849726,0.9416094331179872
DoE2_R2,0.6881881881881883,0.0008145711082618,45.89264293456717,0.9580890388549964
DoE2_R2,0.7007007007007008,0.000814625523525,45.93028161891418,0.974536437909398
DoE2_R2,0.7132132132132133,0.0008146827833567,45.96786578687168,0.9909406697191412
DoE2_R2,0.7257257257257258,0.0008147434198167,46.005397035499634,1.007319446785502
DoE2_R2,0.7382382382382383,0.0008148074354677,46.0428756196075,1.0236733999036345
DoE2_R2,0.7507507507507508,0.0008148748328724,46.08030179400472,1.04000315986869
DoE2_R2,0.7632632632632633,0.0008149456145937,46.11767581350074,1.0563093574758229
DoE2_R2,0.7757757757757758,0.0008150197831942,46.15499793290501,1.0725926235201853
DoE2_R2,0.7882882882882883,0.0008150973412368,46.19226840702697,1.0888535887969302
DoE2_R2,0.8008008008008008,0.0008151782912843,46.22948749067608,1.1050928841012104
DoE2_R2,0.8133133133133134,0.0008152626358993,46.26665543866176,1.1213111402281788
DoE2_R2,0.8258258258258259,0.0008153503776447,46.30377250579348,1.137508987972988
DoE2_R2,0.8383383383383384,0.0008154415190832,46.340838946880666,1.1536870581307914
DoE2_R2,0.8508508508508509,0.0008155360627776,46.37785501673277,1.1698459814967417
DoE2_R2,0.8633633633633634,0.0008156324060588,46.41481798583201,1.185932020974139
DoE2_R2,0.8758758758758759,0.0008157316673871,46.45173018358136,1.201983601898695
DoE2_R2,0.8883883883883884,0.0008158339122152,46.48859198171029,1.2180034850920256
DoE2_R2,0.9009009009009008,0.0008159391134748,46.52540357994055,1.2339912977721237
DoE2_R2,0.9134134134134134,0.0008160472440977,46.56216517799388,1.24994666715698
DoE2_R2,0.925925925925926,0.0008161582770157,46.598876975592,1.2658692204645867
DoE2_R2,0.9384384384384384,0.0008162721851606,46.63553917245665,1.2817585849129354
DoE2_R2,0.9509509509509512,0.0008163889414641,46.67215196830957,1.2976143877200172
DoE2_R2,0.9634634634634636,0.0008165085188581,46.7087155628725,1.3134362561038242
DoE2_R2,0.975975975975976,0.0008166308902743,46.74523015586717,1.329223817282348
DoE2_R2,0.9884884884884886,0.0008167560286445,46.78169594701532,1.34497669847358
DoE2_R2,1.001001001001001,0.0008168839069005,46.81811313603867,1.360694526895512
DoE2_R2,1.0135135135135136,0.0008170147228865,46.85448460978675,1.3763894179342169
DoE2_R2,1.026026026026026,0.0008171486086523,46.89081066254277,1.392065930928151
DoE2_R2,1.0385385385385386,0.0008172853727688,46.92708847265466,1.4077122819644865
DoE2_R2,1.0510510510510511,0.0008174250152361,46.96331804012243,1.423328471043224
DoE2_R2,1.0635635635635636,0.0008175675360541,46.99949936494608,1.438914498164363
DoE2_R2,1.076076076076076,0.0008177129352229,47.03563244712561,1.4544703633279037
DoE2_R2,1.0885885885885886,0.0008178612127423,47.07171728666101,1.4699960665338458
DoE2_R2,1.1011011011011012,0.0008180123686126,47.1077538835523,1.4854916077821898
DoE2_R2,1.1136136136136137,0.0008181664028336,47.14374223779946,1.5009569870729351
DoE2_R2,1.1261261261261262,0.0008183233154053,47.1796823494025,1.5163922044060825
DoE2_R2,1.138638638638639,0.0008184831063277,47.21557421836142,1.5317972597816314
DoE2_R2,1.1511511511511512,0.000818645775601,47.25141784467622,1.547172153199582
DoE2_R2,1.1636636636636637,0.0008188112084763,47.28721686867916,1.5625202519467118
DoE2_R2,1.1761761761761762,0.0008189761690782,47.32307394664883,1.5779365125007456
DoE2_R2,1.1886886886886887,0.0008191438801048,47.35888684035096,1.5933263650725702
DoE2_R2,1.2012012012012012,0.0008193143415563,47.394655549785504,1.6086898096621858
DoE2_R2,1.2137137137137135,0.0008194875534325,47.4303800749525,1.6240268462695928
DoE2_R2,1.2262262262262262,0.0008196635157336,47.46606041585193,1.6393374748947906
DoE2_R2,1.2387387387387387,0.0008198422284594,47.5016965724838,1.6546216955377795
DoE2_R2,1.2512512512512513,0.00082002369161,47.53728854484811,1.6698795081985598
DoE2_R2,1.2637637637637638,0.0008202079051854,47.57283633294486,1.685110912877131
DoE2_R2,1.2762762762762765,0.0008203948691857,47.60833993677405,1.7003159095734932
DoE2_R2,1.2887887887887888,0.0008205845836107,47.64379935633566,1.7154944982876468
DoE2_R2,1.3013013013013013,0.0008207770484605,47.67921459162973,1.7306466790195911
DoE2_R2,1.3138138138138138,0.000820972263735,47.71458564265623,1.7457724517693267
DoE2_R2,1.3263263263263263,0.0008211702294344,47.74991250941517,1.7608718165368535
DoE2_R2,1.338838838838839,0.0008213709455586,47.78519519190655,1.7759447733221716
DoE2_R2,1.3513513513513515,0.0008215744121076,47.820433690130365,1.7909913221252802
DoE2_R2,1.363863863863864,0.0008217806290813,47.85562800408662,1.8060114629461803
DoE2_R2,1.3763763763763766,0.0008219895964799,47.890778133775314,1.8210051957848716
DoE2_R2,1.388888888888889,0.0008222013143032,47.92588407919645,1.8359725206413533
DoE2_R2,1.4014014014014016,0.0008224157825514,47.96094584035002,1.8509134375156264
DoE2_R2,1.413913913913914,0.0008226330012243,47.99596341723603,1.865827946407691
DoE2_R2,1.4264264264264266,0.0008228529703221,48.03093680985448,1.8807160473175464
DoE2_R2,1.438938938938939,0.0008230756898446,48.06586601820536,1.895577740245193
DoE2_R2,1.4514514514514516,0.0008233011597919,48.10075104228869,1.9104130251906304
DoE2_R2,1.463963963963964,0.000823529380164,48.13559188210445,1.9252219021538592
DoE2_R2,1.4764764764764766,0.0008237603509609,48.170388537652656,1.9400043711348791
DoE2_R2,1.4889889889889891,0.0008239940721826,48.205141008933296,1.95476043213369
DoE2_R2,1.5015015015015016,0.0008242305438291,48.23984929594638,1.969490085150292
DoE2_R2,1.514014014014014,0.0008244697659004,48.27451339869189,1.984193330184685
DoE2_R2,1.5265265265265269,0.0008247117383965,48.30913331716985,1.9988701672368692
DoE2_R2,1.5390390390390392,0.0008249564613174,48.343709051380245,2.0135205963068445
DoE2_R2,1.5515515515515517,0.000825203934663,48.37824060132308,2.028144617394611
DoE2_R2,1.5640640640640642,0.0008254541584335,48.412727966998354,2.0427422305001683
DoE2_R2,1.576576576576577,0.0008257071326287,48.44717114840606,2.057313435623517
DoE2_R2,1.5890890890890892,0.0008259628572488,48.481570145546215,2.0718582327646566
DoE2_R2,1.6016016016016017,0.0008262213322936,48.5159249584188,2.0863766219235877
DoE2_R2,1.6141141141141142,0.0008264825577633,48.55023558702383,2.100868603100309
DoE2_R2,1.6266266266266267,0.0008267465336577,48.58450203136129,2.115334176294822
DoE2_R2,1.6391391391391392,0.0008270132599769,48.61872429143119,2.1297733415071263
DoE2_R2,1.6516516516516515,0.0008272827367209,48.65290236723354,2.144186098737221
DoE2_R2,1.6641641641641642,0.0008275549638897,48.68703625876832,2.158572447985108
DoE2_R2,1.6766766766766767,0.0008278299414833,48.72112596603554,2.172932389250785
DoE2_R2,1.6891891891891893,0.0008281076695017,48.75517148903519,2.187265922534253
DoE2_R2,1.7017017017017018,0.0008283881479449,48.78917282776729,2.2015730478355127
DoE2_R2,1.7142142142142145,0.0008286713768129,48.82312998223183,2.215853765154564
DoE2_R2,1.7267267267267268,0.0008289573561057,48.8570429524288,2.230108074491405
DoE2_R2,1.7392392392392393,0.0008292460858232,48.89091173835821,2.2443359758460377
DoE2_R2,1.7517517517517518,0.0008295375659656,48.92473634002006,2.258537469218461
DoE2_R2,1.7642642642642643,0.0008298317965328,48.95851675741435,2.2727125546086766
DoE2_R2,1.7767767767767768,0.0008301287775247,48.99225299054108,2.2868612320166823
DoE2_R2,1.789289289289289,0.0008304285089414,49.02594503940024,2.3009835014424795
DoE2_R2,1.8018018018018016,0.000830730990783,49.05959290399185,2.315079362886068
DoE2_R2,1.8143143143143143,0.0008310362230493,49.09319658431589,2.3291488163474474
DoE2_R2,1.8268268268268268,0.0008313442057404,49.12675608037237,2.3431918618266177
DoE2_R2,1.8393393393393396,0.0008316526400517,49.160313536818606,2.357264274276334
DoE2_R2,1.851851851851852,0.0008319633189755,49.19383608219918,2.37132255105617
DoE2_R2,1.8643643643643644,0.0008322764204533,49.227320454264685,2.385362374850069
DoE2_R2,1.876876876876877,0.0008325919444849,49.26076665301514,2.39938374565803
DoE2_R2,1.8893893893893896,0.0008329098910705,49.29417467845053,2.4133866634800527
DoE2_R2,1.901901901901902,0.00083323026021,49.32754453057086,2.4273711283161377
DoE2_R2,1.9144144144144144,0.0008335530519034,49.36087620937613,2.4413371401662847
DoE2_R2,1.9269269269269271,0.0008338782661508,49.39416971486634,2.4552846990304937
DoE2_R2,1.93943943943944,0.000834205902952,49.427425047041496,2.469213804908765
DoE2_R2,1.951951951951952,0.0008345359623072,49.46064220590159,2.4831244578010985
DoE2_R2,1.9644644644644649,0.0008348684442163,49.49382119144662,2.497016657707494
DoE2_R2,1.9769769769769767,0.0008352033486792,49.526962003676594,2.510890404627952
DoE2_R2,1.9894894894894897,0.0008355406756961,49.56006464259151,2.524745698562472
DoE2_R2,2.002002002002002,0.0008358804252669,49.59312910819136,2.538582539511053
DoE2_R2,2.0145145145145147,0.0008362219294463,49.62616294235943,2.552414703162951
DoE2_R2,2.027027027027027,0.000836565316565,49.6591646960912,2.5662395428269726
DoE2_R2,2.03953953953954,0.000836910886638,49.692130981866754,2.5800508710006422
DoE2_R2,2.052052052052052,0.0008372586396653,49.72506179968611,2.59384868768396
DoE2_R2,2.0645645645645647,0.000837608575647,49.75795714954926,2.607632992876925
DoE2_R2,2.077077077077077,0.0008379606945831,49.79081703145621,2.621403786579538
DoE2_R2,2.0895895895895897,0.0008383149964735,49.82364144540696,2.6351610687917986
DoE2_R2,2.1021021021021022,0.0008386714813182,49.856430391401496,2.648904839513708
DoE2_R2,2.1146146146146148,0.000839030620516,49.88918534260223,2.662632252468163
DoE2_R2,2.1271271271271277,0.0008393923421406,49.92190607423334,2.6763437419414493
DoE2_R2,2.13963963963964,0.0009164959980154,49.955338339004406,2.690285514404146
DoE2_R2,2.1521521521521523,0.0009168391847145,49.9895261645011,2.704462994635922
DoE2_R2,2.164664664664665,0.0009171896256672,50.02359099427275,2.7185452638032945
DoE2_R2,2.1771771771771773,0.0009175464649866,50.05743245543961,2.7324412018526165
DoE2_R2,2.18968968968969,0.0009179033043059,50.09127391660647,2.7463371399019385
DoE2_R2,2.2022022022022023,0.0009182601436253,50.12511537777333,2.7602330779512605
DoE2_R2,2.214714714714715,0.0009186169829447,50.15895683894019,2.7741290160005825
DoE2_R2,2.2272272272272278,0.0009189738222641,50.19279830010706,2.7880249540499045
DoE2_R2,2.23973973973974,0.0009193306615834,50.22663976127392,2.801920892099226
DoE2_R2,2.2522522522522523,0.0009196875009028,50.26048122244077,2.815816830148548
DoE2_R2,2.264764764764765,0.0009200443402222,50.29432268360764,2.82971276819787
DoE2_R2,2.2772772772772774,0.0009204011795415,50.3281641447745,2.843608706247192
DoE2_R2,2.28978978978979,0.0009207673397007,50.36186170976309,2.8574112356460457
DoE2_R2,2.3023023023023024,0.0009211385094792,50.39548193568167,2.871163561222636
DoE2_R2,2.314814814814815,0.0009215120556325,50.42906547485893,2.884892071997218
DoE2_R2,2.3273273273273274,0.0009218879781604,50.4626123272949,2.8985967679697944
DoE2_R2,2.33983983983984,0.0009222662770631,50.49612249298957,2.912277649140364
DoE2_R2,2.3523523523523524,0.0009226469523404,50.52959597194293,2.9259347155089257
DoE2_R2,2.364864864864865,0.0009230300039925,50.56303276415499,2.939567967075481
DoE2_R2,2.3773773773773774,0.0009234154320192,50.59643286962575,2.9531774038400287
DoE2_R2,2.38988988988989,0.0009238032364207,50.6297962883552,2.96676302580257
DoE2_R2,2.4024024024024024,0.000924193615264,50.66313414239034,2.98034398042245
DoE2_R2,2.414914914914915,0.0009245870872523,50.69647555841438,2.993970411525145
DoE2_R2,2.4274274274274275,0.0009249829872793,50.72978318878096,3.0075780222648216
DoE2_R2,2.43993993993994,0.000925381315345,50.763057033490085,3.0211668126414777
DoE2_R2,2.4524524524524525,0.0009257820714494,50.79629709254176,3.0347367826551137
DoE2_R2,2.464964964964965,0.0009261852555925,50.82950336593599,3.04828793230573
DoE2_R2,2.477477477477477,0.0009265908677743,50.86267585367276,3.0618202615933265
DoE2_R2,2.48998998998999,0.0009269989079948,50.89581455575208,3.075333770517903
DoE2_R2,2.5025025025025025,0.0009274093762541,50.928919472173945,3.08882845907946
DoE2_R2,2.515015015015015,0.000927822272552,50.96199060293836,3.1023043272779964
DoE2_R2,2.5275275275275275,0.0009282375968886,50.99502794804531,3.115761375113513
DoE2_R2,2.54004004004004,0.000928655349264,51.02803150749482,3.1291996025860103
DoE2_R2,2.5525525525525525,0.0009290755296781,51.06100128128687,3.142619009695487
DoE2_R2,2.565065065065065,0.0009294981381308,51.093937269421474,3.1560195964419444
DoE2_R2,2.5775775775775776,0.0009299231746223,51.12683947189862,3.169401362825381
DoE2_R2,2.59009009009009,0.0009303506391525,51.15970788871832,3.182764308845799
DoE2_R2,2.6026026026026026,0.0009307805317214,51.19254251988056,3.1961084345031963
DoE2_R2,2.615115115115115,0.000931212852329,51.22534336538534,3.209433739797574
DoE2_R2,2.627627627627628,0.0009316476009753,51.25811042523267,3.2227402247289314
DoE2_R2,2.64014014014014,0.0009320847776603,51.29084369942256,3.2360278892972696
DoE2_R2,2.6526526526526526,0.0009325243823841,51.32354318795498,3.2492967335025877
DoE2_R2,2.665165165165165,0.0009329664151465,51.35620889082996,3.2625467573448854
DoE2_R2,2.677677677677678,0.0009334108759476,51.38884080804748,3.275777960824164
DoE2_R2,2.6901901901901906,0.0009338577647875,51.42143893960756,3.288990343940422
DoE2_R2,2.702702702702703,0.0009343070816661,51.45400328551017,3.3021839066936605
DoE2_R2,2.715215215215216,0.0009347588265833,51.48653384575533,3.315358649083879
DoE2_R2,2.727727727727728,0.0009352129995393,51.51903062034304,3.3285145711110773
DoE2_R2,2.7402402402402406,0.000935669600534,51.551493609273294,3.341651672775256
DoE2_R2,2.752752752752753,0.0009361286295674,51.5839228125461,3.354769954076415
DoE2_R2,2.7652652652652656,0.0009365900866395,51.616318230161454,3.3678694150145536
DoE2_R2,2.777777777777778,0.0009370539717503,51.64867986211935,3.3809500555896728
DoE2_R2,2.79029029029029,0.0009375202848998,51.68100770841979,3.394011875801772
DoE2_R2,2.802802802802803,0.000937989026088,51.71330176906278,3.407054875650851
DoE2_R2,2.815315315315316,0.000938460195315,51.74556204404832,3.42007905513691
DoE2_R2,2.827827827827828,0.0009389327350133,51.77779454503254,3.433082665459118
DoE2_R2,2.8403403403403407,0.0009394045086962,51.81001141670178,3.4460621737078934
DoE2_R2,2.852852852852853,0.0009398784707694,51.84219586497612,3.459022465309189
DoE2_R2,2.8653653653653657,0.0009403546212327,51.87434788985557,3.4719635402630056
DoE2_R2,2.877877877877878,0.0009408329600863,51.90646749134014,3.4848853985693427
DoE2_R2,2.8903903903903907,0.0009413134873301,51.938554669429806,3.4977880402282
DoE2_R2,2.902902902902903,0.0009417962029641,51.97060942412459,3.5106714652395787
DoE2_R2,2.915415415415416,0.0009422811069883,52.00263175542448,3.5235356736034777
DoE2_R2,2.927927927927928,0.0009427681994026,52.03462166332948,3.5363806653198973
DoE2_R2,2.9404404404404407,0.0009432574802072,52.06657914783959,3.5492064403888373
DoE2_R2,2.952952952952953,0.000943748949402,52.09850420895481,3.562012998810298
DoE2_R2,2.9654654654654657,0.0009442426069871,52.13039684667513,3.57480034058428
DoE2_R2,2.9779779779779783,0.0009447384529623,52.162257061000574,3.587568465710782
DoE2_R2,2.9904904904904908,0.0009452364873277,52.19408485193112,3.600317374189805
DoE2_R2,3.0030030030030037,0.0009457367100833,52.22588021946677,3.613047066021348
DoE2_R2,3.015515515515516,0.0009462391212292,52.25764316360754,3.625757541205412
DoE2_R2,3.0280280280280283,0.0009467437207652,52.28937368435341,3.638448799741997
DoE2_R2,3.040540540540541,0.0009472505086914,52.3210717817044,3.6511208416311023
DoE2_R2,3.0530530530530533,0.0009477594850079,52.35273745566049,3.663773666872728
DoE2_R2,3.065565565565566,0.0009482706497146,52.384370706221695,3.676407275466875
DoE2_R2,3.0780780780780783,0.0009487840028114,52.415971533388,3.689021667413542
DoE2_R2,3.090590590590591,0.0009492995442985,52.44753993715943,3.70161684271273
DoE2_R2,3.1031031031031038,0.0009498172741758,52.47907591753596,3.7141928013644394
DoE2_R2,3.115615615615616,0.0009503371924432,52.5105794745176,3.726749543368668
DoE2_R2,3.1281281281281283,0.0009508592991009,52.54205060810435,3.7392870687254174
DoE2_R2,3.140640640640641,0.0009513835941488,52.57348931829621,3.751805377434688
DoE2_R2,3.1531531531531534,0.0009519100775869,52.60489560509317,3.764304469496479
DoE2_R2,3.165665665665666,0.0009524387494152,52.63626946849525,3.776784344910791
DoE2_R2,3.1781781781781784,0.0009529696096337,52.66761090850243,3.789245003677623
DoE2_R2,3.190690690690691,0.0009535026582425,52.69891992511473,3.801686445796976
DoE2_R2,3.2032032032032034,0.0009540378952414,52.730196518332136,3.8141086712688494
DoE2_R2,3.215715715715716,0.0009545753206305,52.76144068815465,3.826511680093244
DoE2_R2,3.2282282282282284,0.0009551149344099,52.79265243458227,3.8388954722701594
DoE2_R2,3.240740740740741,0.0009556567365794,52.82383175761501,3.851260047799594
DoE2_R2,3.253253253253253,0.0009561998070834,52.854989001200806,3.863613595525682
DoE2_R2,3.265765765765766,0.0009567427109425,52.88614029844047,3.8759688873076974
DoE2_R2,3.2782782782782784,0.0009572876189361,52.917261243824775,3.888306602388063
DoE2_R2,3.290790790790791,0.0009578345310641,52.94835183735371,3.9006267407667754
DoE2_R2,3.3033033033033035,0.0009583834473266,52.97941207902729,3.9129293024438345
DoE2_R2,3.315815815815816,0.0009589343677236,53.0104419688455,3.9252142874192426
DoE2_R2,3.3283283283283285,0.000959487292255,53.04144150680835,3.9374816956929983
DoE2_R2,3.340840840840841,0.0009600422209209,53.07241069291583,3.949731527265102
DoE2_R2,3.353353353353353,0.0009605991537212,53.10334952716795,3.961963782135554
DoE2_R2,3.365865865865866,0.000961158090656,53.134258009564704,3.9741784603043535
DoE2_R2,3.3783783783783785,0.0009617190317253,53.16513614010609,3.986375561771501
DoE2_R2,3.390890890890891,0.0009622819769291,53.19598391879212,3.9985550865369968
DoE2_R2,3.4034034034034035,0.0009628469262672,53.22680134562279,4.01071703460084
DoE2_R2,3.415915915915916,0.0009634138797399,53.25758842059809,4.022861405963032
DoE2_R2,3.4284284284284285,0.000963982837347,53.288345143718026,4.03498820062357
DoE2_R2,3.440940940940941,0.0009645537990886,53.3190715149826,4.0470974185824575
DoE2_R2,3.4534534534534536,0.0009651267649646,53.34976753439181,4.059189059839693
DoE2_R2,3.465965965965966,0.0009657017349752,53.38043320194565,4.071263124395276
DoE2_R2,3.4784784784784786,0.0009662787091201,53.41106851764413,4.083319612249207
DoE2_R2,3.490990990990991,0.0009668576873996,53.44167348148725,4.095358523401486
DoE2_R2,3.503503503503504,0.0009674386698134,53.472248093475,4.107379857852113
DoE2_R2,3.516016016016016,0.0009680216563618,53.5027923536074,4.119383615601088
DoE2_R2,3.5285285285285286,0.0009686066470446,53.53330626188442,4.13136979664841
DoE2_R2,3.541041041041041,0.0009691936418619,53.56378981830608,4.143338400994081
DoE2_R2,3.5535535535535536,0.0009697826408136,53.594243022872384,4.155289428638099
DoE2_R2,3.566066066066066,0.0009703736438998,53.62466587558332,4.167222879580465
DoE2_R2,3.578578578578578,0.0009709666511205,53.65505837643889,4.17913875382118
DoE2_R2,3.591091091091091,0.0009715616624756,53.68542052543909,4.191037051360242
DoE2_R2,3.603603603603604,0.0009721586779652,53.71575232258394,4.202917772197652
DoE2_R2,3.616116116116116,0.0009727576975893,53.74605376787341,4.21478091633341
DoE2_R2,3.6286286286286287,0.0009733587213478,53.77632486130753,4.226626483767516
DoE2_R2,3.641141141141141,0.0009739617492408,53.80656560288628,4.23845447449997
DoE2_R2,3.6536536536536537,0.0009745667812682,53.83677599260968,4.250264888530772
DoE2_R2,3.666166166166166,0.0009751738174301,53.866956030477695,4.262057725859922
DoE2_R2,3.678678678678679,0.0009757822949064,53.89711170095857,4.273834177629536
DoE2_R2,3.691191191191191,0.0009763914737395,53.92725087202224,4.2855958098718885
DoE2_R2,3.703703703703704,0.0009770024535336,53.95736185157598,4.297340295405424
DoE2_R2,3.716216216216216,0.0009776152342885,53.98744463961981,4.309067634230141
DoE2_R2,3.7287287287287287,0.0009782298160043,54.017499236153725,4.320777826346039
DoE2_R2,3.7412412412412417,0.000978846198681,54.04752564117772,4.332470871753121
DoE2_R2,3.753753753753754,0.0009794643823186,54.077523854691805,4.344146770451384
DoE2_R2,3.7662662662662663,0.000980084366917,54.10749387669596,4.3558055224408285
DoE2_R2,3.778778778778779,0.0009807061524763,54.13743570719021,4.367447127721456
DoE2_R2,3.791291291291292,0.0009813297389965,54.16734934617454,4.379071586293264
DoE2_R2,3.803803803803804,0.0009819551264776,54.19723479364895,4.390678898156256
DoE2_R2,3.8163163163163167,0.0009825823149195,54.22709204961345,4.402269063310428
DoE2_R2,3.828828828828829,0.0009832113043224,54.25692111406802,4.413842081755783
DoE2_R2,3.8413413413413418,0.0009838420946861,54.28672198701268,4.42539795349232
DoE2_R2,3.8538538538538543,0.0009844746860106,54.31649466844743,4.43693667852004
DoE2_R2,3.866366366366367,0.0009851090782961,54.34623915837225,4.44845825683894
DoE2_R2,3.8788788788788793,0.0009857452715424,54.37595545678716,4.459962688449023
DoE2_R2,3.891391391391392,0.0009863827761154,54.40564722202454,4.471453164785157
DoE2_R2,3.903903903903904,0.0009870216176175,54.435314262794016,4.482929518970536
DoE2_R2,3.916416416416417,0.0009876620712055,54.46495452324384,4.494389957533099
DoE2_R2,3.928928928928929,0.0009883041368796,54.494568003374,4.505834480472846
DoE2_R2,3.941441441441442,0.0009889478146397,54.5241547031845,4.517263087789775
DoE2_R2,3.9539539539539534,0.0009895931044858,54.55371462267535,4.528675779483889
DoE2_R2,3.966466466466467,0.0009902400064179,54.58324776184654,4.540072555555186
DoE2_R2,3.9789789789789793,0.000990888520436,54.61275412069807,4.551453416003668
DoE2_R2,3.991491491491492,0.0009915390998567,54.64223502338113,4.562830821488819
DoE2_R2,4.004004004004004,0.0009921916964529,54.67169032902293,4.574203446355418
DoE2_R2,4.016516516516517,0.0009928461830556,54.70111966615908,4.585567795012406
DoE2_R2,4.029029029029029,0.0009935025860235,54.73052305037607,4.596924272356211
DoE2_R2,4.041541541541542,0.0009941624980794,54.75990142348468,4.608297344204814
DoE2_R2,4.054054054054054,0.0009948257615696,54.78925472342016,4.619686280069308
DoE2_R2,4.066566566566567,0.0009954933904368,54.81858377805681,4.631118480360915
DoE2_R2,4.079079079079079,0.0010927952286445,54.84918757857549,4.642938595048478
DoE2_R2,4.091591591591592,0.0010934755709444,54.87972785201189,4.654708067728746
DoE2_R2,4.104104104104104,0.0010941570670325,54.9102134582528,4.666447275730166
DoE2_R2,4.116616616616617,0.0010948385631207,54.94069906449371,4.678186483731585
DoE2_R2,4.129129129129129,0.0010955200592088,54.971184670734615,4.689925691733004
DoE2_R2,4.141641641641642,0.001096201555297,55.00167027697552,4.701664899734423
DoE2_R2,4.1541541541541545,0.0010968830513851,55.03215588321643,4.713404107735842
DoE2_R2,4.166666666666667,0.0010975700799075,55.06249140331136,4.724967640760047
DoE2_R2,4.17917917917918,0.0010982578066666,55.09280798135519,4.736509002221563
DoE2_R2,4.191691691691692,0.0010989455334257,55.12312455939904,4.748050363683079
DoE2_R2,4.2042042042042045,0.0010996332601848,55.15344113744288,4.759591725144595
DoE2_R2,4.216716716716717,0.0011003209869439,55.18375771548671,4.771133086606112
DoE2_R2,4.2292292292292295,0.0011010114412994,55.21398902029371,4.782617997784786
DoE2_R2,4.241741741741742,0.0011017180473153,55.2437153734483,4.793768634522194
DoE2_R2,4.254254254254255,0.0011024246533312,55.27344172660289,4.804919271259602
DoE2_R2,4.266766766766767,0.001103131259347,55.30316807975748,4.816069907997011
DoE2_R2,4.27927927927928,0.0011038378653629,55.33289443291207,4.827220544734419
DoE2_R2,4.291791791791792,0.0011045444713788,55.36262078606666,4.838371181471828
DoE2_R2,4.3043043043043046,0.0011052510773946,55.39234713922124,4.849521818209237
DoE2_R2,4.316816816816817,0.0011059576834105,55.42207349237584,4.860672454946645
DoE2_R2,4.32932932932933,0.0011066642894264,55.45179984553042,4.871823091684053
DoE2_R2,4.341841841841842,0.0011073708954422,55.48152619868502,4.882973728421462
DoE2_R2,4.354354354354355,0.0011080775014581,55.5112525518396,4.89412436515887
DoE2_R2,4.366866866866867,0.001108784107474,55.54097890499419,4.905275001896278
DoE2_R2,4.37937937937938,0.0011094907134898,55.570705258148784,4.916425638633687
DoE2_R2,4.391891891891892,0.0011101973195057,55.60043161130337,4.927576275371095
DoE2_R2,4.404404404404405,0.0011109039255216,55.63015796445796,4.938726912108503
DoE2_R2,4.416916916916917,0.0011116105315374,55.65988431761255,4.949877548845912
DoE2_R2,4.42942942942943,0.0011123171375533,55.68961067076714,4.961028185583321
DoE2_R2,4.441941941941942,0.0011130237435692,55.71933702392173,4.972178822320729
DoE2_R2,4.454454454454455,0.001113730349585,55.74906337707632,4.983329459058138
DoE2_R2,4.466966966966967,0.0011144369556009,55.778789730230905,4.994480095795546
DoE2_R2,4.47947947947948,0.0011151435616168,55.8085160833855,5.005630732532954
DoE2_R2,4.491991991991992,0.0011158501676326,55.838242436540085,5.016781369270363
DoE2_R2,4.504504504504505,0.0011165567736485,55.86796878969468,5.027932006007771
DoE2_R2,4.517017017017017,0.0011172633796644,55.89769514284927,5.039082642745179
DoE2_R2,4.52952952952953,0.0011179742653679,55.92735990168007,5.0502062102329015
DoE2_R2,4.542042042042042,0.0011187040822312,55.956752198573696,5.061210037138149
DoE2_R2,4.554554554554555,0.0011194357311943,55.98611812743405,5.072202275915911
DoE2_R2,4.567067067067067,0.0011201692122572,56.01545768826112,5.083182926566187
DoE2_R2,4.57957957957958,0.0011209045254198,56.04477088105492,5.094151989088977
DoE2_R2,4.592092092092092,0.0011216416706822,56.07405770581545,5.105109463484281
DoE2_R2,4.604604604604605,0.0011223806480444,56.1033181625427,5.116055349752099
DoE2_R2,4.617117117117117,0.0011231214575064,56.13255225123668,5.12698964789243
DoE2_R2,4.62962962962963,0.0011238640990681,56.16175997189738,5.137912357905276
DoE2_R2,4.642142142142142,0.0011246085727295,56.19094132452481,5.148823479790636
DoE2_R2,4.654654654654655,0.0011253548784908,56.22009630911896,5.1597230135485095
DoE2_R2,4.667167167167167,0.0011261030163518,56.24922492567983,5.170610959178897
DoE2_R2,4.67967967967968,0.0011268529863126,56.27832717420743,5.181487316681799
DoE2_R2,4.692192192192192,0.0011276047883732,56.30740305470175,5.192352086057214
DoE2_R2,4.704704704704705,0.0011283584225335,56.3364525671628,5.203205267305144
DoE2_R2,4.717217217217217,0.0011291138887936,56.36547571159058,5.214046860425587
DoE2_R2,4.72972972972973,0.0011298711871534,56.39447248798508,5.224876865418545
DoE2_R2,4.742242242242242,0.0011306303176131,56.4234428963463,5.235695282284016
DoE2_R2,4.754754754754755,0.0011313912801725,56.45238693667425,5.246502111022002
DoE2_R2,4.767267267267267,0.0011321540748316,56.48130460896893,5.257297351632501
DoE2_R2,4.77977977977978,0.0011329187015906,56.51019591323032,5.268081004115515
DoE2_R2,4.792292292292292,0.0011336851604493,56.53906084945845,5.278853068471042
DoE2_R2,4.804804804804805,0.0011344534514077,56.567899417653294,5.289613544699083
DoE2_R2,4.817317317317317,0.001135223574466,56.59671161781486,5.300362432799638
DoE2_R2,4.82982982982983,0.0011359942484438,56.62551663204091,5.311089116966931
DoE2_R2,4.842342342342342,0.001136762629915,56.65435703270232,5.321770036690194
DoE2_R2,4.854854854854855,0.0011375326455285,56.683174029190496,5.332437728018937
DoE2_R2,4.867367367367367,0.0011383042952844,56.71196762150544,5.343092190953162
DoE2_R2,4.87987987987988,0.0011390775791826,56.74073780964715,5.353733425492868
DoE2_R2,4.892392392392392,0.0011398524972231,56.76948459361563,5.364361431638053
DoE2_R2,4.904904904904905,0.001140629049406,56.79820797341088,5.374976209388721
DoE2_R2,4.9174174174174174,0.0011414072357312,56.8269079490329,5.385577758744868
DoE2_R2,4.92992992992993,0.0011421870561988,56.855584520481685,5.396166079706497
DoE2_R2,4.9424424424424425,0.0011429685108087,56.88423768775724,5.406741172273606
DoE2_R2,4.954954954954955,0.0011437515995609,56.912867450859565,5.417303036446198
DoE2_R2,4.967467467467468,0.0011445363224555,56.941473809788654,5.427851672224269
DoE2_R2,4.97997997997998,0.0011453226794924,56.97005676454451,5.43838707960782
DoE2_R2,4.9924924924924925,0.0011461106706716,56.99861631512714,5.448909258596854
DoE2_R2,5.005005005005005,0.0011469002959932,57.02715246153654,5.459418209191368
DoE2_R2,5.0175175175175175,0.0011476915554571,57.05566520377271,5.469913931391362
DoE2_R2,5.03003003003003,0.0011484844490633,57.08415454183564,5.480396425196839
DoE2_R2,5.042542542542543,0.0011492789768119,57.112620475725336,5.490865690607794
DoE2_R2,5.055055055055055,0.0011500751387028,57.14106300544181,5.501321727624232
DoE2_R2,5.067567567567568,0.0011508729347361,57.169482130985045,5.51176453624615
DoE2_R2,5.08008008008008,0.0011516723649117,57.19787785235505,5.52219411647355
DoE2_R2,5.092592592592593,0.0011524734292296,57.22625016955183,5.532610468306429
DoE2_R2,5.105105105105105,0.0011532761276898,57.25459908257537,5.54301359174479
DoE2_R2,5.117617617617618,0.0011540804602924,57.28292459142568,5.553403486788632
DoE2_R2,5.13013013013013,0.0011548864270374,57.31122669610276,5.563780153437955
DoE2_R2,5.142642642642643,0.0011556940279247,57.33950539660661,5.574143591692758
DoE2_R2,5.155155155155155,0.0011565032629543,57.367760692937225,5.584493801553043
DoE2_R2,5.167667667667668,0.0011573141321262,57.39599258509461,5.594830783018808
DoE2_R2,5.18018018018018,0.0011581266354405,57.42420107307876,5.605154536090054
DoE2_R2,5.192692692692693,0.0011589407728971,57.45238615688969,5.61546506076678
DoE2_R2,5.205205205205205,0.0011597565444961,57.48054783652738,5.6257623570489885
DoE2_R2,5.217717717717718,0.0011605739502373,57.50868611199184,5.636046424936677
DoE2_R2,5.23023023023023,0.001161392990121,57.536800983283065,5.646317264429847
DoE2_R2,5.242742742742743,0.0011622136641469,57.56489245040106,5.656574875528497
DoE2_R2,5.255255255255255,0.0011630359723152,57.59296051334582,5.666819258232628
DoE2_R2,5.267767767767768,0.0011638599146259,57.62100517211736,5.677050412542241
DoE2_R2,5.28028028028028,0.0011646854910788,57.64902642671566,5.687268338457334
DoE2_R2,5.292792792792793,0.0011655127016741,57.67702427714072,5.697473035977907
DoE2_R2,5.305305305305305,0.0011663415464118,57.70499872339256,5.707664505103962
DoE2_R2,5.317817817817818,0.0011671720252918,57.73294976547117,5.7178427458354975
DoE2_R2,5.33033033033033,0.0011680041383141,57.76087740337654,5.728007758172514
DoE2_R2,5.342842842842844,0.0011688378854787,57.78878163710869,5.738159542115012
DoE2_R2,5.355355355355356,0.0011696732667857,57.8166624666676,5.74829809766299
DoE2_R2,5.367867867867869,0.0011705102822351,57.84451989205328,5.758423424816449
DoE2_R2,5.380380380380381,0.0011713489318267,57.87235391326573,5.768535523575389
DoE2_R2,5.392892892892894,0.0011721892155607,57.90016453030494,5.77863439393981
DoE2_R2,5.405405405405406,0.001173031133437,57.92795174317093,5.788720035909711
DoE2_R2,5.417917917917919,0.0011738746854557,57.95571555186368,5.798792449485094
DoE2_R2,5.430430430430431,0.0011747198716167,57.9834559563832,5.808851634665957
DoE2_R2,5.442942942942944,0.0011755666919201,58.01117295672949,5.818897591452301
DoE2_R2,5.455455455455456,0.0011764151463658,58.03886655290255,5.828930319844127
DoE2_R2,5.467967967967969,0.0011772652349538,58.06653674490238,5.8389498198414325
DoE2_R2,5.480480480480481,0.0011781169576841,58.09418353272897,5.84895609144422
DoE2_R2,5.492992992992994,0.0011789699854142,58.12180763953489,5.858951089361631
DoE2_R2,5.505505505505506,0.0011798218989753,58.149414380425775,5.86894918052842
DoE2_R2,5.518018018018019,0.0011806752014683,58.17699825589032,5.878935499554233
DoE2_R2,5.530530530530531,0.0011815298928932,58.20455926592852,5.888910046439071
DoE2_R2,5.543043043043044,0.0011823859732499,58.232097410540376,5.898872821182932
DoE2_R2,5.555555555555556,0.0011832434425385,58.25961268972589,5.908823823785818
DoE2_R2,5.568068068068069,0.0011841023007589,58.28710510348507,5.918763054247729
DoE2_R2,5.580580580580581,0.0011849625479113,58.31457465181791,5.928690512568664
DoE2_R2,5.593093093093094,0.0011858241839954,58.3420213347244,5.938606198748624
DoE2_R2,5.605605605605606,0.0011866872090115,58.36944515220455,5.948510112787607
DoE2_R2,5.618118118118119,0.0011875516229594,58.39684610425836,5.958402254685615
DoE2_R2,5.630630630630631,0.0011884174258392,58.42422419088583,5.968282624442648
DoE2_R2,5.643143143143144,0.0011892846176508,58.45157941208696,5.978151222058705
DoE2_R2,5.655655655655656,0.0011901531983944,58.47891176786175,5.9880080475337865
DoE2_R2,5.668168168168169,0.0011910231680697,58.50622125821019,5.997853100867893
DoE2_R2,5.680680680680681,0.001191894526677,58.533507883132295,6.007686382061023
DoE2_R2,5.693193193193194,0.0011927672742161,58.560771642628055,6.017507891113177
DoE2_R2,5.705705705705706,0.0011936414106871,58.58801253669748,6.027317628024357
DoE2_R2,5.718218218218219,0.0011945169360899,58.61523056534055,6.03711559279456
DoE2_R2,5.730730730730731,0.0011953938504246,58.64242572855729,6.046901785423788
DoE2_R2,5.743243243243244,0.0011962721536912,58.66959802634769,6.05667620591204
DoE2_R2,5.755755755755756,0.0011971518458896,58.69674745871175,6.066438854259317
DoE2_R2,5.768268268268269,0.0011980329270199,58.723874025649465,6.076189730465618
DoE2_R2,5.780780780780781,0.0011989153970821,58.75097772716084,6.085928834530944
DoE2_R2,5.793293293293294,0.0011997983314187,58.77805838113092,6.095647425899558
DoE2_R2,5.805805805805806,0.0012006792034793,58.80511548994552,6.105321621718533
DoE2_R2,5.818318318318319,0.0012015607441844,58.832149591470326,6.114977236700925
DoE2_R2,5.830830830830831,0.0012024429535342,58.85916068570537,6.124614270846735
DoE2_R2,5.843343343343344,0.0012033258315287,58.88614877265064,6.134232724155961
DoE2_R2,5.855855855855856,0.0012042093781677,58.91311385230612,6.143832596628604
DoE2_R2,5.868368368368369,0.0012050935934514,58.94005592467183,6.153413888264665
DoE2_R2,5.8808808808808815,0.0012059784773798,58.96697498974776,6.162976599064142
DoE2_R2,5.893393393393394,0.0012068640299528,58.99387104753392,6.172520729027036
DoE2_R2,5.9059059059059065,0.0012077502511704,59.0207440980303,6.182046278153347
DoE2_R2,5.918418418418419,0.0012086371410326,59.0475941412369,6.191553246443075
DoE2_R2,5.930930930930932,0.0012095281651266,59.074422791411294,6.2011009859166535
DoE2_R2,5.943443443443444,0.0012104234967766,59.10123012928735,6.2106924649468205
DoE2_R2,5.9559559559559565,0.0012113206079692,59.12801497732577,6.220284388499207
DoE2_R2,5.968468468468469,0.0012122194987044,59.15477733552653,6.2298767565738125
DoE2_R2,5.9809809809809815,0.0012131201689822,59.181517203889655,6.2394695691706366
DoE2_R2,5.993493493493494,0.0012140226188026,59.20823458241514,6.24906282628968
DoE2_R2,6.006006006006007,0.0012149268481655,59.234929471102966,6.258656527930942
DoE2_R2,6.018518518518519,0.001215832857071,59.261601869953154,6.268250674094423
DoE2_R2,6.031031031031032,0.0012167406455191,59.288251778965694,6.277845264780123
DoE2_R2,6.043543543543544,0.0012176502135098,59.31487919814059,6.287440299988042
DoE2_R2,6.056056056056057,0.001218561561043,59.34148412747784,6.29703577971818
DoE2_R2,6.068568568568569,0.0013469139739919,59.36820606874589,6.30669398834436
DoE2_R2,6.081081081081082,0.0013477661412201,59.39594025348565,6.316675830012882
DoE2_R2,6.093593593593594,0.0013487154641183,59.423578023934525,6.32660171173448
DoE2_R2,6.106106106106107,0.0013496627853262,59.451165752398666,6.336495342415684
DoE2_R2,6.118618618618619,0.001350610106534,59.4787534808628,6.346388973096886
DoE2_R2,6.131131131131132,0.0013515574277419,59.50634120932693,6.356282603778089
DoE2_R2,6.143643643643644,0.0013525047489497,59.53392893779107,6.366176234459291
DoE2_R2,6.156156156156157,0.0013534520701576,59.56151666625521,6.376069865140495
DoE2_R2,6.168668668668669,0.0013543983876742,59.58896598275045,6.385762737143796
DoE2_R2,6.181181181181182,0.0013553446274386,59.61640457699311,6.395440057130389
DoE2_R2,6.193693693693694,0.001356290867203,59.64384317123577,6.405117377116981
DoE2_R2,6.206206206206207,0.0013572371069674,59.67128176547843,6.414794697103573
DoE2_R2,6.218718718718719,0.0013581833467319,59.69872035972109,6.424472017090165
DoE2_R2,6.231231231231232,0.001359129750486,59.72602191036441,6.434052430411577
DoE2_R2,6.243743743743744,0.0013600766736136,59.75288942905575,6.443325929807436
DoE2_R2,6.256256256256257,0.0013610235967411,59.77975694774709,6.452599429203296
DoE2_R2,6.268768768768769,0.0013619705198686,59.80662446643844,6.461872928599156
DoE2_R2,6.281281281281282,0.0013629174429962,59.833491985129776,6.471146427995016
DoE2_R2,6.293793793793794,0.0013638643661237,59.86035950382112,6.480419927390876
DoE2_R2,6.306306306306307,0.0013648112892513,59.88722702251246,6.489693426786735
DoE2_R2,6.318818818818819,0.0013657582123788,59.9140945412038,6.498966926182595
DoE2_R2,6.331331331331332,0.0013667051355063,59.94096205989514,6.508240425578454
DoE2_R2,6.343843843843844,0.0013676520586339,59.96782957858649,6.517513924974314
DoE2_R2,6.356356356356357,0.0013685989817614,59.99469709727783,6.526787424370173
DoE2_R2,6.368868868868869,0.001369545904889,60.02156461596917,6.536060923766033
DoE2_R2,6.381381381381382,0.0013704928280165,60.04843213466052,6.545334423161893
DoE2_R2,6.393893893893894,0.001371439751144,60.075299653351856,6.554607922557753
DoE2_R2,6.406406406406407,0.0013723866742716,60.1021671720432,6.563881421953612
DoE2_R2,6.418918918918919,0.0013733335973991,60.12903469073454,6.573154921349472
DoE2_R2,6.431431431431432,0.0013742805205267,60.15590220942588,6.582428420745331
DoE2_R2,6.443943943943944,0.0013752274436542,60.18276972811723,6.591701920141191
DoE2_R2,6.456456456456457,0.0013761743667817,60.20963724680857,6.6009754195370505
DoE2_R2,6.468968968968969,0.0013771212899093,60.23650476549991,6.610248918932911
DoE2_R2,6.481481481481482,0.0013780682130368,60.263372284191256,6.61952241832877
DoE2_R2,6.493993993993994,0.0013790151361644,60.2902398028826,6.62879591772463
DoE2_R2,6.506506506506507,0.0013799620592919,60.317107321573936,6.638069417120489
DoE2_R2,6.519019019019019,0.0013809089824194,60.34397484026528,6.647342916516349
DoE2_R2,6.531531531531532,0.001381855905547,60.37084235895662,6.656616415912209
DoE2_R2,6.544044044044044,0.0013828028286745,60.39770987764796,6.665889915308068
DoE2_R2,6.556556556556557,0.001383749751802,60.42457739633931,6.6751634147039285
DoE2_R2,6.569069069069069,0.0013847069169378,60.45118847300154,6.6842983649171375
DoE2_R2,6.581581581581582,0.0013856673233789,60.477718393029576,6.693389468240766
DoE2_R2,6.594094094094094,0.0013866286581014,60.50422507050954,6.70246801419987
DoE2_R2,6.606606606606607,0.0013875909211052,60.530708505441424,6.711534002794451
DoE2_R2,6.619119119119119,0.0013885541123905,60.55716869782523,6.720587434024508
DoE2_R2,6.631631631631632,0.0013895182319573,60.58360564766097,6.7296283078900405
DoE2_R2,6.644144144144144,0.0013904832798054,60.61001935494863,6.73865662439105
DoE2_R2,6.656656656656657,0.0013914492559349,60.63640981968821,6.747672383527536
DoE2_R2,6.6691691691691695,0.0013924161603458,60.6627770418797,6.756675585299497
DoE2_R2,6.681681681681682,0.0013933839930382,60.68912102152313,6.765666229706935
DoE2_R2,6.6941941941941945,0.0013943527540119,60.71544175861848,6.774644316749849
DoE2_R2,6.706706706706707,0.0013953224432671,60.74173925316575,6.783609846428239
DoE2_R2,6.71921921921922,0.0013962930608037,60.76801350516494,6.7925628187421045
DoE2_R2,6.731731731731732,0.0013972646066217,60.79426451461606,6.801503233691447
DoE2_R2,6.7442442442442445,0.0013982370807211,60.82049228151909,6.810431091276265
DoE2_R2,6.756756756756757,0.0013992104831019,60.84669680587406,6.81934639149656
DoE2_R2,6.7692692692692695,0.0014001848137641,60.87287808768095,6.828249134352331
DoE2_R2,6.781781781781782,0.0014011600727077,60.89903612693976,6.837139319843578
DoE2_R2,6.794294294294295,0.0014021362599327,60.92517092365049,6.846016947970301
DoE2_R2,6.806806806806807,0.0014031133754392,60.951282477813145,6.8548820187325
DoE2_R2,6.81931931931932,0.001404091419227,60.97737078942773,6.863734532130176
DoE2_R2,6.831831831831832,0.0014050703912963,61.00343585849423,6.872574488163328
DoE2_R2,6.844344344344345,0.001406050291647,61.02947768501265,6.881401886831955
DoE2_R2,6.856856856856857,0.0014070311202791,61.055496268983,6.890216728136059
DoE2_R2,6.86936936936937,0.0014080128771925,61.08149161040527,6.899019012075639
DoE2_R2,6.881881881881882,0.0014089955623874,61.10746370927947,6.907808738650696
DoE2_R2,6.894394394394395,0.0014099778410782,61.133442393033725,6.916592024042268
DoE2_R2,6.906906906906907,0.0014109588004858,61.1594480588435,6.925373050736937
DoE2_R2,6.91941941941942,0.0014119405845664,61.18543279736198,6.934141994815678
DoE2_R2,6.931931931931932,0.00141292319332,61.21139660858918,6.942898856278492
DoE2_R2,6.944444444444445,0.0014139066267466,61.23733949252508,6.95164363512538
DoE2_R2,6.956956956956957,0.0014148908848463,61.2632614491697,6.960376331356341
DoE2_R2,6.96946946946947,0.0014158759676191,61.28916247852302,6.969096944971374
DoE2_R2,6.981981981981982,0.0014168618750648,61.31504258058505,6.977805475970481
DoE2_R2,6.994494494494495,0.0014178486071836,61.34090175535579,6.986501924353661
DoE2_R2,7.007007007007007,0.0014188361639755,61.36674000283524,6.995186290120913
DoE2_R2,7.01951951951952,0.0014198245454404,61.39255732302339,7.00385857327224
DoE2_R2,7.032032032032032,0.0014208137515783,61.418353715920254,7.012518773807638
DoE2_R2,7.044544544544545,0.0014218037823893,61.44412918152583,7.02116689172711
DoE2_R2,7.057057057057057,0.0014227946378733,61.46988371984011,7.029802927030655
DoE2_R2,7.06956956956957,0.0014237863180303,61.49561733086311,7.038426879718274
DoE2_R2,7.082082082082082,0.0014247788228604,61.52133001459481,7.047038749789965
DoE2_R2,7.094594594594595,0.0014257721523636,61.54702177103522,7.055638537245729
DoE2_R2,7.107107107107107,0.0014267663065397,61.57269260018434,7.064226242085566
DoE2_R2,7.11961961961962,0.0014277612853889,61.598342502042165,7.0728018643094765
DoE2_R2,7.132132132132132,0.0014287570889112,61.6239714766087,7.081365403917459
DoE2_R2,7.144644644644645,0.0014297537171064,61.64957952388394,7.089916860909517
DoE2_R2,7.157157157157157,0.0014307511699748,61.675166643867904,7.098456235285646
DoE2_R2,7.16966966966967,0.0014317494475161,61.70073283656056,7.106983527045848
DoE2_R2,7.182182182182182,0.0014327485497305,61.72627810196194,7.1154987361901245
DoE2_R2,7.194694694694695,0.001433748476618,61.75180244007202,7.1240018627184725
DoE2_R2,7.207207207207207,0.0014347492281784,61.777305850890805,7.132492906630895
DoE2_R2,7.21971971971972,0.0014357508044119,61.8027883344183,7.14097186792739
DoE2_R2,7.232232232232232,0.0014367532053185,61.82824989065451,7.149438746607958
DoE2_R2,7.244744744744745,0.0014377564308981,61.85369051959943,7.157893542672598
DoE2_R2,7.257257257257257,0.0014387604811507,61.87911022125306,7.166336256121313
DoE2_R2,7.26976976976977,0.0014397653560764,61.90450899561539,7.1747668869541
DoE2_R2,7.282282282282282,0.0014407710556751,61.92988684268643,7.18318543517096
DoE2_R2,7.294794794794795,0.0014417775799469,61.95524376246618,7.191591900771893
DoE2_R2,7.307307307307307,0.0014427849288916,61.98057975495465,7.1999862837569
DoE2_R2,7.31981981981982,0.0014437931025095,62.005894820151816,7.208368584125979
DoE2_R2,7.332332332332332,0.0014448021008003,62.03118895805769,7.216738801879131
DoE2_R2,7.344844844844845,0.0014458119237642,62.05646216867228,7.225096937016357
DoE2_R2,7.357357357357357,0.0014468225714012,62.08171445199557,7.233442989537655
DoE2_R2,7.36986986986987,0.0014478340437112,62.10694580802758,7.241776959443027
DoE2_R2,7.382382382382382,0.0014488463406942,62.132156236768296,7.250098846732471
DoE2_R2,7.394894894894895,0.0014498594623503,62.157345738217714,7.258408651405989
DoE2_R2,7.407407407407407,0.0014508734086794,62.18251431237585,7.26670637346358
DoE2_R2,7.41991991991992,0.0014518881796815,62.20766195924269,7.274992012905244
DoE2_R2,7.432432432432432,0.0014529037753567,62.23278867881824,7.283265569730981
DoE2_R2,7.444944944944945,0.0014539201957049,62.257894471102496,7.291527043940791
DoE2_R2,7.4574574574574575,0.0014549374407262,62.282979336095465,7.299776435534674
DoE2_R2,7.46996996996997,0.0014559555104205,62.30804327379714,7.30801374451263
DoE2_R2,7.482482482482483,0.0014569744047878,62.333086284207525,7.316238970874659
DoE2_R2,7.494994994994996,0.0014579941238282,62.35810836732662,7.324452114620762
DoE2_R2,7.507507507507508,0.0014590146675416,62.38310952315442,7.332653175750937
DoE2_R2,7.520020020020021,0.001460036035928,62.40808975169093,7.340842154265186
DoE2_R2,7.532532532532533,0.0014610582289875,62.43304905293616,7.349019050163506
DoE2_R2,7.545045045045046,0.00146208124672,62.457987426890085,7.357183863445901
DoE2_R2,7.557557557557558,0.0014631050891256,62.48290487355272,7.365336594112369
DoE2_R2,7.570070070070071,0.0014641297562042,62.50780139292407,7.37347724216291
DoE2_R2,7.582582582582583,0.0014651552479559,62.53267698500412,7.381605807597523
DoE2_R2,7.595095095095096,0.0014661815643806,62.557531649792885,7.38972229041621
DoE2_R2,7.607607607607608,0.0014672087054783,62.58236538729036,7.397826690618969
DoE2_R2,7.620120120120121,0.001468236671249,62.60717819749655,7.405919008205802
DoE2_R2,7.6326326326326335,0.0014692654616928,62.63197008041144,7.413999243176707
DoE2_R2,7.645145145145146,0.0014702950768097,62.65674103603504,7.422067395531688
DoE2_R2,7.657657657657658,0.0014713255165996,62.68149106436734,7.430123465270739
DoE2_R2,7.670170170170171,0.0014723567810625,62.70622016540836,7.438167452393865
DoE2_R2,7.6826826826826835,0.0014733888701985,62.73092833915809,7.4461993569010625
DoE2_R2,7.695195195195196,0.0014744217840075,62.755615585616525,7.454219178792334
DoE2_R2,7.7077077077077085,0.0014754555224895,62.78028190478367,7.462226918067678
DoE2_R2,7.720220220220221,0.0014764900856446,62.80492729665952,7.470222574727095
DoE2_R2,7.732732732732733,0.0014775254734727,62.82955176124408,7.478206148770585
DoE2_R2,7.745245245245246,0.0014785577906203,62.85416246257265,7.4862169028171985
DoE2_R2,7.7577577577577586,0.0014795906250448,62.8787528019493,7.494218672600014
DoE2_R2,7.770270270270271,0.0014806240193325,62.903322701052566,7.502211028877016
DoE2_R2,7.782782782782784,0.0014816579734835,62.92787215988247,7.5101939716482065
DoE2_R2,7.795295295295296,0.0014826924874976,62.952401178439,7.518167500913584
DoE2_R2,7.807807807807809,0.001483727561375,62.97690975672216,7.526131616673149
DoE2_R2,7.820320320320321,0.0014847631951155,63.00139789473194,7.534086318926901
DoE2_R2,7.832832832832834,0.0014857993887193,63.02586559246837,7.542031607674841
DoE2_R2,7.845345345345346,0.0014868361421862,63.05031284993141,7.549967482916968
DoE2_R2,7.857857857857859,0.0014878734555164,63.07473966712109,7.557893944653283
DoE2_R2,7.870370370370371,0.0014889113287098,63.0991460440374,7.565810992883784
DoE2_R2,7.882882882882884,0.0014899497617664,63.123531980680326,7.573718627608473
DoE2_R2,7.895395395395396,0.0014909887546862,63.147897477049895,7.581616848827349
DoE2_R2,7.907907907907909,0.0014920283074692,63.17224253314609,7.589505656540413
DoE2_R2,7.920420420420421,0.0014930684201154,63.19656714896891,7.597385050747664
DoE2_R2,7.932932932932934,0.0014941090926248,63.22087132451836,7.6052550314491025
DoE2_R2,7.945445445445446,0.0014951503249974,63.24515505979444,7.613115598644728
DoE2_R2,7.957957957957959,0.0014961921172333,63.26941835479715,7.620966752334541
DoE2_R2,7.970470470470471,0.0014972344693323,63.29366120952649,7.628808492518542
DoE2_R2,7.982982982982984,0.0014982773812945,63.31788362398246,7.63664081919673
DoE2_R2,7.995495495495496,0.00149932085312,63.34208559816506,7.644463732369105
DoE2_R2,8.008008008008009,0.0015003648848087,63.366267132074285,7.652277232035668
DoE2_R2,8.02052052052052,0.0015014094763605,63.39042822571015,7.660081318196417
DoE2_R2,8.033033033033034,0.0015024546277756,63.41456887907263,7.667875990851354
DoE2_R2,8.045545545545545,0.0015035003390539,63.43868909216175,7.675661250000479
DoE2_R2,8.058058058058059,0.0015045466101954,63.46278886497749,7.683437095643791
DoE2_R2,8.07057057057057,0.0015055934412001,63.48686819751986,7.69120352778129
DoE2_R2,8.083083083083084,0.001506640832068,63.51092708978887,7.698960546412978
DoE2_R2,8.095595595595595,0.0015076753710215,63.53496578829873,7.706709257851008
DoE2_R2,8.108108108108109,0.0016781364719657,63.559579124338825,7.714590659186684
DoE2_R2,8.12062062062062,0.0016792383220852,63.58457525037272,7.72254424583932
DoE2_R2,8.133133133133134,0.0016802902775866,63.60945088531678,7.7303866166041555
DoE2_R2,8.145645645645645,0.0016813422330881,63.63432652026084,7.738228987368991
DoE2_R2,8.158158158158159,0.0016823941885896,63.659202155204895,7.746071358133828
DoE2_R2,8.17067067067067,0.0016834461440911,63.68407779014895,7.753913728898664
DoE2_R2,8.183183183183184,0.0016844980995926,63.70895342509301,7.761756099663501
DoE2_R2,8.195695695695695,0.0016855483719242,63.73380043418376,7.769561978379785
DoE2_R2,8.208208208208209,0.0016865925528035,63.75854384528464,7.777235791063442
DoE2_R2,8.22072072072072,0.0016876367336828,63.78328725638551,7.784909603747098
DoE2_R2,8.233233233233234,0.0016886809145622,63.80803066748639,7.792583416430756
DoE2_R2,8.245745745745745,0.0016897250954415,63.83277407858726,7.800257229114412
DoE2_R2,8.258258258258259,0.0016907692763208,63.857517489688135,7.80793104179807
DoE2_R2,8.27077077077077,0.0016918043979047,63.88200217555032,7.8154916418628675
DoE2_R2,8.283283283283284,0.0016928266398984,63.90611903203548,7.8228912876764465
DoE2_R2,8.295795795795796,0.0016938488818921,63.93023588852062,7.830290933490025
DoE2_R2,8.308308308308309,0.0016948711238859,63.95435274500578,7.837690579303604
DoE2_R2,8.32082082082082,0.0016958933658796,63.97846960149093,7.845090225117183
DoE2_R2,8.333333333333334,0.0016969156078734,64.00258645797608,7.852489870930762
DoE2_R2,8.345845845845846,0.0016979378498671,64.02670331446123,7.85988951674434
DoE2_R2,8.358358358358359,0.0016989600918608,64.05082017094638,7.867289162557919
DoE2_R2,8.37087087087087,0.0016999823338546,64.07493702743153,7.874688808371498
DoE2_R2,8.383383383383384,0.0017010045758483,64.0990538839167,7.882088454185077
DoE2_R2,8.395895895895896,0.0017020268178421,64.12317074040185,7.889488099998655
DoE2_R2,8.408408408408409,0.0017030490598358,64.147287596887,7.896887745812234
DoE2_R2,8.42092092092092,0.0017040713018295,64.17140445337215,7.904287391625813
DoE2_R2,8.433433433433434,0.0017050935438233,64.1955213098573,7.911687037439392
DoE2_R2,8.445945945945946,0.001706115785817,64.21963816634245,7.91908668325297
DoE2_R2,8.458458458458459,0.0017071380278108,64.2437550228276,7.926486329066549
DoE2_R2,8.47097097097097,0.0017081602698045,64.26787187931275,7.933885974880127
DoE2_R2,8.483483483483484,0.0017091825117982,64.2919887357979,7.941285620693707
DoE2_R2,8.495995995995996,0.001710204753792,64.31610559228305,7.948685266507285
DoE2_R2,8.508508508508509,0.0017112269957857,64.34022244876822,7.956084912320864
DoE2_R2,8.52102102102102,0.0017122492377795,64.36433930525337,7.963484558134442
DoE2_R2,8.533533533533534,0.0017132714797732,64.38845616173852,7.970884203948022
DoE2_R2,8.546046046046047,0.0017142937217669,64.41257301822367,7.978283849761601
DoE2_R2,8.558558558558559,0.0017153159637607,64.43668987470882,7.985683495575179
DoE2_R2,8.571071071071072,0.0017163382057544,64.46080673119397,7.993083141388759
DoE2_R2,8.583583583583584,0.0017173604477482,64.48492358767912,8.000482787202337
DoE2_R2,8.596096096096097,0.0017183826897419,64.50904044416428,8.007882433015915
DoE2_R2,8.608608608608609,0.0017194049317356,64.53315730064944,8.015282078829495
DoE2_R2,8.621121121121122,0.0017204271737294,64.55727415713459,8.022681724643073
DoE2_R2,8.633633633633634,0.0017214494157231,64.58139101361974,8.030081370456651
DoE2_R2,8.646146146146148,0.0017224716577169,64.60550787010489,8.037481016270231
DoE2_R2,8.65865865865866,0.0017234938997106,64.62962472659004,8.04488066208381
DoE2_R2,8.671171171171173,0.0017245161417044,64.65374158307519,8.052280307897389
DoE2_R2,8.683683683683684,0.0017255360469206,64.67769743581654,8.059593225099329
DoE2_R2,8.696196196196198,0.0017265530478006,64.70145318006261,8.066798348957054
DoE2_R2,8.70870870870871,0.0017275697481438,64.72518821734766,8.07399231850285
DoE2_R2,8.721221221221223,0.00172858614795,64.7489025476717,8.08117513373672
DoE2_R2,8.733733733733734,0.0017296022472194,64.77259617103473,8.088346794658662
DoE2_R2,8.746246246246248,0.001730618045952,64.79626908743676,8.095507301268679
DoE2_R2,8.75875875875876,0.0017316335441477,64.81992129687777,8.102656653566768
DoE2_R2,8.771271271271273,0.0017326487418065,64.84355279935778,8.109794851552932
DoE2_R2,8.783783783783784,0.0017336636389285,64.86716359487677,8.116921895227168
DoE2_R2,8.796296296296298,0.0017346782355136,64.89075368343475,8.124037784589477
DoE2_R2,8.80880880880881,0.0017356925315618,64.91432306503172,8.13114251963986
DoE2_R2,8.821321321321323,0.0017367065270732,64.9378717396677,8.138236100378316
DoE2_R2,8.833833833833834,0.0017377202220478,64.96139970734265,8.145318526804845
DoE2_R2,8.846346346346348,0.0017387336164854,64.9849069680566,8.152389798919447
DoE2_R2,8.85885885885886,0.0017397467103862,65.00839352180954,8.159449916722123
DoE2_R2,8.871371371371373,0.0017407595037502,65.03185936860146,8.166498880212872
DoE2_R2,8.883883883883884,0.0017417719965773,65.05530450843239,8.173536689391694
DoE2_R2,8.896396396396398,0.0017427841888675,65.07872894130229,8.18056334425859
DoE2_R2,8.90890890890891,0.0017437960806209,65.1021326672112,8.187578844813558
DoE2_R2,8.921421421421423,0.0017448076718374,65.12551568615908,8.194583191056601
DoE2_R2,8.933933933933934,0.0017458189625171,65.14887799814596,8.201576382987716
DoE2_R2,8.946446446446448,0.0017468299526599,65.17221960317184,8.208558420606904
DoE2_R2,8.95895895895896,0.0017478406422658,65.19554050123669,8.215529303914165
DoE2_R2,8.971471471471473,0.0017488510313349,65.21884069234055,8.222489032909502
DoE2_R2,8.983983983983984,0.0017498611198671,65.24212017648338,8.229437607592908
DoE2_R2,8.996496496496498,0.0017508709078625,65.26537895366522,8.23637502796439
DoE2_R2,9.00900900900901,0.001751880395321,65.28861702388605,8.243301294023945
DoE2_R2,9.021521521521525,0.0017528895822426,65.31183438714586,8.250216405771575
DoE2_R2,9.034034034034034,0.0017538984686274,65.33503104344466,8.257120363207274
DoE2_R2,9.046546546546548,0.0017549070544754,65.35820699278246,8.264013166331049
DoE2_R2,9.05905905905906,0.0017559153397864,65.38136223515924,8.270894815142897
DoE2_R2,9.071571571571573,0.0017569233245606,65.40449677057502,8.277765309642819
DoE2_R2,9.084084084084084,0.001757931008798,65.42761059902979,8.284624649830812
DoE2_R2,9.096596596596598,0.0017589395012615,65.45074048129767,8.291468695277969
DoE2_R2,9.10910910910911,0.0017599488287053,65.47388730440315,8.2982973460772
DoE2_R2,9.121621621621625,0.0017609579917708,65.49701793485355,8.305114334110502
DoE2_R2,9.134134134134134,0.0017619669904581,65.52013237264885,8.311919659377875
DoE2_R2,9.146646646646648,0.0017629758247671,65.54323061778908,8.318713321879317
DoE2_R2,9.15915915915916,0.0017639844946979,65.56631267027421,8.325495321614827
DoE2_R2,9.171671671671673,0.0017649930002504,65.58937853010428,8.33226565858441
DoE2_R2,9.184184184184184,0.0017660013414246,65.61242819727926,8.33902433278806
DoE2_R2,9.196696696696698,0.0017670095182206,65.63546167179915,8.345771344225781
DoE2_R2,9.20920920920921,0.0017680175306383,65.65847895366396,8.352506692897572
DoE2_R2,9.221721721721725,0.0017690253786778,65.68148004287369,8.359230378803431
DoE2_R2,9.234234234234236,0.001770033062339,65.70446493942833,8.365942401943363
DoE2_R2,9.246746746746748,0.001771040581622,65.7274336433279,8.372642762317362
DoE2_R2,9.25925925925926,0.0017720479365267,65.75038615457238,8.379331459925432
DoE2_R2,9.271771771771771,0.0017730551270531,65.77332247316178,8.386008494767571
DoE2_R2,9.284284284284285,0.0017740621532013,65.79624259909609,8.39267386684378
DoE2_R2,9.296796796796798,0.0017750690149712,65.81914653237533,8.39932757615406
DoE2_R2,9.30930930930931,0.0017760757123629,65.84203427299947,8.405969622698407
DoE2_R2,9.321821821821825,0.0017770822453763,65.86490582096854,8.412600006476827
DoE2_R2,9.334334334334336,0.0017780886140115,65.88776117628252,8.419218727489314
DoE2_R2,9.346846846846848,0.0017790948182684,65.91060033894144,8.425825785735872
DoE2_R2,9.35935935935936,0.001780100858147,65.93342330894525,8.432421181216501
DoE2_R2,9.371871871871871,0.0017811067336474,65.95623008629398,8.439004913931198
DoE2_R2,9.384384384384385,0.0017821124447695,65.97902067098764,8.445576983879965
DoE2_R2,9.396896896896898,0.0017831179915134,66.00179506302621,8.452137391062804
DoE2_R2,9.40940940940941,0.001784123373879,66.0245532624097,8.45868613547971
DoE2_R2,9.421921921921925,0.0017851285918664,66.04729526913809,8.465223217130687
DoE2_R2,9.434434434434436,0.0017861336454754,66.07002108321142,8.471748636015732
DoE2_R2,9.446946946946948,0.0017871385347063,66.09273070462966,8.47826239213485
DoE2_R2,9.45945945945946,0.0017881432595589,66.1154241333928,8.484764485488036
DoE2_R2,9.471971971971971,0.0017891478200332,66.13810136950089,8.491254916075292
DoE2_R2,9.484484484484485,0.0017901562512353,66.16074553169892,8.497828316823304
DoE2_R2,9.496996996996998,0.0017911676913774,66.18336022535948,8.504464476737299
DoE2_R2,9.50950950950951,0.0017921794026184,66.20595690450423,8.511099186870762
DoE2_R2,9.522022022022025,0.0017931913849583,66.22853556913321,8.517732447223695
DoE2_R2,9.534534534534536,0.0017942036383971,66.2510962192464,8.524364257796096
DoE2_R2,9.547047047047048,0.0017952161629348,66.27363885484382,8.530994618587965
DoE2_R2,9.55955955955956,0.0017962289585714,66.29616347592544,8.537623529599301
DoE2_R2,9.572072072072071,0.001797242025307,66.31867008249128,8.544250990830108
DoE2_R2,9.584584584584585,0.0017982553631415,66.34115867454133,8.550877002280382
DoE2_R2,9.597097097097098,0.0017992689720748,66.3636292520756,8.557501563950126
DoE2_R2,9.60960960960961,0.0018002828521071,66.38608181509409,8.564124675839338
DoE2_R2,9.622122122122123,0.0018012970032383,66.40851636359677,8.570746337948018
DoE2_R2,9.634634634634637,0.0018023114254685,66.43093289758369,8.577366550276166
DoE2_R2,9.647147147147148,0.0018033261187975,66.45333141705481,8.583985312823783
DoE2_R2,9.65965965965966,0.0018043410832255,66.47571192201015,8.590602625590869
DoE2_R2,9.672172172172171,0.0018053563187523,66.49807441244971,8.597218488577424
DoE2_R2,9.684684684684685,0.0018063718253781,66.52041888837348,8.603832901783447
DoE2_R2,9.697197197197198,0.0018073876031028,66.54274534978146,8.610445865208938
DoE2_R2,9.70970970970971,0.0018084036519264,66.56505379667365,8.617057378853897
DoE2_R2,9.722222222222223,0.001809419971849,66.58734422905007,8.623667442718325
DoE2_R2,9.734734734734737,0.0018104365628704,66.6096166469107,8.630276056802222
DoE2_R2,9.747247247247248,0.0018114534249908,66.63187105025554,8.636883221105588
DoE2_R2,9.75975975975976,0.00181247055821,66.6541074390846,8.64348893562842
DoE2_R2,9.772272272272271,0.0018134879625282,66.67632581339787,8.650093200370724
DoE2_R2,9.784784784784785,0.0018145056379453,66.69852617319535,8.656696015332495
DoE2_R2,9.797297297297298,0.0018155235844613,66.72070851847705,8.663297380513734
DoE2_R2,9.80980980980981,0.0018165418020762,66.74287284924296,8.669897295914442
DoE2_R2,9.822322322322323,0.0018175602907901,66.76501916549309,8.676495761534618
DoE2_R2,9.834834834834837,0.0018185790506028,66.78714746722743,8.683092777374263
DoE2_R2,9.847347347347348,0.0018195980815145,66.809257754446,8.689688343433376
DoE2_R2,9.85985985985986,0.0018206173835251,66.83135002714876,8.696282459711957
DoE2_R2,9.872372372372372,0.0018216328177588,66.85341665312326,8.702860847476067
DoE2_R2,9.884884884884883,0.0018226455190444,66.8754597250283,8.709427421778967
DoE2_R2,9.897397397397398,0.0018236574618601,66.89748288386144,8.715988994385313
DoE2_R2,9.90990990990991,0.0018246686462058,66.91948612962265,8.722545565295098
DoE2_R2,9.922422422422423,0.0018256790720817,66.94146946231197,8.729097134508327
DoE2_R2,9.934934934934937,0.0018266887394876,66.96343288192936,8.735643702024998
DoE2_R2,9.947447447447448,0.0018276976484236,66.98537638847483,8.74218526784511
DoE2_R2,9.95995995995996,0.0018287057988898,67.0072999819484,8.748721831968664
DoE2_R2,9.972472472472472,0.0018297131908859,67.02920366235006,8.755253394395663
DoE2_R2,9.984984984984983,0.0018307198244122,67.0510874296798,8.761779955126102
DoE2_R2,9.997497497497498,0.0018317256994686,67.07295128393761,8.768301514159983
DoE2_R2,10.01001001001001,0.001832730648738,67.0947950266433,8.774817046298098
DoE2_R2,10.022522522522523,0.0018337328881104,67.11661654139114,8.781315619784012
DoE2_R2,10.035035035035037,0.0018347335991877,67.1384172298599,8.787804474633539
DoE2_R2,10.047547547547548,0.00183573278197,67.16019709204957,8.794283610846682
DoE2_R2,10.06006006006006,0.0018367304364573,67.18195612796015,8.800753028423438
DoE2_R2,10.072572572572572,0.0018377290465801,67.20369429258875,8.807210663393853
DoE2_R2,10.085085085085083,0.0020559960371319,67.22546343828346,8.813667560295183
DoE2_R2,10.097597597597598,0.0020595831150327,67.24800171072157,8.82025142529106
DoE2_R2,10.11011011011011,0.0020605800153636,67.27048669831836,8.826806810735635
DoE2_R2,10.122622622622623,0.0020615303070972,67.29291203517649,8.833330823082719
DoE2_R2,10.135135135135137,0.0020624805988307,67.31533737203459,8.8398548354298
DoE2_R2,10.147647647647648,0.0020634308905643,67.3377627088927,8.846378847776883
DoE2_R2,10.16016016016016,0.0020643811822978,67.3601880457508,8.852902860123965
DoE2_R2,10.172672672672672,0.0020653302595673,67.38255277667595,8.859420214676037
DoE2_R2,10.185185185185183,0.0020662784714076,67.40487431971239,8.8659328248723
DoE2_R2,10.1976976976977,0.0020672266832478,67.42719586274882,8.872445435068562
DoE2_R2,10.21021021021021,0.0020681748950881,67.44951740578526,8.878958045264822
DoE2_R2,10.222722722722724,0.0020691231069284,67.4718389488217,8.885470655461086
DoE2_R2,10.235235235235235,0.0020700336810383,67.49341070023246,8.891957322495742
DoE2_R2,10.247747747747749,0.002070934899255,67.51479607030963,8.898437540643943
DoE2_R2,10.26026026026026,0.0020718361174717,67.53618144038678,8.904917758792145
DoE2_R2,10.272772772772774,0.0020727373356883,67.55756681046395,8.911397976940346
DoE2_R2,10.285285285285283,0.002073638553905,67.57895218054111,8.917878195088546
DoE2_R2,10.2977977977978,0.0020745397721217,67.60033755061826,8.92435841323675
DoE2_R2,10.31031031031031,0.0020754409903384,67.62172292069543,8.93083863138495
DoE2_R2,10.322822822822824,0.0020763422085551,67.64310829077259,8.93731884953315
DoE2_R2,10.335335335335335,0.0020772434267718,67.66449366084974,8.943799067681352
DoE2_R2,10.347847847847849,0.0020781446449884,67.68587903092691,8.950279285829554
DoE2_R2,10.36036036036036,0.0020790458632051,67.70726440100407,8.956759503977755
DoE2_R2,10.372872872872874,0.0020799470814218,67.72864977108124,8.963239722125957
DoE2_R2,10.385385385385383,0.0020808482996385,67.75003514115839,8.969719940274159
DoE2_R2,10.3978978978979,0.0020817495178552,67.77142051123555,8.97620015842236
DoE2_R2,10.41041041041041,0.0020826507360718,67.79280588131272,8.982680376570562
DoE2_R2,10.422922922922924,0.0020835519542885,67.81419125138987,8.989160594718763
DoE2_R2,10.435435435435435,0.0020844531725052,67.83557662146703,8.995640812866965
DoE2_R2,10.447947947947949,0.0020853543907219,67.8569619915442,9.002121031015166
DoE2_R2,10.46046046046046,0.0020862556089386,67.87834736162135,9.008601249163366
DoE2_R2,10.472972972972974,0.0020871568271553,67.89973273169852,9.01508146731157
DoE2_R2,10.485485485485484,0.0020880580453719,67.92111810177568,9.021561685459767
DoE2_R2,10.497997997998,0.0020889592635886,67.94250347185283,9.028041903607972
DoE2_R2,10.51051051051051,0.0020898604818053,67.96388884193,9.034522121756172
DoE2_R2,10.523023023023024,0.002090761700022,67.98527421200716,9.041002339904374
DoE2_R2,10.535535535535535,0.0020916629182387,68.00665958208431,9.047482558052575
DoE2_R2,10.548048048048049,0.0020925641364554,68.02804495216148,9.053962776200777
DoE2_R2,10.56056056056056,0.002093465354672,68.04943032223863,9.060442994348978
DoE2_R2,10.573073073073074,0.0020943665728887,68.0708156923158,9.06692321249718
DoE2_R2,10.585585585585584,0.0020952677911054,68.09220106239296,9.07340343064538
DoE2_R2,10.5980980980981,0.0020961690093221,68.11358643247011,9.079883648793585
DoE2_R2,10.61061061061061,0.0020970702275388,68.13497180254728,9.086363866941785
DoE2_R2,10.623123123123124,0.0020979714457554,68.15635717262444,9.092844085089986
DoE2_R2,10.635635635635635,0.0020988726639721,68.1777425427016,9.099324303238188
DoE2_R2,10.648148148148149,0.0020997738821888,68.19912791277876,9.10580452138639
DoE2_R2,10.66066066066066,0.0021006751004055,68.22051328285592,9.112284739534587
DoE2_R2,10.673173173173174,0.0021015763186222,68.24189865293309,9.118764957682792
DoE2_R2,10.685685685685687,0.0021024775368389,68.26328402301024,9.125245175830994
DoE2_R2,10.6981981981982,0.0021033787550555,68.2846693930874,9.131725393979194
DoE2_R2,10.710710710710712,0.0021042799732722,68.30605476316457,9.138205612127395
DoE2_R2,10.723223223223224,0.0021051811914889,68.32744013324172,9.144685830275597
DoE2_R2,10.735735735735735,0.0021060824097056,68.34882550331889,9.1511660484238
DoE2_R2,10.748248248248249,0.0021069836279223,68.37021087339605,9.157646266572
DoE2_R2,10.760760760760762,0.002107884846139,68.3915962434732,9.1641264847202
DoE2_R2,10.773273273273274,0.0021087860643556,68.41298161355037,9.170606702868405
DoE2_R2,10.785785785785787,0.0021096872825723,68.43436698362753,9.177086921016604
DoE2_R2,10.7982982982983,0.002110588500789,68.45575235370468,9.183567139164806
DoE2_R2,10.810810810810812,0.0021114897190057,68.47713772378185,9.190047357313007
DoE2_R2,10.823323323323324,0.0021123909372224,68.498523093859,9.196527575461207
DoE2_R2,10.835835835835836,0.0021133200131952,68.51932103774227,9.203256817901291
DoE2_R2,10.848348348348347,0.0021142510812266,68.54007697582655,9.210003867624158
DoE2_R2,10.860860860860862,0.0021151833250986,68.5608081193929,9.216761428347953
DoE2_R2,10.873373373373374,0.0021161167448113,68.58151446844131,9.223529500072676
DoE2_R2,10.885885885885887,0.0021170513403648,68.6021960229718,9.230308082798327
DoE2_R2,10.8983983983984,0.0021179871117589,68.62285278298435,9.237097176524909
DoE2_R2,10.910910910910912,0.0021189240589938,68.64348474847898,9.24389678125242
DoE2_R2,10.923423423423424,0.0021198621820694,68.66409191945569,9.25070689698086
DoE2_R2,10.935935935935936,0.0021208014809857,68.68467429591446,9.25752752371023
DoE2_R2,10.948448448448447,0.0021217419557428,68.7052318778553,9.264358661440529
DoE2_R2,10.960960960960962,0.0021226836063405,68.72576466527822,9.271200310171755
DoE2_R2,10.973473473473474,0.0021236264327789,68.7462726581832,9.278052469903912
DoE2_R2,10.985985985985987,0.0021245704350581,68.76675585657026,9.284915140636995
DoE2_R2,10.9984984984985,0.002125515613178,68.78721426043938,9.291788322371012
DoE2_R2,11.011011011011012,0.0021264619671386,68.80764786979059,9.298672015105955
DoE2_R2,11.023523523523524,0.0021274094969399,68.82805668462385,9.305566218841829
DoE2_R2,11.036036036036036,0.0021283582025819,68.84844070493918,9.31247093357863
DoE2_R2,11.048548548548547,0.0021293080840647,68.86879993073659,9.319386159316362
DoE2_R2,11.061061061061062,0.0021302591413881,68.88913436201608,9.326311896055024
DoE2_R2,11.073573573573574,0.0021312113745523,68.90944399877762,9.333248143794613
DoE2_R2,11.086086086086087,0.0021321647835572,68.92972884102124,9.340194902535131
DoE2_R2,11.0985985985986,0.0021331193684027,68.94998888874694,9.347152172276578
DoE2_R2,11.111111111111112,0.0021340751290891,68.9702241419547,9.354119953018955
DoE2_R2,11.123623623623624,0.0021350320656161,68.99043460064453,9.361098244762262
DoE2_R2,11.136136136136138,0.0021359901779838,69.01062026481644,9.368087047506496
DoE2_R2,11.14864864864865,0.0021369494661923,69.03078113447042,9.375086361251665
DoE2_R2,11.161161161161164,0.0021379099302414,69.05091720960647,9.382096185997757
DoE2_R2,11.173673673673674,0.0021388715701313,69.07102849022459,9.38911652174478
DoE2_R2,11.186186186186188,0.0021398343858619,69.09111497632477,9.39614736849273
DoE2_R2,11.1986986986987,0.0021407983774332,69.11117666790703,9.403188726241613
DoE2_R2,11.211211211211213,0.0021417635448452,69.13121356497136,9.41024059499142
DoE2_R2,11.223723723723724,0.002142729888098,69.15122566751776,9.41730297474216
DoE2_R2,11.236236236236238,0.0021436974071914,69.17121297554624,9.424375865493827
DoE2_R2,11.24874874874875,0.0021446661021256,69.19117548905679,9.431459267246426
DoE2_R2,11.261261261261264,0.0021456359729005,69.2111132080494,9.438553179999952
DoE2_R2,11.273773773773774,0.002146607019516,69.23102613252408,9.445657603754409
DoE2_R2,11.286286286286288,0.0021475792419724,69.25091426248085,9.452772538509794
DoE2_R2,11.2987987987988,0.0021485526402694,69.27077759791966,9.459897984266108
DoE2_R2,11.311311311311313,0.0021495272144071,69.29061613884056,9.467033941023352
DoE2_R2,11.323823823823824,0.0021505029643856,69.31042988524354,9.474180408781525
DoE2_R2,11.336336336336338,0.0021514798902047,69.33021883712857,9.481337387540629
DoE2_R2,11.34884884884885,0.0021524579918646,69.34998299449569,9.488504877300656
DoE2_R2,11.361361361361364,0.0021534372693652,69.36972235734487,9.495682878061617
DoE2_R2,11.373873873873874,0.0021544177227065,69.38943692567612,9.502871389823506
DoE2_R2,11.386386386386388,0.0021553993518885,69.40912669948945,9.510070412586323
DoE2_R2,11.3988988988989,0.0021563821569112,69.42879167878483,9.51727994635007
DoE2_R2,11.411411411411413,0.0021573661377747,69.4484318635623,9.524499991114748
DoE2_R2,11.423923923923924,0.0021583535213293,69.46806189993768,9.53173124083536
DoE2_R2,11.436436436436438,0.0021593571148824,69.48776602226243,9.538977686662232
DoE2_R2,11.44894894894895,0.0021603644572482,69.50746227264528,9.546235445307149
DoE2_R2,11.461461461461464,0.0021613755484268,69.52715065108623,9.553504516770108
DoE2_R2,11.473973973973974,0.0021623903884181,69.54683115758526,9.560784901051113
DoE2_R2,11.486486486486488,0.0021634089772222,69.5665037921424,9.568076598150162
DoE2_R2,11.498998998999,0.002164431314839,69.58616855475762,9.575379608067257
DoE2_R2,11.511511511511513,0.0021654574012686,69.60582544543094,9.582693930802398
DoE2_R2,11.524024024024024,0.0021664872365109,69.62547446416235,9.590019566355585
DoE2_R2,11.536536536536538,0.002167520820566,69.64511561095186,9.597356514726812
DoE2_R2,11.54904904904905,0.0021685581534338,69.66474888579945,9.604704775916089
DoE2_R2,11.561561561561565,0.0021695992351144,69.68437428870516,9.612064349923408
DoE2_R2,11.574074074074074,0.0021706441088554,69.70399143246377,9.619435817214772
DoE2_R2,11.586586586586588,0.0021717007227813,69.72352915600638,9.626925856585752
DoE2_R2,11.5990990990991,0.00217276230781,69.74304806421158,9.634443614209212
DoE2_R2,11.611611611611613,0.0021738288639415,69.76254815707938,9.64198909008515
DoE2_R2,11.624124124124124,0.0021749003911758,69.78202943460977,9.649562284213566
DoE2_R2,11.636636636636638,0.002175976889513,69.80149189680277,9.657163196594462
DoE2_R2,11.64914914914915,0.0021770583589529,69.82093554365836,9.664791827227836
DoE2_R2,11.661661661661665,0.0021781447994957,69.84036037517656,9.672448176113688
DoE2_R2,11.674174174174174,0.0021792362111413,69.85976639135735,9.68013224325202
DoE2_R2,11.686686686686688,0.0021803325938898,69.87915359220075,9.68784402864283
DoE2_R2,11.6991991991992,0.002181433947741,69.89852197770674,9.69558353228612
DoE2_R2,11.711711711711713,0.0021825402726951,69.91787154787534,9.703350754181889
DoE2_R2,11.724224224224224,0.002183651568752,69.93720230270652,9.711145694330137
DoE2_R2,11.736736736736738,0.002184775424551,69.95648116111917,9.719058549258556
DoE2_R2,11.74924924924925,0.0021859073308493,69.97572778021178,9.727035723317622
DoE2_R2,11.761761761761765,0.0021870464482956,69.99494581895956,9.735067240205334
DoE2_R2,11.774274274274276,0.0021881929368267,70.01413458015222,9.743155000885707
DoE2_R2,11.786786786786788,0.0021893469563792,70.0332933665795,9.75130090632276
DoE2_R2,11.7992992992993,0.0021905086668898,70.05242148103113,9.7595068574805
DoE2_R2,11.811811811811811,0.002191678228295,70.07151822629687,9.76777475532295
DoE2_R2,11.824324324324325,0.0021928558005315,70.09058290516646,9.776106500814116
DoE2_R2,11.836836836836838,0.002194041543536,70.1096148204296,9.78450399491802
DoE2_R2,11.84934934934935,0.0021952356172452,70.12861327487605,9.79296913859867
DoE2_R2,11.861861861861865,0.0021964381815956,70.14757757129554,9.801503832820083
DoE2_R2,11.874374374374376,0.002197649396524,70.16650701247782,9.810109978546278
DoE2_R2,11.886886886886888,0.0021988401810591,70.18540700960645,9.818450213425551
DoE2_R2,11.8993993993994,0.0022000197919805,70.20427496515059,9.826631983197734
DoE2_R2,11.911911911911911,0.0022011965422937,70.22310847873275,9.83475178360487
DoE2_R2,11.924424424424425,0.0022023696092657,70.2419070584213,9.84280011433117
DoE2_R2,11.936936936936938,0.0022035381701634,70.26067021228461,9.850767475060843
DoE2_R2,11.94944944944945,0.0022047014022538,70.27939744839102,9.8586443654781
DoE2_R2,11.961961961961965,0.0022058584828039,70.29808827480893,9.866421285267144
DoE2_R2,11.974474474474476,0.0022070085890806,70.31674219960667,9.874088734112188
DoE2_R2,11.986986986986988,0.002208150898351,70.3353587308526,9.881637211697436
DoE2_R2,11.9994994994995,0.002209284587882,70.35393737661511,9.8890572177071
DoE2_R2,12.012012012012011,0.0022103857981477,70.37247441125938,9.896192140637275
DoE2_R2,12.024524524524525,0.0022113588991136,70.39095603463531,9.902427048033768
DoE2_R2,12.037037037037038,0.0022122156185359,70.40938351653901,9.90783258604038
DoE2_R2,12.04954954954955,0.0022127616635848,70.4277490425057,9.912123775819849
DoE2_R2,12.062062062062065,-2.815406889595931e-07,70.4290380549961,9.912311972238893
DoE2_R2,12.074574574574577,-2.883431699465482e-07,70.42903805681071,9.912311972483744
DoE2_R2,12.087087087087088,-2.895539198867303e-07,70.4290380571337,9.912311972527323
DoE2_R2,12.0995995995996,-2.8986841045213215e-07,70.4290380572176,9.912311972538646
DoE2_R2,12.112112112112111,-2.901829010175341e-07,70.42903805730148,9.912311972549965
DoE2_R2,12.124624624624625,-2.90497391582936e-07,70.42903805738538,9.912311972561286
DoE2_R2,12.137137137137138,-2.908118821483379e-07,70.42903805746927,9.912311972572605
DoE2_R2,12.14964964964965,-2.911263727137398e-07,70.42903805755317,9.912311972583923
DoE2_R2,12.162162162162163,-2.914408632791417e-07,70.42903805763706,9.912311972595244
DoE2_R2,12.174674674674677,-2.917553538445436e-07,70.42903805772096,9.912311972606563
DoE2_R2,12.187187187187188,-2.920698444099456e-07,70.42903805780485,9.912311972617884
DoE2_R2,12.1996996996997,-2.923843349753474e-07,70.42903805788875,9.912311972629205
DoE2_R2,12.212212212212211,-2.926988255407493e-07,70.42903805797263,9.912311972640524
DoE2_R2,12.224724724724725,-2.928546928513396e-07,70.42903805801421,9.912311972646132
DoE2_R2,12.237237237237238,-2.9290379053454573e-07,70.42903805802732,9.9123119726479
DoE2_R2,12.24974974974975,-2.92952888217752e-07,70.4290380580404,9.912311972649668
DoE2_R2,12.262262262262263,-2.930019859009581e-07,70.42903805805351,9.912311972651436
DoE2_R2,12.274774774774777,-2.930510835841643e-07,70.42903805806661,9.912311972653203
DoE2_R2,12.287287287287288,-2.931001812673705e-07,70.4290380580797,9.91231197265497
DoE2_R2,12.2997997997998,-2.931492789505767e-07,70.4290380580928,9.912311972656738
DoE2_R2,12.312312312312311,-2.9319837663378297e-07,70.42903805810589,9.912311972658504
DoE2_R2,12.324824824824825,-2.932474743169892e-07,70.42903805811899,9.912311972660271
DoE2_R2,12.337337337337338,-2.9329657200019537e-07,70.4290380581321,9.91231197266204
DoE2_R2,12.34984984984985,-2.933456696834016e-07,70.42903805814518,9.912311972663806
DoE2_R2,12.362362362362363,-2.933648276571063e-07,70.4290380581503,9.912311972664495
DoE2_R2,12.374874874874877,-2.9337249269625666e-07,70.42903805815234,9.912311972664773
DoE2_R2,12.387387387387388,-2.93380157735407e-07,70.42903805815439,9.912311972665048
DoE2_R2,12.3998998998999,-2.933878227745573e-07,70.42903805815644,9.912311972665323
DoE2_R2,12.412412412412412,-2.933954878137077e-07,70.42903805815848,9.9123119726656
DoE2_R2,12.424924924924923,-2.93403152852858e-07,70.42903805816053,9.912311972665876
DoE2_R2,12.437437437437438,-2.934108178920083e-07,70.42903805816258,9.912311972666153
DoE2_R2,12.44994994994995,-2.9341848293115866e-07,70.42903805816461,9.912311972666428
DoE2_R2,12.462462462462463,-2.93426147970309e-07,70.42903805816665,9.912311972666703
DoE2_R2,12.474974974974977,-2.9343381300945936e-07,70.4290380581687,9.91231197266698
DoE2_R2,12.487487487487488,-2.934414780486097e-07,70.42903805817075,9.912311972667256
DoE2_R2,12.5,-2.9344914308776e-07,70.4290380581728,9.912311972667531
DoE2_R3,0.0,0.0,32.53333333333338,0.0
DoE2_R3,0.0125125125125125,0.0001866586039112,32.54496802779572,0.0072397111471811
DoE2_R3,0.025025025025025,0.0001866411329422,32.556676266137195,0.014504142642774
DoE2_R3,0.0375375375375375,0.0001866236434202,32.56837452717656,0.0217601953855948
DoE2_R3,0.05005005005005,0.0001866061594425,32.58007180826437,0.0290162252798267
DoE2_R3,0.0625625625625625,0.000186588796021,32.591747781285896,0.0362717583543453
DoE2_R3,0.075075075075075,0.0001865714325995,32.60342375430742,0.0435272914288639
DoE2_R3,0.0875875875875876,0.0001865542277475,32.61504285507234,0.0507520973703435
DoE2_R3,0.1001001001001001,0.0001865371423195,32.62661912343511,0.0579537616783164
DoE2_R3,0.1126126126126126,0.0001865200568914,32.638195391797886,0.0651554259862893
DoE2_R3,0.1251251251251251,0.0001865029714634,32.64977166016066,0.0723570902942622
DoE2_R3,0.1376376376376376,0.0001864858860354,32.66134792852343,0.0795587546022351
DoE2_R3,0.1501501501501501,0.0001864688006074,32.67292419688621,0.086760418910208
DoE2_R3,0.1626626626626626,0.0001864517151794,32.68450046524898,0.0939620832181809
DoE2_R3,0.1751751751751752,0.0001864346297514,32.696076733611754,0.1011637475261538
DoE2_R3,0.1876876876876877,0.0001864175443234,32.70765300197453,0.1083654118341267
DoE2_R3,0.2002002002002002,0.0001864004588954,32.7192292703373,0.1155670761420996
DoE2_R3,0.2127127127127127,0.0001863833734674,32.73080553870007,0.1227687404500725
DoE2_R3,0.2252252252252252,0.0001863662880394,32.74238180706284,0.1299704047580454
DoE2_R3,0.2377377377377377,0.0001863491932427,32.75394353428322,0.137158178362563
DoE2_R3,0.2502502502502503,0.0001863320675003,32.76545723016485,0.1443000691151656
DoE2_R3,0.2627627627627628,0.0001863149359261,32.776961874629755,0.1514333133294075
DoE2_R3,0.2752752752752753,0.0001862977985203,32.788457467677944,0.1585579110052886
DoE2_R3,0.2877877877877878,0.0001862806552828,32.79994400930941,0.1656738621428091
DoE2_R3,0.3003003003003003,0.0001862635062136,32.811421499524144,0.1727811667419689
DoE2_R3,0.3128128128128128,0.0001862463513128,32.82288993832217,0.179879824802768
DoE2_R3,0.3253253253253253,0.0001862291905802,32.83434932570347,0.1869698363252064
DoE2_R3,0.3378378378378379,0.000186212024016,32.845799661668046,0.1940512013092842
DoE2_R3,0.3503503503503504,0.0001861948516201,32.8572409462159,0.2011239197550012
DoE2_R3,0.3628628628628629,0.0001861776733925,32.86867317934704,0.2081879916623575
DoE2_R3,0.3753753753753754,0.0001861604893332,32.880096361061455,0.2152434170313532
DoE2_R3,0.3878878878878879,0.0001861432994422,32.89151049135915,0.2222901958619881
DoE2_R3,0.4004004004004004,0.0001861261206317,32.90292648680192,0.2293467759522072
DoE2_R3,0.4129129129129129,0.0001861089391106,32.91433544549544,0.2363981140722328
DoE2_R3,0.4254254254254254,0.0001860917538774,32.92573672095152,0.2434431177275467
DoE2_R3,0.4379379379379379,0.0001860745649321,32.93713031317016,0.250481786918149
DoE2_R3,0.4504504504504504,0.0001860573722748,32.948516222151355,0.2575141216440396
DoE2_R3,0.4629629629629629,0.0001860401759054,32.9598944478951,0.2645401219052186
DoE2_R3,0.4754754754754755,0.0001860229758239,32.9712649904014,0.271559787701686
DoE2_R3,0.487987987987988,0.0001860057720303,32.982627849670266,0.2785731190334417
DoE2_R3,0.5005005005005005,0.0001859885645247,32.99398302570168,0.2855801159004858
DoE2_R3,0.513013013013013,0.0001859713533069,33.00533051849565,0.2925807783028182
DoE2_R3,0.5255255255255256,0.0001859541383771,33.01667032805217,0.2995751062404391
DoE2_R3,0.5380380380380381,0.0001859369197352,33.028002454371254,0.3065630997133482
DoE2_R3,0.5505505505505506,0.0001859196973812,33.03932689745289,0.3135447587215457
DoE2_R3,0.5630630630630631,0.0001859024713151,33.05064365729708,0.3205200832650317
DoE2_R3,0.5755755755755756,0.000185885241537,33.06195273390382,0.3274890733438059
DoE2_R3,0.5880880880880881,0.0001858680080468,33.073254127273124,0.3344517289578685
DoE2_R3,0.6006006006006006,0.0001858509100295,33.08454412892338,0.3414181260656456
DoE2_R3,0.6131131131131131,0.000185833837627,33.09582566594544,0.3483803117503323
DoE2_R3,0.6256256256256256,0.0001858167793818,33.10709904361246,0.355337456583584
DoE2_R3,0.6381381381381381,0.0001857997352939,33.11836426192444,0.3622895605654007
DoE2_R3,0.6506506506506506,0.0001857827053634,33.1296213208814,0.3692366236957822
DoE2_R3,0.6631631631631631,0.0001857656895903,33.140870220483315,0.3761786459747288
DoE2_R3,0.6756756756756758,0.0001857486879745,33.1521109607302,0.3831156274022402
DoE2_R3,0.6881881881881883,0.000185731700516,33.16334354162205,0.3900475679783164
DoE2_R3,0.7007007007007008,0.0001857147272149,33.174567963158864,0.3969744677029577
DoE2_R3,0.7132132132132133,0.0001856977680711,33.18578422534065,0.4038963265761638
DoE2_R3,0.7257257257257258,0.0001856808230847,33.1969923281674,0.4108131445979348
DoE2_R3,0.7382382382382383,0.0001856638922556,33.20819227163911,0.4177249217682707
DoE2_R3,0.7507507507507508,0.0001856469755839,33.2193840557558,0.4246316580871716
DoE2_R3,0.7632632632632633,0.0001856300730695,33.230567680517446,0.4315333535546374
DoE2_R3,0.7757757757757758,0.0001856131847125,33.241743145924055,0.4384300081706681
DoE2_R3,0.7882882882882883,0.0001855963105128,33.25291045197564,0.4453216219352636
DoE2_R3,0.8008008008008008,0.0001855794162004,33.26406724922999,0.4522033115800864
DoE2_R3,0.8133133133133134,0.0001855625278859,33.2752153277519,0.4590787977187982
DoE2_R3,0.8258258258258259,0.0001855456492194,33.28635493776379,0.4659486004336536
DoE2_R3,0.8383383383383384,0.0001855287802006,33.29748607926566,0.4728127197246526
DoE2_R3,0.8508508508508509,0.0001855119208298,33.308608752257506,0.4796711555917953
DoE2_R3,0.8633633633633634,0.0001854950711068,33.319722956739334,0.4865239080350816
DoE2_R3,0.8758758758758759,0.0001854782310316,33.330828692711144,0.4933709770545115
DoE2_R3,0.8883883883883884,0.0001854614006044,33.34192596017292,0.500212362650085
DoE2_R3,0.9009009009009008,0.0001854445798249,33.35301475912469,0.5070480648218021
DoE2_R3,0.9134134134134134,0.0001854277686934,33.364095089566426,0.5138780835696627
DoE2_R3,0.925925925925926,0.0001854109672097,33.37516695149815,0.5207024188936671
DoE2_R3,0.9384384384384384,0.0001853941753739,33.386230344919845,0.527521070793815
DoE2_R3,0.9509509509509512,0.0001853773931859,33.39728526983152,0.5343340392701066
DoE2_R3,0.9634634634634636,0.0001853606206458,33.40833172623318,0.5411413243225418
DoE2_R3,0.975975975975976,0.0001853438577536,33.41936971412481,0.5479429259511205
DoE2_R3,0.9884884884884886,0.0001853271045092,33.43039923350643,0.554738844155843
DoE2_R3,1.001001001001001,0.0001853102077166,33.44142261521425,0.5615089845047341
DoE2_R3,1.0135135135135136,0.0001852932918862,33.45243796485688,0.5682696787840933
DoE2_R3,1.026026026026026,0.0001852763780159,33.463444962957375,0.5750236812447083
DoE2_R3,1.0385385385385386,0.0001852594661056,33.47444360951574,0.5817709918865792
DoE2_R3,1.0510510510510511,0.0001852425561554,33.48543390453198,0.5885116107097057
DoE2_R3,1.0635635635635636,0.0001852256481652,33.49641584800609,0.5952455377140883
DoE2_R3,1.076076076076076,0.0001852087421351,33.50738943993806,0.6019727728997265
DoE2_R3,1.0885885885885886,0.0001851918380651,33.51835468032791,0.6086933162666206
DoE2_R3,1.1011011011011012,0.0001851749359551,33.529311569175626,0.6154071678147705
DoE2_R3,1.1136136136136137,0.0001851580358051,33.54026010648121,0.6221143275441762
DoE2_R3,1.1261261261261262,0.0001851411376153,33.551200292244665,0.6288147954548376
DoE2_R3,1.138638638638639,0.0001851242413854,33.562132126466,0.635508571546755
DoE2_R3,1.1511511511511512,0.0001851073471156,33.57305560914519,0.6421956558199281
DoE2_R3,1.1636636636636637,0.0001850904548059,33.58397074028226,0.648876048274357
DoE2_R3,1.1761761761761762,0.0001850735644563,33.5948775198772,0.6555497489100417
DoE2_R3,1.1886886886886887,0.0001850566760666,33.605775947930006,0.6622167577269822
DoE2_R3,1.2012012012012012,0.0001850397896371,33.61666602444068,0.6688770747251787
DoE2_R3,1.2137137137137135,0.0001850229051676,33.62754774940923,0.6755306999046308
DoE2_R3,1.2262262262262262,0.0001850060226581,33.63842112283565,0.6821776332653388
DoE2_R3,1.2387387387387387,0.0001849891421087,33.64928614471994,0.6888178748073025
DoE2_R3,1.2512512512512513,0.0001849722635194,33.6601428150621,0.6954514245305221
DoE2_R3,1.2637637637637638,0.0001849553868901,33.670991133862124,0.7020782824349975
DoE2_R3,1.2762762762762765,0.0001849385122209,33.681831101120025,0.7086984485207286
DoE2_R3,1.2887887887887888,0.0001849216395117,33.6926627168358,0.7153119227877156
DoE2_R3,1.3013013013013013,0.0001849047687626,33.70348598100944,0.7219187052359585
DoE2_R3,1.3138138138138138,0.0001848878999736,33.714300893640946,0.7285187958654571
DoE2_R3,1.3263263263263263,0.0001848710331446,33.72510745473032,0.7351121946762115
DoE2_R3,1.338838838838839,0.0001848541682756,33.735905664277574,0.7416989016682218
DoE2_R3,1.3513513513513515,0.0001848373053667,33.74669552228269,0.7482789168414878
DoE2_R3,1.363863863863864,0.0001848204444179,33.75747702874568,0.7548522401960097
DoE2_R3,1.3763763763763766,0.0001848035854291,33.768250183666545,0.7614188717317874
DoE2_R3,1.388888888888889,0.0001847867284003,33.77901498704527,0.7679788114488209
DoE2_R3,1.4014014014014016,0.0001847698733317,33.78977143888187,0.7745320593471101
DoE2_R3,1.413913913913914,0.0001847530202231,33.80051953917634,0.7810786154266551
DoE2_R3,1.4264264264264266,0.0001847361690745,33.811259287928685,0.787618479687456
DoE2_R3,1.438938938938939,0.000184719319886,33.82199068513889,0.7941516521295128
DoE2_R3,1.4514514514514516,0.0001847024726575,33.83271373080697,0.8006781327528253
DoE2_R3,1.463963963963964,0.0001846856273891,33.843428424932924,0.8071979215573936
DoE2_R3,1.4764764764764766,0.0001846687840808,33.85413476751675,0.8137110185432177
DoE2_R3,1.4889889889889891,0.0001846519427325,33.864832758558435,0.8202174237102976
DoE2_R3,1.5015015015015016,0.0001846351033443,33.875522398058,0.8267171370586334
DoE2_R3,1.514014014014014,0.0001846182659161,33.88620368601543,0.8332101585882249
DoE2_R3,1.5265265265265269,0.000184601430448,33.89687662243073,0.8396964882990723
DoE2_R3,1.5390390390390392,0.0001845845969399,33.9075412073039,0.8461761261911754
DoE2_R3,1.5515515515515517,0.0001846069232866,33.9182484305436,0.8526797268818439
DoE2_R3,1.5640640640640642,0.0001847183306712,33.929063297599846,0.8592463709900946
DoE2_R3,1.576576576576577,0.0001848352924364,33.93987704326298,0.8658106699720546
DoE2_R3,1.5890890890890892,0.0001849578085821,33.950689667533,0.872372623827724
DoE2_R3,1.6016016016016017,0.0001850858791084,33.9615011704099,0.8789322325571027
DoE2_R3,1.6141141141141142,0.0001852195040152,33.972311551893696,0.8854894961601908
DoE2_R3,1.6266266266266267,0.0001853586833026,33.98312081198437,0.8920444146369881
DoE2_R3,1.6391391391391392,0.0001855034169705,33.993928950681926,0.8985969879874949
DoE2_R3,1.6516516516516515,0.000185653705019,34.00473596798638,0.905147216211711
DoE2_R3,1.6641641641641642,0.0001858095474481,34.0155418638977,0.9116950993096364
DoE2_R3,1.6766766766766767,0.0001859709442576,34.02634663841592,0.9182406372812713
DoE2_R3,1.6891891891891893,0.0001861378954478,34.03715029154102,0.9247838301266154
DoE2_R3,1.7017017017017018,0.0001863104010185,34.04795282327301,0.9313246778456687
DoE2_R3,1.7142142142142145,0.0001864884609697,34.05875423361188,0.9378631804384316
DoE2_R3,1.7267267267267268,0.0001866720753015,34.06955452255763,0.9443993379049038
DoE2_R3,1.7392392392392393,0.0001868612440139,34.08035369011027,0.9509331502450852
DoE2_R3,1.7517517517517518,0.0001870559671068,34.0911517362698,0.9574646174589762
DoE2_R3,1.7642642642642643,0.0001872562445802,34.10194866103621,0.9639937395465764
DoE2_R3,1.7767767767767768,0.0001874620764342,34.11274446440951,0.970520516507886
DoE2_R3,1.789289289289289,0.0001876734626688,34.12353914638969,0.9770449483429048
DoE2_R3,1.8018018018018016,0.0001878904032839,34.13433270697676,0.983567035051633
DoE2_R3,1.8143143143143143,0.0001881128982795,34.14512514617071,0.9900867766340706
DoE2_R3,1.8268268268268268,0.0001883409476557,34.15591646397154,0.9966041730902176
DoE2_R3,1.8393393393393396,0.0001885745514125,34.16670666037927,1.003119224420074
DoE2_R3,1.851851851851852,0.0001888137095498,34.17749573539388,1.0096319306236394
DoE2_R3,1.8643643643643644,0.0001890584220677,34.18828368901537,1.0161422917009144
DoE2_R3,1.876876876876877,0.0001893086889661,34.19907052124375,1.022650307651899
DoE2_R3,1.8893893893893896,0.0001895645102451,34.20985623207901,1.0291559784765925
DoE2_R3,1.901901901901902,0.0001898258859046,34.22064082152116,1.0356593041749955
DoE2_R3,1.9144144144144144,0.0001900928159447,34.23142428957019,1.042160284747108
DoE2_R3,1.9269269269269271,0.0001903653003653,34.242206636226115,1.0486589201929295
DoE2_R3,1.93943943943944,0.0001906433391665,34.25298786148892,1.0551552105124606
DoE2_R3,1.951951951951952,0.0001909269323482,34.2637679653586,1.0616491557057008
DoE2_R3,1.9644644644644649,0.0001912160799105,34.27454694783518,1.0681407557726506
DoE2_R3,1.9769769769769767,0.0001915107818533,34.28532480891864,1.0746300107133098
DoE2_R3,1.9894894894894897,0.0001918110381767,34.29610154860898,1.081116920527678
DoE2_R3,2.002002002002002,0.0001921168488806,34.30687716690621,1.0876014852157558
DoE2_R3,2.0145145145145147,0.0001924282139651,34.31765166381033,1.094083704777543
DoE2_R3,2.027027027027027,0.0001927451334301,34.32842503932133,1.1005635792130395
DoE2_R3,2.03953953953954,0.0001930676072757,34.33919729343921,1.1070411085222451
DoE2_R3,2.052052052052052,0.0001933956355019,34.34996842616398,1.1135162927051605
DoE2_R3,2.0645645645645647,0.0001937292181086,34.36073843749564,1.119989131761785
DoE2_R3,2.077077077077077,0.0001940683550958,34.37150732743418,1.1264596256921189
DoE2_R3,2.0895895895895897,0.0001944130464636,34.38227509597961,1.132927774496162
DoE2_R3,2.1021021021021022,0.000194763292212,34.39304174313192,1.1393935781739144
DoE2_R3,2.1146146146146148,0.0001949443097877,34.40377365400132,1.145826402938965
DoE2_R3,2.1271271271271277,0.0001950590279736,34.41449062426893,1.1522442889119533
DoE2_R3,2.13963963963964,0.00019516324128,34.42520338456137,1.1586570150844544
DoE2_R3,2.1521521521521523,0.0001952569497068,34.435911934878646,1.1650645814564684
DoE2_R3,2.164664664664665,0.0001953401532542,34.446616275220755,1.171466988027995
DoE2_R3,2.1771771771771773,0.0001954128519221,34.45731640558769,1.177864234799035
DoE2_R3,2.18968968968969,0.0001954750457104,34.468012325979466,1.1842563217695876
DoE2_R3,2.2022022022022023,0.0001955267346193,34.47870403639607,1.190643248939653
DoE2_R3,2.214714714714715,0.0001955679186487,34.4893915368375,1.1970250163092313
DoE2_R3,2.2272272272272278,0.0001955985977986,34.50007482730377,1.2034016238783225
DoE2_R3,2.23973973973974,0.0001956187720689,34.51075390779487,1.2097730716469264
DoE2_R3,2.2522522522522523,0.0001956284414598,34.5214287783108,1.2161393596150434
DoE2_R3,2.264764764764765,0.0001956276059712,34.53209943885157,1.222500487782673
DoE2_R3,2.2772772772772774,0.0001956162656031,34.54276588941716,1.2288564561498156
DoE2_R3,2.28978978978979,0.0001955944203555,34.5534281300076,1.2352072647164711
DoE2_R3,2.3023023023023024,0.0001955620702283,34.56408616062286,1.2415529134826395
DoE2_R3,2.314814814814815,0.0001955192152217,34.57473998126295,1.2478934024483208
DoE2_R3,2.3273273273273274,0.0001954658553356,34.58538959192787,1.254228731613515
DoE2_R3,2.33983983983984,0.00019540199057,34.59603499261763,1.260558900978222
DoE2_R3,2.3523523523523524,0.0001953276209249,34.606676183332226,1.2668839105424416
DoE2_R3,2.364864864864865,0.0001952427464003,34.617313164071646,1.2732037603061743
DoE2_R3,2.3773773773773774,0.0001951473669962,34.6279459348359,1.27951845026942
DoE2_R3,2.38988988988989,0.0001950414827126,34.638574495624994,1.2858279804321784
DoE2_R3,2.4024024024024024,0.0001949250935495,34.649198846438914,1.2921323507944495
DoE2_R3,2.414914914914915,0.0001947981995069,34.65981898727766,1.2984315613562336
DoE2_R3,2.4274274274274275,0.0001946608005848,34.67043491814125,1.3047256121175308
DoE2_R3,2.43993993993994,0.0001945128967832,34.68104663902967,1.3110145030783409
DoE2_R3,2.4524524524524525,0.0001943544881021,34.69165414994291,1.3172982342386632
DoE2_R3,2.464964964964965,0.0001942667183114,34.702238287089415,1.3235737403021317
DoE2_R3,2.477477477477477,0.0001942459664951,34.71279990562395,1.3298411580528906
DoE2_R3,2.48998998998999,0.0001942251861974,34.72335483996367,1.336103020245544
DoE2_R3,2.5025025025025025,0.0001942043774183,34.73390309010856,1.3423593268800913
DoE2_R3,2.515015015015015,0.0001941835401579,34.74444465605863,1.3486100779565326
DoE2_R3,2.5275275275275275,0.0001941626744161,34.75497953781388,1.354855273474868
DoE2_R3,2.54004004004004,0.000194141780193,34.7655077353743,1.3610949134350976
DoE2_R3,2.5525525525525525,0.0001941208574885,34.776029248739896,1.367328997837221
DoE2_R3,2.565065065065065,0.0001940999063026,34.78654407791068,1.3735575266812388
DoE2_R3,2.5775775775775776,0.0001940789266355,34.79705222288663,1.3797804999671504
DoE2_R3,2.59009009009009,0.0001940579184869,34.80755368366776,1.385997917694956
DoE2_R3,2.6026026026026026,0.000194036881857,34.818048460254055,1.3922097798646558
DoE2_R3,2.615115115115115,0.0001940158167458,34.82853655264554,1.3984160864762496
DoE2_R3,2.627627627627628,0.0001939947231532,34.8390179608422,1.4046168375297374
DoE2_R3,2.64014014014014,0.0001939736010792,34.84949268484403,1.4108120330251193
DoE2_R3,2.6526526526526526,0.0001939524505239,34.85996072465104,1.417001672962395
DoE2_R3,2.665165165165165,0.0001939312714873,34.870422080263225,1.4231857573415652
DoE2_R3,2.677677677677678,0.0001939100639693,34.8808767516806,1.4293642861626294
DoE2_R3,2.6901901901901906,0.0001938888279699,34.89132473890313,1.4355372594255875
DoE2_R3,2.702702702702703,0.0001938675634892,34.90176604193085,1.4417046771304398
DoE2_R3,2.715215215215216,0.0001938462705272,34.912200660763745,1.447866539277186
DoE2_R3,2.727727727727728,0.0001938249490837,34.92262859540181,1.4540228458658262
DoE2_R3,2.7402402402402406,0.000193803599159,34.933049845845055,1.4601735968963605
DoE2_R3,2.752752752752753,0.0001937822207529,34.94346441209348,1.4663187923687888
DoE2_R3,2.7652652652652656,0.0001937608138654,34.95387229414708,1.4724584322831114
DoE2_R3,2.777777777777778,0.0001937393784966,34.96427349200586,1.4785925166393277
DoE2_R3,2.79029029029029,0.0001937179146464,34.974668005669805,1.4847210454374382
DoE2_R3,2.802802802802803,0.0001936964223149,34.98505583513894,1.4908440186774428
DoE2_R3,2.815315315315316,0.0001936751553198,34.995433415899,1.4969600722554115
DoE2_R3,2.827827827827828,0.0001936544206768,35.0057964363453,1.5030675561633753
DoE2_R3,2.8403403403403407,0.0001936337121084,35.01615200643568,1.5091691913110492
DoE2_R3,2.852852852852853,0.0001936130296146,35.02650012617015,1.5152649776984326
DoE2_R3,2.8653653653653657,0.0001935923731953,35.03684079554869,1.521354915325526
DoE2_R3,2.877877877877878,0.0001935717428506,35.04717401457132,1.5274390041923294
DoE2_R3,2.8903903903903907,0.0001935511385804,35.05749978323802,1.5335172442988427
DoE2_R3,2.902902902902903,0.0001935305603848,35.06781810154881,1.5395896356450656
DoE2_R3,2.915415415415416,0.0001935100082638,35.07812896950367,1.5456561782309983
DoE2_R3,2.927927927927928,0.0001934894822173,35.08843238710262,1.5517168720566412
DoE2_R3,2.9404404404404407,0.0001934689822453,35.09872835434565,1.5577717171219938
DoE2_R3,2.952952952952953,0.0001934485083479,35.10901687123276,1.5638207134270563
DoE2_R3,2.9654654654654657,0.0001934280605251,35.11929793776395,1.5698638609718285
DoE2_R3,2.9779779779779783,0.0001934076387768,35.12957155393922,1.5759011597563106
DoE2_R3,2.9904904904904908,0.0001933872431031,35.139837719758575,1.5819326097805029
DoE2_R3,3.0030030030030037,0.0001933668735039,35.150096435222004,1.5879582110444046
DoE2_R3,3.015515515515516,0.0001933465299793,35.16034770032952,1.5939779635480162
DoE2_R3,3.0280280280280283,0.0001933262125292,35.170591515081114,1.5999918672913378
DoE2_R3,3.040540540540541,0.0001933059211537,35.18082787947679,1.6059999222743693
DoE2_R3,3.0530530530530533,0.0001932856558528,35.191056793516545,1.6120021284971104
DoE2_R3,3.065565565565566,0.0001932654166264,35.20127825720038,1.6179984859595615
DoE2_R3,3.0780780780780783,0.0001932452034745,35.211492270528296,1.6239889946617223
DoE2_R3,3.090590590590591,0.0001932250163972,35.2216988335003,1.6299736546035932
DoE2_R3,3.1031031031031038,0.0001932048553945,35.231897946116376,1.635952465785174
DoE2_R3,3.115615615615616,0.0001931847204663,35.24208960837653,1.6419254282064646
DoE2_R3,3.1281281281281283,0.0001931646116127,35.25227382028077,1.6478925418674648
DoE2_R3,3.140640640640641,0.0001931445288337,35.26245058182909,1.6538538067681752
DoE2_R3,3.1531531531531534,0.0001931244721291,35.27261989302149,1.6598092229085952
DoE2_R3,3.165665665665666,0.0001931131736943,35.28279902359371,1.665769568425039
DoE2_R3,3.1781781781781784,0.0001931713553831,35.293108063666224,1.671809792217038
DoE2_R3,3.190690690690691,0.0001932315716796,35.30341362567592,1.6778466463785504
DoE2_R3,3.2032032032032034,0.000193293822584,35.313715709622805,1.6838801309095757
DoE2_R3,3.215715715715716,0.0001933581080962,35.32401431550687,1.6899102458101145
DoE2_R3,3.2282282282282284,0.0001934244282162,35.334309443328124,1.6959369910801665
DoE2_R3,3.240740740740741,0.000193492782944,35.34460109308657,1.7019603667197318
DoE2_R3,3.253253253253253,0.0001935631722796,35.35488926478219,1.7079803727288103
DoE2_R3,3.265765765765766,0.0001936355962231,35.36517395841499,1.7139970091074026
DoE2_R3,3.2782782782782784,0.0001937100547743,35.37545517398499,1.7200102758555078
DoE2_R3,3.290790790790791,0.0001937865479334,35.38573291149217,1.7260201729731264
DoE2_R3,3.3033033033033035,0.0001938650757003,35.39600717093653,1.7320267004602583
DoE2_R3,3.315815815815816,0.000193945638075,35.40627795231808,1.7380298583169036
DoE2_R3,3.3283283283283285,0.0001940282350575,35.41654525563681,1.744029646543062
DoE2_R3,3.340840840840841,0.0001941128666478,35.42680908089273,1.750026065138734
DoE2_R3,3.353353353353353,0.000194199532846,35.437069428085834,1.7560191141039192
DoE2_R3,3.365865865865866,0.0001942882336519,35.44732629721612,1.7620087934386175
DoE2_R3,3.3783783783783785,0.0001943789690657,35.457579688283595,1.7679951031428296
DoE2_R3,3.390890890890891,0.0001944717390873,35.46782960128826,1.7739780432165546
DoE2_R3,3.4034034034034035,0.0001945665437167,35.4780760362301,1.779957613659793
DoE2_R3,3.415915915915916,0.0001946633829539,35.48831899310913,1.7859338144725447
DoE2_R3,3.4284284284284285,0.000194762256799,35.49855847192534,1.7919066456548098
DoE2_R3,3.440940940940941,0.0001948631652518,35.508794472678744,1.7978761072065883
DoE2_R3,3.4534534534534536,0.0001949661083125,35.51902699536933,1.80384219912788
DoE2_R3,3.465965965965966,0.000195071085981,35.5292560399971,1.8098049214186849
DoE2_R3,3.4784784784784786,0.0001951780982573,35.53948160656205,1.8157642740790032
DoE2_R3,3.490990990990991,0.0001952871451414,35.54970369506419,1.821720257108835
DoE2_R3,3.503503503503504,0.0001953982266333,35.55992230550352,1.82767287050818
DoE2_R3,3.516016016016016,0.0001955113427331,35.57013743788003,1.833622114277038
DoE2_R3,3.5285285285285286,0.0001956264934407,35.58034909219372,1.8395679884154092
DoE2_R3,3.541041041041041,0.000195743678756,35.5905572684446,1.8455104929232944
DoE2_R3,3.5535535535535536,0.0001958628986792,35.60076196663267,1.8514496278006924
DoE2_R3,3.566066066066066,0.0001959841532102,35.610963186757914,1.857385393047604
DoE2_R3,3.578578578578578,0.0001961074423491,35.62116092882035,1.8633177886640289
DoE2_R3,3.591091091091091,0.0001962327660957,35.631355192819974,1.869246814649967
DoE2_R3,3.603603603603604,0.0001963601244501,35.641545978756774,1.8751724710054185
DoE2_R3,3.616116116116116,0.0001964895174124,35.651733286630765,1.881094757730383
DoE2_R3,3.6286286286286287,0.0001966209449825,35.66191711644194,1.8870136748248607
DoE2_R3,3.641141141141141,0.0001967544071604,35.6720974681903,1.8929292222888523
DoE2_R3,3.6536536536536537,0.0001968899039461,35.682274341875846,1.898841400122357
DoE2_R3,3.666166166166166,0.0001970274353396,35.69244773749858,1.9047502083253751
DoE2_R3,3.678678678678679,0.000197167001341,35.702617655058496,1.9106556468979063
DoE2_R3,3.691191191191191,0.0001973086019501,35.712784094555595,1.916557715839951
DoE2_R3,3.703703703703704,0.0001974522371671,35.722947055989884,1.922456415151509
DoE2_R3,3.716216216216216,0.0001975979069919,35.73310653936135,1.92835174483258
DoE2_R3,3.7287287287287287,0.0001977456114245,35.74326254467001,1.9342437048831649
DoE2_R3,3.7412412412412417,0.0001978953504649,35.75341507191585,1.9401322953032627
DoE2_R3,3.753753753753754,0.0001980471241132,35.763564121098874,1.9460175160928737
DoE2_R3,3.7662662662662663,0.0001982009323692,35.773709692219086,1.9518993672519984
DoE2_R3,3.778778778778779,0.0001983567752331,35.78385178527648,1.957777848780636
DoE2_R3,3.791291291291292,0.0001985146527048,35.79399040027106,1.9636529606787871
DoE2_R3,3.803803803803804,0.0001986745647843,35.80412553720283,1.9695247029464515
DoE2_R3,3.8163163163163167,0.0001988365114716,35.814257196071786,1.9753930755836293
DoE2_R3,3.828828828828829,0.0001990004927667,35.82438537687792,1.9812580785903204
DoE2_R3,3.8413413413413418,0.0001991665086697,35.83451007962124,1.9871197119665247
DoE2_R3,3.8538538538538543,0.0001993345591804,35.84463130430175,1.9929779757122423
DoE2_R3,3.866366366366367,0.000199504644299,35.85474905091944,1.998832869827473
DoE2_R3,3.8788788788788793,0.0001996767640254,35.86486331947432,2.0046843943122177
DoE2_R3,3.891391391391392,0.0001998509183596,35.87497410996638,2.0105325491664754
DoE2_R3,3.903903903903904,0.0002000271073016,35.88508142239563,2.016377334390246
DoE2_R3,3.916416416416417,0.0002002053308514,35.895185256762055,2.0222187499835305
DoE2_R3,3.928928928928929,0.0002003855890091,35.90528561306567,2.028056795946328
DoE2_R3,3.941441441441442,0.0002005678817745,35.91538249130648,2.0338914722786385
DoE2_R3,3.9539539539539534,0.0002007522091478,35.92547589148447,2.039722778980463
DoE2_R3,3.966466466466467,0.0002009385711289,35.93556581359964,2.0455507160518005
DoE2_R3,3.9789789789789793,0.0002011269677178,35.94565225765199,2.0513752834926517
DoE2_R3,3.991491491491492,0.0002013173989146,35.95573522364154,2.057196481303015
DoE2_R3,4.004004004004004,0.0002015098647191,35.965814711568264,2.0630143094828925
DoE2_R3,4.016516516516517,0.0002017043651315,35.97589072143218,2.0688287680322834
DoE2_R3,4.029029029029029,0.0002019009001516,35.98596325323327,2.0746398569511872
DoE2_R3,4.041541541541542,0.0002020994697796,35.99603230697156,2.080447576239605
DoE2_R3,4.054054054054054,0.0002023000740154,36.006097882647026,2.0862519258975354
DoE2_R3,4.066566566566567,0.000202502712859,36.01615998025968,2.0920529059249797
DoE2_R3,4.079079079079079,0.0002027073863105,36.02621859980952,2.0978505163219365
DoE2_R3,4.091591591591592,0.0002029140943697,36.03627374129654,2.103644757088407
DoE2_R3,4.104104104104104,0.0002031228370368,36.04632540472075,2.109435628224391
DoE2_R3,4.116616616616617,0.0002033336143117,36.05637359008215,2.1152231297298885
DoE2_R3,4.129129129129129,0.0002034774047277,36.06640095427961,2.1209973785265057
DoE2_R3,4.141641641641642,0.000203545397435,36.07640528340109,2.126757113002125
DoE2_R3,4.1541541541541545,0.0002036089786878,36.08640451475044,2.1325125548454285
DoE2_R3,4.166666666666667,0.000203668148486,36.09639864832768,2.138263704056417
DoE2_R3,4.17917917917918,0.0002037229068297,36.10638768413279,2.14401056063509
DoE2_R3,4.191691691691692,0.0002037732537187,36.11637162216579,2.1497531245814483
DoE2_R3,4.2042042042042045,0.0002038191891532,36.12635046242666,2.1554913958954907
DoE2_R3,4.216716716716717,0.0002038607131331,36.13632420491542,2.1612253745772176
DoE2_R3,4.2292292292292295,0.0002038978256584,36.14629284963205,2.166955060626629
DoE2_R3,4.241741741741742,0.0002039305267292,36.156256396576566,2.172680454043726
DoE2_R3,4.254254254254255,0.0002039588163453,36.16621484574896,2.1784015548285067
DoE2_R3,4.266766766766767,0.0002039826945069,36.17616819714923,2.184118362980972
DoE2_R3,4.27927927927928,0.0002040021612139,36.18611645077738,2.1898308785011227
DoE2_R3,4.291791791791792,0.0002040172164663,36.19605960663342,2.1955391013889574
DoE2_R3,4.3043043043043046,0.0002040278602642,36.20599766471733,2.201243031644477
DoE2_R3,4.316816816816817,0.0002040340926075,36.21593062502912,2.206942669267681
DoE2_R3,4.32932932932933,0.0002040359134961,36.2258584875688,2.21263801425857
DoE2_R3,4.341841841841842,0.0002040333229302,36.23578125233635,2.218329066617144
DoE2_R3,4.354354354354355,0.0002040263209098,36.24569891933178,2.224015826343402
DoE2_R3,4.366866866866867,0.0002040149074347,36.2556114885551,2.2296982934373446
DoE2_R3,4.37937937937938,0.0002039990825051,36.26551896000628,2.235376467898972
DoE2_R3,4.391891891891892,0.0002039788461209,36.27542133368536,2.241050349728284
DoE2_R3,4.404404404404405,0.0002039541982821,36.28531860959231,2.2467199389252803
DoE2_R3,4.416916916916917,0.0002039251389887,36.295210787727136,2.2523852354899616
DoE2_R3,4.42942942942943,0.0002038916682407,36.305097868089845,2.2580462394223275
DoE2_R3,4.441941941941942,0.0002038537860382,36.31497985068044,2.2637029507223785
DoE2_R3,4.454454454454455,0.0002038114923811,36.32485673549891,2.2693553693901136
DoE2_R3,4.466966966966967,0.0002037647872694,36.334728522545255,2.2750034954255334
DoE2_R3,4.47947947947948,0.0002037136707031,36.34459521181949,2.2806473288286377
DoE2_R3,4.491991991991992,0.0002036581426823,36.3544568033216,2.286286869599427
DoE2_R3,4.504504504504505,0.0002035982032069,36.36431329705159,2.2919221177379008
DoE2_R3,4.517017017017017,0.0002035338522769,36.374164693009455,2.297553073244059
DoE2_R3,4.52952952952953,0.0002034650898923,36.3840109911952,2.3031797361179023
DoE2_R3,4.542042042042042,0.0002033919160531,36.39385219160883,2.3088021063594297
DoE2_R3,4.554554554554555,0.0002033143307594,36.40368829425034,2.3144201839686422
DoE2_R3,4.567067067067067,0.000203232334011,36.41351929911973,2.32003396894554
DoE2_R3,4.57957957957958,0.0002031459258081,36.42334520621699,2.3256434612901207
DoE2_R3,4.592092092092092,0.0002030551061507,36.43316601554214,2.331248661002387
DoE2_R3,4.604604604604605,0.0002029598750386,36.442981727095166,2.336849568082338
DoE2_R3,4.617117117117117,0.0002028602324719,36.45279234087607,2.3424461825299736
DoE2_R3,4.62962962962963,0.0002027561784507,36.46259785688486,2.348038504345294
DoE2_R3,4.642142142142142,0.0002026477129749,36.47239827512153,2.353626533528298
DoE2_R3,4.654654654654655,0.0002025348360445,36.48219359558607,2.359210270078988
DoE2_R3,4.667167167167167,0.0002024175476596,36.4919838182785,2.364789713997362
DoE2_R3,4.67967967967968,0.000202383253842,36.5017430847448,2.370372903028976
DoE2_R3,4.692192192192192,0.0002023591125779,36.51149294478012,2.375953138715755
DoE2_R3,4.704704704704705,0.0002023349570613,36.52123640616216,2.381529486131273
DoE2_R3,4.717217217217217,0.0002023107872921,36.53097346889093,2.387101945275529
DoE2_R3,4.72972972972973,0.0002022866032704,36.540704132966425,2.392670516148524
DoE2_R3,4.742242242242242,0.0002022624049961,36.55042839838865,2.3982351987502573
DoE2_R3,4.754754754754755,0.0002022381924693,36.56014626515759,2.4037959930807298
DoE2_R3,4.767267267267267,0.00020221396569,36.56985773327326,2.4093528991399413
DoE2_R3,4.77977977977978,0.0002021897246582,36.57956280273566,2.414905916927891
DoE2_R3,4.792292292292292,0.0002021654693738,36.58926147354478,2.42045504644458
DoE2_R3,4.804804804804805,0.0002021411998368,36.59895374570063,2.426000287690007
DoE2_R3,4.817317317317317,0.0002021169160474,36.6086396192032,2.431541640664173
DoE2_R3,4.82982982982983,0.0002020926180054,36.6183190940525,2.4370791053670784
DoE2_R3,4.842342342342342,0.0002020683057108,36.627992170248525,2.442612681798722
DoE2_R3,4.854854854854855,0.0002020439791638,36.63765884779127,2.4481423699591045
DoE2_R3,4.867367367367367,0.0002020196383641,36.64731912668075,2.4536681698482257
DoE2_R3,4.87987987987988,0.000201995283312,36.65697300691695,2.4591900814660854
DoE2_R3,4.892392392392392,0.0002019709140073,36.66662048849987,2.464708104812684
DoE2_R3,4.904904904904905,0.0002019465304501,36.67626157142953,2.4702222398880216
DoE2_R3,4.9174174174174174,0.0002019221326403,36.68589625570591,2.4757324866920976
DoE2_R3,4.92992992992993,0.0002018977205781,36.69552454132901,2.481238845224913
DoE2_R3,4.9424424424424425,0.0002018732942632,36.70514642829883,2.486741315486466
DoE2_R3,4.954954954954955,0.0002018488536959,36.71476191661539,2.4922398974767583
DoE2_R3,4.967467467467468,0.000201824398876,36.724371006278666,2.4977345911957896
DoE2_R3,4.97997997997998,0.0002017999298035,36.73397369728867,2.50322539664356
DoE2_R3,4.9924924924924925,0.0002017754464786,36.7435699896454,2.508712313820068
DoE2_R3,5.005005005005005,0.000201750948901,36.75315988334886,2.514195342725315
DoE2_R3,5.0175175175175175,0.000201726437071,36.76274337839904,2.519674483359301
DoE2_R3,5.03003003003003,0.0002017019109884,36.77232047479595,2.5251497357220263
DoE2_R3,5.042542542542543,0.0002016773706533,36.78189117253958,2.53062109981349
DoE2_R3,5.055055055055055,0.0002016528160657,36.79145547162994,2.536088575633692
DoE2_R3,5.067567567567568,0.0002016282472255,36.80101337206702,2.541552163182633
DoE2_R3,5.08008008008008,0.0002016036641327,36.81056487385083,2.547011862460313
DoE2_R3,5.092592592592593,0.0002015790667875,36.82010997698136,2.5524676734667318
DoE2_R3,5.105105105105105,0.0002015544551897,36.82964868145862,2.557919596201889
DoE2_R3,5.117617617617618,0.0002015298293393,36.83918098728261,2.563367630665785
DoE2_R3,5.13013013013013,0.0002015051892365,36.84870689445332,2.5688117768584195
DoE2_R3,5.142642642642643,0.0002014805348811,36.85822640297076,2.574252034779793
DoE2_R3,5.155155155155155,0.0002014558662731,36.86773951283492,2.579688404429905
DoE2_R3,5.167667667667668,0.0002014311834127,36.877246224045805,2.5851208858087564
DoE2_R3,5.18018018018018,0.0002014064862996,36.88674653660342,2.590549478916346
DoE2_R3,5.192692692692693,0.0002013817749341,36.89624045050776,2.5959741837526744
DoE2_R3,5.205205205205205,0.000201357049316,36.90572796575882,2.601395000317741
DoE2_R3,5.217717717717718,0.0002013324969721,36.91520681170941,2.60680595701556
DoE2_R3,5.23023023023023,0.0002013083833161,36.924673774625845,2.6121986020182977
DoE2_R3,5.242742742742743,0.0002012842837499,36.93413399570927,2.617586456218227
DoE2_R3,5.255255255255255,0.0002012601982735,36.943587474959685,2.622969519615348
DoE2_R3,5.267767767767768,0.0002012361268868,36.95303421237709,2.6283477922096607
DoE2_R3,5.28028028028028,0.0002012120695899,36.962474207961485,2.633721274001165
DoE2_R3,5.292792792792793,0.0002011880263827,36.97190746171287,2.6390899649898607
DoE2_R3,5.305305305305305,0.0002011639972653,36.98133397363125,2.6444538651757483
DoE2_R3,5.317817817817818,0.0002011399822377,36.99075374371661,2.649812974558828
DoE2_R3,5.33033033033033,0.0002011159812999,37.00016677196897,2.6551672931390984
DoE2_R3,5.342842842842844,0.0002010919944518,37.00957305838832,2.6605168209165613
DoE2_R3,5.355355355355356,0.0002010680216935,37.01897260297466,2.6658615578912155
DoE2_R3,5.367867867867869,0.0002010440630249,37.02836540572799,2.671201504063061
DoE2_R3,5.380380380380381,0.0002010201184461,37.03775146664831,2.6765366594320987
DoE2_R3,5.392892892892894,0.0002009961879571,37.04713078573562,2.681867023998328
DoE2_R3,5.405405405405406,0.0002009722715579,37.05650336298992,2.687192597761749
DoE2_R3,5.417917917917919,0.0002009483692484,37.06586919841121,2.6925133807223607
DoE2_R3,5.430430430430431,0.0002009244810287,37.07522829199949,2.697829372880165
DoE2_R3,5.442942942942944,0.0002009006068987,37.08458064375476,2.7031405742351606
DoE2_R3,5.455455455455456,0.0002008767468586,37.09392625367703,2.708446984787348
DoE2_R3,5.467967967967969,0.0002008529009081,37.103265121766285,2.7137486045367267
DoE2_R3,5.480480480480481,0.0002008290690475,37.11259724802253,2.719045433483297
DoE2_R3,5.492992992992994,0.0002008052512766,37.12192263244576,2.7243374716270594
DoE2_R3,5.505505505505506,0.0002007814475955,37.13124127503598,2.7296247189680134
DoE2_R3,5.518018018018019,0.0002007576580042,37.1405531757932,2.734907175506159
DoE2_R3,5.530530530530531,0.0002007338825026,37.14985833471741,2.740184841241496
DoE2_R3,5.543043043043044,0.0002007101210908,37.1591567518086,2.745457716174025
DoE2_R3,5.555555555555556,0.0002006863737687,37.16844842706679,2.7507258003037456
DoE2_R3,5.568068068068069,0.0002006626405364,37.17773336049197,2.755989093630657
DoE2_R3,5.580580580580581,0.0002006389213939,37.18701155208414,2.7612475961547616
DoE2_R3,5.593093093093094,0.0002006152163412,37.1962830018433,2.766501307876057
DoE2_R3,5.605605605605606,0.0002005915253782,37.20554770976945,2.771750228794544
DoE2_R3,5.618118118118119,0.000200567848505,37.214805675862586,2.7769943589102226
DoE2_R3,5.630630630630631,0.0002005441857216,37.22405690012272,2.782233698223093
DoE2_R3,5.643143143143144,0.0002005205370279,37.23330138254984,2.787468246733155
DoE2_R3,5.655655655655656,0.000200496902424,37.24253912314395,2.7926980044404086
DoE2_R3,5.668168168168169,0.0002004732819098,37.251770121905054,2.797922971344854
DoE2_R3,5.680680680680681,0.0002004496754854,37.260994378833146,2.803143147446491
DoE2_R3,5.693193193193194,0.0002004260831508,37.27021189392823,2.8083585327453195
DoE2_R3,5.705705705705706,0.000200402504906,37.2794226671903,2.8135691272413395
DoE2_R3,5.718218218218219,0.0002003789407509,37.28862669861937,2.818774930934552
DoE2_R3,5.730730730730731,0.0002003553906856,37.29782398821542,2.823975943824955
DoE2_R3,5.743243243243244,0.0002003318547101,37.30701453597847,2.82917216591255
DoE2_R3,5.755755755755756,0.0002003083328243,37.3161983419085,2.834363597197337
DoE2_R3,5.768268268268269,0.0002003442250843,37.325478824734674,2.839617448524609
DoE2_R3,5.780780780780781,0.0002004063177935,37.33479815760417,2.844896138774481
DoE2_R3,5.793293293293294,0.0002004705789735,37.34411449953529,2.8501724758921747
DoE2_R3,5.805805805805806,0.0002005370086243,37.35342785052802,2.8554464598776903
DoE2_R3,5.818318318318319,0.0002006056067459,37.36273821058237,2.860718090731028
DoE2_R3,5.830830830830831,0.0002006763733384,37.37204557969835,2.8659873684521875
DoE2_R3,5.843343343343344,0.0002007493084017,37.38134995787594,2.8712542930411686
DoE2_R3,5.855855855855856,0.0002008244119358,37.39065134511516,2.876518864497972
DoE2_R3,5.868368368368369,0.0002009016839408,37.399949741416,2.8817810828225974
DoE2_R3,5.8808808808808815,0.0002009811244166,37.409245146778446,2.8870409480150445
DoE2_R3,5.893393393393394,0.0002010627333632,37.41853756120253,2.8922984600753137
DoE2_R3,5.9059059059059065,0.0002011465107806,37.42782698468822,2.897553619003405
DoE2_R3,5.918418418418419,0.0002012324566688,37.43711341723554,2.902806424799318
DoE2_R3,5.930930930930932,0.0002013205710279,37.44639685884447,2.9080568774630526
DoE2_R3,5.943443443443444,0.0002014108538578,37.45567730951503,2.9133049769946098
DoE2_R3,5.9559559559559565,0.0002015033051585,37.46495476924721,2.9185507233939885
DoE2_R3,5.968468468468469,0.0002015979249301,37.474229238041,2.923794116661189
DoE2_R3,5.9809809809809815,0.0002016947131725,37.48350071589642,2.929035156796212
DoE2_R3,5.993493493493494,0.0002017936698857,37.492769202813456,2.9342738437990565
DoE2_R3,6.006006006006007,0.0002018947950697,37.50203469879211,2.939510177669723
DoE2_R3,6.018518518518519,0.0002019980887245,37.51129720383239,2.9447441584082115
DoE2_R3,6.031031031031032,0.0002021035508502,37.52055671793429,2.949975786014522
DoE2_R3,6.043543543543544,0.0002022111814467,37.5298132410978,2.9552050604886544
DoE2_R3,6.056056056056057,0.000202320980514,37.539066773322936,2.9604319818306086
DoE2_R3,6.068568568568569,0.0002024329480522,37.5483173146097,2.965656550040385
DoE2_R3,6.081081081081082,0.0002025470840612,37.55756486495808,2.970878765117983
DoE2_R3,6.093593593593594,0.000202663388541,37.56680942436807,2.976098627063404
DoE2_R3,6.106106106106107,0.0002027818614916,37.57605099283969,2.981316135876645
DoE2_R3,6.118618618618619,0.000202902502913,37.58528957037293,2.986531291557709
DoE2_R3,6.131131131131132,0.0002030253128053,37.59452515696778,2.991744094106595
DoE2_R3,6.143643643643644,0.0002031502911684,37.60375775262426,2.996954543523303
DoE2_R3,6.156156156156157,0.0002032774380024,37.61298735734236,3.0021626398078327
DoE2_R3,6.168668668668669,0.0002034067533071,37.62221397112208,3.0073683829601845
DoE2_R3,6.181181181181182,0.0002035382370827,37.63143759396342,3.012571772980358
DoE2_R3,6.193693693693694,0.0002036718893291,37.640658225866375,3.0177728098683536
DoE2_R3,6.206206206206207,0.0002038077100463,37.64987586683095,3.022971493624171
DoE2_R3,6.218718718718719,0.0002039456992344,37.65909051685716,3.0281678242478103
DoE2_R3,6.231231231231232,0.0002040858568933,37.66830217594497,3.033361801739272
DoE2_R3,6.243743743743744,0.000204228183023,37.677510844094414,3.0385534260985554
DoE2_R3,6.256256256256257,0.0002043726776235,37.68671652130547,3.0437426973256603
DoE2_R3,6.268768768768769,0.0002045193406948,37.69591920757815,3.048929615420588
DoE2_R3,6.281281281281282,0.000204668172237,37.70511890291245,3.054114180383337
DoE2_R3,6.293793793793794,0.00020481917225,37.71431560730837,3.059296392213908
DoE2_R3,6.306306306306307,0.0002049723407339,37.72350932076591,3.0644762509123007
DoE2_R3,6.318818818818819,0.0002051276776885,37.73270004328507,3.069653756478516
DoE2_R3,6.331331331331332,0.000205285183114,37.74188777486585,3.0748289089125524
DoE2_R3,6.343843843843844,0.0002054448570103,37.751072515508255,3.0800017082144118
DoE2_R3,6.356356356356357,0.0002056066993774,37.76025426521228,3.085172154384092
DoE2_R3,6.368868868868869,0.0002057707102154,37.76943302397792,3.090340247421595
DoE2_R3,6.381381381381382,0.0002059368895242,37.778608791805176,3.0955059873269195
DoE2_R3,6.393893893893894,0.0002061052373038,37.78778156869406,3.100669374100066
DoE2_R3,6.406406406406407,0.0002062757535542,37.79695135464456,3.1058304077410344
DoE2_R3,6.418918918918919,0.0002064484382755,37.80611814965668,3.110989088249825
DoE2_R3,6.431431431431432,0.0002066232914676,37.81528195373043,3.116145415626437
DoE2_R3,6.443943943943944,0.0002068003131305,37.824442766865786,3.121299389870872
DoE2_R3,6.456456456456457,0.0002069795032642,37.83360058906277,3.126451010983128
DoE2_R3,6.468968968968969,0.0002071608618688,37.84275542032137,3.131600278963206
DoE2_R3,6.481481481481482,0.0002073443889441,37.85190726064159,3.136747193811106
DoE2_R3,6.493993993993994,0.0002075300844904,37.86105611002343,3.141891755526828
DoE2_R3,6.506506506506507,0.0002077179485074,37.870201968466894,3.147033964110372
DoE2_R3,6.519019019019019,0.0002079079809953,37.87934483597198,3.152173819561738
DoE2_R3,6.531531531531532,0.0002081001819539,37.88848471253869,3.157311321880926
DoE2_R3,6.544044044044044,0.0002082945513835,37.89762159816701,3.1624464710679354
DoE2_R3,6.556556556556557,0.0002084910892838,37.90675549285695,3.1675792671227674
DoE2_R3,6.569069069069069,0.0002086897956549,37.915886396608514,3.172709710045421
DoE2_R3,6.581581581581582,0.0002088906704969,37.9250143094217,3.1778377998358964
DoE2_R3,6.594094094094094,0.0002090937138097,37.9341392312965,3.182963536494194
DoE2_R3,6.606606606606607,0.0002092989255934,37.94326116223292,3.188086920020313
DoE2_R3,6.619119119119119,0.0002095063058478,37.95238010223097,3.1932079504142545
DoE2_R3,6.631631631631632,0.0002097158545731,37.96149605129063,3.198326627676018
DoE2_R3,6.644144144144144,0.0002099275717692,37.97060900941192,3.203442951805603
DoE2_R3,6.656656656656657,0.0002101414574362,37.97971897659482,3.20855692280301
DoE2_R3,6.6691691691691695,0.0002103575115739,37.98882595283934,3.21366854066824
DoE2_R3,6.681681681681682,0.0002105757341825,37.99792993814549,3.2187778054012908
DoE2_R3,6.6941941941941945,0.000210796125262,38.00703093251325,3.223884717002164
DoE2_R3,6.706706706706707,0.0002110186848122,38.01612893594264,3.2289892754708585
DoE2_R3,6.71921921921922,0.0002112434128333,38.02522394843364,3.2340914808073755
DoE2_R3,6.731731731731732,0.0002113678302809,38.03429277036982,3.239181465157823
DoE2_R3,6.7442442442442445,0.0002114391150531,38.04334608207261,3.244263771349527
DoE2_R3,6.756756756756757,0.0002115055801945,38.052394820842615,3.249343051514752
DoE2_R3,6.7692692692692695,0.0002115672257052,38.06143898667982,3.254419305653496
DoE2_R3,6.781781781781782,0.0002116240515851,38.07047857958423,3.2594925337657608
DoE2_R3,6.794294294294295,0.0002116760578344,38.07951359955586,3.264562735851545
DoE2_R3,6.806806806806807,0.000211723244453,38.08854404659469,3.2696299119108496
DoE2_R3,6.81931931931932,0.0002117656114409,38.09756992070073,3.274694061943674
DoE2_R3,6.831831831831832,0.000211803158798,38.10659122187398,3.2797551859500182
DoE2_R3,6.844344344344345,0.0002118358865245,38.11560795011443,3.2848132839298825
DoE2_R3,6.856856856856857,0.0002118637946202,38.124620105422096,3.289868355883267
DoE2_R3,6.86936936936937,0.0002118868830852,38.13362768779697,3.294920401810171
DoE2_R3,6.881881881881882,0.0002119051519195,38.14263069723904,3.2999694217105957
DoE2_R3,6.894394394394395,0.0002119186011232,38.15162913374833,3.3050154155845397
DoE2_R3,6.906906906906907,0.0002119272306961,38.16062299732482,3.310058383432003
DoE2_R3,6.91941941941942,0.0002119310406382,38.169612287968526,3.3150983252529875
DoE2_R3,6.931931931931932,0.0002119300309497,38.17859700567944,3.320135241047492
DoE2_R3,6.944444444444445,0.0002119242016305,38.18757715045756,3.325169130815515
DoE2_R3,6.956956956956957,0.0002119135526806,38.19655272230288,3.3301999945570597
DoE2_R3,6.96946946946947,0.0002118980840999,38.20552372121541,3.335227832272123
DoE2_R3,6.981981981981982,0.0002118777958886,38.21449014719515,3.340252643960707
DoE2_R3,6.994494494494495,0.0002118526880465,38.2234520002421,3.3452744296228105
DoE2_R3,7.007007007007007,0.0002118227605738,38.23240928035626,3.3502931892584344
DoE2_R3,7.01951951951952,0.0002117880134703,38.24136198753762,3.355308922867578
DoE2_R3,7.032032032032032,0.0002117484467361,38.25031012178619,3.3603216304502417
DoE2_R3,7.044544544544545,0.0002117040603712,38.25925368310197,3.365331312006425
DoE2_R3,7.057057057057057,0.0002116548543756,38.26819267148496,3.3703379675361287
DoE2_R3,7.06956956956957,0.0002116008287493,38.27712708693515,3.3753415970393523
DoE2_R3,7.082082082082082,0.0002115419834923,38.28605692945256,3.380342200516096
DoE2_R3,7.094594594594595,0.0002114783186045,38.294982199037165,3.385339777966359
DoE2_R3,7.107107107107107,0.0002114098340861,38.303902895688985,3.3903343293901425
DoE2_R3,7.11961961961962,0.000211336529937,38.31281901940801,3.395325854787446
DoE2_R3,7.132132132132132,0.0002112584061571,38.32173057019425,3.400314354158269
DoE2_R3,7.144644644644645,0.0002111754627465,38.33063754804769,3.4052998275026125
DoE2_R3,7.157157157157157,0.0002110876997053,38.33953995296834,3.410282274820476
DoE2_R3,7.16966966966967,0.0002109951170333,38.3484377849562,3.4152616961118585
DoE2_R3,7.182182182182182,0.0002108977147306,38.35733104401126,3.4202380913767616
DoE2_R3,7.194694694694695,0.0002107954927972,38.36621973013353,3.4252114606151847
DoE2_R3,7.207207207207207,0.0002106884512331,38.37510384332301,3.430181803827128
DoE2_R3,7.21971971971972,0.0002105765900383,38.3839833835797,3.435149121012591
DoE2_R3,7.232232232232232,0.0002104599092128,38.3928583509036,3.440113412171574
DoE2_R3,7.244744744744745,0.0002103384087565,38.401728745294704,3.445074677304077
DoE2_R3,7.257257257257257,0.0002102120886696,38.41059456675301,3.4500329164101
DoE2_R3,7.26976976976977,0.0002101713619241,38.41943072131564,3.454971618652828
DoE2_R3,7.282282282282282,0.0002101441747227,38.42825720738848,3.459903942193771
DoE2_R3,7.294794794794795,0.0002101169447521,38.43707779471894,3.464832367377864
DoE2_R3,7.307307307307307,0.0002100896720123,38.445892483307006,3.4697568942051062
DoE2_R3,7.31981981981982,0.0002100623565034,38.45470127315268,3.4746775226754987
DoE2_R3,7.332332332332332,0.0002100349982254,38.46350416425596,3.479594252789041
DoE2_R3,7.344844844844845,0.0002100075971781,38.47230115661685,3.4845070845457324
DoE2_R3,7.357357357357357,0.0002099801533617,38.48109225023534,3.489416017945574
DoE2_R3,7.36986986986987,0.0002099526667762,38.489877445111446,3.4943210529885658
DoE2_R3,7.382382382382382,0.0002099251374215,38.49865674124516,3.499222189674707
DoE2_R3,7.394894894894895,0.0002098975652976,38.50743013863648,3.5041194280039982
DoE2_R3,7.407407407407407,0.0002098699504045,38.51619763728541,3.509012767976439
DoE2_R3,7.41991991991992,0.0002098422927423,38.52495923719195,3.51390220959203
DoE2_R3,7.432432432432432,0.0002098145923109,38.5337149383561,3.51878775285077
DoE2_R3,7.444944944944945,0.0002097868491104,38.542464740777845,3.52366939775266
DoE2_R3,7.4574574574574575,0.0002097590631407,38.55120864445721,3.528547144297701
DoE2_R3,7.46996996996997,0.0002097312344018,38.55994664939418,3.5334209924858904
DoE2_R3,7.482482482482483,0.0002097033628938,38.56867875558876,3.53829094231723
DoE2_R3,7.494994994994996,0.0002096754486166,38.57740496304095,3.5431569937917198
DoE2_R3,7.507507507507508,0.0002096474915703,38.58612527175074,3.5480191469093585
DoE2_R3,7.520020020020021,0.0002096194917548,38.59483968171814,3.5528774016701474
DoE2_R3,7.532532532532533,0.0002095914491701,38.60354819294315,3.5577317580740866
DoE2_R3,7.545045045045046,0.0002095633638162,38.612250805425774,3.562582216121175
DoE2_R3,7.557557557557558,0.0002095352356932,38.620947519166,3.5674287758114134
DoE2_R3,7.570070070070071,0.0002095070648011,38.62963833416384,3.572271437144801
DoE2_R3,7.582582582582583,0.0002094788511397,38.63832325041928,3.5771102001213397
DoE2_R3,7.595095095095096,0.0002094505947093,38.64700226793233,3.581945064741028
DoE2_R3,7.607607607607608,0.0002094222955096,38.65567538670299,3.5867760310038648
DoE2_R3,7.620120120120121,0.0002093939535408,38.66434260673125,3.591603098909852
DoE2_R3,7.6326326326326335,0.0002093655688028,38.67300392801713,3.596426268458989
DoE2_R3,7.645145145145146,0.0002093371412956,38.681659350560615,3.601245539651276
DoE2_R3,7.657657657657658,0.0002093086710193,38.690308874361705,3.6060609124867127
DoE2_R3,7.670170170170171,0.0002092801579739,38.69895249942041,3.610872386965299
DoE2_R3,7.6826826826826835,0.0002092516021592,38.70759022573672,3.615679963087036
DoE2_R3,7.695195195195196,0.0002092230035754,38.71622205331063,3.6204836408519214
DoE2_R3,7.7077077077077085,0.0002091943622225,38.72484798214215,3.6252834202599575
DoE2_R3,7.720220220220221,0.0002091656781003,38.733468012231285,3.630079301311143
DoE2_R3,7.732732732732733,0.0002091369512091,38.74208214357803,3.634871284005479
DoE2_R3,7.745245245245246,0.0002091081815486,38.750690376182376,3.639659368342964
DoE2_R3,7.7577577577577586,0.000209079369119,38.759292710044335,3.644443554323599
DoE2_R3,7.770270270270271,0.0002090505139202,38.7678891451639,3.649223841947384
DoE2_R3,7.782782782782784,0.0002090216159523,38.77647968154107,3.6540002312143183
DoE2_R3,7.795295295295296,0.0002089989857542,38.785069194095705,3.658774970102158
DoE2_R3,7.807807807807809,0.0002090810183227,38.79373369340576,3.6635831094617046
DoE2_R3,7.820320320320321,0.0002091706777456,38.802398218792106,3.668390082583292
DoE2_R3,7.832832832832834,0.0002092681388619,38.81106290531877,3.6731959517491575
DoE2_R3,7.845345345345346,0.0002093735765108,38.81972788804979,3.67800077924154
DoE2_R3,7.857857857857859,0.0002094871655315,38.82839330204917,3.682804627342677
DoE2_R3,7.870370370370371,0.000209609080763,38.83705928238094,3.687607558334807
DoE2_R3,7.882882882882884,0.0002097394970446,38.84572596410913,3.692409634500169
DoE2_R3,7.895395395395396,0.0002098785892154,38.85439348229775,3.697210918121
DoE2_R3,7.907907907907909,0.0002100265321145,38.863061972010826,3.702011471479539
DoE2_R3,7.920420420420421,0.0002101835005811,38.87173156831239,3.706811356858024
DoE2_R3,7.932932932932934,0.0002103496694542,38.880402406266455,3.7116106365386936
DoE2_R3,7.945445445445446,0.0002105252135731,38.88907462093706,3.716409372803785
DoE2_R3,7.957957957957959,0.0002107103077769,38.89774834738821,3.721207627935537
DoE2_R3,7.970470470470471,0.0002109051269047,38.90642372068393,3.726005464216188
DoE2_R3,7.982982982982984,0.0002111098457956,38.91510087588825,3.730802943927976
DoE2_R3,7.995495495495496,0.0002113246392889,38.9237799480652,3.735600129353139
DoE2_R3,8.008008008008009,0.0002115496822236,38.932461072278784,3.740397082773916
DoE2_R3,8.02052052052052,0.0002117851494388,38.94114438359304,3.745193866472544
DoE2_R3,8.033033033033034,0.0002120312157738,38.94983001707199,3.749990542731262
DoE2_R3,8.045545545545545,0.0002122880560676,38.958518107779646,3.754787173832308
DoE2_R3,8.058058058058059,0.0002125558451595,38.96720879078004,3.759583822057921
DoE2_R3,8.07057057057057,0.0002128347578885,38.9759022011372,3.764380549690337
DoE2_R3,8.083083083083084,0.0002131249690937,38.984598473915135,3.769177419011797
DoE2_R3,8.095595595595595,0.0002134266536144,38.99329774417788,3.773974492304537
DoE2_R3,8.108108108108109,0.0002137399862896,39.00200014698946,3.778771831850797
DoE2_R3,8.12062062062062,0.0002140651419586,39.010705817413886,3.783569499932813
DoE2_R3,8.133133133133134,0.0002144022954603,39.01941489051519,3.788367558832826
DoE2_R3,8.145645645645645,0.0002147516216341,39.02812750135739,3.793166070833072
DoE2_R3,8.158158158158159,0.000215113295319,39.03684378500451,3.7979650982157898
DoE2_R3,8.17067067067067,0.0002154874913541,39.045563876520575,3.8027647032632177
DoE2_R3,8.183183183183184,0.0002158743845787,39.05428791096961,3.8075649482575935
DoE2_R3,8.195695695695695,0.0002162741498317,39.06301602341564,3.812365895481157
DoE2_R3,8.208208208208209,0.0002166869619525,39.07174834892268,3.817167607216145
DoE2_R3,8.22072072072072,0.0002171129957801,39.080485022554754,3.821970145744795
DoE2_R3,8.233233233233234,0.0002175524261536,39.08922617937589,3.8267735733493473
DoE2_R3,8.245745745745745,0.0002180054279123,39.09797195445012,3.8315779523120383
DoE2_R3,8.258258258258259,0.0002184721758952,39.10672248284144,3.836383344915108
DoE2_R3,8.27077077077077,0.0002189528449415,39.1154778996139,3.841189813440792
DoE2_R3,8.283283283283284,0.0002194476098902,39.12423833983151,3.8459974201713303
DoE2_R3,8.295795795795796,0.0002199566455807,39.133003938558296,3.8508062273889614
DoE2_R3,8.308308308308309,0.000220480126852,39.14177483085828,3.855616297375923
DoE2_R3,8.32082082082082,0.0002210182285432,39.15055115179548,3.860427692414453
DoE2_R3,8.333333333333334,0.0002215028755633,39.15931542076521,3.865234825625378
DoE2_R3,8.345845845845846,0.0002217794989292,39.16802783263078,3.870024950884736
DoE2_R3,8.358358358358359,0.0002220391582158,39.17673779081826,3.874813930325113
DoE2_R3,8.37087087087087,0.0002222808594075,39.18544512870406,3.879601729480674
DoE2_R3,8.383383383383384,0.0002225036084887,39.194149679664605,3.884388313885588
DoE2_R3,8.395895895895896,0.0002227064114438,39.20285127707632,3.8891736490740207
DoE2_R3,8.408408408408409,0.0002228882742572,39.21154975431562,3.893957700580141
DoE2_R3,8.42092092092092,0.0002230482029134,39.22024494475892,3.898740433938114
DoE2_R3,8.433433433433434,0.0002231852033966,39.22893668178264,3.903521814682109
DoE2_R3,8.445945945945946,0.0002232982816913,39.23762479876321,3.908301808346292
DoE2_R3,8.458458458458459,0.000223386443782,39.24630912907704,3.9130803804648298
DoE2_R3,8.47097097097097,0.000223448695653,39.25498950610054,3.91785749657189
DoE2_R3,8.483483483483484,0.0002234840432886,39.26366576321016,3.922633122201641
DoE2_R3,8.495995995995996,0.0002234914926734,39.27233773378229,3.927407222888248
DoE2_R3,8.508508508508509,0.0002234700497917,39.28100525119336,3.93217976416588
DoE2_R3,8.52102102102102,0.0002234187206279,39.289668148819786,3.936950711568702
DoE2_R3,8.533533533533534,0.0002233365111664,39.298326260038,3.941720030630884
DoE2_R3,8.546046046046047,0.0002232224273916,39.3069794182244,3.946487686886592
DoE2_R3,8.558558558558559,0.0002230754752879,39.31562745675542,3.951253645869991
DoE2_R3,8.571071071071072,0.0002228946608397,39.32427020900748,3.9560178731152513
DoE2_R3,8.583583583583584,0.0002226789900315,39.332907508357,3.960780334156538
DoE2_R3,8.596096096096097,0.0002224274688475,39.34153918818039,3.9655409945280207
DoE2_R3,8.608608608608609,0.0002221391032722,39.35016508185408,3.970299819763864
DoE2_R3,8.621121121121122,0.0002218128992901,39.35878502275448,3.9750567753982367
DoE2_R3,8.633633633633634,0.0002214478628854,39.36739884425801,3.979811826965304
DoE2_R3,8.646146146146148,0.0002210430000427,39.37600637974111,3.984564939999237
DoE2_R3,8.65865865865866,0.0002206062087328,39.384607404340194,3.9893155585857816
DoE2_R3,8.671171171171173,0.0002204233350122,39.39319987271133,3.994046827237125
DoE2_R3,8.683683683683684,0.0002202495645818,39.401785215184,3.998773009721005
DoE2_R3,8.696196196196198,0.0002200867755682,39.41036324632292,4.003493903141963
DoE2_R3,8.70870870870871,0.000219936846098,39.4189337806928,4.008209304604536
DoE2_R3,8.721221221221223,0.0002198016542977,39.42749663285834,4.012919011213268
DoE2_R3,8.733733733733734,0.0002196830782939,39.43605161738427,4.017622820072694
DoE2_R3,8.746246246246248,0.0002195829962132,39.444598548835295,4.022320528287356
DoE2_R3,8.75875875875876,0.0002195032861821,39.45313724177612,4.027011932961792
DoE2_R3,8.771271271271273,0.0002194458263272,39.46166751077145,4.031696831200544
DoE2_R3,8.783783783783784,0.0002194124947751,39.470189170386,4.036375020108149
DoE2_R3,8.796296296296298,0.0002194051696522,39.47870203518448,4.041046296789149
DoE2_R3,8.80880880880881,0.0002194257290853,39.48720591973161,4.045710458348082
DoE2_R3,8.821321321321323,0.0002194760512009,39.49570063859209,4.050367301889488
DoE2_R3,8.833833833833834,0.0002195580141254,39.50418600633063,4.055016624517906
DoE2_R3,8.846346346346348,0.0002196734959856,39.512661837511935,4.059658223337877
DoE2_R3,8.85885885885886,0.0002198243749079,39.52112794670072,4.064291895453938
DoE2_R3,8.871371371371373,0.0002200125290189,39.52958414846171,4.068917437970632
DoE2_R3,8.883883883883884,0.0002200013781325,39.538046251719386,4.073565602696787
DoE2_R3,8.896396396396398,0.0002199877228832,39.54650099680052,4.078210883494116
DoE2_R3,8.90890890890891,0.000219973467898,39.55494819649231,4.0828530740270645
DoE2_R3,8.921421421421423,0.0002199582051772,39.563387818699184,4.087492268166376
DoE2_R3,8.933933933933934,0.0002199415267208,39.57181983132556,4.092128559782792
DoE2_R3,8.946446446446448,0.000219923024529,39.58024420227585,4.0967620427470575
DoE2_R3,8.95895895895896,0.0002199022906019,39.58866089945449,4.101392810929915
DoE2_R3,8.971471471471473,0.0002198789169395,39.5970698907659,4.106020958202108
DoE2_R3,8.983983983983984,0.0002198524955421,39.605471144114496,4.11064657843438
DoE2_R3,8.996496496496498,0.0002198226184097,39.61386462740471,4.115269765497473
DoE2_R3,9.00900900900901,0.0002197888775424,39.62225030854096,4.119890613262132
DoE2_R3,9.021521521521525,0.0002197508649404,39.63062815542765,4.124509215599099
DoE2_R3,9.034034034034034,0.0002197081726038,39.63899813596923,4.129125666379117
DoE2_R3,9.046546546546548,0.0002196603925327,39.647360218070105,4.133740059472932
DoE2_R3,9.05905905905906,0.0002196071167272,39.65571436963471,4.138352488751283
DoE2_R3,9.071571571571573,0.0002195479371874,39.66406055856745,4.142963048084917
DoE2_R3,9.084084084084084,0.0002194824459134,39.67239875277276,4.147571831344576
DoE2_R3,9.096596596596598,0.0002194492600527,39.6807352445287,4.152172589489173
DoE2_R3,9.10910910910911,0.0002194179990631,39.689065144421534,4.156770287945518
DoE2_R3,9.121621621621625,0.0002193866511605,39.69738816044816,4.161365281253731
DoE2_R3,9.134134134134134,0.0002193552006044,39.705704324082085,4.165957599529127
DoE2_R3,9.146646646646648,0.0002193236316539,39.714013666796845,4.170547272887019
DoE2_R3,9.15915915915916,0.0002192919285683,39.722316220065935,4.175134331442719
DoE2_R3,9.171671671671673,0.0002192600756067,39.73061201536289,4.179718805311541
DoE2_R3,9.184184184184184,0.0002192280570285,39.738901084161206,4.1843007246088
DoE2_R3,9.196696696696698,0.0002191958570929,39.74718345793441,4.188880119449807
DoE2_R3,9.20920920920921,0.0002191634600591,39.75545916815602,4.193457019949876
DoE2_R3,9.221721721721725,0.0002191308501864,39.76372824629956,4.198031456224321
DoE2_R3,9.234234234234236,0.000219098011734,39.77199072383853,4.202603458388454
DoE2_R3,9.246746746746748,0.0002190649289612,39.78024663224645,4.207173056557591
DoE2_R3,9.25925925925926,0.0002190315861271,39.78849600299685,4.211740280847041
DoE2_R3,9.271771771771771,0.0002189979674911,39.79673886756324,4.216305161372122
DoE2_R3,9.284284284284285,0.0002189640573124,39.80497525741912,4.220867728248144
DoE2_R3,9.296796796796798,0.0002189298398502,39.81320520403802,4.225428011590422
DoE2_R3,9.30930930930931,0.0002188974919269,39.82142891739625,4.229962808096007
DoE2_R3,9.321821821821825,0.0002188653876729,39.8296461008525,4.234490031724308
DoE2_R3,9.334334334334336,0.0002188333135981,39.83785672822262,4.239011981452252
DoE2_R3,9.346846846846848,0.0002188012697023,39.8460607995066,4.24352865727984
DoE2_R3,9.35935935935936,0.0002187692559856,39.85425831470443,4.24804005920707
DoE2_R3,9.371871871871871,0.000218737272448,39.86244927381614,4.252546187233945
DoE2_R3,9.384384384384385,0.0002187053190895,39.8706336768417,4.257047041360463
DoE2_R3,9.396896896896898,0.0002186733959101,39.87881152378112,4.261542621586624
DoE2_R3,9.40940940940941,0.0002186415029098,39.886982814634415,4.266032927912428
DoE2_R3,9.421921921921925,0.0002186096400886,39.89514754940157,4.270517960337876
DoE2_R3,9.434434434434436,0.0002185778074464,39.90330572808258,4.274997718862966
DoE2_R3,9.446946946946948,0.0002185460049834,39.91145735067746,4.279472203487701
DoE2_R3,9.45945945945946,0.0002185142326994,39.9196024171862,4.283941414212078
DoE2_R3,9.471971971971971,0.0002184824905945,39.9277409276088,4.2884053510361
DoE2_R3,9.484484484484485,0.0002184507786687,39.93587288194526,4.292864013959763
DoE2_R3,9.496996996996998,0.0002184190969221,39.94399828019559,4.297317402983071
DoE2_R3,9.50950950950951,0.0002183874453544,39.95211712235977,4.301765518106022
DoE2_R3,9.522022022022025,0.0002183556552178,39.96023201002086,4.306225215407181
DoE2_R3,9.534534534534536,0.000218323856554,39.96834093832694,4.310683505125819
DoE2_R3,9.547047047047048,0.0002182920753937,39.97644350596796,4.315137787108911
DoE2_R3,9.55955955955956,0.0002182603117367,39.98453971294391,4.319588061356454
DoE2_R3,9.572072072072071,0.0002182285655831,39.99262955925479,4.32403432786845
DoE2_R3,9.584584584584585,0.0002181968369328,40.00071304490059,4.328476586644898
DoE2_R3,9.597097097097098,0.0002181651257859,40.00879016988134,4.332914837685799
DoE2_R3,9.60960960960961,0.0002181334321424,40.01686093419701,4.337349080991152
DoE2_R3,9.622122122122123,0.0002181017560022,40.02492533784761,4.341779316560958
DoE2_R3,9.634634634634637,0.0002180700973654,40.03298338083315,4.346205544395216
DoE2_R3,9.647147147147148,0.000218038456232,40.041035063153615,4.350627764493927
DoE2_R3,9.65965965965966,0.0002180068326019,40.04908038480901,4.355045976857091
DoE2_R3,9.672172172172171,0.0002179752264752,40.05711934579934,4.359460181484707
DoE2_R3,9.684684684684685,0.0002179436378519,40.0651519461246,4.363870378376775
DoE2_R3,9.697197197197198,0.0002179120667319,40.07317818578479,4.368276567533296
DoE2_R3,9.70970970970971,0.0002178805131153,40.08119806477991,4.372678748954269
DoE2_R3,9.722222222222223,0.0002178489770021,40.08921158310997,4.377076922639695
DoE2_R3,9.734734734734737,0.0002178174583923,40.09721874077496,4.381471088589573
DoE2_R3,9.747247247247248,0.0002177859572858,40.10521953777487,4.385861246803905
DoE2_R3,9.75975975975976,0.0002177544736826,40.11321397410972,4.390247397282687
DoE2_R3,9.772272272272271,0.0002177230075829,40.1212020497795,4.394629540025924
DoE2_R3,9.784784784784785,0.0002176915589865,40.1291837647842,4.399007675033611
DoE2_R3,9.797297297297298,0.0002176601278935,40.13715911912384,4.403381802305753
DoE2_R3,9.80980980980981,0.0002176287143038,40.14512811279842,4.407751921842346
DoE2_R3,9.822322322322323,0.0002175973182175,40.15309074580792,4.412118033643392
DoE2_R3,9.834834834834837,0.0002175659396346,40.16104701815235,4.4164801377088905
DoE2_R3,9.847347347347348,0.0002175345785551,40.16899692983172,4.4208382340388415
DoE2_R3,9.85985985985986,0.0002175032349789,40.17694048084602,4.425192322633245
DoE2_R3,9.872372372372372,0.0002174719089061,40.184877671195245,4.429542403492101
DoE2_R3,9.884884884884883,0.0002174406003366,40.19280850087941,4.433888476615409
DoE2_R3,9.897397397397398,0.0002174089341653,40.20073394382873,4.438247430723532
DoE2_R3,9.90990990990991,0.0002173771294494,40.20865343127852,4.442609402987021
DoE2_R3,9.922422422422423,0.0002173452425993,40.21656681676448,4.446971853599134
DoE2_R3,9.934934934934937,0.0002173132736147,40.22447410028663,4.451334782559873
DoE2_R3,9.947447447447448,0.0002172812224958,40.23237528184495,4.455698189869238
DoE2_R3,9.95995995995996,0.0002172490892425,40.24027036143944,4.460062075527227
DoE2_R3,9.972472472472472,0.0002172168738549,40.248159339070114,4.464426439533842
DoE2_R3,9.984984984984983,0.0002171845763329,40.256042214736965,4.468791281889081
DoE2_R3,9.997497497497498,0.0002171526191465,40.2639181619653,4.473133777668416
DoE2_R3,10.01001001001001,0.0002171207992417,40.271787577988086,4.477464897337721
DoE2_R3,10.022522522522523,0.0002170890801916,40.27965053406673,4.481786608938459
DoE2_R3,10.035035035035037,0.0002170574619964,40.28750703020125,4.48609891247063
DoE2_R3,10.047547547547548,0.0002325364594427,40.295562659109976,4.490503688974182
DoE2_R3,10.06006006006006,0.0002325720947257,40.30385741975992,4.495033349869163
DoE2_R3,10.072572572572572,0.0002325340432397,40.312144379671786,4.499570788084134
DoE2_R3,10.085085085085083,0.0002324960198394,40.32042992111955,4.5041093161764
DoE2_R3,10.097597597597598,0.0002324582722636,40.328701532052335,4.508658547783766
DoE2_R3,10.11011011011011,0.0002324205246878,40.33697314298512,4.513207779391132
DoE2_R3,10.122622622622623,0.0002323829924282,40.34514262455224,4.517697874669982
DoE2_R3,10.135135135135137,0.0002323455395227,40.353274466647,4.522166175431778
DoE2_R3,10.147647647647648,0.0002323080866172,40.36140630874177,4.526634476193575
DoE2_R3,10.16016016016016,0.0002322706337117,40.36953815083654,4.53110277695537
DoE2_R3,10.172672672672672,0.0002322331808062,40.37766999293131,4.535571077717167
DoE2_R3,10.185185185185183,0.0002321957279007,40.38580183502607,4.540039378478963
DoE2_R3,10.1976976976977,0.0002321582749952,40.39393367712084,4.54450767924076
DoE2_R3,10.21021021021021,0.0002321208220897,40.40206551921561,4.548975980002556
DoE2_R3,10.222722722722724,0.0002320833691842,40.41019736131037,4.553444280764352
DoE2_R3,10.235235235235235,0.0002320459162787,40.41832920340514,4.557912581526148
DoE2_R3,10.247747747747749,0.0002320084633733,40.42646104549991,4.562380882287945
DoE2_R3,10.26026026026026,0.0002319710104678,40.43459288759468,4.566849183049741
DoE2_R3,10.272772772772774,0.0002319335575623,40.442724729689445,4.571317483811538
DoE2_R3,10.285285285285283,0.0002318961046568,40.450856571784215,4.575785784573334
DoE2_R3,10.2977977977978,0.0002318586517513,40.45898841387898,4.58025408533513
DoE2_R3,10.31031031031031,0.0002318211988458,40.46712025597375,4.584722386096926
DoE2_R3,10.322822822822824,0.0002317837459403,40.47525209806852,4.589190686858723
DoE2_R3,10.335335335335335,0.0002317462930348,40.48338394016328,4.593658987620519
DoE2_R3,10.347847847847849,0.0002317088401293,40.49151578225805,4.598127288382316
DoE2_R3,10.36036036036036,0.0002316713872238,40.49964762435282,4.602595589144112
DoE2_R3,10.372872872872874,0.0002316339343183,40.50777946644759,4.607063889905908
DoE2_R3,10.385385385385383,0.0002315964814128,40.51591130854235,4.611532190667704
DoE2_R3,10.3978978978979,0.0002315590285073,40.52404315063712,4.616000491429501
DoE2_R3,10.41041041041041,0.0002315215843344,40.53216603370977,4.620462798887237
DoE2_R3,10.422922922922924,0.0002314842119215,40.54021529541123,4.624875855962819
DoE2_R3,10.435435435435435,0.0002314468459884,40.54825790927352,4.629284465843055
DoE2_R3,10.447947947947949,0.0002314094865351,40.556293875296646,4.6336886285279455
DoE2_R3,10.46046046046046,0.0002313721335615,40.56432319348061,4.63808834401749
DoE2_R3,10.472972972972974,0.0002313347870677,40.57234586382541,4.642483612311689
DoE2_R3,10.485485485485484,0.0002312974470537,40.58036188633105,4.646874433410541
DoE2_R3,10.497997997998,0.0002312601135194,40.58837126099752,4.651260807314048
DoE2_R3,10.51051051051051,0.000231222786465,40.596373987824826,4.655642734022209
DoE2_R3,10.523023023023024,0.0002311854658903,40.60437006681297,4.660020213535024
DoE2_R3,10.535535535535535,0.0002311481517953,40.61235949796195,4.664393245852493
DoE2_R3,10.548048048048049,0.0002311108441802,40.62034228127176,4.668761830974616
DoE2_R3,10.56056056056056,0.0002310735430448,40.62831841674241,4.6731259689013935
DoE2_R3,10.573073073073074,0.0002310362483891,40.63628790437389,4.677485659632826
DoE2_R3,10.585585585585584,0.0002309989602133,40.64425074416621,4.681840903168911
DoE2_R3,10.5980980980981,0.0002309616785172,40.65220693611937,4.686191699509651
DoE2_R3,10.61061061061061,0.0002309244033009,40.66015648023336,4.6905380486550445
DoE2_R3,10.623123123123124,0.0002308871345643,40.6680993765082,4.694879950605093
DoE2_R3,10.635635635635635,0.0002308498723076,40.67603562494386,4.699217405359795
DoE2_R3,10.648148148148149,0.0002308126165306,40.68396522554036,4.703550412919152
DoE2_R3,10.66066066066066,0.0002307753672333,40.69188817829769,4.707878973283162
DoE2_R3,10.673173173173174,0.0002307381244159,40.69980448321586,4.712203086451827
DoE2_R3,10.685685685685687,0.0002307008880782,40.70771414029487,4.716522752425146
DoE2_R3,10.6981981981982,0.0002306636582203,40.71561714953472,4.720837971203118
DoE2_R3,10.710710710710712,0.0002306265082557,40.72352224882152,4.725167828895105
DoE2_R3,10.723223223223224,0.000230589441717,40.73142985862499,4.729513243930383
DoE2_R3,10.735735735735735,0.000230552384979,40.73933121585026,4.733855075136346
DoE2_R3,10.748248248248249,0.0002305153380417,40.74722632049734,4.738193322512992
DoE2_R3,10.760760760760762,0.000230478300905,40.75511517256621,4.742527986060322
DoE2_R3,10.773273273273274,0.000230441273569,40.76299777205689,4.746859065778335
DoE2_R3,10.785785785785787,0.0002304042560336,40.77087411896938,4.751186561667032
DoE2_R3,10.7982982982983,0.0002303672482989,40.77874421330367,4.755510473726412
DoE2_R3,10.810810810810812,0.0002303302503648,40.78660805505976,4.759830801956476
DoE2_R3,10.823323323323324,0.0002302932622314,40.79446564423765,4.764147546357224
DoE2_R3,10.835835835835836,0.0002302562838987,40.80231698083735,4.768460706928655
DoE2_R3,10.848348348348347,0.0002302193153666,40.81016206485885,4.77277028367077
DoE2_R3,10.860860860860862,0.0002301823566351,40.81800089630215,4.777076276583569
DoE2_R3,10.873373373373374,0.0002301454077043,40.82583347516727,4.78137868566705
DoE2_R3,10.885885885885887,0.0002301084685742,40.833659801454175,4.785677510921216
DoE2_R3,10.8983983983984,0.0002300715392447,40.84147987516289,4.789972752346065
DoE2_R3,10.910910910910912,0.0002300346197159,40.84929369629341,4.794264409941598
DoE2_R3,10.923423423423424,0.0002299977099877,40.85710126484573,4.798552483707814
DoE2_R3,10.935935935935936,0.0002299608100602,40.86490258081986,4.802836973644714
DoE2_R3,10.948448448448447,0.0002299239199333,40.87269764421578,4.8071178797522975
DoE2_R3,10.960960960960962,0.0002298870396071,40.88048645503352,4.811395202030565
DoE2_R3,10.973473473473474,0.0002298501690816,40.88826901327305,4.815668940479515
DoE2_R3,10.985985985985987,0.0002298133083567,40.89604531893439,4.81993909509915
DoE2_R3,10.9984984984985,0.0002297764574324,40.90381537201754,4.824205665889467
DoE2_R3,11.011011011011012,0.0002297396163088,40.91157917252249,4.828468652850469
DoE2_R3,11.023523523523524,0.0002297027849859,40.91933672044923,4.8327280559821535
DoE2_R3,11.036036036036036,0.0002296659634636,40.927088015797786,4.836983875284522
DoE2_R3,11.048548548548547,0.000229629151742,40.93483305856815,4.841236110757575
DoE2_R3,11.061061061061062,0.000229592349821,40.9425718487603,4.845484762401311
DoE2_R3,11.073573573573574,0.0002295555577007,40.95030438637427,4.84972983021573
DoE2_R3,11.086086086086087,0.000229518775381,40.95803067141004,4.853971314200833
DoE2_R3,11.0985985985986,0.000229482002862,40.965750703867606,4.858209214356619
DoE2_R3,11.111111111111112,0.0002294452401436,40.97346448374698,4.86244353068309
DoE2_R3,11.123623623623624,0.0002294084872259,40.98117201104816,4.866674263180244
DoE2_R3,11.136136136136138,0.0002293717441089,40.98887328577114,4.870901411848081
DoE2_R3,11.14864864864865,0.0002293350107925,40.99656830791592,4.875124976686602
DoE2_R3,11.161161161161164,0.0002292982872767,41.004257077482514,4.879344957695807
DoE2_R3,11.173673673673674,0.0002292615735616,41.0119395944709,4.883561354875694
DoE2_R3,11.186186186186188,0.0002292248696472,41.0196158588811,4.887774168226267
DoE2_R3,11.1986986986987,0.0002291881755334,41.0272858707131,4.891983397747522
DoE2_R3,11.211211211211213,0.0002291514912203,41.0349496299669,4.896189043439461
DoE2_R3,11.223723723723724,0.0002291148167078,41.04260713664251,4.900391105302083
DoE2_R3,11.236236236236238,0.000229078151996,41.05025839073991,4.904589583335389
DoE2_R3,11.24874874874875,0.0002290414970848,41.05790339225913,4.908784477539379
DoE2_R3,11.261261261261264,0.0002290048519743,41.06554214120015,4.9129757879140525
DoE2_R3,11.273773773773774,0.0002289682166644,41.07317463756296,4.917163514459409
DoE2_R3,11.286286286286288,0.0002289315911552,41.08080088134759,4.92134765717545
DoE2_R3,11.2987987987988,0.0002288949754467,41.08842087255401,4.925528216062173
DoE2_R3,11.311311311311313,0.0002288583695388,41.09603461118224,4.929705191119582
DoE2_R3,11.323823823823824,0.0002288217734315,41.103642097232274,4.933878582347672
DoE2_R3,11.336336336336338,0.000228785187125,41.11124333070411,4.938048389746448
DoE2_R3,11.34884884884885,0.000228748610619,41.11883831159776,4.942214613315906
DoE2_R3,11.361361361361364,0.0002287120439137,41.1264270399132,4.946377253056048
DoE2_R3,11.373873873873874,0.0002286754870091,41.13400951565045,4.950536308966874
DoE2_R3,11.386386386386388,0.0002286389399051,41.141585738809496,4.954691781048383
DoE2_R3,11.3988988988989,0.0002286024026018,41.14915570939035,4.958843669300576
DoE2_R3,11.411411411411413,0.0002285658750992,41.15671942739301,4.962991973723453
DoE2_R3,11.423923923923924,0.0002285293573972,41.16427689281747,4.967136694317012
DoE2_R3,11.436436436436438,0.0002284928494958,41.171828105663735,4.971277831081256
DoE2_R3,11.44894894894895,0.0002284563513951,41.179373065931806,4.975415384016183
DoE2_R3,11.461461461461464,0.0002284198630951,41.18691177362168,4.979549353121794
DoE2_R3,11.473973973973974,0.0002283833845957,41.19444422873335,4.983679738398088
DoE2_R3,11.486486486486488,0.0002283469158969,41.20197043126683,4.987806539845066
DoE2_R3,11.498998998999,0.0002283104569988,41.20949038122211,4.991929757462727
DoE2_R3,11.511511511511513,0.0002282740079014,41.2170040785992,4.996049391251073
DoE2_R3,11.524024024024024,0.0002282375686046,41.224511523398085,5.000165441210101
DoE2_R3,11.536536536536538,0.0002282011391085,41.23201271561878,5.004277907339814
DoE2_R3,11.54904904904905,0.000228164719413,41.23950765526127,5.00838678964021
DoE2_R3,11.561561561561565,0.0002281283095182,41.24699634232557,5.012492088111289
DoE2_R3,11.574074074074074,0.0002280919094241,41.25447877681167,5.016593802753052
DoE2_R3,11.586586586586588,0.0002280555191306,41.26195495871959,5.020691933565499
DoE2_R3,11.5990990990991,0.0002280191386377,41.26942488804929,5.024786480548629
DoE2_R3,11.611611611611613,0.0002279827679455,41.27688856480081,5.028877443702443
DoE2_R3,11.624124124124124,0.000227946407054,41.28434598897413,5.032964823026941
DoE2_R3,11.636636636636638,0.0002279100559631,41.291797160569246,5.037048618522122
DoE2_R3,11.64914914914915,0.0002278737146729,41.299242079586165,5.041128830187986
DoE2_R3,11.661661661661665,0.0002278373831833,41.306680746024895,5.045205458024535
DoE2_R3,11.674174174174174,0.0002278010614943,41.31411315988542,5.049278502031766
DoE2_R3,11.686686686686688,0.0002277647496061,41.32153932116776,5.053347962209682
DoE2_R3,11.6991991991992,0.0002277284475185,41.3289592298719,5.05741383855828
DoE2_R3,11.711711711711713,0.0002276921552315,41.33637288599784,5.061476131077564
DoE2_R3,11.724224224224224,0.0002276558727452,41.34378028954559,5.065534839767529
DoE2_R3,11.736736736736738,0.0002276196000595,41.351181440515134,5.06958996462818
DoE2_R3,11.74924924924925,0.0002275833371745,41.35857633890648,5.073641505659513
DoE2_R3,11.761761761761765,0.0002275470840902,41.36596498471964,5.07768946286153
DoE2_R3,11.774274274274276,0.0002275108408065,41.3733473779546,5.08173383623423
DoE2_R3,11.786786786786788,0.0002274746073235,41.38072351861136,5.085774625777614
DoE2_R3,11.7992992992993,0.0002274383836411,41.388093406689926,5.089811831491682
DoE2_R3,11.811811811811811,0.0002274021697593,41.39545704219029,5.093845453376433
DoE2_R3,11.824324324324325,0.0002273659606285,41.402815573555024,5.09787683787815
DoE2_R3,11.836836836836838,0.0002273297603206,41.41016807468623,5.101904899229823
DoE2_R3,11.84934934934935,0.0002272935691639,41.41751447093514,5.105929549912414
DoE2_R3,11.861861861861865,0.0002272573871584,41.42485476230174,5.109950789925925
DoE2_R3,11.874374374374376,0.0002272212143042,41.43218894878604,5.113968619270354
DoE2_R3,11.886886886886888,0.0002271850506012,41.439517030388025,5.117983037945703
DoE2_R3,11.8993993993994,0.0002271488960494,41.44683900710771,5.121994045951971
DoE2_R3,11.911911911911911,0.0002271127506488,41.45415487894509,5.126001643289158
DoE2_R3,11.924424424424425,0.0002270766143995,41.46146464590016,5.130005829957264
DoE2_R3,11.936936936936938,0.0002270404873013,41.46876830797293,5.134006605956291
DoE2_R3,11.94944944944945,0.0002270043693544,41.47606586516339,5.138003971286235
DoE2_R3,11.961961961961965,0.0002269682605587,41.48335731747155,5.141997925947099
DoE2_R3,11.974474474474476,0.0002269321609143,41.4906426648974,5.145988469938882
DoE2_R3,11.986986986986988,0.000226896070421,41.49792190744095,5.149975603261584
DoE2_R3,11.9994994994995,0.000226859989079,41.50519504510218,5.153959325915205
DoE2_R3,12.012012012012011,0.0002268239426022,41.5124621182201,5.157939695573681
DoE2_R3,12.024524524524525,-2.1734925893875343e-08,41.51523233163668,5.159445186537346
DoE2_R3,12.037037037037038,-2.2811824390282103e-08,41.5152323313005,5.159445186409148
DoE2_R3,12.04954954954955,-2.318191818902085e-08,41.51523233118497,5.159445186365091
DoE2_R3,12.062062062062065,-2.355201198775965e-08,41.51523233106944,5.159445186321033
DoE2_R3,12.074574574574577,-2.39221057864984e-08,41.5152323309539,5.159445186276976
DoE2_R3,12.087087087087088,-2.4167322650495612e-08,41.51523233087735,5.159445186247785
DoE2_R3,12.0995995995996,-2.4225101007260736e-08,41.51523233085932,5.159445186240906
DoE2_R3,12.112112112112111,-2.428287936402587e-08,41.515232330841286,5.159445186234028
DoE2_R3,12.124624624624625,-2.4340657720790987e-08,41.515232330823245,5.15944518622715
DoE2_R3,12.137137137137138,-2.439097621175936e-08,41.51523233080754,5.15944518622116
DoE2_R3,12.14964964964965,-2.439999646154969e-08,41.51523233080472,5.159445186220086
DoE2_R3,12.162162162162163,-2.4409016711340028e-08,41.51523233080191,5.1594451862190125
DoE2_R3,12.174674674674677,-2.4418036961130365e-08,41.51523233079909,5.159445186217939
DoE2_R3,12.187187187187188,-2.4427057210920706e-08,41.51523233079627,5.159445186216865
DoE2_R3,12.1996996996997,-2.443607746071104e-08,41.51523233079346,5.159445186215791
DoE2_R3,12.212212212212211,-2.4445097710501373e-08,41.515232330790646,5.159445186214717
DoE2_R3,12.224724724724725,-2.4454117960291707e-08,41.51523233078783,5.159445186213644
DoE2_R3,12.237237237237238,-2.4463138210082044e-08,41.51523233078501,5.15944518621257
DoE2_R3,12.24974974974975,-2.447215845987238e-08,41.5152323307822,5.159445186211496
DoE2_R3,12.262262262262263,-2.4481178709662722e-08,41.51523233077938,5.159445186210422
DoE2_R3,12.274774774774777,-2.449019895945305e-08,41.51523233077656,5.159445186209348
DoE2_R3,12.287287287287288,-2.4499219209243393e-08,41.51523233077375,5.159445186208274
DoE2_R3,12.2997997997998,-2.4508239459033723e-08,41.515232330770935,5.159445186207201
DoE2_R3,12.312312312312311,-2.451725970882406e-08,41.515232330768114,5.159445186206127
DoE2_R3,12.324824824824825,-2.45262799586144e-08,41.5152323307653,5.159445186205053
DoE2_R3,12.337337337337338,-2.453530020840473e-08,41.51523233076249,5.159445186203979
DoE2_R3,12.34984984984985,-2.4544320458195072e-08,41.51523233075967,5.159445186202905
DoE2_R3,12.362362362362363,-2.455334070798541e-08,41.51523233075685,5.159445186201832
DoE2_R3,12.374874874874877,-2.4562360957775743e-08,41.51523233075404,5.159445186200758
DoE2_R3,12.387387387387388,-2.457138120756608e-08,41.515232330751225,5.159445186199684
DoE2_R3,12.3998998998999,-2.4580401457356414e-08,41.5152323307484,5.15944518619861
DoE2_R3,12.412412412412412,-2.458942170714675e-08,41.51523233074559,5.159445186197536
DoE2_R3,12.424924924924923,-2.4598441956937085e-08,41.515232330742776,5.159445186196463
DoE2_R3,12.437437437437438,-2.4607462206727425e-08,41.51523233073996,5.159445186195389
DoE2_R3,12.44994994994995,-2.461648245651776e-08,41.51523233073714,5.159445186194315
DoE2_R3,12.462462462462463,-2.4625502706308093e-08,41.51523233073433,5.159445186193241
DoE2_R3,12.474974974974977,-2.4634522956098433e-08,41.51523233073152,5.159445186192167
DoE2_R3,12.487487487487488,-2.4643543205888767e-08,41.51523233072869,5.1594451861910935
DoE2_R3,12.5,-2.46525634556791e-08,41.51523233072588,5.15944518619002
DoE2_R4,0.0,0.0,30.36666666666658,0.0
DoE2_R4,0.0125125125125125,0.0014560382866429,30.40831201172673,0.0155805715824189
DoE2_R4,0.025025025025025,0.0014548319691502,30.45058943416098,0.0312858405131879
DoE2_R4,0.0375375375375375,0.0014536440395673,30.492801108226328,0.0469980485135888
DoE2_R4,0.05005005005005,0.0014524750527149,30.534947069390284,0.0627010406391069
DoE2_R4,0.0625625625625625,0.001451320931365,30.577025004027178,0.0783961542900198
DoE2_R4,0.075075075075075,0.0014501827721753,30.619035534436204,0.0940830297438674
DoE2_R4,0.0875875875875876,0.0014490550875148,30.66097676360392,0.109710646562628
DoE2_R4,0.1001001001001001,0.001447930012289,30.702845895597637,0.1252092247623349
DoE2_R4,0.1126126126126126,0.0014468095676715,30.744643831318392,0.1405981370499984
DoE2_R4,0.1251251251251251,0.0014457081285188,30.78637658860968,0.1560120885025527
DoE2_R4,0.1376376376376376,0.0014446195498497,30.82804187117454,0.1713956768368291
DoE2_R4,0.1501501501501501,0.0014435444612958,30.86964020903144,0.186755177260404
DoE2_R4,0.1626626626626626,0.0014424829912527,30.91117223858524,0.2020880914131505
DoE2_R4,0.1751751751751752,0.0014414359786405,30.95263844543328,0.2174043578623114
DoE2_R4,0.1876876876876877,0.001440403200027,30.99403914448645,0.2327030358384301
DoE2_R4,0.2002002002002002,0.0014393814415695,31.035373845154517,0.2479588909172385
DoE2_R4,0.2127127127127127,0.0014383717653731,31.076643208622453,0.2631814258446787
DoE2_R4,0.2252252252252252,0.0014373729792428,31.117847422360125,0.2783611744734656
DoE2_R4,0.2377377377377377,0.0014363822579239,31.158986227164675,0.2934730251113082
DoE2_R4,0.2502502502502503,0.0014354013454992,31.20005971751663,0.3085322301313867
DoE2_R4,0.2627627627627628,0.0014344321679066,31.24106984720604,0.3235597674096532
DoE2_R4,0.2752752752752753,0.0014334796262216,31.282021588186264,0.3386090208910995
DoE2_R4,0.2877877877877878,0.0014325390716262,31.32291022440957,0.3536293542936694
DoE2_R4,0.3003003003003003,0.0014316105041204,31.36373575587596,0.3686207676173629
DoE2_R4,0.3128128128128128,0.0014306939237042,31.404498182585435,0.3835832608621801
DoE2_R4,0.3253253253253253,0.0014297893303776,31.445197504538,0.3985168340281209
DoE2_R4,0.3378378378378379,0.0014288967241406,31.48583372173364,0.4134214871151854
DoE2_R4,0.3503503503503504,0.0014280104389296,31.526410846306423,0.4282590689303711
DoE2_R4,0.3628628628628629,0.0014271323859052,31.566927524965365,0.4430424478536265
DoE2_R4,0.3753753753753754,0.0014262642280585,31.607382580148244,0.4577828212683879
DoE2_R4,0.3878878878878879,0.0014254059653892,31.64777601185507,0.472480189174655
DoE2_R4,0.4004004004004004,0.0014245575978976,31.688107820085836,0.4871345515724282
DoE2_R4,0.4129129129129129,0.0014237191255835,31.728378004840536,0.5017459084617072
DoE2_R4,0.4254254254254254,0.0014228896500036,31.768588304353624,0.5163106031316743
DoE2_R4,0.4379379379379379,0.0014220663715864,31.80874413500692,0.5308172411803072
DoE2_R4,0.4504504504504504,0.0014212518359469,31.848840571752728,0.5452761833936828
DoE2_R4,0.4629629629629629,0.0014204460430852,31.88887761459105,0.5596874297718014
DoE2_R4,0.4754754754754755,0.0014196489930014,31.92885526352189,0.5740509803146631
DoE2_R4,0.487987987987988,0.0014188606856953,31.968773518545238,0.5883668350222675
DoE2_R4,0.5005005005005005,0.001418081121167,32.008632379661094,0.602634993894615
DoE2_R4,0.513013013013013,0.0014173155754286,32.04845389793546,0.6169478037067154
DoE2_R4,0.5255255255255256,0.0014165615564775,32.088227658056944,0.6312616465936856
DoE2_R4,0.5380380380380381,0.0014158170884637,32.127945401968965,0.6455419389715102
DoE2_R4,0.5505505505505506,0.001415082171387,32.16760712967153,0.6597886808401894
DoE2_R4,0.5630630630630631,0.0014143568052474,32.207212841164626,0.6740018721997227
DoE2_R4,0.5755755755755756,0.001413640990045,32.24676253644826,0.6881815130501107
DoE2_R4,0.5880880880880881,0.0014129347257798,32.286256215522435,0.7023276033913529
DoE2_R4,0.6006006006006006,0.0014122380124517,32.32569387838715,0.7164401432234495
DoE2_R4,0.6131131131131131,0.0014115508500608,32.36507552504239,0.7305191325464007
DoE2_R4,0.6256256256256256,0.001410873238607,32.40440115548818,0.7445645713602062
DoE2_R4,0.6381381381381381,0.0014102051780904,32.443670769724505,0.758576459664866
DoE2_R4,0.6506506506506506,0.0014095466685109,32.48288436775137,0.7725547974603804
DoE2_R4,0.6631631631631631,0.0014088977098686,32.52204194956877,0.7864995847467491
DoE2_R4,0.6756756756756758,0.0014082583021635,32.56114351517671,0.8004108215239722
DoE2_R4,0.6881881881881883,0.0014076284453955,32.60018906457518,0.8142885077920498
DoE2_R4,0.7007007007007008,0.0014070081395647,32.63917859776419,0.8281326435509817
DoE2_R4,0.7132132132132133,0.001406397384671,32.67811211474375,0.841943228800768
DoE2_R4,0.7257257257257258,0.0014057953788793,32.71699726655861,0.8557336645339784
DoE2_R4,0.7382382382382383,0.0014051994875982,32.75585919226177,0.8695479824184389
DoE2_R4,0.7507507507507508,0.0014046126991933,32.79466937711549,0.8833362381917058
DoE2_R4,0.7632632632632633,0.0014040350136647,32.83342782111979,0.8970984318537788
DoE2_R4,0.7757757757757758,0.0014034664310124,32.87213452427466,0.910834563404658
DoE2_R4,0.7882882882882883,0.0014029069512363,32.91078948658009,0.9245446328443434
DoE2_R4,0.8008008008008008,0.0014023565743364,32.94939270803611,0.9382286401728352
DoE2_R4,0.8133133133133134,0.0014018153003128,32.987944188642686,0.9518865853901328
DoE2_R4,0.8258258258258259,0.0014012831291655,33.02644392839984,0.965518468496237
DoE2_R4,0.8383383383383384,0.0014007600608944,33.06489192730756,0.9791242894911472
DoE2_R4,0.8508508508508509,0.0014002460954995,33.103288185365855,0.9927040483748636
DoE2_R4,0.8633633633633634,0.0013997412329809,33.14163270257472,1.0062577451473864
DoE2_R4,0.8758758758758759,0.0013992454733386,33.17992547893415,1.0197853798087153
DoE2_R4,0.8883883883883884,0.0013987588165725,33.21816651444416,1.0332869523588504
DoE2_R4,0.9009009009009008,0.0013982812626827,33.25635580910473,1.0467624627977918
DoE2_R4,0.9134134134134134,0.0013978128116691,33.29449336291588,1.0602119111255393
DoE2_R4,0.925925925925926,0.0013973534635318,33.3325791758776,1.073635297342093
DoE2_R4,0.9384384384384384,0.0013969032182707,33.37061324798989,1.087032621447453
DoE2_R4,0.9509509509509512,0.0013964559713069,33.4086214731086,1.1004160974257262
DoE2_R4,0.9634634634634636,0.0013960142338149,33.44659319955874,1.1137807009425862
DoE2_R4,0.975975975975976,0.0013955806240308,33.48451732154131,1.127121193455975
DoE2_R4,0.9884884884884886,0.0013951551419545,33.52239383905629,1.140437574965893
DoE2_R4,1.001001001001001,0.0013947377875861,33.560222752103684,1.1537298454723404
DoE2_R4,1.0135135135135136,0.0013943285609256,33.59800406068349,1.1669980049753166
DoE2_R4,1.026026026026026,0.0013939274619729,33.63573776479572,1.180242053474822
DoE2_R4,1.0385385385385386,0.0013935344907281,33.673423864440366,1.1934619909708564
DoE2_R4,1.0510510510510511,0.0013931496471912,33.71106235961742,1.20665781746342
DoE2_R4,1.0635635635635636,0.0013927729313621,33.748653250326896,1.2198295329525128
DoE2_R4,1.076076076076076,0.0013924043432409,33.78619653656879,1.2329771374381346
DoE2_R4,1.0885885885885886,0.0013920438828276,33.82369221834309,1.2461006309202856
DoE2_R4,1.1011011011011012,0.0013916915501221,33.86114029564981,1.2592000133989656
DoE2_R4,1.1136136136136137,0.0013913473451245,33.89854076848894,1.2722752848741747
DoE2_R4,1.1261261261261262,0.0013910112678348,33.93589363686049,1.2853264453459128
DoE2_R4,1.138638638638639,0.0013906833182529,33.97319890076446,1.2983534948141802
DoE2_R4,1.1511511511511512,0.0013903634963789,34.01045656020084,1.3113564332789769
DoE2_R4,1.1636636636636637,0.0013900477926603,34.04768467186942,1.3243347837751418
DoE2_R4,1.1761761761761762,0.0013897204900329,34.08495401631772,1.3372866766445648
DoE2_R4,1.1886886886886887,0.0013894002135703,34.12218071700966,1.350214327474034
DoE2_R4,1.2012012012012012,0.0013890869632725,34.159364773945256,1.3631177362635492
DoE2_R4,1.2137137137137135,0.0013887807391396,34.196506187124506,1.375996903013111
DoE2_R4,1.2262262262262262,0.0013884815411715,34.23360495654741,1.3888518277227189
DoE2_R4,1.2387387387387387,0.0013881893693683,34.27066108221396,1.4016825103923731
DoE2_R4,1.2512512512512513,0.0013879042237299,34.30767456412417,1.4144889510220735
DoE2_R4,1.2637637637637638,0.0013876261042564,34.344645402278026,1.4272711496118204
DoE2_R4,1.2762762762762765,0.0013873550109477,34.38157359667554,1.4400291061616135
DoE2_R4,1.2887887887887888,0.0013870909438039,34.418459147316696,1.452762820671453
DoE2_R4,1.3013013013013013,0.0013868339028249,34.45530205420151,1.4654722931413386
DoE2_R4,1.3138138138138138,0.0013865838880108,34.49210231732997,1.4781575235712705
DoE2_R4,1.3263263263263263,0.0013863408993615,34.52885993670209,1.490818511961249
DoE2_R4,1.338838838838839,0.001386104936877,34.56557491231786,1.5034552583112737
DoE2_R4,1.3513513513513515,0.0013858760005574,34.60224724417728,1.5160677626213444
DoE2_R4,1.363863863863864,0.0013856540904027,34.638876932280354,1.5286560248914616
DoE2_R4,1.3763763763763766,0.0013854392064128,34.67546397662707,1.541220045121625
DoE2_R4,1.388888888888889,0.0013852313485877,34.71200837721745,1.5537598233118346
DoE2_R4,1.4014014014014016,0.0013850305169275,34.74851013405148,1.5662753594620904
DoE2_R4,1.413913913913914,0.0013848367114321,34.784969247129155,1.5787666535723928
DoE2_R4,1.4264264264264266,0.0013846499321016,34.821385716450486,1.5912337056427417
DoE2_R4,1.438938938938939,0.0013844701789359,34.857759542015465,1.603676515673136
DoE2_R4,1.4514514514514516,0.0013842974519351,34.8940907238241,1.6160950836635772
DoE2_R4,1.463963963963964,0.0013841317510991,34.93037926187639,1.6284894096140643
DoE2_R4,1.4764764764764766,0.001383973076428,34.96662515617233,1.6408594935245984
DoE2_R4,1.4889889889889891,0.0013838214279217,35.00282840671191,1.6532053353951783
DoE2_R4,1.5015015015015016,0.0013836768055803,35.038989013495154,1.6655269352258046
DoE2_R4,1.514014014014014,0.0013835392094037,35.07510697652205,1.677824293016477
DoE2_R4,1.5265265265265269,0.001383408639392,35.111182295792595,1.6900974087671958
DoE2_R4,1.5390390390390392,0.0013832850955451,35.14721497130679,1.702346282477961
DoE2_R4,1.5515515515515517,0.001383168577863,35.18320500306464,1.7145709141487724
DoE2_R4,1.5640640640640642,0.0013830590863458,35.21915239106614,1.7267713037796302
DoE2_R4,1.576576576576577,0.0013829566209935,35.25505713531129,1.738947451370534
DoE2_R4,1.5890890890890892,0.001382861181806,35.29091923580009,1.7510993569214843
DoE2_R4,1.6016016016016017,0.0013827727687833,35.326738692532544,1.763227020432481
DoE2_R4,1.6141141141141142,0.0013826913819255,35.362515505508654,1.7753304419035236
DoE2_R4,1.6266266266266267,0.0013826170212325,35.39824967472841,1.787409621334613
DoE2_R4,1.6391391391391392,0.0013825496867044,35.433941200191825,1.7994645587257485
DoE2_R4,1.6516516516516515,0.0013824893783411,35.469590081898886,1.8114952540769296
DoE2_R4,1.6641641641641642,0.0013824360961427,35.5051963198496,1.8235017073881576
DoE2_R4,1.6766766766766767,0.0013823898401091,35.54075991404397,1.835483918659432
DoE2_R4,1.6891891891891893,0.0013823445928398,35.57630305649836,1.847453403109886
DoE2_R4,1.7017017017017018,0.0013822970354397,35.611837987210926,1.8594165119542247
DoE2_R4,1.7142142142142145,0.0013822548390028,35.6473364153875,1.871358565377485
DoE2_R4,1.7267267267267268,0.0013822180035291,35.68279834102809,1.8832795633796648
DoE2_R4,1.7392392392392393,0.0013821865290185,35.718223764132695,1.895179505960765
DoE2_R4,1.7517517517517518,0.001382160415471,35.75361268470132,1.9070583931207852
DoE2_R4,1.7642642642642643,0.0013821396628867,35.788965102733954,1.9189162248597265
DoE2_R4,1.7767767767767768,0.0013821242712656,35.82428101823061,1.9307530011775875
DoE2_R4,1.789289289289289,0.0013821142406077,35.85956043119128,1.9425687220743688
DoE2_R4,1.8018018018018016,0.0013821095709129,35.89480334161596,1.9543633875500703
DoE2_R4,1.8143143143143143,0.0013821102621813,35.93000974950466,1.9661369976046923
DoE2_R4,1.8268268268268268,0.0013821163144128,35.96517965485738,1.9778895522382347
DoE2_R4,1.8393393393393396,0.0013821277276075,36.00031305767411,1.9896210514506971
DoE2_R4,1.851851851851852,0.0013821445017653,36.03540995795486,2.00133149524208
DoE2_R4,1.8643643643643644,0.0013821666368863,36.07047035569962,2.0130208836123837
DoE2_R4,1.876876876876877,0.0013821941329705,36.1054942509084,2.024689216561607
DoE2_R4,1.8893893893893896,0.0013822269900178,36.1404816435812,2.036336494089751
DoE2_R4,1.901901901901902,0.001382262490508,36.175456433517866,2.048004012807356
DoE2_R4,1.9144144144144144,0.0013823024662759,36.21040251026466,2.059663935362721
DoE2_R4,1.9269269269269271,0.001382347428809,36.24531537543688,2.0713084889693643
DoE2_R4,1.93943943943944,0.0013823973781074,36.2801950290345,2.082937673627285
DoE2_R4,1.951951951951952,0.001382452314171,36.31504147105754,2.094551489336483
DoE2_R4,1.9644644644644649,0.001382512237,36.349854701506,2.106149936096958
DoE2_R4,1.9769769769769767,0.0013825771465942,36.38463472037988,2.1177330139087105
DoE2_R4,1.9894894894894897,0.0013826470429538,36.41938152767917,2.12930072277174
DoE2_R4,2.002002002002002,0.0013827219260785,36.454095123403874,2.140853062686047
DoE2_R4,2.0145145145145147,0.0013828017959686,36.488775507554,2.1523900336516317
DoE2_R4,2.027027027027027,0.001382886652624,36.52342268012953,2.163911635668493
DoE2_R4,2.03953953953954,0.0013829764960446,36.558036641130485,2.175417868736632
DoE2_R4,2.052052052052052,0.0013830713262305,36.59261739055685,2.1869087328560486
DoE2_R4,2.0645645645645647,0.0013831711431817,36.62716492840864,2.198384228026742
DoE2_R4,2.077077077077077,0.0013832759468982,36.66167925468584,2.209844354248713
DoE2_R4,2.0895895895895897,0.0013833857373799,36.69616036938846,2.221289111521961
DoE2_R4,2.1021021021021022,0.0013834959000386,36.73060937825759,2.23272047830005
DoE2_R4,2.1146146146146148,0.0013835718644113,36.76503291144951,2.244150072477668
DoE2_R4,2.1271271271271277,0.0015877555883507,36.800975700369015,2.2559056531554464
DoE2_R4,2.13963963963964,0.0015878125869895,36.83728019337715,2.2676892307454817
DoE2_R4,2.1521521521521523,0.0015877411423624,36.873436510367306,2.279468401597135
DoE2_R4,2.164664664664665,0.0015876681237,36.909562624719314,2.291248214286457
DoE2_R4,2.1771771771771773,0.0015875951050376,36.94568873907132,2.303028026975779
DoE2_R4,2.18968968968969,0.0015875220863753,36.98181485342332,2.3148078396651006
DoE2_R4,2.2022022022022023,0.0015874490677129,37.01794096777533,2.3265876523544224
DoE2_R4,2.214714714714715,0.0015873848916009,37.054016221915,2.3383373965145124
DoE2_R4,2.2272272272272278,0.0015873447700047,37.08995312029354,2.350005344825626
DoE2_R4,2.23973973973974,0.0015873046484086,37.125890018672095,2.36167329313674
DoE2_R4,2.2522522522522523,0.0015872645268124,37.16182691705064,2.373341241447853
DoE2_R4,2.264764764764765,0.0015872244052162,37.19776381542919,2.385009189758967
DoE2_R4,2.2772772772772774,0.0015871842836201,37.233700713807735,2.39667713807008
DoE2_R4,2.28978978978979,0.0015871999867125,37.26918724900323,2.408092916435864
DoE2_R4,2.3023023023023024,0.0015872374599233,37.30449815474083,2.4194103553448185
DoE2_R4,2.314814814814815,0.001587274933134,37.33980906047842,2.4307277942537726
DoE2_R4,2.3273273273273274,0.0015873124063448,37.37511996621602,2.442045233162727
DoE2_R4,2.33983983983984,0.0015873498795556,37.410430871953615,2.4533626720716817
DoE2_R4,2.3523523523523524,0.0015873873527663,37.44574177769121,2.464680110980636
DoE2_R4,2.364864864864865,0.0015874248259771,37.48105268342881,2.4759975498895903
DoE2_R4,2.3773773773773774,0.0015874622991879,37.5163635891664,2.487314988798545
DoE2_R4,2.38988988988989,0.0015874997723986,37.551674494904006,2.498632427707499
DoE2_R4,2.4024024024024024,0.0015875372456094,37.5869854006416,2.509949866616453
DoE2_R4,2.414914914914915,0.0015875747188202,37.6222963063792,2.521267305525408
DoE2_R4,2.4274274274274275,0.001587612192031,37.6576072121168,2.532584744434362
DoE2_R4,2.43993993993994,0.0015876496652417,37.69291811785439,2.5439021833433166
DoE2_R4,2.4524524524524525,0.0015876871384525,37.72822902359199,2.555219622252271
DoE2_R4,2.464964964964965,0.0015877246116633,37.76353992932958,2.5665370611612257
DoE2_R4,2.477477477477477,0.001587762084874,37.79885083506718,2.57785450007018
DoE2_R4,2.48998998998999,0.0015877995580848,37.83416174080477,2.5891719389791343
DoE2_R4,2.5025025025025025,0.0015878370312956,37.86947264654237,2.600489377888089
DoE2_R4,2.515015015015015,0.0015878745045063,37.904783552279966,2.611806816797043
DoE2_R4,2.5275275275275275,0.0015879119777171,37.94009445801756,2.623124255705997
DoE2_R4,2.54004004004004,0.0015879494509279,37.97540536375516,2.634441694614952
DoE2_R4,2.5525525525525525,0.0015879869241386,38.010716269492754,2.645759133523906
DoE2_R4,2.565065065065065,0.0015880762328086,38.04572099419654,2.6568796455855783
DoE2_R4,2.5775775775775776,0.0015881752716096,38.08066824508599,2.667963192140531
DoE2_R4,2.59009009009009,0.0015882793091835,38.115585969286776,2.679027747977366
DoE2_R4,2.6026026026026026,0.0015883883455304,38.15047416679892,2.690073313096083
DoE2_R4,2.615115115115115,0.0015885023806502,38.185332837622425,2.701099887496683
DoE2_R4,2.627627627627628,0.0015886214145429,38.22016198175727,2.7121074711791646
DoE2_R4,2.64014014014014,0.0015887454472086,38.25496159920348,2.7230960641435287
DoE2_R4,2.6526526526526526,0.0015888744786472,38.28973168996104,2.734065666389775
DoE2_R4,2.665165165165165,0.0015890085088587,38.32447225402995,2.745016277917904
DoE2_R4,2.677677677677678,0.0015891475378432,38.35918329141021,2.755947898727915
DoE2_R4,2.6901901901901906,0.0015892915656006,38.39386480210183,2.7668605288198083
DoE2_R4,2.702702702702703,0.0015894405921309,38.4285167861048,2.777754168193584
DoE2_R4,2.715215215215216,0.0015895946174342,38.46313924341912,2.788628816849241
DoE2_R4,2.727727727727728,0.0015897536415104,38.4977321740448,2.799484474786781
DoE2_R4,2.7402402402402406,0.0015899176643596,38.53229557798183,2.8103211420062038
DoE2_R4,2.752752752752753,0.0015900866859817,38.56682945523021,2.821138818507508
DoE2_R4,2.7652652652652656,0.0015902607063767,38.60133380578995,2.8319375042906945
DoE2_R4,2.777777777777778,0.0015904397255447,38.63580862966104,2.8427171993557634
DoE2_R4,2.79029029029029,0.0015906237434856,38.67025392684348,2.8534779037027147
DoE2_R4,2.802802802802803,0.0015908127601994,38.70466969733727,2.8642196173315484
DoE2_R4,2.815315315315316,0.0015910067756862,38.73905594114242,2.874942340242264
DoE2_R4,2.827827827827828,0.0015912052685282,38.773423915276965,2.885659899084505
DoE2_R4,2.8403403403403407,0.0015914042642422,38.80785942586617,2.896477686887461
DoE2_R4,2.852852852852853,0.0015916080603719,38.84226969215054,2.9072817438928538
DoE2_R4,2.8653653653653657,0.0015918166569173,38.87665471413007,2.9180720701006813
DoE2_R4,2.877877877877878,0.0015920300538784,38.91101449180477,2.9288486655109445
DoE2_R4,2.8903903903903907,0.0015922482512553,38.94534902517462,2.9396115301236434
DoE2_R4,2.902902902902903,0.0015924712490479,38.97965831423964,2.9503606639387776
DoE2_R4,2.915415415415416,0.0015926990472562,39.01394235899983,2.9610960669563475
DoE2_R4,2.927927927927928,0.0015929316458803,39.04820115945517,2.971817739176353
DoE2_R4,2.9404404404404407,0.0015931690449201,39.08243471560568,2.982525680598794
DoE2_R4,2.952952952952953,0.0015934112443757,39.11664302745135,2.9932198912236707
DoE2_R4,2.9654654654654657,0.0015936582442469,39.15082609499218,3.0039003710509826
DoE2_R4,2.9779779779779783,0.0015939100445339,39.18498391822818,3.0145671200807307
DoE2_R4,2.9904904904904908,0.0015941666452367,39.21911649715935,3.0252201383129136
DoE2_R4,3.0030030030030037,0.0015944280463552,39.25322383178567,3.0358594257475326
DoE2_R4,3.015515515515516,0.0015946942478894,39.28730592210716,3.046484982384587
DoE2_R4,3.0280280280280283,0.0015949652498393,39.321362768123805,3.057096808224077
DoE2_R4,3.040540540540541,0.001595241052205,39.355394369835615,3.0676949032660024
DoE2_R4,3.0530530530530533,0.0015955216549864,39.3894007272426,3.0782792675103634
DoE2_R4,3.065565565565566,0.0015958070581835,39.42338184034473,3.08884990095716
DoE2_R4,3.0780780780780783,0.0015960972617964,39.45733770914203,3.099406803606392
DoE2_R4,3.090590590590591,0.001596392265825,39.4912683336345,3.10994997545806
DoE2_R4,3.1031031031031038,0.0015966920702693,39.52517371382213,3.1204794165121634
DoE2_R4,3.115615615615616,0.0015969966751294,39.55905384970492,3.130995126768702
DoE2_R4,3.1281281281281283,0.0015973060804052,39.59290874128287,3.1414971062276766
DoE2_R4,3.140640640640641,0.0015976202860967,39.62673838855599,3.151985354889087
DoE2_R4,3.1531531531531534,0.0015979392922039,39.66054279152426,3.1624598727529323
DoE2_R4,3.165665665665666,0.0015982630987269,39.69432195018771,3.172920659819213
DoE2_R4,3.1781781781781784,0.0015985917056657,39.72807586454631,3.18336771608793
DoE2_R4,3.190690690690691,0.0015989251130201,39.76180453460008,3.193801041559082
DoE2_R4,3.2032032032032034,0.0015992633207903,39.79550796034901,3.20422063623267
DoE2_R4,3.215715715715716,0.0015996063289762,39.82918614179311,3.214626500108693
DoE2_R4,3.2282282282282284,0.0015999541375779,39.86283907893236,3.225018633187152
DoE2_R4,3.240740740740741,0.0016003067465953,39.89646677176678,3.2353970354680466
DoE2_R4,3.253253253253253,0.0016006641560284,39.93006922029637,3.2457617069513764
DoE2_R4,3.265765765765766,0.0016010263658773,39.96364642452111,3.256112647637142
DoE2_R4,3.2782782782782784,0.0016013933761419,39.99719838444102,3.266449857525344
DoE2_R4,3.290790790790791,0.0016017651868222,40.030725100056095,3.27677333661598
DoE2_R4,3.3033033033033035,0.0016021417979182,40.064226571366326,3.287083084909052
DoE2_R4,3.315815815815816,0.00160252320943,40.09770279837173,3.29737910240456
DoE2_R4,3.3283283283283285,0.0016029094213575,40.131153781072285,3.3076613891025035
DoE2_R4,3.340840840840841,0.0016033004337008,40.164579519468006,3.3179299450028825
DoE2_R4,3.353353353353353,0.0016036962464598,40.1979800135589,3.328184770105697
DoE2_R4,3.365865865865866,0.0016040968596345,40.23135526334495,3.338425864410947
DoE2_R4,3.3783783783783785,0.0016045022732249,40.26470526882616,3.3486532279186325
DoE2_R4,3.390890890890891,0.0016049124872311,40.29803003000253,3.358866860628754
DoE2_R4,3.4034034034034035,0.001605327501653,40.33132954687407,3.3690667625413107
DoE2_R4,3.415915915915916,0.0016057473164907,40.36460381944077,3.379252933656302
DoE2_R4,3.4284284284284285,0.001606171931744,40.39785284770264,3.389425373973731
DoE2_R4,3.440940940940941,0.0016066013474131,40.431076631659664,3.399584083493594
DoE2_R4,3.4534534534534536,0.0016070290451006,40.46428857894033,3.4097319904561703
DoE2_R4,3.465965965965966,0.0016074582693641,40.497482015845385,3.419867637318469
DoE2_R4,3.4784784784784786,0.0016078912961826,40.530652260935625,3.429990001649201
DoE2_R4,3.490990990990991,0.0016083281255561,40.563799314211046,3.440099083448365
DoE2_R4,3.503503503503504,0.0016087687574846,40.59692317567165,3.450194882715962
DoE2_R4,3.516016016016016,0.0016092131919682,40.63002384531744,3.460277399451991
DoE2_R4,3.5285285285285286,0.0016096614290068,40.6631013231484,3.470346633656453
DoE2_R4,3.541041041041041,0.0016101134686005,40.69615560916456,3.480402585329347
DoE2_R4,3.5535535535535536,0.0016105693107491,40.72918670336589,3.4904452544706737
DoE2_R4,3.566066066066066,0.0016110289554528,40.7621946057524,3.500474641080433
DoE2_R4,3.578578578578578,0.0016114924027116,40.795179316324095,3.5104907451586245
DoE2_R4,3.591091091091091,0.0016119596525253,40.82814083508097,3.520493566705249
DoE2_R4,3.603603603603604,0.0016124307048941,40.86107916202303,3.5304831057203057
DoE2_R4,3.616116116116116,0.0016129055598179,40.89399429715027,3.5404593622037948
DoE2_R4,3.6286286286286287,0.0016133842172968,40.9268862404627,3.550422336155717
DoE2_R4,3.641141141141141,0.0016138666773307,40.9597549919603,3.560372027576071
DoE2_R4,3.6536536536536537,0.0016143529399196,40.992600551643086,3.570308436464858
DoE2_R4,3.666166166166166,0.0016148388884023,41.02542582589054,3.580233122792596
DoE2_R4,3.678678678678679,0.0016153248076689,41.058230613569165,3.5901459786028647
DoE2_R4,3.691191191191191,0.0016158137055462,41.091012791141,3.6000458641076127
DoE2_R4,3.703703703703704,0.0016163055820342,41.12377235860605,3.609932779306841
DoE2_R4,3.716216216216216,0.0016168004371329,41.15650931596431,3.619806724200549
DoE2_R4,3.7287287287287287,0.0016172982708423,41.18922366321578,3.629667698788736
DoE2_R4,3.7412412412412417,0.0016177990831624,41.22191540036047,3.639515703071404
DoE2_R4,3.753753753753754,0.0016183028740932,41.25458452739836,3.6493507370485503
DoE2_R4,3.7662662662662663,0.0016188096436348,41.28723104432947,3.659172800720177
DoE2_R4,3.778778778778779,0.001619319391787,41.31985495115379,3.6689818940862833
DoE2_R4,3.791291291291292,0.00161983211855,41.35245624787133,3.678778017146869
DoE2_R4,3.803803803803804,0.0016203478239236,41.38503493448207,3.688561169901935
DoE2_R4,3.8163163163163167,0.001620866507908,41.41759101098603,3.69833135235148
DoE2_R4,3.828828828828829,0.001621388170503,41.4501244773832,3.708088564495505
DoE2_R4,3.8413413413413418,0.0016219128117088,41.48263533367359,3.71783280633401
DoE2_R4,3.8538538538538543,0.0016224404315253,41.51512357985718,3.727564077866994
DoE2_R4,3.866366366366367,0.0016229710299525,41.54758921593399,3.737282379094458
DoE2_R4,3.8788788788788793,0.0016235010104413,41.58003288927466,3.746979307282096
DoE2_R4,3.891391391391392,0.0016240265041831,41.612455296256,3.7566458236063696
DoE2_R4,3.903903903903904,0.0016245521042471,41.64485561013596,3.766292659004122
DoE2_R4,3.916416416416417,0.0016250778106332,41.67723383091455,3.775919813475351
DoE2_R4,3.928928928928929,0.0016256036233415,41.70958995859176,3.7855272870200576
DoE2_R4,3.941441441441442,0.0016261295423719,41.7419239931676,3.795115079638242
DoE2_R4,3.9539539539539534,0.0016266588037322,41.77423688732309,3.804687119386348
DoE2_R4,3.966466466466467,0.0016271930930654,41.80652913731174,3.814245452397068
DoE2_R4,3.9789789789789793,0.0016277295575674,41.83879990326773,3.8237866157690714
DoE2_R4,3.991491491491492,0.0016282681972383,41.87104918519105,3.833310609502356
DoE2_R4,4.004004004004004,0.001628809012078,41.903276983081696,3.8428174335969234
DoE2_R4,4.016516516516517,0.0016293520020867,41.93548329693967,3.852307088052774
DoE2_R4,4.029029029029029,0.0016299075065403,41.96766892326188,3.861792877680447
DoE2_R4,4.041541541541542,0.0016304834190102,41.99983447013777,3.8712849601027215
DoE2_R4,4.054054054054054,0.0016310839824314,42.03197981943677,3.880782909086351
DoE2_R4,4.066566566566567,0.0018976342397141,42.0651923644091,3.89052693580715
DoE2_R4,4.079079079079079,0.0018982403479201,42.09908707845103,3.900400882915595
DoE2_R4,4.091591591591592,0.0018986498319516,42.13287608290928,3.9101699079722056
DoE2_R4,4.104104104104104,0.0018990593159832,42.166665087367534,3.919938933028816
DoE2_R4,4.116616616616617,0.0018994688000147,42.20045409182578,3.9297079580854266
DoE2_R4,4.129129129129129,0.0018998782840462,42.23424309628404,3.939476983142037
DoE2_R4,4.141641641641642,0.0019002883103413,42.26802714601442,3.949243600864982
DoE2_R4,4.1541541541541545,0.0019007107084938,42.30169815258924,3.958955294765548
DoE2_R4,4.166666666666667,0.0019011331066462,42.33536915916405,3.9686669886661137
DoE2_R4,4.17917917917918,0.0019015555047986,42.36904016573887,3.97837868256668
DoE2_R4,4.191691691691692,0.001901977902951,42.402711172313694,3.9880903764672455
DoE2_R4,4.2042042042042045,0.0019024015397655,42.43636706171579,3.997793806699673
DoE2_R4,4.216716716716717,0.0019028820221147,42.46932918337419,4.007117994959905
DoE2_R4,4.2292292292292295,0.001903362504464,42.5022913050326,4.0164421832201365
DoE2_R4,4.241741741741742,0.0019038429868133,42.535253426691,4.025766371480368
DoE2_R4,4.254254254254255,0.0019043234691625,42.5682155483494,4.0350905597406
DoE2_R4,4.266766766766767,0.0019048039515118,42.60117767000781,4.044414748000832
DoE2_R4,4.27927927927928,0.001905284433861,42.63413979166621,4.053738936261063
DoE2_R4,4.291791791791792,0.0019057649162103,42.667101913324615,4.063063124521295
DoE2_R4,4.3043043043043046,0.0019062453985596,42.700064034983015,4.072387312781527
DoE2_R4,4.316816816816817,0.0019067258809088,42.73302615664142,4.081711501041759
DoE2_R4,4.32932932932933,0.0019072063632581,42.76598827829982,4.091035689301991
DoE2_R4,4.341841841841842,0.0019076868456073,42.79895039995823,4.100359877562223
DoE2_R4,4.354354354354355,0.0019081673279566,42.83191252161663,4.109684065822455
DoE2_R4,4.366866866866867,0.0019086478103059,42.86487464327504,4.1190082540826864
DoE2_R4,4.37937937937938,0.0019091282926551,42.89783676493344,4.128332442342918
DoE2_R4,4.391891891891892,0.0019096087750044,42.93079888659184,4.13765663060315
DoE2_R4,4.404404404404405,0.0019100892573536,42.963761008250245,4.146980818863382
DoE2_R4,4.416916916916917,0.0019105697397029,42.996723129908645,4.156305007123613
DoE2_R4,4.42942942942943,0.0019110502220522,43.02968525156705,4.165629195383845
DoE2_R4,4.441941941941942,0.0019115307044014,43.06264737322545,4.174953383644077
DoE2_R4,4.454454454454455,0.0019120111867507,43.09560949488386,4.184277571904309
DoE2_R4,4.466966966966967,0.0019124916690999,43.12857161654226,4.19360176016454
DoE2_R4,4.47947947947948,0.0019129721514492,43.16153373820067,4.202925948424772
DoE2_R4,4.491991991991992,0.0019134526337985,43.19449585985907,4.212250136685004
DoE2_R4,4.504504504504505,0.0019139331161477,43.22745798151748,4.221574324945236
DoE2_R4,4.517017017017017,0.001914413598497,43.26042010317588,4.230898513205467
DoE2_R4,4.52952952952953,0.0019148940808462,43.29338222483428,4.2402227014657
DoE2_R4,4.542042042042042,0.0019153745631955,43.32634434649268,4.249546889725932
DoE2_R4,4.554554554554555,0.0019158550455448,43.35930646815108,4.258871077986163
DoE2_R4,4.567067067067067,0.001916335527894,43.39226858980949,4.268195266246395
DoE2_R4,4.57957957957958,0.0019168160102433,43.42523071146789,4.277519454506627
DoE2_R4,4.592092092092092,0.0019172964925925,43.4581928331263,4.286843642766859
DoE2_R4,4.604604604604605,0.0019177769749418,43.4911549547847,4.29616783102709
DoE2_R4,4.617117117117117,0.0019182574572911,43.52411707644311,4.305492019287322
DoE2_R4,4.62962962962963,0.0019187379396403,43.55707919810151,4.314816207547554
DoE2_R4,4.642142142142142,0.0019192184219896,43.59004131975991,4.3241403958077855
DoE2_R4,4.654654654654655,0.0019196989043388,43.62300344141831,4.333464584068017
DoE2_R4,4.667167167167167,0.0019201934587432,43.65586682348721,4.342731198723112
DoE2_R4,4.67967967967968,0.0019207287803124,43.68844415400813,4.351831020919838
DoE2_R4,4.692192192192192,0.0019212669665432,43.72100138401786,4.360919122803568
DoE2_R4,4.704704704704705,0.0019218080174355,43.7535385135164,4.3699955043743
DoE2_R4,4.717217217217217,0.0019223519329893,43.78605554250376,4.379060165632036
DoE2_R4,4.72972972972973,0.0019228987132046,43.81855247097992,4.388113106576775
DoE2_R4,4.742242242242242,0.0019234483580813,43.8510292989449,4.397154327208517
DoE2_R4,4.754754754754755,0.0019240008676196,43.88348602639869,4.406183827527261
DoE2_R4,4.767267267267267,0.0019245562418194,43.9159226533413,4.415201607533009
DoE2_R4,4.77977977977978,0.0019251144806806,43.94833917977271,4.424207667225761
DoE2_R4,4.792292292292292,0.0019256755842034,43.980735605692935,4.433202006605516
DoE2_R4,4.804804804804805,0.0019262395523877,44.013111931101975,4.442184625672273
DoE2_R4,4.817317317317317,0.0019268063852334,44.04546815599983,4.451155524426034
DoE2_R4,4.82982982982983,0.0019273760827407,44.07780428038649,4.460114702866798
DoE2_R4,4.842342342342342,0.0019279486449094,44.11012030426196,4.469062160994564
DoE2_R4,4.854854854854855,0.0019285240717396,44.14241622762625,4.477997898809335
DoE2_R4,4.867367367367367,0.0019291023632314,44.174692050479344,4.4869219163111085
DoE2_R4,4.87987987987988,0.0019296835193846,44.20694777282126,4.495834213499885
DoE2_R4,4.892392392392392,0.0019302675401993,44.23918339465198,4.5047347903756645
DoE2_R4,4.904904904904905,0.0019308544256756,44.27139891597151,4.513623646938447
DoE2_R4,4.9174174174174174,0.0019314441758133,44.30359433677986,4.5225007831882325
DoE2_R4,4.92992992992993,0.0019320367906125,44.335769657077016,4.531366199125022
DoE2_R4,4.9424424424424425,0.0019326322700732,44.367924876862986,4.540219894748814
DoE2_R4,4.954954954954955,0.0019332306141955,44.40005999613776,4.549061870059609
DoE2_R4,4.967467467467468,0.0019338318229792,44.43217501490136,4.557892125057408
DoE2_R4,4.97997997997998,0.0019344358964244,44.46426993315376,4.566710659742209
DoE2_R4,4.9924924924924925,0.0019350428345311,44.49634475089498,4.575517474114013
DoE2_R4,5.005005005005005,0.0019356526372993,44.52839946812501,4.584312568172821
DoE2_R4,5.0175175175175175,0.001936265304729,44.56043408484385,4.593095941918633
DoE2_R4,5.03003003003003,0.0019368808368202,44.5924486010515,4.601867595351447
DoE2_R4,5.042542542542543,0.0019374992335729,44.62444301674796,4.610627528471264
DoE2_R4,5.055055055055055,0.0019381204949871,44.65641733193324,4.619375741278084
DoE2_R4,5.067567567567568,0.0019387446210627,44.68837154660733,4.628112233771907
DoE2_R4,5.08008008008008,0.0019393716117999,44.72030566077023,4.636837005952734
DoE2_R4,5.092592592592593,0.0019400014671986,44.75221967442194,4.645550057820564
DoE2_R4,5.105105105105105,0.0019406341872588,44.78411358756247,4.654251389375397
DoE2_R4,5.117617617617618,0.0019412697719804,44.8159874001918,4.662941000617233
DoE2_R4,5.13013013013013,0.0019419054086227,44.84788576475604,4.671636110017646
DoE2_R4,5.142642642642643,0.0019425409879575,44.87981041525767,4.680337386226957
DoE2_R4,5.155155155155155,0.0019431791492861,44.91171945261471,4.689028672500914
DoE2_R4,5.167667667667668,0.0019438198926087,44.94361287682719,4.697709968839518
DoE2_R4,5.18018018018018,0.0019444632179252,44.97549068789508,4.706381275242767
DoE2_R4,5.192692692692693,0.0019451091252355,45.0073528858184,4.715042591710662
DoE2_R4,5.205205205205205,0.0019457576145398,45.03919947059714,4.723693918243204
DoE2_R4,5.217717717717718,0.001946408685838,45.0710304422313,4.732335254840391
DoE2_R4,5.23023023023023,0.00194706233913,45.10284580072089,4.740966601502226
DoE2_R4,5.242742742742743,0.001947718574416,45.1346455460659,4.749587958228705
DoE2_R4,5.255255255255255,0.0019483773916958,45.16642967826633,4.758199325019832
DoE2_R4,5.267767767767768,0.0019490387909696,45.198198197322185,4.766800701875604
DoE2_R4,5.28028028028028,0.0019497027722372,45.22995110323346,4.775392088796022
DoE2_R4,5.292792792792793,0.0019503693354988,45.26168839600016,4.783973485781087
DoE2_R4,5.305305305305305,0.0019510384807542,45.29341007562228,4.792544892830797
DoE2_R4,5.317817817817818,0.0019517102080036,45.32511614209982,4.801106309945155
DoE2_R4,5.33033033033033,0.0019523845172468,45.35680659543279,4.809657737124157
DoE2_R4,5.342842842842844,0.001953061408484,45.38848143562117,4.818199174367807
DoE2_R4,5.355355355355356,0.001953740881715,45.42014066266498,4.826730621676102
DoE2_R4,5.367867867867869,0.00195442293694,45.45178427656422,4.835252079049043
DoE2_R4,5.380380380380381,0.0019551075741588,45.48341227731888,4.84376354648663
DoE2_R4,5.392892892892894,0.0019557947933716,45.51502466492895,4.852265023988864
DoE2_R4,5.405405405405406,0.0019564845945782,45.54662143939446,4.860756511555744
DoE2_R4,5.417917917917919,0.0019571769777787,45.57820260071538,4.869238009187269
DoE2_R4,5.430430430430431,0.0019578719429732,45.609768148891725,4.877709516883441
DoE2_R4,5.442942942942944,0.0019585694901615,45.64131808392349,4.886171034644259
DoE2_R4,5.455455455455456,0.0019592696193438,45.67285240581068,4.894622562469723
DoE2_R4,5.467967967967969,0.0019599723305199,45.7043711145533,4.903064100359833
DoE2_R4,5.480480480480481,0.0019606776236899,45.73587421015133,4.91149564831459
DoE2_R4,5.492992992992994,0.0019613854988538,45.76736169260479,4.919917206333992
DoE2_R4,5.505505505505506,0.0019620959560117,45.79883356191367,4.92832877441804
DoE2_R4,5.518018018018019,0.0019628089951634,45.83028981807797,4.936730352566736
DoE2_R4,5.530530530530531,0.001963524616309,45.8617304610977,4.945121940780076
DoE2_R4,5.543043043043044,0.0019642428194486,45.893155490972845,4.953503539058064
DoE2_R4,5.555555555555556,0.001964963604582,45.92456490770341,4.961875147400696
DoE2_R4,5.568068068068069,0.0019656869717093,45.95595871128941,4.970236765807975
DoE2_R4,5.580580580580581,0.0019664129208305,45.98733690173082,4.9785883942799005
DoE2_R4,5.593093093093094,0.0019671414519456,46.01869947902766,4.986930032816472
DoE2_R4,5.605605605605606,0.0019678725650546,46.05004644317992,4.99526168141769
DoE2_R4,5.618118118118119,0.0019686019057932,46.08137497619471,5.003622595441355
DoE2_R4,5.630630630630631,0.0019693331708793,46.11268747045912,5.011979448326747
DoE2_R4,5.643143143143144,0.0019700665660944,46.14398405914776,5.0203303849176
DoE2_R4,5.655655655655656,0.0019708020914386,46.17526474226063,5.028675405213915
DoE2_R4,5.668168168168169,0.0019715397469118,46.20652951979774,5.03701450921569
DoE2_R4,5.680680680680681,0.0019722795325141,46.237778391759086,5.045347696922927
DoE2_R4,5.693193193193194,0.0019730214482454,46.26901135814467,5.053674968335626
DoE2_R4,5.705705705705706,0.0019737654941058,46.30022841895448,5.061996323453785
DoE2_R4,5.718218218218219,0.0019745116700952,46.33142957418853,5.070311762277407
DoE2_R4,5.730730730730731,0.0019752599762136,46.362614823846826,5.078621284806489
DoE2_R4,5.743243243243244,0.0019760104124612,46.39378416792935,5.086924891041033
DoE2_R4,5.755755755755756,0.0019767629788377,46.4249376064361,5.095222580981038
DoE2_R4,5.768268268268269,0.0019775176753433,46.4560751393671,5.103514354626505
DoE2_R4,5.780780780780781,0.001978274501978,46.48719676672233,5.111800211977433
DoE2_R4,5.793293293293294,0.0019790334587416,46.51830248850179,5.120080153033822
DoE2_R4,5.805805805805806,0.0019797945456344,46.54939230470549,5.128354177795672
DoE2_R4,5.818318318318319,0.0019805577626562,46.58046621533342,5.136622286262984
DoE2_R4,5.830830830830831,0.001981323109807,46.6115242203856,5.144884478435757
DoE2_R4,5.843343343343344,0.0019820905870869,46.642566319862,5.153140754313992
DoE2_R4,5.855855855855856,0.0019828573565024,46.673588742824506,5.161370586798549
DoE2_R4,5.868368368368369,0.0019836242015951,46.70459253039128,5.169579643215476
DoE2_R4,5.8808808808808815,0.0019843923605716,46.7355793278096,5.177776879467163
DoE2_R4,5.893393393393394,0.001985161833432,46.76654913507946,5.185962295553609
DoE2_R4,5.9059059059059065,0.0019859326201762,46.79750195220086,5.194135891474815
DoE2_R4,5.918418418418419,0.0019867047208043,46.82843777917381,5.2022976672307815
DoE2_R4,5.930930930930932,0.0019874781353162,46.8593566159983,5.210447622821507
DoE2_R4,5.943443443443444,0.001988252863712,46.89025846267433,5.218585758246992
DoE2_R4,5.9559559559559565,0.0019890289059916,46.92114331920191,5.226712073507237
DoE2_R4,5.968468468468469,0.0019898062243334,46.95201116349714,5.234826513163831
DoE2_R4,5.9809809809809815,0.0019905835851177,46.98286127525548,5.242927268996361
DoE2_R4,5.993493493493494,0.0019913618151912,47.013694137268665,5.251015552983687
DoE2_R4,6.006006006006007,0.0019921409145538,47.0445097495367,5.259091365125808
DoE2_R4,6.018518518518519,0.0019929208832056,47.07530811205959,5.267154705422725
DoE2_R4,6.031031031031032,0.0019937020833586,47.10608934397698,5.275208246783218
DoE2_R4,6.043543543543544,0.0019944862501614,47.13685401601803,5.283264793566625
DoE2_R4,6.056056056056057,0.0019952725670486,47.167601859596175,5.291318320009467
DoE2_R4,6.068568568568569,0.0023489280777245,47.19847716458918,5.299398661111748
DoE2_R4,6.081081081081082,0.0023642640535214,47.23086060262222,5.307746536711999
DoE2_R4,6.093593593593594,0.0023649829785257,47.26319264662076,5.316104379982367
DoE2_R4,6.106106106106107,0.0023655798758863,47.29545419029071,5.324504333786574
DoE2_R4,6.118618618618619,0.002366176773247,47.327715733960645,5.33290428759078
DoE2_R4,6.131131131131132,0.0023667736706077,47.35997727763059,5.341304241394986
DoE2_R4,6.143643643643644,0.0023673705679684,47.39223882130053,5.349704195199193
DoE2_R4,6.156156156156157,0.0023679674653291,47.42450036497048,5.358104149003399
DoE2_R4,6.168668668668669,0.0023685642915391,47.45676122747748,5.366503566301033
DoE2_R4,6.181181181181182,0.0023691478446498,47.48889501963088,5.374802898764973
DoE2_R4,6.193693693693694,0.0023697313977606,47.52102881178427,5.383102231228913
DoE2_R4,6.206206206206207,0.0023703149508714,47.55316260393767,5.391401563692853
DoE2_R4,6.218718718718719,0.0023708985039822,47.58529639609107,5.3997008961567925
DoE2_R4,6.231231231231232,0.002371482057093,47.61743018824446,5.4080002286207325
DoE2_R4,6.243743743743744,0.0023720656102038,47.64956398039786,5.4162995610846725
DoE2_R4,6.256256256256257,0.002372636302801,47.681299110646925,5.424316936834631
DoE2_R4,6.268768768768769,0.0023732003790421,47.71282914106979,5.43218925414684
DoE2_R4,6.281281281281282,0.0023737644552832,47.744359171492654,5.440061571459049
DoE2_R4,6.293793793793794,0.0023743285315243,47.77588920191552,5.447933888771258
DoE2_R4,6.306306306306307,0.0023748926077654,47.80741923233838,5.455806206083467
DoE2_R4,6.318818818818819,0.0023754566840065,47.83894926276125,5.463678523395676
DoE2_R4,6.331331331331332,0.0023760207602476,47.87047929318411,5.471550840707885
DoE2_R4,6.343843843843844,0.0023765848364887,47.902009323606975,5.479423158020094
DoE2_R4,6.356356356356357,0.0023771489127297,47.93353935402984,5.487295475332303
DoE2_R4,6.368868868868869,0.0023777129889708,47.965069384452704,5.495167792644512
DoE2_R4,6.381381381381382,0.0023782770652119,47.99659941487557,5.5030401099567205
DoE2_R4,6.393893893893894,0.002378841141453,48.02812944529843,5.51091242726893
DoE2_R4,6.406406406406407,0.0023794052176941,48.0596594757213,5.518784744581139
DoE2_R4,6.418918918918919,0.0023799692939352,48.09118950614416,5.526657061893348
DoE2_R4,6.431431431431432,0.0023805333701763,48.12271953656703,5.534529379205557
DoE2_R4,6.443943943943944,0.0023810974464174,48.15424956698989,5.542401696517766
DoE2_R4,6.456456456456457,0.0023816615226585,48.18577959741275,5.550274013829975
DoE2_R4,6.468968968968969,0.0023822255988996,48.21730962783561,5.558146331142184
DoE2_R4,6.481481481481482,0.0023827896751407,48.24883965825848,5.566018648454393
DoE2_R4,6.493993993993994,0.0023833537513818,48.28036968868134,5.573890965766602
DoE2_R4,6.506506506506507,0.0023839178276229,48.31189971910421,5.581763283078811
DoE2_R4,6.519019019019019,0.002384481903864,48.34342974952707,5.58963560039102
DoE2_R4,6.531531531531532,0.0023850459801051,48.37495977994993,5.597507917703229
DoE2_R4,6.544044044044044,0.0023856100563462,48.4064898103728,5.605380235015438
DoE2_R4,6.556556556556557,0.0023861741325873,48.43801984079566,5.613252552327647
DoE2_R4,6.569069069069069,0.0023867382088284,48.469549871218526,5.621124869639856
DoE2_R4,6.581581581581582,0.0023873022850695,48.50107990164139,5.6289971869520645
DoE2_R4,6.594094094094094,0.0023878663613106,48.532609932064254,5.636869504264274
DoE2_R4,6.606606606606607,0.0023884304375517,48.56413996248712,5.644741821576483
DoE2_R4,6.619119119119119,0.0023889945137928,48.59566999290998,5.652614138888692
DoE2_R4,6.631631631631632,0.0023895585900339,48.62720002333285,5.660486456200901
DoE2_R4,6.644144144144144,0.002390122666275,48.65873005375571,5.66835877351311
DoE2_R4,6.656656656656657,0.0023906867425161,48.690260084178576,5.676231090825318
DoE2_R4,6.6691691691691695,0.0023912508187572,48.72179011460144,5.684103408137528
DoE2_R4,6.681681681681682,0.0023918148949983,48.753320145024304,5.691975725449737
DoE2_R4,6.6941941941941945,0.0023923789712394,48.78485017544717,5.699848042761946
DoE2_R4,6.706706706706707,0.0023929430474805,48.81638020587003,5.707720360074155
DoE2_R4,6.71921921921922,0.002393513964489,48.84761958869472,5.715404744997506
DoE2_R4,6.731731731731732,0.0023940860500354,48.87880932318019,5.723057027364184
DoE2_R4,6.7442442442442445,0.0023946585405275,48.909981852504174,5.730698184894052
DoE2_R4,6.756756756756757,0.0023952314359654,48.94113717666667,5.738328217587108
DoE2_R4,6.7692692692692695,0.0023958047363491,48.97227529566767,5.745947125443352
DoE2_R4,6.781781781781782,0.0023963784416785,49.0033962095072,5.753554908462786
DoE2_R4,6.794294294294295,0.0023969525519536,49.03449991818522,5.76115156664541
DoE2_R4,6.806806806806807,0.0023975270671745,49.06558642170176,5.768737099991221
DoE2_R4,6.81931931931932,0.0023981019873411,49.096655720056816,5.776311508500222
DoE2_R4,6.831831831831832,0.0023986773124535,49.12770781325038,5.783874792172412
DoE2_R4,6.844344344344345,0.0023992530425116,49.158742701282456,5.791426951007791
DoE2_R4,6.856856856856857,0.0023998291775155,49.18976038415304,5.798967985006359
DoE2_R4,6.86936936936937,0.0024004057174651,49.22076086186214,5.806497894168116
DoE2_R4,6.881881881881882,0.0024009826623604,49.25174413440976,5.814016678493062
DoE2_R4,6.894394394394395,0.0024015600122015,49.28271020179587,5.821524337981197
DoE2_R4,6.906906906906907,0.0024021377669883,49.313659064020506,5.829020872632521
DoE2_R4,6.91941941941942,0.0024027159267209,49.344590721083655,5.836506282447034
DoE2_R4,6.931931931931932,0.0024032944913992,49.37550517298531,5.843980567424736
DoE2_R4,6.944444444444445,0.0024038734610233,49.40640241972548,5.851443727565626
DoE2_R4,6.956956956956957,0.0024044528355931,49.43728246130416,5.8588957628697065
DoE2_R4,6.96946946946947,0.0024050326151086,49.46814529772135,5.866336673336975
DoE2_R4,6.981981981981982,0.0024056127995699,49.49899092897705,5.873766458967433
DoE2_R4,6.994494494494495,0.002406193388977,49.52981935507127,5.88118511976108
DoE2_R4,7.007007007007007,0.0024067743833297,49.560630576004,5.888592655717916
DoE2_R4,7.01951951951952,0.0024073557826283,49.59142459177524,5.89598906683794
DoE2_R4,7.032032032032032,0.0024079375868725,49.62220140238498,5.903374353121154
DoE2_R4,7.044544544544545,0.0024085197960625,49.65296100783324,5.9107485145675565
DoE2_R4,7.057057057057057,0.0024091024101983,49.68370340812002,5.918111551177148
DoE2_R4,7.06956956956957,0.0024096854292798,49.7144286032453,5.925463462949929
DoE2_R4,7.082082082082082,0.002410268853307,49.7451365932091,5.932804249885898
DoE2_R4,7.094594594594595,0.00241085268228,49.77582737801141,5.940133911985057
DoE2_R4,7.107107107107107,0.0024114369161988,49.80650095765223,5.947452449247404
DoE2_R4,7.11961961961962,0.0024120215550632,49.837157332131554,5.954759861672941
DoE2_R4,7.132132132132132,0.0024126065988735,49.8677965014494,5.962056149261667
DoE2_R4,7.144644644644645,0.0024131920476294,49.89841846560575,5.969341312013581
DoE2_R4,7.157157157157157,0.0024137779013311,49.92902322460062,5.976615349928684
DoE2_R4,7.16966966966967,0.0024143651285388,49.95962032082368,5.983887360665944
DoE2_R4,7.182182182182182,0.0024149591998854,49.99026365171305,5.991208729730237
DoE2_R4,7.194694694694695,0.0024155539891635,50.02089286101992,5.998521913824029
DoE2_R4,7.207207207207207,0.0024161494963731,50.051507948744266,6.00582691294732
DoE2_R4,7.21971971971972,0.0024167457215142,50.082108914886106,6.01312372710011
DoE2_R4,7.232232232232232,0.0024173426645867,50.11269575944544,6.020412356282399
DoE2_R4,7.244744744744745,0.0024179403255907,50.14326848242226,6.027692800494187
DoE2_R4,7.257257257257257,0.0024185387045262,50.17382708381656,6.034965059735474
DoE2_R4,7.26976976976977,0.0024191378013932,50.20437156362836,6.04222913400626
DoE2_R4,7.282282282282282,0.0024197376161916,50.23490192185764,6.049485023306546
DoE2_R4,7.294794794794795,0.0024203381489216,50.26541815850441,6.05673272763633
DoE2_R4,7.307307307307307,0.002420939399583,50.29592027356868,6.063972246995614
DoE2_R4,7.31981981981982,0.0024215413681758,50.326408267050425,6.071203581384396
DoE2_R4,7.332332332332332,0.0024221440547002,50.35688213894966,6.078426730802678
DoE2_R4,7.344844844844845,0.002422747459156,50.38734188926639,6.085641695250459
DoE2_R4,7.357357357357357,0.0024233515815433,50.4177875180006,6.092848474727739
DoE2_R4,7.36986986986987,0.0024239564218621,50.44821902515231,6.100047069234518
DoE2_R4,7.382382382382382,0.0024245619801123,50.4786364107215,6.107237478770796
DoE2_R4,7.394894894894895,0.0024251682562941,50.50903967470818,6.114419703336574
DoE2_R4,7.407407407407407,0.0024257752504073,50.53942881711235,6.121593742931849
DoE2_R4,7.41991991991992,0.002426382962452,50.56980383793401,6.128759597556625
DoE2_R4,7.432432432432432,0.0024269913924281,50.60016473717315,6.135917267210899
DoE2_R4,7.444944944944945,0.0024276005403358,50.63051151482979,6.143066751894673
DoE2_R4,7.4574574574574575,0.0024282104061749,50.66084417090392,6.150208051607946
DoE2_R4,7.46996996996997,0.0024288209899455,50.69116270539553,6.157341166350717
DoE2_R4,7.482482482482483,0.0024294322916475,50.72146711830463,6.164466096122988
DoE2_R4,7.494994994994996,0.0024300443112811,50.75175740963122,6.171582840924758
DoE2_R4,7.507507507507508,0.0024306570488461,50.7820335793753,6.178691400756027
DoE2_R4,7.520020020020021,0.0024312705043426,50.81229562753686,6.185791775616795
DoE2_R4,7.532532532532533,0.0024318846777706,50.84254355411592,6.192883965507062
DoE2_R4,7.545045045045046,0.00243249956913,50.87277735911246,6.199967970426829
DoE2_R4,7.557557557557558,0.0024331151784209,50.9029970425265,6.207043790376093
DoE2_R4,7.570070070070071,0.0024337315056433,50.93320260435802,6.214111425354858
DoE2_R4,7.582582582582583,0.0024343485507972,50.96339404460703,6.221170875363121
DoE2_R4,7.595095095095096,0.0024349663138825,50.99357136327353,6.228222140400884
DoE2_R4,7.607607607607608,0.0024355847948994,51.02373456035752,6.235265220468145
DoE2_R4,7.620120120120121,0.0024362039938477,51.053883635859,6.242300115564906
DoE2_R4,7.6326326326326335,0.0024368239107274,51.08401858977796,6.249326825691166
DoE2_R4,7.645145145145146,0.0024374445455387,51.11413942211441,6.2563453508469244
DoE2_R4,7.657657657657658,0.0024380658982814,51.14424613286835,6.263355691032182
DoE2_R4,7.670170170170171,0.0024386879689556,51.17433872203978,6.27035784624694
DoE2_R4,7.6826826826826835,0.0024393107575613,51.2044171896287,6.277351816491196
DoE2_R4,7.695195195195196,0.0024399342640985,51.23448153563511,6.284337601764951
DoE2_R4,7.7077077077077085,0.0024405584885671,51.264531760059,6.291315202068205
DoE2_R4,7.720220220220221,0.0024411834309672,51.29456786290039,6.298284617400959
DoE2_R4,7.732732732732733,0.0024418090912988,51.32458984415926,6.305245847763211
DoE2_R4,7.745245245245246,0.002442435374477,51.354597336125046,6.312202472043228
DoE2_R4,7.7577577577577586,0.0024430609596287,51.3845852307419,6.319204206410317
DoE2_R4,7.770270270270271,0.0024436871376553,51.41455852015928,6.326202462799734
DoE2_R4,7.782782782782784,0.0024443139085566,51.44451720437721,6.333197241211478
DoE2_R4,7.795295295295296,0.0024449412723327,51.47446128339567,6.340188541645549
DoE2_R4,7.807807807807809,0.0024455692289836,51.504390757214665,6.347176364101947
DoE2_R4,7.820320320320321,0.0024461977785093,51.5343056258342,6.354160708580673
DoE2_R4,7.832832832832834,0.0024468269209098,51.56420588925428,6.361141575081725
DoE2_R4,7.845345345345346,0.0024474566561851,51.59409154747488,6.368118963605105
DoE2_R4,7.857857857857859,0.0024480869843351,51.62396260049603,6.375092874150812
DoE2_R4,7.870370370370371,0.0024487179053599,51.65381904831771,6.382063306718846
DoE2_R4,7.882882882882884,0.0024493494192596,51.683660890939926,6.389030261309207
DoE2_R4,7.895395395395396,0.0024499815260339,51.71348812836268,6.395993737921896
DoE2_R4,7.907907907907909,0.0024506142256831,51.74330076058597,6.402953736556912
DoE2_R4,7.920420420420421,0.0024512475182071,51.7730987876098,6.409910257214254
DoE2_R4,7.932932932932934,0.0024518814036059,51.802882209434166,6.416863299893925
DoE2_R4,7.945445445445446,0.0024525158818794,51.83265102605907,6.423812864595923
DoE2_R4,7.957957957957959,0.0024531509530277,51.8624052374845,6.430758951320247
DoE2_R4,7.970470470470471,0.0024537866170508,51.89214484371048,6.437701560066899
DoE2_R4,7.982982982982984,0.0024544228739487,51.92186984473699,6.444640690835878
DoE2_R4,7.995495495495496,0.0024550597237214,51.951580240564034,6.451576343627184
DoE2_R4,8.008008008008009,0.0024556971663688,51.98127603119162,6.4585085184408175
DoE2_R4,8.02052052052052,0.0024563352018911,52.010957216619744,6.465437215276777
DoE2_R4,8.033033033033034,0.0024569736751905,52.0406237078146,6.472361662796481
DoE2_R4,8.045545545545545,0.0024576062834099,52.07027188662015,6.479250515342732
DoE2_R4,8.058058058058059,0.00245823613,52.09990353457268,6.486119207137966
DoE2_R4,8.07057057057057,0.0024588628557878,52.12951857539677,6.492965981584567
DoE2_R4,8.083083083083084,0.0024594831192039,52.15911629946322,6.499774496150833
DoE2_R4,8.095595595595595,0.00297102273488,52.18902376424742,6.506606296208257
DoE2_R4,8.108108108108109,0.0029726771779332,52.22012994432259,6.51360423135519
DoE2_R4,8.12062062062062,0.0029729189861437,52.251199285583766,6.520572523863014
DoE2_R4,8.133133133133134,0.0029730316504538,52.282162089891365,6.5274222159343145
DoE2_R4,8.145645645645645,0.0029731443147638,52.31312489419895,6.534271908005614
DoE2_R4,8.158158158158159,0.0029732569790739,52.34408769850655,6.541121600076916
DoE2_R4,8.17067067067067,0.002973369643384,52.37505050281413,6.547971292148215
DoE2_R4,8.183183183183184,0.0029734823076941,52.40601330712173,6.554820984219516
DoE2_R4,8.195695695695695,0.0029735949720041,52.43697611142932,6.561670676290816
DoE2_R4,8.208208208208209,0.0029737076363142,52.46793891573692,6.568520368362117
DoE2_R4,8.22072072072072,0.0029738106946392,52.498869218861785,6.575339687929743
DoE2_R4,8.233233233233234,0.0029738824708328,52.5296936810696,6.582060098677017
DoE2_R4,8.245745745745745,0.0029739542470263,52.5605181432774,6.58878050942429
DoE2_R4,8.258258258258259,0.0029740260232199,52.59134260548521,6.595500920171564
DoE2_R4,8.27077077077077,0.0029740977994134,52.62216706769302,6.602221330918837
DoE2_R4,8.283283283283284,0.002974169575607,52.65299152990083,6.608941741666111
DoE2_R4,8.295795795795796,0.0029742413518006,52.68381599210864,6.615662152413384
DoE2_R4,8.308308308308309,0.0029743131279941,52.714640454316445,6.622382563160658
DoE2_R4,8.32082082082082,0.0029743592045325,52.74529023492111,6.629015129307687
DoE2_R4,8.333333333333334,0.0029743487605485,52.77555584323288,6.635454501318151
DoE2_R4,8.345845845845846,0.0029743383165645,52.805821451544645,6.6418938733286135
DoE2_R4,8.358358358358359,0.0029743278725805,52.83608705985642,6.648333245339077
DoE2_R4,8.37087087087087,0.0029743174285965,52.86635266816818,6.65477261734954
DoE2_R4,8.383383383383384,0.0029743069846126,52.89661827647996,6.661211989360004
DoE2_R4,8.395895895895896,0.0029742965406286,52.92688388479173,6.667651361370466
DoE2_R4,8.408408408408409,0.0029742860966446,52.9571494931035,6.67409073338093
DoE2_R4,8.42092092092092,0.0029742756526606,52.98741510141527,6.680530105391393
DoE2_R4,8.433433433433434,0.0029742652086766,53.01768070972704,6.686969477401856
DoE2_R4,8.445945945945946,0.0029742547646926,53.0479463180388,6.693408849412319
DoE2_R4,8.458458458458459,0.0029742443207086,53.078211926350576,6.699848221422783
DoE2_R4,8.47097097097097,0.0029742338767246,53.10847753466235,6.706287593433245
DoE2_R4,8.483483483483484,0.0029742234327406,53.138743142974114,6.712726965443709
DoE2_R4,8.495995995995996,0.0029742129887567,53.16900875128589,6.719166337454172
DoE2_R4,8.508508508508509,0.0029742025447727,53.19927435959766,6.725605709464635
DoE2_R4,8.52102102102102,0.0029741921007887,53.22953996790943,6.732045081475098
DoE2_R4,8.533533533533534,0.0029741816568047,53.2598055762212,6.738484453485562
DoE2_R4,8.546046046046047,0.0029741712128207,53.29007118453297,6.744923825496025
DoE2_R4,8.558558558558559,0.0029741607688367,53.320336792844735,6.751363197506488
DoE2_R4,8.571071071071072,0.0029741503248527,53.35060240115651,6.757802569516952
DoE2_R4,8.583583583583584,0.0029741398808687,53.38086800946828,6.764241941527414
DoE2_R4,8.596096096096097,0.0029741294368847,53.41113361778005,6.770681313537878
DoE2_R4,8.608608608608609,0.0029741189929008,53.44139922609182,6.777120685548341
DoE2_R4,8.621121121121122,0.0029741085489168,53.47166483440359,6.783560057558804
DoE2_R4,8.633633633633634,0.0029740981049328,53.50193044271536,6.789999429569267
DoE2_R4,8.646146146146148,0.0029740876609488,53.53219605102713,6.796438801579731
DoE2_R4,8.65865865865866,0.0029740772169648,53.562461659338894,6.8028781735901935
DoE2_R4,8.671171171171173,0.0029740667729808,53.592727267650666,6.809317545600657
DoE2_R4,8.683683683683684,0.0029740563289968,53.62299287596244,6.81575691761112
DoE2_R4,8.696196196196198,0.0029740458850128,53.65325848427421,6.822196289621584
DoE2_R4,8.70870870870871,0.0029740354410288,53.68352409258598,6.828635661632046
DoE2_R4,8.721221221221223,0.0029740249970449,53.71378970089775,6.83507503364251
DoE2_R4,8.733733733733734,0.0029740145530609,53.74405530920952,6.841514405652973
DoE2_R4,8.746246246246248,0.0029740041090769,53.77432091752129,6.847953777663436
DoE2_R4,8.75875875875876,0.0029739936650929,53.80458652583306,6.854393149673899
DoE2_R4,8.771271271271273,0.0029739832211089,53.834852134144825,6.860832521684363
DoE2_R4,8.783783783783784,0.0029739727771249,53.8651177424566,6.867271893694825
DoE2_R4,8.796296296296298,0.0029739519094681,53.89528267872293,6.87365925656954
DoE2_R4,8.80880880880881,0.0029739089207167,53.92523396900323,6.879936245774573
DoE2_R4,8.821321321321323,0.002973864290114,53.95516940224992,6.886205042927783
DoE2_R4,8.833833833833834,0.0029738180176599,53.985088978463,6.892465648029165
DoE2_R4,8.846346346346348,0.0029737701033546,54.01499269764247,6.898718061078722
DoE2_R4,8.85885885885886,0.0029737205471979,54.044880559788325,6.904962282076453
DoE2_R4,8.871371371371373,0.0029736693491899,54.07475256490058,6.91119831102236
DoE2_R4,8.883883883883884,0.0029736165093306,54.104608712979214,6.91742614791644
DoE2_R4,8.896396396396398,0.00297356202762,54.13444900402424,6.923645792758695
DoE2_R4,8.90890890890891,0.0029735059040581,54.16427343803565,6.929857245549123
DoE2_R4,8.921421421421423,0.0029734481386449,54.19408201501346,6.936060506287728
DoE2_R4,8.933933933933934,0.0029733887313804,54.22387473495765,6.942255574974505
DoE2_R4,8.946446446446448,0.0029733276822646,54.25365159786824,6.948442451609457
DoE2_R4,8.95895895895896,0.0029732649912975,54.283412603745205,6.954621136192584
DoE2_R4,8.971471471471473,0.002973200658479,54.313157752588566,6.960791628723885
DoE2_R4,8.983983983983984,0.0029731346838093,54.34288704439831,6.96695392920336
DoE2_R4,8.996496496496498,0.0029730670672882,54.37260047917445,6.973108037631009
DoE2_R4,9.00900900900901,0.0029729978089158,54.402298056916976,6.9792539540068335
DoE2_R4,9.021521521521525,0.0029729269086922,54.4319797776259,6.985391678330832
DoE2_R4,9.034034034034034,0.0029728543666172,54.4616456413012,6.991521210603005
DoE2_R4,9.046546546546548,0.0029727801826909,54.4912956479429,6.997642550823352
DoE2_R4,9.05905905905906,0.0029727043569133,54.52092979755098,7.003755698991873
DoE2_R4,9.071571571571573,0.0029726268892844,54.55054809012546,7.00986065510857
DoE2_R4,9.084084084084084,0.0029725477798041,54.58015052566632,7.015957419173439
DoE2_R4,9.096596596596598,0.0029724670284726,54.60973710417357,7.022045991186484
DoE2_R4,9.10910910910911,0.0029723846352898,54.63930782564721,7.028126371147703
DoE2_R4,9.121621621621625,0.0029723006002556,54.668862690087245,7.034198559057097
DoE2_R4,9.134134134134134,0.0029722149233702,54.69840169749366,7.040262554914664
DoE2_R4,9.146646646646648,0.0029721276046334,54.72792484786647,7.046318358720407
DoE2_R4,9.15915915915916,0.0029720386440453,54.75743214120567,7.052365970474323
DoE2_R4,9.171671671671673,0.002971948041606,54.78692357751125,7.058405390176414
DoE2_R4,9.184184184184184,0.0029718557973153,54.81639915678323,7.064436617826679
DoE2_R4,9.196696696696698,0.0029717619111733,54.8458588790216,7.070459653425119
DoE2_R4,9.20920920920921,0.00297166638318,54.875302744226346,7.076474496971732
DoE2_R4,9.221721721721725,0.0029715692133354,54.90473075239749,7.082481148466521
DoE2_R4,9.234234234234236,0.0029714704016395,54.93414290353502,7.088479607909484
DoE2_R4,9.246746746746748,0.0029713699480922,54.963539197638944,7.0944698753006215
DoE2_R4,9.25925925925926,0.0029712678526937,54.99291963470925,7.100451950639933
DoE2_R4,9.271771771771771,0.0029711693964929,55.02230623683555,7.10643986037636
DoE2_R4,9.284284284284285,0.0029710794726808,55.05171940873,7.11244660080857
DoE2_R4,9.296796796796798,0.0029709884668443,55.08111905808165,7.118446636087638
DoE2_R4,9.30930930930931,0.0029708963789835,55.11050518489048,7.124439966213562
DoE2_R4,9.321821821821825,0.0029708032090984,55.1398777891565,7.130426591186344
DoE2_R4,9.334334334334336,0.0029707089571891,55.16923687087972,7.136406511005982
DoE2_R4,9.346846846846848,0.0029706136232554,55.198582430060114,7.142379725672476
DoE2_R4,9.35935935935936,0.0029705172072974,55.2279144666977,7.1483462351858265
DoE2_R4,9.371871871871871,0.0029704197093151,55.25723298079247,7.154306039546035
DoE2_R4,9.384384384384385,0.0029703211293085,55.28653797234443,7.160259138753099
DoE2_R4,9.396896896896898,0.0029702214672776,55.31582944135359,7.16620553280702
DoE2_R4,9.40940940940941,0.0029701207232224,55.34510738781992,7.172145221707797
DoE2_R4,9.421921921921925,0.0029700188971429,55.37437181174345,7.178078205455432
DoE2_R4,9.434434434434436,0.0029699159890391,55.403622713124165,7.184004484049924
DoE2_R4,9.446946946946948,0.0029698119989111,55.43286009196207,7.189924057491272
DoE2_R4,9.45945945945946,0.0029697069267587,55.46208394825715,7.195836925779475
DoE2_R4,9.471971971971971,0.002969600772582,55.49129428200944,7.2017430889145375
DoE2_R4,9.484484484484485,0.0029694935363809,55.5204910932189,7.207642546896455
DoE2_R4,9.496996996996998,0.0029693852181556,55.54967438188556,7.21353529972523
DoE2_R4,9.50950950950951,0.002969275817906,55.5788441480094,7.219421347400861
DoE2_R4,9.522022022022025,0.0029691653356321,55.60800039159043,7.225300689923348
DoE2_R4,9.534534534534536,0.0029690537713339,55.63714311262865,7.231173327292693
DoE2_R4,9.547047047047048,0.0029689411250114,55.66627231112406,7.237039259508895
DoE2_R4,9.55955955955956,0.0029688273966646,55.69538798707665,7.242898486571952
DoE2_R4,9.572072072072071,0.0029687125862935,55.72449014048644,7.248751008481867
DoE2_R4,9.584584584584585,0.0029685966938981,55.75357877135341,7.254596825238638
DoE2_R4,9.597097097097098,0.0029684797194783,55.78265387967757,7.260435936842266
DoE2_R4,9.60960960960961,0.0029683616630343,55.81171546545892,7.266268343292751
DoE2_R4,9.622122122122123,0.002968242524566,55.84076352869745,7.272094044590093
DoE2_R4,9.634634634634637,0.0029681223040734,55.86979806939318,7.27791304073429
DoE2_R4,9.647147147147148,0.0029680010015564,55.89881908754609,7.283725331725345
DoE2_R4,9.65965965965966,0.0029678786170152,55.92782658315619,7.289530917563256
DoE2_R4,9.672172172172171,0.0029677551504497,55.95682055622348,7.295329798248025
DoE2_R4,9.684684684684685,0.0029676306018598,55.98580100674796,7.301121973779649
DoE2_R4,9.697197197197198,0.0029675049712457,56.01476793472962,7.30690744415813
DoE2_R4,9.70970970970971,0.0029673782586073,56.04372134016847,7.312686209383468
DoE2_R4,9.722222222222223,0.0029672504639445,56.07266122306452,7.318458269455664
DoE2_R4,9.734734734734737,0.0029671215872575,56.10158758341774,7.324223624374714
DoE2_R4,9.747247247247248,0.0029669916285461,56.13050042122816,7.329982274140623
DoE2_R4,9.75975975975976,0.0029668605878105,56.15939973649576,7.335734218753387
DoE2_R4,9.772272272272271,0.0029667284650506,56.18828552922056,7.341479458213009
DoE2_R4,9.784784784784785,0.0029665952602663,56.217157799402536,7.347217992519488
DoE2_R4,9.797297297297298,0.0029664609734578,56.246016547041705,7.352949821672823
DoE2_R4,9.80980980980981,0.0029663256046249,56.27486177213806,7.358674945673013
DoE2_R4,9.822322322322323,0.0029661891537677,56.303693474691606,7.364393364520063
DoE2_R4,9.834834834834837,0.0029660516208863,56.33251165470234,7.3701050782139665
DoE2_R4,9.847347347347348,0.0029659130059805,56.36131631217027,7.375810086754729
DoE2_R4,9.85985985985986,0.0029657733090505,56.390107447095374,7.381508390142347
DoE2_R4,9.872372372372372,0.0029656325300961,56.41888505947768,7.387199988376822
DoE2_R4,9.884884884884883,0.0029654906691174,56.44764914931716,7.392884881458153
DoE2_R4,9.897397397397398,0.0029653477261145,56.47639971661384,7.398563069386342
DoE2_R4,9.90990990990991,0.0029652037010872,56.50513676136769,7.404234552161387
DoE2_R4,9.922422422422423,0.0029650585940356,56.53386028357874,7.409899329783289
DoE2_R4,9.934934934934937,0.0029649124049598,56.56257028324698,7.4155574022520465
DoE2_R4,9.947447447447448,0.0029647611063534,56.59126941485499,7.421202812768914
DoE2_R4,9.95995995995996,0.002964606762087,56.61995631812966,7.426838613858401
DoE2_R4,9.972472472472472,0.0029644500558838,56.64863054243701,7.432465816766908
DoE2_R4,9.984984984984983,0.0029642909877437,56.67729208777703,7.438084421494433
DoE2_R4,9.997497497497498,0.0029641295576668,56.70594095414975,7.443694428040979
DoE2_R4,10.01001001001001,0.0029639657656531,56.73457714155513,7.449295836406543
DoE2_R4,10.022522522522523,0.0029637992279022,56.76320030040706,7.454887211802192
DoE2_R4,10.035035035035037,0.0029636272440633,56.79180797107972,7.460458459307983
DoE2_R4,10.047547547547548,0.0029634514030546,56.82040160084593,7.466015518893814
DoE2_R4,10.06006006006006,0.0029632717048761,56.8489811897057,7.471558390559683
DoE2_R4,10.072572572572572,0.003645530601865,56.878005973711815,7.477133980939175
DoE2_R4,10.085085085085083,0.0036438774458277,56.907960302161854,7.482798707077699
DoE2_R4,10.097597597597598,0.0036425913726527,56.9378542048626,7.488372136182059
DoE2_R4,10.11011011011011,0.0036413052994778,56.96774810756335,7.4939455652864195
DoE2_R4,10.122622622622623,0.0036400192263028,56.997642010264094,7.4995189943907805
DoE2_R4,10.135135135135137,0.0036387276672014,57.02752878858218,7.505087543058567
DoE2_R4,10.147647647647648,0.003637391406823,57.05735751489953,7.510616324195435
DoE2_R4,10.16016016016016,0.0036360551464446,57.08718624121687,7.516145105332302
DoE2_R4,10.172672672672672,0.0036347188860662,57.11701496753422,7.52167388646917
DoE2_R4,10.185185185185183,0.0036333619895092,57.14676965771032,7.527164238075831
DoE2_R4,10.1976976976977,0.0036318873842663,57.17610204601023,7.532435387784134
DoE2_R4,10.21021021021021,0.0036304127790234,57.205434434310135,7.537706537492437
DoE2_R4,10.222722722722724,0.0036289381737804,57.23476682261005,7.54297768720074
DoE2_R4,10.235235235235235,0.0036274635685375,57.264099210909954,7.5482488369090435
DoE2_R4,10.247747747747749,0.0036259889632946,57.29343159920987,7.553519986617347
DoE2_R4,10.26026026026026,0.0036245143580516,57.32276398750978,7.55879113632565
DoE2_R4,10.272772772772774,0.0036230397528087,57.35209637580969,7.564062286033953
DoE2_R4,10.285285285285283,0.0036215651475658,57.3814287641096,7.569333435742256
DoE2_R4,10.2977977977978,0.0036200905423229,57.41076115240951,7.574604585450559
DoE2_R4,10.31031031031031,0.0036186159370799,57.44009354070942,7.579875735158862
DoE2_R4,10.322822822822824,0.003617141331837,57.46942592900933,7.585146884867165
DoE2_R4,10.335335335335335,0.0036156667265941,57.49875831730924,7.590418034575468
DoE2_R4,10.347847847847849,0.0036141921213511,57.52809070560915,7.5956891842837715
DoE2_R4,10.36036036036036,0.0036127175161082,57.55742309390906,7.600960333992075
DoE2_R4,10.372872872872874,0.0036112429108653,57.58675548220897,7.606231483700378
DoE2_R4,10.385385385385383,0.0036097683056223,57.61608787050888,7.611502633408681
DoE2_R4,10.3978978978979,0.0036082937003794,57.64542025880879,7.616773783116984
DoE2_R4,10.41041041041041,0.0036068190951365,57.6747526471087,7.622044932825287
DoE2_R4,10.422922922922924,0.0036053444898935,57.70408503540861,7.62731608253359
DoE2_R4,10.435435435435435,0.0036038698846506,57.73341742370852,7.632587232241893
DoE2_R4,10.447947947947949,0.0036023952794077,57.76274981200843,7.637858381950196
DoE2_R4,10.46046046046046,0.0036009206741647,57.79208220030834,7.6431295316584995
DoE2_R4,10.472972972972974,0.0035994460689218,57.82141458860825,7.648400681366803
DoE2_R4,10.485485485485484,0.0035979714636789,57.85074697690816,7.653671831075106
DoE2_R4,10.497997997998,0.003596496858436,57.88007936520807,7.658942980783409
DoE2_R4,10.51051051051051,0.003595022253193,57.90941175350798,7.664214130491712
DoE2_R4,10.523023023023024,0.0035935476479501,57.938744141807895,7.669485280200015
DoE2_R4,10.535535535535535,0.0035920730427072,57.9680765301078,7.674756429908318
DoE2_R4,10.548048048048049,0.0035905984374642,57.997408918407714,7.680027579616621
DoE2_R4,10.56056056056056,0.0035891238322213,58.02674130670762,7.685298729324924
DoE2_R4,10.573073073073074,0.0035876492269784,58.056073695007534,7.6905698790332275
DoE2_R4,10.585585585585584,0.0035861746217354,58.08540608330744,7.695841028741531
DoE2_R4,10.5980980980981,0.0035847000164925,58.11473847160735,7.701112178449834
DoE2_R4,10.61061061061061,0.0035832254112496,58.14407085990726,7.706383328158137
DoE2_R4,10.623123123123124,0.0035817508060066,58.17340324820717,7.71165447786644
DoE2_R4,10.635635635635635,0.0035802688140997,58.20268343671202,7.716900509737581
DoE2_R4,10.648148148148149,0.0035787540910696,58.23173232216524,7.722035241700749
DoE2_R4,10.66066066066066,0.0035772372192187,58.26076602241375,7.727162666748278
DoE2_R4,10.673173173173174,0.0035757181985471,58.28978453745757,7.732282784880168
DoE2_R4,10.685685685685687,0.0035741970290546,58.318787867296685,7.73739559609642
DoE2_R4,10.6981981981982,0.0035726737107414,58.34777601193111,7.742501100397034
DoE2_R4,10.710710710710712,0.0035711482436073,58.37674897136083,7.747599297782008
DoE2_R4,10.723223223223224,0.0035696206276525,58.40570674558586,7.752690188251343
DoE2_R4,10.735735735735735,0.0035680908628769,58.43464933460619,7.75777377180504
DoE2_R4,10.748248248248249,0.0035665589492805,58.46357673842183,7.762850048443097
DoE2_R4,10.760760760760762,0.0035650248868633,58.49248895703276,7.767919018165516
DoE2_R4,10.773273273273274,0.0035634886756254,58.521385990439,7.772980680972297
DoE2_R4,10.785785785785787,0.0035619503155666,58.55026783864055,7.778035036863439
DoE2_R4,10.7982982982983,0.0035604098066871,58.57913450163739,7.783082085838941
DoE2_R4,10.810810810810812,0.0035588671489867,58.60798597942954,7.788121827898805
DoE2_R4,10.823323323323324,0.0035573223424656,58.63682227201699,7.793154263043029
DoE2_R4,10.835835835835836,0.0035557753871237,58.66564337939976,7.798179391271616
DoE2_R4,10.848348348348347,0.003554226282961,58.694449301577805,7.803197212584563
DoE2_R4,10.860860860860862,0.0035526750299776,58.72324003855117,7.808207726981872
DoE2_R4,10.873373373373374,0.0035511216281733,58.75201559031983,7.813210934463543
DoE2_R4,10.885885885885887,0.0035495660775483,58.7807759568838,7.818206835029573
DoE2_R4,10.8983983983984,0.0035480083781024,58.80952113824307,7.823195428679966
DoE2_R4,10.910910910910912,0.0035464485298358,58.838251134397645,7.82817671541472
DoE2_R4,10.923423423423424,0.0035448865327484,58.86696594534752,7.833150695233835
DoE2_R4,10.935935935935936,0.0035433223868402,58.8956655710927,7.838117368137311
DoE2_R4,10.948448448448447,0.0035417560921112,58.92435001163317,7.843076734125148
DoE2_R4,10.960960960960962,0.0035401876485614,58.95301926696896,7.848028793197347
DoE2_R4,10.973473473473474,0.0035386170561909,58.98167333710005,7.852973545353906
DoE2_R4,10.985985985985987,0.0035370443149995,59.01031222202644,7.857910990594828
DoE2_R4,10.9984984984985,0.0035354694249874,59.03893592174813,7.86284112892011
DoE2_R4,11.011011011011012,0.0035338923861545,59.06754443626513,7.867763960329754
DoE2_R4,11.023523523523524,0.0035323131985008,59.096137765577424,7.872679484823758
DoE2_R4,11.036036036036036,0.0035307318620263,59.12471590968503,7.877587702402123
DoE2_R4,11.048548548548547,0.003529148376731,59.15327886858793,7.882488613064851
DoE2_R4,11.061061061061062,0.003527562742615,59.18182664228614,7.887382216811939
DoE2_R4,11.073573573573574,0.0035259749596781,59.21035923077965,7.892268513643388
DoE2_R4,11.086086086086087,0.003524392286006,59.23888865268285,7.897155950087437
DoE2_R4,11.0985985985986,0.0035228338753731,59.26744662460016,7.902066816167392
DoE2_R4,11.111111111111112,0.0035212770163218,59.2959955387838,7.906974681639864
DoE2_R4,11.123623623623624,0.0035197217088521,59.32453539523379,7.911879546504854
DoE2_R4,11.136136136136138,0.0035181679529639,59.35306619395012,7.91678141076236
DoE2_R4,11.14864864864865,0.0035166157486573,59.38158793493279,7.921680274412385
DoE2_R4,11.161161161161164,0.0035150650959323,59.4101006181818,7.926576137454925
DoE2_R4,11.173673673673674,0.0035135159947889,59.43860424369716,7.931468999889984
DoE2_R4,11.186186186186188,0.003511968445227,59.46709881147885,7.936358861717559
DoE2_R4,11.1986986986987,0.0035104224472468,59.49558432152688,7.941245722937651
DoE2_R4,11.211211211211213,0.0035088780008481,59.52406077384126,7.946129583550261
DoE2_R4,11.223723723723724,0.0035073351060309,59.55252816842199,7.951010443555388
DoE2_R4,11.236236236236238,0.0035057937627954,59.58098650526905,7.955888302953032
DoE2_R4,11.24874874874875,0.0035042539711414,59.60943578438245,7.960763161743193
DoE2_R4,11.261261261261264,0.003502715731069,59.6378760057622,7.965635019925871
DoE2_R4,11.273773773773774,0.0035011790425782,59.666307169408284,7.970503877501067
DoE2_R4,11.286286286286288,0.003499643905669,59.69472927532072,7.97536973446878
DoE2_R4,11.2987987987988,0.0034981029746213,59.7231297514746,7.980212358275322
DoE2_R4,11.311311311311313,0.0034965548335878,59.75150617468074,7.985027849206357
DoE2_R4,11.323823823823824,0.0034950065239006,59.77987059601145,7.989835601430276
DoE2_R4,11.336336336336338,0.0034934580455597,59.80822301546672,7.994635614947079
DoE2_R4,11.34884884884885,0.0034919093985651,59.83656343304657,7.999427889756765
DoE2_R4,11.361361361361364,0.0034903605829167,59.864891848750986,8.004212425859334
DoE2_R4,11.373873873873874,0.0034888115986146,59.89320826257996,8.008989223254789
DoE2_R4,11.386386386386388,0.0034872624456587,59.92151267453352,8.013758281943126
DoE2_R4,11.3988988988989,0.0034857131240492,59.94980508461163,8.018519601924346
DoE2_R4,11.411411411411413,0.0034841636337859,59.97808549281432,8.02327318319845
DoE2_R4,11.423923923923924,0.0034826139748689,60.00635389914157,8.028019025765438
DoE2_R4,11.436436436436438,0.0034810641472982,60.0346103035934,8.03275712962531
DoE2_R4,11.44894894894895,0.0034795141510737,60.06285470616979,8.037487494778064
DoE2_R4,11.461461461461464,0.0034779639861955,60.091087106870745,8.042210121223704
DoE2_R4,11.473973973973974,0.0034764136526636,60.11930750569627,8.046925008962226
DoE2_R4,11.486486486486488,0.003474863150478,60.14751590264637,8.051632157993632
DoE2_R4,11.498998998999,0.0034733124796386,60.17571229772104,8.05633156831792
DoE2_R4,11.511511511511513,0.0034717725986006,60.20379745040759,8.061050114172902
DoE2_R4,11.524024024024024,0.003470236156777,60.23184983422683,8.06577621547343
DoE2_R4,11.536536536536538,0.0034686997149534,60.25990221804607,8.07050231677396
DoE2_R4,11.54904904904905,0.0034671632731298,60.28795460186531,8.07522841807449
DoE2_R4,11.561561561561565,0.0034656268313062,60.31600698568455,8.079954519375018
DoE2_R4,11.574074074074074,0.0034640903894826,60.3440593695038,8.084680620675547
DoE2_R4,11.586586586586588,0.003462553947659,60.37211175332303,8.089406721976077
DoE2_R4,11.5990990990991,0.0034610175058354,60.40016413714228,8.094132823276606
DoE2_R4,11.611611611611613,0.0034594810640118,60.42821652096152,8.098858924577135
DoE2_R4,11.624124124124124,0.0034579446221882,60.45626890478076,8.103585025877665
DoE2_R4,11.636636636636638,0.0034564081803646,60.4843212886,8.108311127178194
DoE2_R4,11.64914914914915,0.003454871738541,60.51237367241924,8.113037228478722
DoE2_R4,11.661661661661665,0.0034533352967174,60.54042605623848,8.117763329779253
DoE2_R4,11.674174174174174,0.0034517988548938,60.56847844005772,8.122489431079781
DoE2_R4,11.686686686686688,0.0034502624130702,60.59653082387696,8.12721553238031
DoE2_R4,11.6991991991992,0.0034487259712466,60.624583207696205,8.131941633680839
DoE2_R4,11.711711711711713,0.0034471868014278,60.65262915311319,8.136665032485638
DoE2_R4,11.724224224224224,0.0034455389405552,60.68041857434442,8.141280756204507
DoE2_R4,11.736736736736738,0.0034438910796826,60.70820799557567,8.145896479923376
DoE2_R4,11.74924924924925,0.00344224321881,60.7359974168069,8.150512203642243
DoE2_R4,11.761761761761765,0.0034405953579374,60.76378683803815,8.155127927361113
DoE2_R4,11.774274274274276,0.0034389474970648,60.79157625926938,8.15974365107998
DoE2_R4,11.786786786786788,0.0034372996361922,60.81936568050063,8.164359374798849
DoE2_R4,11.7992992992993,0.0034356517753196,60.847155101731865,8.168975098517718
DoE2_R4,11.811811811811811,0.003434003914447,60.87494452296311,8.173590822236585
DoE2_R4,11.824324324324325,0.0034323560535743,60.902733944194345,8.178206545955454
DoE2_R4,11.836836836836838,0.0034307081927017,60.93052336542559,8.182822269674324
DoE2_R4,11.84934934934935,0.0034290603318291,60.958312786656826,8.187437993393191
DoE2_R4,11.861861861861865,0.0034274124709565,60.98610220788808,8.19205371711206
DoE2_R4,11.874374374374376,0.003425739430513,61.01385055339848,8.196593276365261
DoE2_R4,11.886886886886888,0.0034240250185606,61.04153140909496,8.201007692942673
DoE2_R4,11.8993993993994,0.0034223013916053,61.06919723225222,8.205394235503658
DoE2_R4,11.911911911911911,0.0034205685496471,61.09684802287027,8.209752904048214
DoE2_R4,11.924424424424425,0.003418826492686,61.12448378094909,8.214083698576344
DoE2_R4,11.936936936936938,0.003417075220722,61.1521045064887,8.218386619088045
DoE2_R4,11.94944944944945,0.0034153147337551,61.17971019948908,8.22266166558332
DoE2_R4,11.961961961961965,0.0034135450317853,61.20730085995025,8.226908838062169
DoE2_R4,11.974474474474476,0.0034117661148126,61.23487648787219,8.231128136524589
DoE2_R4,11.986986986986988,0.003409977982837,61.26243708325492,8.235319560970582
DoE2_R4,11.9994994994995,0.0034081806358585,61.28998264609842,8.23948311140015
DoE2_R4,12.012012012012011,0.0034063740738772,61.31751317640271,8.243618787813288
DoE2_R4,12.024524524524525,0.0034045582968929,61.34502867416777,8.24772659021
DoE2_R4,12.037037037037038,0.0034033901044062,61.37255028847431,8.251849482485918
DoE2_R4,12.04954954954955,0.0034027747425975,61.40008121960911,8.255993790451024
DoE2_R4,12.062062062062065,-1.7751510249764817e-07,61.40207173077056,8.256293485425685
DoE2_R4,12.074574574574577,-1.7820827647677745e-07,61.40207173081656,8.25629348543403
DoE2_R4,12.087087087087088,-1.7890145045590687e-07,61.40207173086255,8.256293485442377
DoE2_R4,12.0995995995996,-1.7921241021093826e-07,61.40207173088319,8.25629348544612
DoE2_R4,12.112112112112111,-1.7932062724565466e-07,61.40207173089037,8.256293485447424
DoE2_R4,12.124624624624625,-1.7942884428037106e-07,61.40207173089755,8.256293485448726
DoE2_R4,12.137137137137138,-1.7944720779645758e-07,61.40207173089877,8.256293485448948
DoE2_R4,12.14964964964965,-1.794641024390082e-07,61.40207173089989,8.25629348544915
DoE2_R4,12.162162162162163,-1.794809970815589e-07,61.40207173090101,8.256293485449355
DoE2_R4,12.174674674674677,-1.7949789172410953e-07,61.402071730902136,8.256293485449557
DoE2_R4,12.187187187187188,-1.795147863666602e-07,61.40207173090325,8.256293485449762
DoE2_R4,12.1996996996997,-1.7953168100921085e-07,61.402071730904375,8.256293485449964
DoE2_R4,12.212212212212211,-1.7954857565176153e-07,61.4020717309055,8.256293485450168
DoE2_R4,12.224724724724725,-1.795654702943122e-07,61.40207173090662,8.256293485450371
DoE2_R4,12.237237237237238,-1.7958236493686285e-07,61.40207173090774,8.256293485450575
DoE2_R4,12.24974974974975,-1.795992595794135e-07,61.40207173090886,8.256293485450778
DoE2_R4,12.262262262262263,-1.796161542219642e-07,61.40207173090998,8.256293485450982
DoE2_R4,12.274774774774777,-1.7963304886451485e-07,61.4020717309111,8.256293485451184
DoE2_R4,12.287287287287288,-1.796499435070655e-07,61.40207173091223,8.256293485451389
DoE2_R4,12.2997997997998,-1.7966683814961618e-07,61.40207173091334,8.256293485451591
DoE2_R4,12.312312312312311,-1.796837327921668e-07,61.402071730914464,8.256293485451796
DoE2_R4,12.324824824824825,-1.797006274347175e-07,61.40207173091559,8.256293485451998
DoE2_R4,12.337337337337338,-1.7971752207726813e-07,61.40207173091671,8.256293485452202
DoE2_R4,12.34984984984985,-1.797344167198188e-07,61.40207173091783,8.256293485452405
DoE2_R4,12.362362362362363,-1.7975131136236945e-07,61.40207173091895,8.256293485452609
DoE2_R4,12.374874874874877,-1.797682060049201e-07,61.40207173092007,8.256293485452813
DoE2_R4,12.387387387387388,-1.797851006474708e-07,61.40207173092119,8.256293485453016
DoE2_R4,12.3998998998999,-1.7980199529002145e-07,61.40207173092232,8.25629348545322
DoE2_R4,12.412412412412412,-1.798188899325721e-07,61.40207173092343,8.256293485453423
DoE2_R4,12.424924924924923,-1.7983578457512278e-07,61.40207173092456,8.256293485453627
DoE2_R4,12.437437437437438,-1.7985267921767345e-07,61.40207173092568,8.25629348545383
DoE2_R4,12.44994994994995,-1.798695738602241e-07,61.4020717309268,8.256293485454034
DoE2_R4,12.462462462462463,-1.7988234801642086e-07,61.402071730927645,8.256293485454187
DoE2_R4,12.474974974974977,-1.798849855766503e-07,61.40207173092782,8.256293485454218
DoE2_R4,12.487487487487488,-1.798876231368797e-07,61.40207173092799,8.25629348545425
DoE2_R4,12.5,-1.7989026069710914e-07,61.40207173092817,8.256293485454282
DoE3_R1,0.0,0.0,22.800000000000004,0.0
DoE3_R1,0.0125125125125125,3.18364040425898e-05,22.801790793200556,0.0008100916163715
DoE3_R1,0.025025025025025,3.182881849616952e-05,22.803596315506795,0.0016272944266043
DoE3_R1,0.0375375375375375,3.1821233929468386e-05,22.805401778191072,0.0024447604917343
DoE3_R1,0.05005005005005,3.181366202289721e-05,22.807206470428262,0.0032656283901527
DoE3_R1,0.0625625625625625,3.180609792111312e-05,22.80901068769597,0.0040885934696095
DoE3_R1,0.075075075075075,3.1798531831474865e-05,22.810814413958973,0.0049104801584558
DoE3_R1,0.0875875875875876,3.179096661814083e-05,22.812617653907267,0.0057322172500553
DoE3_R1,0.1001001001001001,3.17834039600173e-05,22.814420410290012,0.0065543491825266
DoE3_R1,0.1126126126126126,3.17758431359395e-05,22.816222664055797,0.0073765337458894
DoE3_R1,0.1251251251251251,3.176827518563258e-05,22.818024178495754,0.0081945190749465
DoE3_R1,0.1376376376376376,3.1760705552310635e-05,22.819825097406486,0.0090108881052609
DoE3_R1,0.1501501501501501,3.1753134235973654e-05,22.82162542078798,0.0098256408368328
DoE3_R1,0.1626626626626626,3.174556410821922e-05,22.823424865240515,0.010640603212704
DoE3_R1,0.1751751751751752,3.1737998582737934e-05,22.82522361113517,0.0114583167862539
DoE3_R1,0.1876876876876877,3.173043305725665e-05,22.827022357029826,0.0122760303598038
DoE3_R1,0.2002002002002002,3.1722867531775366e-05,22.82882110292448,0.0130937439333536
DoE3_R1,0.2127127127127127,3.171529744139444e-05,22.83061569965044,0.0139047159498862
DoE3_R1,0.2252252252252252,3.170772464196634e-05,22.832407834045444,0.0147116871783531
DoE3_R1,0.2377377377377377,3.170015184253824e-05,22.834199968440444,0.01551865840682
DoE3_R1,0.2502502502502503,3.169257904311013e-05,22.835992102835448,0.0163256296352869
DoE3_R1,0.2627627627627628,3.168500624368204e-05,22.83778423723045,0.0171326008637538
DoE3_R1,0.2752752752752753,3.1677433444253934e-05,22.83957637162545,0.0179395720922207
DoE3_R1,0.2877877877877878,3.166986064482583e-05,22.84136850602045,0.0187465433206876
DoE3_R1,0.3003003003003003,3.1662287845397734e-05,22.84316064041545,0.0195535145491544
DoE3_R1,0.3128128128128128,3.165471504596963e-05,22.84495277481046,0.0203604857776213
DoE3_R1,0.3253253253253253,3.164714224654153e-05,22.846744909205466,0.0211674570060882
DoE3_R1,0.3378378378378379,3.163956944711343e-05,22.848537043600462,0.0219744282345551
DoE3_R1,0.3503503503503504,3.1631998279153964e-05,22.850326320582436,0.0227804589739759
DoE3_R1,0.3628628628628629,3.16244291032163e-05,22.85211210866554,0.0235853413770775
DoE3_R1,0.3753753753753754,3.161685992727864e-05,22.85389789674865,0.0243902237801791
DoE3_R1,0.3878878878878879,3.1609290751340974e-05,22.85568368483176,0.0251951061832807
DoE3_R1,0.4004004004004004,3.1601721575403315e-05,22.857469472914865,0.0259999885863824
DoE3_R1,0.4129129129129129,3.159415239946565e-05,22.859255260997973,0.026804870989484
DoE3_R1,0.4254254254254254,3.158658322352799e-05,22.86104104908108,0.0276097533925856
DoE3_R1,0.4379379379379379,3.1579014047590325e-05,22.86282683716419,0.0284146357956872
DoE3_R1,0.4504504504504504,3.1571444871652666e-05,22.864612625247293,0.0292195181987889
DoE3_R1,0.4629629629629629,3.1563875695715e-05,22.8663984133304,0.0300244006018905
DoE3_R1,0.4754754754754755,3.155630651977734e-05,22.86818420141351,0.0308292830049921
DoE3_R1,0.487987987987988,3.1548738453786506e-05,22.869966179117583,0.0316318758502588
DoE3_R1,0.5005005005005005,3.154117334467329e-05,22.87173800604303,0.0324283693561922
DoE3_R1,0.513013013013013,3.153360823556008e-05,22.87350983296848,0.0332248628621256
DoE3_R1,0.5255255255255256,3.1526043126446874e-05,22.87528165989393,0.034021356368059
DoE3_R1,0.5380380380380381,3.151847801733366e-05,22.87705348681937,0.0348178498739925
DoE3_R1,0.5505505505505506,3.151091290822045e-05,22.878825313744823,0.0356143433799259
DoE3_R1,0.5630630630630631,3.150334779910724e-05,22.88059714067027,0.0364108368858593
DoE3_R1,0.5755755755755756,3.149578268999402e-05,22.88236896759572,0.0372073303917928
DoE3_R1,0.5880880880880881,3.148821758088082e-05,22.88414079452117,0.0380038238977262
DoE3_R1,0.6006006006006006,3.1480652471767604e-05,22.885912621446614,0.0388003174036596
DoE3_R1,0.6131131131131131,3.147308736265439e-05,22.887684448372067,0.0395968109095931
DoE3_R1,0.6256256256256256,3.146552225354118e-05,22.889456275297515,0.0403933044155265
DoE3_R1,0.6381381381381381,3.1457957144427966e-05,22.891228102222964,0.0411897979214599
DoE3_R1,0.6506506506506506,3.145039203531476e-05,22.89299992914841,0.0419862914273933
DoE3_R1,0.6631631631631631,3.144282692620155e-05,22.894771756073855,0.0427827849333268
DoE3_R1,0.6756756756756758,3.1435261817088334e-05,22.896543582999307,0.0435792784392602
DoE3_R1,0.6881881881881883,3.142769670797512e-05,22.89831540992476,0.0443757719451936
DoE3_R1,0.7007007007007008,3.142013159886191e-05,22.900087236850204,0.0451722654511271
DoE3_R1,0.7132132132132133,3.14125664897487e-05,22.901859063775653,0.0459687589570605
DoE3_R1,0.7257257257257258,3.140500138063549e-05,22.903630890701105,0.0467652524629939
DoE3_R1,0.7382382382382383,3.139743627152228e-05,22.90540271762655,0.0475617459689274
DoE3_R1,0.7507507507507508,3.1389871162409064e-05,22.907174544552,0.0483582394748608
DoE3_R1,0.7632632632632633,3.138230605329585e-05,22.908946371477445,0.0491547329807942
DoE3_R1,0.7757757757757758,3.1374740944182645e-05,22.910718198402893,0.0499512264867276
DoE3_R1,0.7882882882882883,3.136717583506943e-05,22.912490025328346,0.0507477199926611
DoE3_R1,0.8008008008008008,3.135961072595622e-05,22.91426185225379,0.0515442134985945
DoE3_R1,0.8133133133133134,3.1352045616843006e-05,22.91603367917924,0.0523407070045279
DoE3_R1,0.8258258258258259,3.134448451789489e-05,22.917799669773512,0.0531359104364509
DoE3_R1,0.8383383383383384,3.133692961600724e-05,22.919556641263508,0.0539291202679965
DoE3_R1,0.8508508508508509,3.132937471411959e-05,22.921313612753504,0.0547223300995422
DoE3_R1,0.8633633633633634,3.132181981223193e-05,22.9230705842435,0.0555155399310878
DoE3_R1,0.8758758758758759,3.1314264910344283e-05,22.924827555733497,0.0563087497626334
DoE3_R1,0.8883883883883884,3.130671000845663e-05,22.92658452722349,0.0571019595941791
DoE3_R1,0.9009009009009008,3.129915510656898e-05,22.92834149871349,0.0578951694257247
DoE3_R1,0.9134134134134134,3.129160020468133e-05,22.93009847020348,0.0586883792572704
DoE3_R1,0.925925925925926,3.128404530279368e-05,22.93185544169348,0.059481589088816
DoE3_R1,0.9384384384384384,3.127649040090603e-05,22.933612413183475,0.0602747989203617
DoE3_R1,0.9509509509509512,3.126893549901838e-05,22.935369384673468,0.0610680087519073
DoE3_R1,0.9634634634634636,3.126138059713073e-05,22.937126356163464,0.0618612185834529
DoE3_R1,0.975975975975976,3.1253825695243075e-05,22.93888332765346,0.0626544284149986
DoE3_R1,0.9884884884884886,3.124627079335542e-05,22.940640299143457,0.0634476382465442
DoE3_R1,1.001001001001001,3.123871589146777e-05,22.942397270633453,0.0642408480780899
DoE3_R1,1.0135135135135136,3.123116098958012e-05,22.94415424212345,0.0650340579096355
DoE3_R1,1.026026026026026,3.122360608769247e-05,22.94591121361344,0.0658272677411812
DoE3_R1,1.0385385385385386,3.121605118580481e-05,22.94766818510344,0.0666204775727268
DoE3_R1,1.0510510510510511,3.1208496283917164e-05,22.949425156593435,0.0674136874042724
DoE3_R1,1.0635635635635636,3.120094138202952e-05,22.95118212808343,0.0682068972358181
DoE3_R1,1.076076076076076,3.1193386480141866e-05,22.952939099573424,0.0690001070673637
DoE3_R1,1.0885885885885886,3.1185831578254215e-05,22.95469607106342,0.0697933168989094
DoE3_R1,1.1011011011011012,3.117827667636656e-05,22.956453042553417,0.070586526730455
DoE3_R1,1.1136136136136137,3.117072177447891e-05,22.958210014043413,0.0713797365620006
DoE3_R1,1.1261261261261262,3.116316687259126e-05,22.95996698553341,0.0721729463935463
DoE3_R1,1.138638638638639,3.115561197070361e-05,22.9617239570234,0.0729661562250919
DoE3_R1,1.1511511511511512,3.1148057068815955e-05,22.9634809285134,0.0737593660566376
DoE3_R1,1.1636636636636637,3.115468406781397e-05,22.965257192114063,0.0745559836424152
DoE3_R1,1.1761761761761762,3.117478373256949e-05,22.967051783029305,0.0753558385610527
DoE3_R1,1.1886886886886887,3.119488339732501e-05,22.968846373944547,0.0761556934796901
DoE3_R1,1.2012012012012012,3.121498306208053e-05,22.97064096485979,0.0769555483983276
DoE3_R1,1.2137137137137135,3.1235082726836044e-05,22.972435555775032,0.0777554033169651
DoE3_R1,1.2262262262262262,3.125518239159157e-05,22.974230146690275,0.0785552582356025
DoE3_R1,1.2387387387387387,3.1275282056347084e-05,22.976024737605517,0.07935511315424
DoE3_R1,1.2512512512512513,3.12953817211026e-05,22.97781932852076,0.0801549680728774
DoE3_R1,1.2637637637637638,3.131548138585812e-05,22.979613919436,0.0809548229915149
DoE3_R1,1.2762762762762765,3.133558105061364e-05,22.98140851035124,0.0817546779101523
DoE3_R1,1.2887887887887888,3.135568071536916e-05,22.983203101266483,0.0825545328287898
DoE3_R1,1.3013013013013013,3.1375780380124674e-05,22.984997692181725,0.0833543877474272
DoE3_R1,1.3138138138138138,3.139588004488019e-05,22.986792283096964,0.0841542426660647
DoE3_R1,1.3263263263263263,3.1415979709635714e-05,22.988586874012206,0.0849540975847022
DoE3_R1,1.338838838838839,3.143607937439123e-05,22.99038146492745,0.0857539525033396
DoE3_R1,1.3513513513513515,3.145617903914675e-05,22.99217605584269,0.0865538074219771
DoE3_R1,1.363863863863864,3.147627870390227e-05,22.993970646757933,0.0873536623406145
DoE3_R1,1.3763763763763766,3.149637836865779e-05,22.995765237673176,0.088153517259252
DoE3_R1,1.388888888888889,3.1516478033413304e-05,22.997559828588415,0.0889533721778895
DoE3_R1,1.4014014014014016,3.153657769816882e-05,22.999354419503657,0.0897532270965269
DoE3_R1,1.413913913913914,3.1556677362924344e-05,23.0011490104189,0.0905530820151644
DoE3_R1,1.4264264264264266,3.157677702767986e-05,23.00294360133414,0.0913529369338018
DoE3_R1,1.438938938938939,3.159687669243538e-05,23.004738192249384,0.0921527918524393
DoE3_R1,1.4514514514514516,3.1616976357190894e-05,23.006532783164623,0.0929526467710767
DoE3_R1,1.463963963963964,3.163707602194642e-05,23.00832737407987,0.0937525016897142
DoE3_R1,1.4764764764764766,3.1657175686701934e-05,23.010121964995108,0.0945523566083516
DoE3_R1,1.4889889889889891,3.167727535145745e-05,23.01191655591035,0.0953522115269891
DoE3_R1,1.5015015015015016,3.1697375016212974e-05,23.013711146825592,0.0961520664456266
DoE3_R1,1.514014014014014,3.171747468096849e-05,23.015505737740835,0.096951921364264
DoE3_R1,1.5265265265265269,3.173757434572401e-05,23.01730032865608,0.0977517762829015
DoE3_R1,1.5390390390390392,3.1757674010479524e-05,23.01909491957132,0.0985516312015389
DoE3_R1,1.5515515515515517,3.177777367523505e-05,23.02088951048656,0.0993514861201764
DoE3_R1,1.5640640640640642,3.1797873339990564e-05,23.0226841014018,0.1001513410388138
DoE3_R1,1.576576576576577,3.181797300474608e-05,23.024478692317043,0.1009511959574513
DoE3_R1,1.5890890890890892,3.18380726695016e-05,23.026273283232285,0.1017510508760888
DoE3_R1,1.6016016016016017,3.185817233425712e-05,23.028067874147528,0.1025509057947262
DoE3_R1,1.6141141141141142,3.187827199901264e-05,23.02986246506277,0.1033507607133637
DoE3_R1,1.6266266266266267,3.1898371663768153e-05,23.03165705597801,0.1041506156320011
DoE3_R1,1.6391391391391392,3.191847132852368e-05,23.03345164689325,0.1049504705506386
DoE3_R1,1.6516516516516515,3.1938570993279193e-05,23.035246237808494,0.105750325469276
DoE3_R1,1.6641641641641642,3.195867065803471e-05,23.037040828723736,0.1065501803879135
DoE3_R1,1.6766766766766767,3.197877032279023e-05,23.03883541963898,0.1073500353065509
DoE3_R1,1.6891891891891893,3.199886998754575e-05,23.04063001055422,0.1081498902251884
DoE3_R1,1.7017017017017018,3.201896965230127e-05,23.042424601469463,0.1089497451438259
DoE3_R1,1.7142142142142145,3.203906931705678e-05,23.044219192384706,0.1097496000624633
DoE3_R1,1.7267267267267268,3.20591689818123e-05,23.046013783299944,0.1105494549811008
DoE3_R1,1.7392392392392393,3.2079268646567823e-05,23.047808374215187,0.1113493098997382
DoE3_R1,1.7517517517517518,3.209936831132334e-05,23.04960296513043,0.1121491648183757
DoE3_R1,1.7642642642642643,3.211946797607886e-05,23.05139755604567,0.1129490197370131
DoE3_R1,1.7767767767767768,3.213956764083438e-05,23.053192146960917,0.1137488746556506
DoE3_R1,1.789289289289289,3.21596673055899e-05,23.054986737876156,0.1145487295742881
DoE3_R1,1.8018018018018016,3.2154669794082953e-05,23.05676447318624,0.1153463125779519
DoE3_R1,1.8143143143143143,3.214671086896976e-05,23.058540219570634,0.1161436275004641
DoE3_R1,1.8268268268268268,3.213875194385657e-05,23.06031596595503,0.1169409424229763
DoE3_R1,1.8393393393393396,3.213079301874338e-05,23.062091712339427,0.1177382573454885
DoE3_R1,1.851851851851852,3.212283409363018e-05,23.063867458723823,0.1185355722680008
DoE3_R1,1.8643643643643644,3.2114875168516986e-05,23.06564320510822,0.1193328871905129
DoE3_R1,1.876876876876877,3.2106916243403794e-05,23.067418951492616,0.1201302021130252
DoE3_R1,1.8893893893893896,3.20989573182906e-05,23.069194697877016,0.1209275170355374
DoE3_R1,1.901901901901902,3.20909983931774e-05,23.070970444261413,0.1217248319580496
DoE3_R1,1.9144144144144144,3.208303946806421e-05,23.07274619064581,0.1225221468805618
DoE3_R1,1.9269269269269271,3.207508054295102e-05,23.074521937030205,0.123319461803074
DoE3_R1,1.93943943943944,3.2067121617837826e-05,23.0762976834146,0.1241167767255862
DoE3_R1,1.951951951951952,3.2059162692724634e-05,23.078073429799,0.1249140916480984
DoE3_R1,1.9644644644644649,3.2051203767611435e-05,23.079849176183394,0.1257114065706107
DoE3_R1,1.9769769769769767,3.204324484249824e-05,23.081624922567794,0.1265087214931229
DoE3_R1,1.9894894894894897,3.203528591738505e-05,23.08340066895219,0.1273060364156351
DoE3_R1,2.002002002002002,3.202732699227186e-05,23.085176415336587,0.1281033513381473
DoE3_R1,2.0145145145145147,3.201936806715867e-05,23.086952161720983,0.1289006662606595
DoE3_R1,2.027027027027027,3.201140914204547e-05,23.08872790810538,0.1296979811831717
DoE3_R1,2.03953953953954,3.200345021693228e-05,23.090503654489776,0.1304952961056839
DoE3_R1,2.052052052052052,3.1995491291819084e-05,23.092279400874173,0.1312926110281961
DoE3_R1,2.0645645645645647,3.198753236670589e-05,23.09405514725857,0.1320899259507083
DoE3_R1,2.077077077077077,3.19795734415927e-05,23.09583089364297,0.1328872408732206
DoE3_R1,2.0895895895895897,3.19716145164795e-05,23.097606640027365,0.1336845557957328
DoE3_R1,2.1021021021021022,3.196365559136631e-05,23.09938238641176,0.134481870718245
DoE3_R1,2.1146146146146148,3.195569666625312e-05,23.10115813279616,0.1352791856407572
DoE3_R1,2.1271271271271277,3.1947737741139924e-05,23.102933879180554,0.1360765005632694
DoE3_R1,2.13963963963964,3.193977881602673e-05,23.104709625564958,0.1368738154857816
DoE3_R1,2.1521521521521523,3.193181989091353e-05,23.10648537194935,0.1376711304082938
DoE3_R1,2.164664664664665,3.192386096580034e-05,23.108261118333747,0.138468445330806
DoE3_R1,2.1771771771771773,3.191590204068715e-05,23.110036864718143,0.1392657602533182
DoE3_R1,2.18968968968969,3.190794311557396e-05,23.11181261110254,0.1400630751758304
DoE3_R1,2.2022022022022023,3.1899984190460765e-05,23.113588357486936,0.1408603900983427
DoE3_R1,2.214714714714715,3.1892025265347566e-05,23.11536410387133,0.1416577050208549
DoE3_R1,2.2272272272272278,3.1884066340234374e-05,23.11713985025573,0.1424550199433671
DoE3_R1,2.23973973973974,3.187610741512118e-05,23.11891559664013,0.1432523348658793
DoE3_R1,2.2522522522522523,3.186814849000799e-05,23.120691343024525,0.1440496497883915
DoE3_R1,2.264764764764765,3.18601895648948e-05,23.12246708940892,0.1448469647109037
DoE3_R1,2.2772772772772774,3.18522306397816e-05,23.12424283579332,0.1456442796334159
DoE3_R1,2.28978978978979,3.1844271714668406e-05,23.126018582177718,0.1464415945559281
DoE3_R1,2.3023023023023024,3.1836312789555214e-05,23.12779432856211,0.1472389094784403
DoE3_R1,2.314814814814815,3.182835386444202e-05,23.12957007494651,0.1480362244009525
DoE3_R1,2.3273273273273274,3.182039493932883e-05,23.131345821330907,0.1488335393234648
DoE3_R1,2.33983983983984,3.181243601421563e-05,23.133121567715303,0.149630854245977
DoE3_R1,2.3523523523523524,3.180447708910244e-05,23.1348973140997,0.1504281691684892
DoE3_R1,2.364864864864865,3.179651816398925e-05,23.136673060484096,0.1512254840910014
DoE3_R1,2.3773773773773774,3.1788559238876055e-05,23.13844880686849,0.1520227990135136
DoE3_R1,2.38988988988989,3.178060031376286e-05,23.14022455325289,0.1528201139360258
DoE3_R1,2.4024024024024024,3.1772641388649664e-05,23.14200029963729,0.153617428858538
DoE3_R1,2.414914914914915,3.176468246353647e-05,23.143776046021685,0.1544147437810502
DoE3_R1,2.4274274274274275,3.175672166642553e-05,23.145543584403843,0.1552062227934986
DoE3_R1,2.43993993993994,3.174875596089939e-05,23.147289601241397,0.155982399934061
DoE3_R1,2.4524524524524525,3.174079025537324e-05,23.149035618078944,0.1567585770746234
DoE3_R1,2.464964964964965,3.17328245498471e-05,23.1507816349165,0.1575347542151859
DoE3_R1,2.477477477477477,3.1724858844320955e-05,23.15252765175405,0.1583109313557484
DoE3_R1,2.48998998998999,3.1716893138794814e-05,23.154273668591603,0.1590871084963108
DoE3_R1,2.5025025025025025,3.1708927433268673e-05,23.156019685429158,0.1598632856368733
DoE3_R1,2.515015015015015,3.1700961727742526e-05,23.15776570226671,0.1606394627774357
DoE3_R1,2.5275275275275275,3.1692996022216385e-05,23.15951171910426,0.1614156399179981
DoE3_R1,2.54004004004004,3.168503031669024e-05,23.161257735941813,0.1621918170585606
DoE3_R1,2.5525525525525525,3.16770646111641e-05,23.163003752779364,0.162967994199123
DoE3_R1,2.565065065065065,3.166909890563795e-05,23.164749769616915,0.1637441713396855
DoE3_R1,2.5775775775775776,3.166113320011181e-05,23.16649578645447,0.1645203484802479
DoE3_R1,2.59009009009009,3.165316749458566e-05,23.16824180329202,0.1652965256208104
DoE3_R1,2.6026026026026026,3.164520178905952e-05,23.16998782012957,0.1660727027613728
DoE3_R1,2.615115115115115,3.1637236083533374e-05,23.171733836967125,0.1668488799019353
DoE3_R1,2.627627627627628,3.162927037800723e-05,23.17347985380468,0.1676250570424977
DoE3_R1,2.64014014014014,3.162130467248109e-05,23.17522587064223,0.1684012341830602
DoE3_R1,2.6526526526526526,3.1613338966954945e-05,23.176971887479784,0.1691774113236226
DoE3_R1,2.665165165165165,3.1605373261428805e-05,23.17871790431733,0.169953588464185
DoE3_R1,2.677677677677678,3.159740755590266e-05,23.18046392115489,0.1707297656047475
DoE3_R1,2.6901901901901906,3.158944185037652e-05,23.18220993799244,0.17150594274531
DoE3_R1,2.702702702702703,3.158147614485037e-05,23.18395595482999,0.1722821198858724
DoE3_R1,2.715215215215216,3.157351043932423e-05,23.185701971667545,0.1730582970264348
DoE3_R1,2.727727727727728,3.156554473379808e-05,23.18744798850509,0.1738344741669973
DoE3_R1,2.7402402402402406,3.155757902827194e-05,23.18919400534265,0.1746106513075598
DoE3_R1,2.752752752752753,3.154961332274579e-05,23.1909400221802,0.1753868284481222
DoE3_R1,2.7652652652652656,3.154164761721965e-05,23.192686039017754,0.1761630055886846
DoE3_R1,2.777777777777778,3.153368191169351e-05,23.194432055855305,0.1769391827292471
DoE3_R1,2.79029029029029,3.1525716206167364e-05,23.19617807269286,0.1777153598698095
DoE3_R1,2.802802802802803,3.1517750500641224e-05,23.19792408953041,0.178491537010372
DoE3_R1,2.815315315315316,3.150978479511508e-05,23.19967010636796,0.1792677141509344
DoE3_R1,2.827827827827828,3.1501819089588936e-05,23.201416123205515,0.1800438912914969
DoE3_R1,2.8403403403403407,3.149385338406279e-05,23.203162140043062,0.1808200684320593
DoE3_R1,2.852852852852853,3.148588767853665e-05,23.20490815688062,0.1815962455726218
DoE3_R1,2.8653653653653657,3.14779219730105e-05,23.20665417371817,0.1823724227131842
DoE3_R1,2.877877877877878,3.146995626748436e-05,23.208400190555725,0.1831485998537466
DoE3_R1,2.8903903903903907,3.146199056195821e-05,23.21014620739328,0.1839247769943091
DoE3_R1,2.902902902902903,3.145402485643207e-05,23.21189222423083,0.1847009541348716
DoE3_R1,2.915415415415416,3.144605915090593e-05,23.21363824106838,0.185477131275434
DoE3_R1,2.927927927927928,3.1438093445379784e-05,23.21538425790593,0.1862533084159964
DoE3_R1,2.9404404404404407,3.143012773985364e-05,23.21713027474349,0.1870294855565589
DoE3_R1,2.952952952952953,3.1422162034327496e-05,23.21887629158104,0.1878056626971213
DoE3_R1,2.9654654654654657,3.1414196328801355e-05,23.22062230841859,0.1885818398376838
DoE3_R1,2.9779779779779783,3.140623062327521e-05,23.22236832525614,0.1893580169782462
DoE3_R1,2.9904904904904908,3.139826491774907e-05,23.224114342093696,0.1901341941188087
DoE3_R1,3.0030030030030037,3.139029921222292e-05,23.225860358931246,0.1909103712593711
DoE3_R1,3.015515515515516,3.138233350669678e-05,23.2276063757688,0.1916865483999336
DoE3_R1,3.0280280280280283,3.137436780117064e-05,23.22935239260635,0.192462725540496
DoE3_R1,3.040540540540541,3.136640209564449e-05,23.231098409443906,0.1932389026810584
DoE3_R1,3.0530530530530533,3.135843639011835e-05,23.232844426281456,0.1940150798216209
DoE3_R1,3.065565565565566,3.13504706845922e-05,23.234590443119007,0.1947912569621833
DoE3_R1,3.0780780780780783,3.134250497906606e-05,23.23633645995656,0.1955674341027458
DoE3_R1,3.090590590590591,3.1334539273539915e-05,23.238082476794112,0.1963436112433082
DoE3_R1,3.1031031031031038,3.1326573568013774e-05,23.239828493631663,0.1971197883838707
DoE3_R1,3.115615615615616,3.134244194860303e-05,23.24161047740728,0.1979144169342794
DoE3_R1,3.1281281281281283,3.1358656473990945e-05,23.2433929835343,0.198709313456345
DoE3_R1,3.140640640640641,3.137487099937885e-05,23.245175489661325,0.1995042099784106
DoE3_R1,3.1531531531531534,3.139108552476676e-05,23.246957995788343,0.2002991065004762
DoE3_R1,3.165665665665666,3.140730005015467e-05,23.24874050191537,0.2010940030225418
DoE3_R1,3.1781781781781784,3.142351457554258e-05,23.250523008042396,0.2018888995446074
DoE3_R1,3.190690690690691,3.143972910093049e-05,23.25230551416941,0.202683796066673
DoE3_R1,3.2032032032032034,3.14559436263184e-05,23.25408802029644,0.2034786925887386
DoE3_R1,3.215715715715716,3.14721581517063e-05,23.25587052642346,0.2042735891108042
DoE3_R1,3.2282282282282284,3.1488372677094216e-05,23.25765303255049,0.2050684856328698
DoE3_R1,3.240740740740741,3.150458720248212e-05,23.259435538677508,0.2058633821549354
DoE3_R1,3.253253253253253,3.152080172787003e-05,23.26121804480453,0.206658278677001
DoE3_R1,3.265765765765766,3.153701625325794e-05,23.263000550931554,0.2074531751990666
DoE3_R1,3.2782782782782784,3.155323077864585e-05,23.264783057058576,0.2082480717211322
DoE3_R1,3.290790790790791,3.156944530403376e-05,23.2665655631856,0.2090429682431978
DoE3_R1,3.3033033033033035,3.158565982942167e-05,23.268348069312623,0.2098378647652634
DoE3_R1,3.315815815815816,3.1601874354809574e-05,23.270130575439648,0.210632761287329
DoE3_R1,3.3283283283283285,3.161808888019749e-05,23.27191308156667,0.2114276578093946
DoE3_R1,3.340840840840841,3.1634303405585394e-05,23.27369558769369,0.2122225543314602
DoE3_R1,3.353353353353353,3.16505179309733e-05,23.27547809382072,0.2130174508535258
DoE3_R1,3.365865865865866,3.166673245636121e-05,23.277260599947738,0.2138123473755914
DoE3_R1,3.3783783783783785,3.168294698174912e-05,23.279043106074763,0.214607243897657
DoE3_R1,3.390890890890891,3.169916150713703e-05,23.280825612201784,0.2154021404197226
DoE3_R1,3.4034034034034035,3.171537603252494e-05,23.28260811832881,0.2161970369417882
DoE3_R1,3.415915915915916,3.1731590557912846e-05,23.28439062445583,0.2169919334638538
DoE3_R1,3.4284284284284285,3.174780508330076e-05,23.286173130582853,0.2177868299859194
DoE3_R1,3.440940940940941,3.1764019608688665e-05,23.28795563670988,0.218581726507985
DoE3_R1,3.4534534534534536,3.178023413407658e-05,23.2897381428369,0.2193766230300506
DoE3_R1,3.465965965965966,3.1796448659464485e-05,23.29152064896392,0.2201715195521162
DoE3_R1,3.4784784784784786,3.181266318485239e-05,23.293303155090943,0.2209664160741818
DoE3_R1,3.490990990990991,3.1828877710240304e-05,23.295085661217968,0.2217613125962474
DoE3_R1,3.503503503503504,3.184509223562821e-05,23.296868167344996,0.2225562091183129
DoE3_R1,3.516016016016016,3.186130676101612e-05,23.29865067347201,0.2233511056403785
DoE3_R1,3.5285285285285286,3.187752128640403e-05,23.30043317959904,0.2241460021624441
DoE3_R1,3.541041041041041,3.1893735811791937e-05,23.30221568572606,0.2249408986845097
DoE3_R1,3.5535535535535536,3.190995033717985e-05,23.303998191853083,0.2257357952065753
DoE3_R1,3.566066066066066,3.192616486256776e-05,23.305780697980108,0.226530691728641
DoE3_R1,3.578578578578578,3.194237938795566e-05,23.30756320410713,0.2273255882507066
DoE3_R1,3.591091091091091,3.1958593913343576e-05,23.309345710234155,0.2281204847727721
DoE3_R1,3.603603603603604,3.197480843873148e-05,23.311128216361176,0.2289153812948377
DoE3_R1,3.616116116116116,3.1991022964119395e-05,23.3129107224882,0.2297102778169033
DoE3_R1,3.6286286286286287,3.20072374895073e-05,23.314693228615223,0.2305051743389689
DoE3_R1,3.641141141141141,3.202345201489521e-05,23.316475734742244,0.2313000708610345
DoE3_R1,3.6536536536536537,3.203966654028312e-05,23.31825824086927,0.2320949673831001
DoE3_R1,3.666166166166166,3.205588106567103e-05,23.32004074699629,0.2328898639051657
DoE3_R1,3.678678678678679,3.2072095591058934e-05,23.32182325312332,0.2336847604272313
DoE3_R1,3.691191191191191,3.208831011644685e-05,23.323605759250334,0.2344796569492969
DoE3_R1,3.703703703703704,3.210452464183475e-05,23.32538826537736,0.2352745534713625
DoE3_R1,3.716216216216216,3.2120739167222666e-05,23.327170771504385,0.2360694499934281
DoE3_R1,3.7287287287287287,3.213695369261057e-05,23.32895327763141,0.2368643465154937
DoE3_R1,3.7412412412412417,3.215316821799848e-05,23.33073578375843,0.2376592430375594
DoE3_R1,3.753753753753754,3.216938274338639e-05,23.332518289885453,0.238454139559625
DoE3_R1,3.7662662662662663,3.21855972687743e-05,23.334300796012474,0.2392490360816905
DoE3_R1,3.778778778778779,3.220181179416221e-05,23.3360833021395,0.2400439326037561
DoE3_R1,3.791291291291292,3.2202960288197255e-05,23.337850496124787,0.2408258401467739
DoE3_R1,3.803803803803804,3.219750581795409e-05,23.33961097928341,0.2416020550317416
DoE3_R1,3.8163163163163167,3.219205134771093e-05,23.34137146244204,0.2423782699167093
DoE3_R1,3.828828828828829,3.2186596877467766e-05,23.343131945600668,0.243154484801677
DoE3_R1,3.8413413413413418,3.2181142407224605e-05,23.34489242875929,0.2439306996866447
DoE3_R1,3.8538538538538543,3.2175687936981445e-05,23.34665291191792,0.2447069145716124
DoE3_R1,3.866366366366367,3.2170233466738284e-05,23.34841339507655,0.2454831294565801
DoE3_R1,3.8788788788788793,3.216477899649512e-05,23.35017387823517,0.2462593443415478
DoE3_R1,3.891391391391392,3.215932452625196e-05,23.3519343613938,0.2470355592265155
DoE3_R1,3.903903903903904,3.2153870056008795e-05,23.353694844552432,0.2478117741114832
DoE3_R1,3.916416416416417,3.2148415585765634e-05,23.35545532771106,0.2485879889964509
DoE3_R1,3.928928928928929,3.2142961115522474e-05,23.35721581086969,0.2493642038814186
DoE3_R1,3.941441441441442,3.213750664527931e-05,23.358976294028317,0.2501404187663864
DoE3_R1,3.9539539539539534,3.213205217503615e-05,23.36073677718694,0.2509166336513541
DoE3_R1,3.966466466466467,3.2126597704792985e-05,23.362497260345567,0.2516928485363218
DoE3_R1,3.9789789789789793,3.2121143234549824e-05,23.364257743504197,0.2524690634212894
DoE3_R1,3.991491491491492,3.211568876430666e-05,23.36601822666282,0.2532452783062571
DoE3_R1,4.004004004004004,3.21102342940635e-05,23.367778709821447,0.2540214931912248
DoE3_R1,4.016516516516517,3.210477982382034e-05,23.369539192980078,0.2547977080761925
DoE3_R1,4.029029029029029,3.209932535357718e-05,23.3712996761387,0.2555739229611602
DoE3_R1,4.041541541541542,3.209387088333402e-05,23.373060159297328,0.256350137846128
DoE3_R1,4.054054054054054,3.208841641309085e-05,23.374820642455955,0.2571263527310957
DoE3_R1,4.066566566566567,3.208296194284769e-05,23.37658112561458,0.2579025676160634
DoE3_R1,4.079079079079079,3.207750747260453e-05,23.37834160877321,0.2586787825010311
DoE3_R1,4.091591591591592,3.207205300236137e-05,23.380102091931835,0.2594549973859987
DoE3_R1,4.104104104104104,3.206659853211821e-05,23.381862575090462,0.2602312122709664
DoE3_R1,4.116616616616617,3.206114406187505e-05,23.38362305824909,0.2610074271559341
DoE3_R1,4.129129129129129,3.205568959163188e-05,23.38538354140772,0.2617836420409019
DoE3_R1,4.141641641641642,3.205023512138872e-05,23.387144024566343,0.2625598569258696
DoE3_R1,4.1541541541541545,3.204478065114556e-05,23.38890450772497,0.2633360718108373
DoE3_R1,4.166666666666667,3.20393261809024e-05,23.3906649908836,0.264112286695805
DoE3_R1,4.17917917917918,3.203387171065924e-05,23.392425474042227,0.2648885015807727
DoE3_R1,4.191691691691692,3.202841724041608e-05,23.39418595720085,0.2656647164657404
DoE3_R1,4.2042042042042045,3.202296277017292e-05,23.39594644035948,0.2664409313507081
DoE3_R1,4.216716716716717,3.201750829992975e-05,23.397706923518108,0.2672171462356758
DoE3_R1,4.2292292292292295,3.201205382968659e-05,23.39946740667673,0.2679933611206435
DoE3_R1,4.241741741741742,3.200659935944343e-05,23.40122788983536,0.2687695760056112
DoE3_R1,4.254254254254255,3.200114488920027e-05,23.40298837299399,0.2695457908905789
DoE3_R1,4.266766766766767,3.199569041895711e-05,23.40474885615261,0.2703220057755466
DoE3_R1,4.27927927927928,3.1990235948713947e-05,23.40650933931124,0.2710982206605143
DoE3_R1,4.291791791791792,3.198478147847078e-05,23.40826982246987,0.271874435545482
DoE3_R1,4.3043043043043046,3.197932700822762e-05,23.410030305628496,0.2726506504304497
DoE3_R1,4.316816816816817,3.197387253798446e-05,23.411790788787123,0.2734268653154174
DoE3_R1,4.32932932932933,3.19684180677413e-05,23.41355127194575,0.2742030802003851
DoE3_R1,4.341841841841842,3.1962963597498136e-05,23.415311755104376,0.2749792950853528
DoE3_R1,4.354354354354355,3.1957509127254976e-05,23.417072238263003,0.2757555099703205
DoE3_R1,4.366866866866867,3.1952054657011815e-05,23.41883272142163,0.2765317248552882
DoE3_R1,4.37937937937938,3.194660018676865e-05,23.420593204580257,0.2773079397402559
DoE3_R1,4.391891891891892,3.194114571652549e-05,23.422353687738884,0.2780841546252236
DoE3_R1,4.404404404404405,3.1935691246282326e-05,23.42411417089751,0.2788603695101913
DoE3_R1,4.416916916916917,3.1930236776039165e-05,23.425874654056138,0.279636584395159
DoE3_R1,4.42942942942943,3.1924782305796004e-05,23.427635137214764,0.2804127992801267
DoE3_R1,4.441941941941942,3.1919327835552844e-05,23.42939562037339,0.2811890141650944
DoE3_R1,4.454454454454455,3.191256193016989e-05,23.43114292041436,0.2819597842198535
DoE3_R1,4.466966966966967,3.190555414353058e-05,23.432887788959498,0.2827295500294681
DoE3_R1,4.47947947947948,3.189849045105358e-05,23.43463209551479,0.2834990837286376
DoE3_R1,4.491991991991992,3.189137085273888e-05,23.43637584008023,0.2842683853173622
DoE3_R1,4.504504504504505,3.18841953485865e-05,23.438119022655822,0.2850374547956417
DoE3_R1,4.517017017017017,3.1876963938596415e-05,23.43986164324157,0.2858062921634762
DoE3_R1,4.52952952952953,3.186967662276865e-05,23.441603701837465,0.2865748974208657
DoE3_R1,4.542042042042042,3.186233340110318e-05,23.443345198443517,0.2873432705678101
DoE3_R1,4.554554554554555,3.185493427360002e-05,23.44508613305971,0.2881114116043096
DoE3_R1,4.567067067067067,3.184747924025917e-05,23.446826505686055,0.2888793205303641
DoE3_R1,4.57957957957958,3.183996830108063e-05,23.44856631632256,0.2896469973459735
DoE3_R1,4.592092092092092,3.183240145606439e-05,23.45030556496921,0.2904144420511379
DoE3_R1,4.604604604604605,3.182477870521047e-05,23.45204425162601,0.2911816546458573
DoE3_R1,4.617117117117117,3.1817100048518844e-05,23.45378237629296,0.2919486351301317
DoE3_R1,4.62962962962963,3.1809365485989536e-05,23.455519938970063,0.292715383503961
DoE3_R1,4.642142142142142,3.180157501762253e-05,23.45725693965732,0.2934818997673454
DoE3_R1,4.654654654654655,3.179372864341783e-05,23.45899337835472,0.2942481839202847
DoE3_R1,4.667167167167167,3.178582636337544e-05,23.46072925506228,0.295014235962779
DoE3_R1,4.67967967967968,3.177786817749536e-05,23.46246456977998,0.2957800558948283
DoE3_R1,4.692192192192192,3.176985408577758e-05,23.46419932250784,0.2965456437164326
DoE3_R1,4.704704704704705,3.1761784088222115e-05,23.465933513245844,0.2973109994275919
DoE3_R1,4.717217217217217,3.175365818482896e-05,23.467667141994003,0.2980761230283061
DoE3_R1,4.72972972972973,3.17454763755981e-05,23.46940020875231,0.2988410145185754
DoE3_R1,4.742242242242242,3.173723866052956e-05,23.47113271352077,0.2996056738983996
DoE3_R1,4.754754754754755,3.172894503962332e-05,23.472864656299382,0.3003701011677788
DoE3_R1,4.767267267267267,3.172059551287939e-05,23.474596037088144,0.301134296326713
DoE3_R1,4.77977977977978,3.1712190080297765e-05,23.476326855887056,0.3018982593752022
DoE3_R1,4.792292292292292,3.170372874187845e-05,23.47805711269612,0.3026619903132463
DoE3_R1,4.804804804804805,3.1695211497621446e-05,23.47978680751533,0.3034254891408455
DoE3_R1,4.817317317317317,3.168663834752674e-05,23.4815159403447,0.3041887558579997
DoE3_R1,4.82982982982983,3.1678009291594353e-05,23.48324451118421,0.3049517904647088
DoE3_R1,4.842342342342342,3.1669324329824266e-05,23.48497252003388,0.3057145929609729
DoE3_R1,4.854854854854855,3.166058346221649e-05,23.4866999668937,0.306477163346792
DoE3_R1,4.867367367367367,3.165178668877102e-05,23.48842685176367,0.307239501622166
DoE3_R1,4.87987987987988,3.1642934009487854e-05,23.490153174643787,0.3080016077870951
DoE3_R1,4.892392392392392,3.1634025424367e-05,23.491878935534057,0.3087634818415792
DoE3_R1,4.904904904904905,3.1625060933408455e-05,23.49360413443448,0.3095251237856182
DoE3_R1,4.9174174174174174,3.161604053661221e-05,23.49532877134505,0.3102865336192122
DoE3_R1,4.92992992992993,3.160696423397828e-05,23.49705284626577,0.3110477113423612
DoE3_R1,4.9424424424424425,3.1597832025506654e-05,23.498776359196647,0.3118086569550652
DoE3_R1,4.954954954954955,3.1588643911197335e-05,23.500499310137677,0.3125693704573242
DoE3_R1,4.967467467467468,3.1579399891050324e-05,23.50222169908885,0.3133298518491381
DoE3_R1,4.97997997997998,3.157009996506562e-05,23.50394352605017,0.3140901011305071
DoE3_R1,4.9924924924924925,3.156074413324323e-05,23.50566479102165,0.314850118301431
DoE3_R1,5.005005005005005,3.155133239558314e-05,23.50738549400328,0.3156099033619099
DoE3_R1,5.0175175175175175,3.1541864752085364e-05,23.509105634995056,0.3163694563119438
DoE3_R1,5.03003003003003,3.153234120274989e-05,23.510825213996988,0.3171287771515327
DoE3_R1,5.042542542542543,3.1522761747576726e-05,23.512544231009063,0.3178878658806766
DoE3_R1,5.055055055055055,3.151312638656587e-05,23.514262686031294,0.3186467224993754
DoE3_R1,5.067567567567568,3.150343511971732e-05,23.51598057906368,0.3194053470076292
DoE3_R1,5.08008008008008,3.149368794703107e-05,23.51769791010621,0.3201637394054381
DoE3_R1,5.092592592592593,3.148388486850714e-05,23.519414679158896,0.3209218996928019
DoE3_R1,5.105105105105105,3.147458640323764e-05,23.521132265408426,0.3216803928957577
DoE3_R1,5.117617617617618,3.147553808858233e-05,23.522874648261773,0.3224490429122443
DoE3_R1,5.13013013013013,3.147668028134877e-05,23.52461707543805,0.3232177092128711
DoE3_R1,5.142642642642643,3.147801298153695e-05,23.526359546937268,0.3239863917976383
DoE3_R1,5.155155155155155,3.147953618914688e-05,23.528102062759405,0.3247550906665459
DoE3_R1,5.167667667667668,3.1481249904178554e-05,23.52984462290448,0.3255238058195937
DoE3_R1,5.18018018018018,3.148315412663197e-05,23.531587227372476,0.326292537256782
DoE3_R1,5.192692692692693,3.148524885650713e-05,23.533329876163403,0.3270612849781105
DoE3_R1,5.205205205205205,3.148753409380404e-05,23.53507256927726,0.3278300489835793
DoE3_R1,5.217717717717718,3.1490009838522695e-05,23.536815306714047,0.3285988292731885
DoE3_R1,5.23023023023023,3.149267609066309e-05,23.538558088473764,0.329367625846938
DoE3_R1,5.242742742742743,3.149553285022524e-05,23.540300914556408,0.3301364387048279
DoE3_R1,5.255255255255255,3.149858011720913e-05,23.542043784961983,0.330905267846858
DoE3_R1,5.267767767767768,3.150181789161476e-05,23.54378669969049,0.3316741132730285
DoE3_R1,5.28028028028028,3.150524617344214e-05,23.54552965874192,0.3324429749833393
DoE3_R1,5.292792792792793,3.150886496269127e-05,23.54727266211628,0.3332118529777905
DoE3_R1,5.305305305305305,3.151267425936214e-05,23.54901570981357,0.333980747256382
DoE3_R1,5.317817817817818,3.151667406345475e-05,23.550758801833798,0.3347496578191138
DoE3_R1,5.33033033033033,3.152086437496912e-05,23.552501938176945,0.335518584665986
DoE3_R1,5.342842842842844,3.1525245193905226e-05,23.55424511884302,0.3362875277969985
DoE3_R1,5.355355355355356,3.1529816520263074e-05,23.55598834383203,0.3370564872121513
DoE3_R1,5.367867867867869,3.153457835404267e-05,23.557731613143968,0.3378254629114444
DoE3_R1,5.380380380380381,3.1539530695244013e-05,23.55947492677884,0.3385944548948779
DoE3_R1,5.392892892892894,3.1544673543867105e-05,23.561218284736636,0.3393634631624517
DoE3_R1,5.405405405405406,3.155000689991194e-05,23.56296168701736,0.3401324877141658
DoE3_R1,5.417917917917919,3.155553076337851e-05,23.56470513362101,0.3409015285500202
DoE3_R1,5.430430430430431,3.156124513426684e-05,23.5664486245476,0.341670585670015
DoE3_R1,5.442942942942944,3.15671500125769e-05,23.568192159797118,0.3424396590741501
DoE3_R1,5.455455455455456,3.157324539830872e-05,23.569935739369555,0.3432087487624256
DoE3_R1,5.467967967967969,3.157953129146228e-05,23.571679363264927,0.3439778547348413
DoE3_R1,5.480480480480481,3.1586007692037585e-05,23.57342303148323,0.3447469769913974
DoE3_R1,5.492992992992994,3.159267460003463e-05,23.57516674402446,0.3455161155320939
DoE3_R1,5.505505505505506,3.159953201545343e-05,23.57691050088862,0.3462852703569306
DoE3_R1,5.518018018018019,3.160657993829397e-05,23.57865430207571,0.3470544414659077
DoE3_R1,5.530530530530531,3.1613818368556254e-05,23.58039814758573,0.3478236288590251
DoE3_R1,5.543043043043044,3.1621247306240286e-05,23.58214203741868,0.3485928325362828
DoE3_R1,5.555555555555556,3.162886675134606e-05,23.583885971574556,0.3493620524976809
DoE3_R1,5.568068068068069,3.163667670387358e-05,23.58562995005336,0.3501312887432193
DoE3_R1,5.580580580580581,3.164467716382285e-05,23.587373972855097,0.350900541272898
DoE3_R1,5.593093093093094,3.165286813119386e-05,23.589118039979763,0.3516698100867171
DoE3_R1,5.605605605605606,3.166124960598662e-05,23.59086215142736,0.3524390951846765
DoE3_R1,5.618118118118119,3.166982158820112e-05,23.59260630719788,0.3532083965667761
DoE3_R1,5.630630630630631,3.167858407783737e-05,23.59435050729133,0.3539777142330162
DoE3_R1,5.643143143143144,3.1687537074895364e-05,23.59609475170772,0.3547470481833966
DoE3_R1,5.655655655655656,3.16966805793751e-05,23.597839040447028,0.3555163984179173
DoE3_R1,5.668168168168169,3.170601459127658e-05,23.59958337350927,0.3562857649365783
DoE3_R1,5.680680680680681,3.1715539110599814e-05,23.60132775089444,0.3570551477393797
DoE3_R1,5.693193193193194,3.1725254137344787e-05,23.60307217260254,0.3578245468263213
DoE3_R1,5.705705705705706,3.173515967151151e-05,23.60481663863357,0.3585939621974034
DoE3_R1,5.718218218218219,3.174525571309997e-05,23.606561148987527,0.3593633938526257
DoE3_R1,5.730730730730731,3.175554226211018e-05,23.608305703664413,0.3601328417919884
DoE3_R1,5.743243243243244,3.1766019318542135e-05,23.61005030266423,0.3609023060154914
DoE3_R1,5.755755755755756,3.177668688239583e-05,23.611794945986976,0.3616717865231347
DoE3_R1,5.768268268268269,3.178754495367128e-05,23.61353963363265,0.3624412833149184
DoE3_R1,5.780780780780781,3.179859353236847e-05,23.61528436560126,0.3632107963908424
DoE3_R1,5.793293293293294,3.180983261848741e-05,23.617029141892797,0.3639803257509067
DoE3_R1,5.805805805805806,3.182126221202809e-05,23.61877396250725,0.3647498713951114
DoE3_R1,5.818318318318319,3.1832882312990514e-05,23.62051882744465,0.3655194333234564
DoE3_R1,5.830830830830831,3.1844692921374686e-05,23.62226373670497,0.3662890115359417
DoE3_R1,5.843343343343344,3.1856694037180606e-05,23.62400869028822,0.3670586060325673
DoE3_R1,5.855855855855856,3.1868885660408266e-05,23.6257536881944,0.3678282168133333
DoE3_R1,5.868368368368369,3.1881267791057675e-05,23.62749873042351,0.3685978438782396
DoE3_R1,5.8808808808808815,3.189384042912883e-05,23.62924381697555,0.3693674872272862
DoE3_R1,5.893393393393394,3.190660357462173e-05,23.63098894785052,0.3701371468604731
DoE3_R1,5.9059059059059065,3.191955722753637e-05,23.63273412304841,0.3709068227778004
DoE3_R1,5.918418418418419,3.193270138787276e-05,23.634479342569243,0.371676514979268
DoE3_R1,5.930930930930932,3.1946036055630895e-05,23.636224606413,0.372446223464876
DoE3_R1,5.943443443443444,3.195956123081077e-05,23.637969914579685,0.3732159482346242
DoE3_R1,5.9559559559559565,3.19732769134124e-05,23.6397152670693,0.3739856892885128
DoE3_R1,5.968468468468469,3.1987183103435765e-05,23.641460663881844,0.3747554466265418
DoE3_R1,5.9809809809809815,3.2001279800880884e-05,23.64320610501732,0.375525220248711
DoE3_R1,5.993493493493494,3.2015567005747744e-05,23.64495159047572,0.3762950101550206
DoE3_R1,6.006006006006007,3.203004471803635e-05,23.64669712025705,0.3770648163454705
DoE3_R1,6.018518518518519,3.20447129377467e-05,23.648442694361314,0.3778346388200608
DoE3_R1,6.031031031031032,3.20595716648788e-05,23.650188312788504,0.3786044775787913
DoE3_R1,6.043543543543544,3.207462089943264e-05,23.651933975538626,0.3793743326216622
DoE3_R1,6.056056056056057,3.208986064140822e-05,23.653679682611678,0.3801442039486735
DoE3_R1,6.068568568568569,3.2105290890805555e-05,23.65542543400765,0.380914091559825
DoE3_R1,6.081081081081082,3.212091164762464e-05,23.65717122972656,0.3816839954551169
DoE3_R1,6.093593593593594,3.213672291186546e-05,23.6589170697684,0.3824539156345491
DoE3_R1,6.106106106106107,3.215272468352802e-05,23.66066295413316,0.3832238520981217
DoE3_R1,6.118618618618619,3.2168916962612334e-05,23.66240888282086,0.3839938048458345
DoE3_R1,6.131131131131132,3.2185299749118394e-05,23.664154855831484,0.3847637738776878
DoE3_R1,6.143643643643644,3.22018730430462e-05,23.66590087316504,0.3855337591936813
DoE3_R1,6.156156156156157,3.221863684439575e-05,23.66764693482152,0.3863037607938152
DoE3_R1,6.168668668668669,3.2235591153167046e-05,23.669393040800934,0.3870737786780894
DoE3_R1,6.181181181181182,3.225273596936008e-05,23.67113919110328,0.3878438128465039
DoE3_R1,6.193693693693694,3.227007129297487e-05,23.672885385728545,0.3886138632990588
DoE3_R1,6.206206206206207,3.227082675043397e-05,23.674617640030817,0.3893746053748966
DoE3_R1,6.218718718718719,3.227065997224165e-05,23.676349010750755,0.3901347450276212
DoE3_R1,6.231231231231232,3.227028634674502e-05,23.678080094443512,0.3908946800273649
DoE3_R1,6.243743743743744,3.22697058739441e-05,23.67981089110909,0.3916544103741276
DoE3_R1,6.256256256256257,3.2268918553838864e-05,23.68154140074748,0.3924139360679095
DoE3_R1,6.268768768768769,3.226792438642933e-05,23.68327162335869,0.3931732571087104
DoE3_R1,6.281281281281282,3.2266723371715486e-05,23.68500155894272,0.3939323734965304
DoE3_R1,6.293793793793794,3.2265315509697345e-05,23.68673120749957,0.3946912852313694
DoE3_R1,6.306306306306307,3.22637008003749e-05,23.68846056902923,0.3954499923132276
DoE3_R1,6.318818818818819,3.226187924374815e-05,23.690189643531717,0.3962084947421048
DoE3_R1,6.331331331331332,3.225985083981709e-05,23.69191843100701,0.3969667925180011
DoE3_R1,6.343843843843844,3.225761558858174e-05,23.69364693145513,0.3977248856409165
DoE3_R1,6.356356356356357,3.225517349004207e-05,23.695375144876067,0.398482774110851
DoE3_R1,6.368868868868869,3.2252524544198105e-05,23.697103071269822,0.3992404579278046
DoE3_R1,6.381381381381382,3.224966875104984e-05,23.698830710636397,0.3999979370917772
DoE3_R1,6.393893893893894,3.224660611059727e-05,23.700558062975784,0.4007552116027689
DoE3_R1,6.406406406406407,3.224333662284039e-05,23.702285128287997,0.4015122814607798
DoE3_R1,6.418918918918919,3.223986028777921e-05,23.70401190657302,0.4022691466658096
DoE3_R1,6.431431431431432,3.223617710541372e-05,23.705738397830864,0.4030258072178586
DoE3_R1,6.443943943943944,3.223228707574394e-05,23.707464602061524,0.4037822631169266
DoE3_R1,6.456456456456457,3.2228190198769844e-05,23.709190519265004,0.4045385143630138
DoE3_R1,6.468968968968969,3.2223886474491455e-05,23.710916149441303,0.40529456095612
DoE3_R1,6.481481481481482,3.221937590290875e-05,23.712641492590414,0.4060504028962453
DoE3_R1,6.493993993993994,3.221465848402175e-05,23.714366548712352,0.4068060401833896
DoE3_R1,6.506506506506507,3.2209734217830444e-05,23.716091317807106,0.4075614728175531
DoE3_R1,6.519019019019019,3.220460310433484e-05,23.71781579987467,0.4083167007987356
DoE3_R1,6.531531531531532,3.219926514353492e-05,23.71953999491506,0.4090717241269372
DoE3_R1,6.544044044044044,3.219372033543071e-05,23.721263902928268,0.4098265428021579
DoE3_R1,6.556556556556557,3.218796868002219e-05,23.722987523914288,0.4105811568243977
DoE3_R1,6.569069069069069,3.2182010177309365e-05,23.72471085787313,0.4113355661936566
DoE3_R1,6.581581581581582,3.217584482729223e-05,23.72643390480479,0.4120897709099345
DoE3_R1,6.594094094094094,3.21694726299708e-05,23.728156664709267,0.4128437709732315
DoE3_R1,6.606606606606607,3.216289358534507e-05,23.729879137586565,0.4135975663835476
DoE3_R1,6.619119119119119,3.215610769341503e-05,23.73160132343668,0.4143511571408828
DoE3_R1,6.631631631631632,3.214911495418069e-05,23.733323222259607,0.4151045432452371
DoE3_R1,6.644144144144144,3.2141915367642046e-05,23.73504483405536,0.4158577246966105
DoE3_R1,6.656656656656657,3.2134508933799096e-05,23.73676615882393,0.4166107014950029
DoE3_R1,6.6691691691691695,3.212689565265184e-05,23.73848719656531,0.4173634736404144
DoE3_R1,6.681681681681682,3.2119075524200285e-05,23.74020794727951,0.418116041132845
DoE3_R1,6.6941941941941945,3.2111048548444424e-05,23.741928410966533,0.4188684039722947
DoE3_R1,6.706706706706707,3.2102814725384256e-05,23.74364858762637,0.4196205621587634
DoE3_R1,6.71921921921922,3.209437405501979e-05,23.745368477259028,0.4203725156922512
DoE3_R1,6.731731731731732,3.208572653735102e-05,23.747088079864504,0.4211242645727582
DoE3_R1,6.7442442442442445,3.207687217237794e-05,23.7488073954428,0.4218758088002842
DoE3_R1,6.756756756756757,3.206781096010057e-05,23.750526423993907,0.4226271483748293
DoE3_R1,6.7692692692692695,3.205854290051888e-05,23.75224516551784,0.4233782832963934
DoE3_R1,6.781781781781782,3.20490679936329e-05,23.753963620014584,0.4241292135649767
DoE3_R1,6.794294294294295,3.2039386239442606e-05,23.75568178748415,0.424879939180579
DoE3_R1,6.806806806806807,3.2029497637948015e-05,23.75739966792653,0.4256304601432004
DoE3_R1,6.81931931931932,3.201940218914912e-05,23.75911726134173,0.4263807764528409
DoE3_R1,6.831831831831832,3.2009099893045914e-05,23.76083456772975,0.4271308881095004
DoE3_R1,6.844344344344345,3.199859074963841e-05,23.762551587090588,0.4278807951131791
DoE3_R1,6.856856856856857,3.198787475892661e-05,23.76426831942424,0.4286304974638768
DoE3_R1,6.86936936936937,3.197695192091049e-05,23.765984764730717,0.4293799951615936
DoE3_R1,6.881881881881882,3.196582223559008e-05,23.767700923010004,0.4301292882063295
DoE3_R1,6.894394394394395,3.195448570296536e-05,23.769416794262117,0.4308783765980845
DoE3_R1,6.906906906906907,3.194294232303633e-05,23.77113237848704,0.4316272603368585
DoE3_R1,6.91941941941942,3.193119209580301e-05,23.772847675684783,0.4323759394226517
DoE3_R1,6.931931931931932,3.191923502126538e-05,23.774562685855344,0.4331244138554639
DoE3_R1,6.944444444444445,3.1907071099423445e-05,23.776277408998723,0.4338726836352952
DoE3_R1,6.956956956956957,3.1894700330277206e-05,23.77799184511492,0.4346207487621456
DoE3_R1,6.96946946946947,3.188212271382667e-05,23.77970599420394,0.435368609236015
DoE3_R1,6.981981981981982,3.186933825007182e-05,23.78141985626577,0.4361162650569036
DoE3_R1,6.994494494494495,3.185634693901268e-05,23.783133431300424,0.4368637162248112
DoE3_R1,7.007007007007007,3.1843148780649225e-05,23.784846719307893,0.4376109627397379
DoE3_R1,7.01951951951952,3.182974377498147e-05,23.78655972028818,0.4383580046016837
DoE3_R1,7.032032032032032,3.181613192200941e-05,23.78827243424129,0.4391048418106486
DoE3_R1,7.044544544544545,3.180231322173305e-05,23.789984861167213,0.4398514743666326
DoE3_R1,7.057057057057057,3.178828767415238e-05,23.791697001065955,0.4405979022696356
DoE3_R1,7.06956956956957,3.177405527926741e-05,23.793408853937517,0.4413441255196577
DoE3_R1,7.082082082082082,3.175961603707813e-05,23.79512041978189,0.4420901441166989
DoE3_R1,7.094594594594595,3.174496994758456e-05,23.796831698599085,0.4428359580607591
DoE3_R1,7.107107107107107,3.173011701078668e-05,23.7985426903891,0.4435815673518385
DoE3_R1,7.11961961961962,3.171505722668449e-05,23.80025339515193,0.444326971989937
DoE3_R1,7.132132132132132,3.1699790595278e-05,23.801963812887585,0.4450721719750545
DoE3_R1,7.144644644644645,3.168431711656721e-05,23.80367394359605,0.4458171673071911
DoE3_R1,7.157157157157157,3.1668636790552115e-05,23.805383787277336,0.4465619579863468
DoE3_R1,7.16966966966967,3.165274961723272e-05,23.80709334393144,0.4473065440125215
DoE3_R1,7.182182182182182,3.163665559660901e-05,23.80880261355836,0.4480509253857154
DoE3_R1,7.194694694694695,3.1620354728681005e-05,23.810511596158097,0.4487951021059283
DoE3_R1,7.207207207207207,3.1603847013448694e-05,23.81222029173065,0.4495390741731603
DoE3_R1,7.21971971971972,3.158713245091208e-05,23.81392870027603,0.4502828415874114
DoE3_R1,7.232232232232232,3.1570211041071165e-05,23.81563682179422,0.4510264043486816
DoE3_R1,7.244744744744745,3.155308278392594e-05,23.817344656285236,0.4517697624569708
DoE3_R1,7.257257257257257,3.153574767947642e-05,23.819052203749063,0.4525129159122791
DoE3_R1,7.26976976976977,3.151820572772259e-05,23.82075946418571,0.4532558647146066
DoE3_R1,7.282282282282282,3.1500456928664454e-05,23.82246643759517,0.4539986088639531
DoE3_R1,7.294794794794795,3.150626985708313e-05,23.824189132941704,0.454743105259511
DoE3_R1,7.307307307307307,3.151577618718172e-05,23.82591430595788,0.4554878930797855
DoE3_R1,7.31981981981982,3.152528251728031e-05,23.827639478974056,0.4562326809000601
DoE3_R1,7.332332332332332,3.1534788847378905e-05,23.829364651990232,0.4569774687203345
DoE3_R1,7.344844844844845,3.1544295177477494e-05,23.83108982500641,0.4577222565406091
DoE3_R1,7.357357357357357,3.155380150757608e-05,23.832814998022585,0.4584670443608836
DoE3_R1,7.36986986986987,3.156330783767467e-05,23.83454017103876,0.4592118321811582
DoE3_R1,7.382382382382382,3.157281416777327e-05,23.836265344054937,0.4599566200014327
DoE3_R1,7.394894894894895,3.158232049787186e-05,23.837990517071116,0.4607014078217072
DoE3_R1,7.407407407407407,3.1591826827970446e-05,23.83971569008729,0.4614461956419817
DoE3_R1,7.41991991991992,3.1601333158069035e-05,23.841440863103465,0.4621909834622563
DoE3_R1,7.432432432432432,3.161083948816763e-05,23.84316603611964,0.4629357712825308
DoE3_R1,7.444944944944945,3.162034581826622e-05,23.844891209135817,0.4636805591028053
DoE3_R1,7.4574574574574575,3.162985214836481e-05,23.846616382151996,0.4644253469230799
DoE3_R1,7.46996996996997,3.16393584784634e-05,23.84834155516817,0.4651701347433544
DoE3_R1,7.482482482482483,3.1648864808561994e-05,23.850066728184345,0.465914922563629
DoE3_R1,7.494994994994996,3.165837113866058e-05,23.851791901200524,0.4666597103839035
DoE3_R1,7.507507507507508,3.166787746875917e-05,23.8535170742167,0.467404498204178
DoE3_R1,7.520020020020021,3.167738379885776e-05,23.85524224723288,0.4681492860244526
DoE3_R1,7.532532532532533,3.168689012895636e-05,23.85696742024905,0.4688940738447271
DoE3_R1,7.545045045045046,3.1696396459054946e-05,23.85869259326523,0.4696388616650016
DoE3_R1,7.557557557557558,3.1705902789153536e-05,23.860417766281405,0.4703836494852761
DoE3_R1,7.570070070070071,3.1715409119252125e-05,23.86214293929758,0.4711284373055507
DoE3_R1,7.582582582582583,3.1724915449350714e-05,23.86386811231376,0.4718732251258252
DoE3_R1,7.595095095095096,3.173442177944931e-05,23.865593285329933,0.4726180129460997
DoE3_R1,7.607607607607608,3.17439281095479e-05,23.86731845834611,0.4733628007663742
DoE3_R1,7.620120120120121,3.175343443964649e-05,23.869043631362285,0.4741075885866488
DoE3_R1,7.6326326326326335,3.176294076974508e-05,23.87076880437846,0.4748523764069233
DoE3_R1,7.645145145145146,3.177244709984367e-05,23.87249397739464,0.4755971642271979
DoE3_R1,7.657657657657658,3.178195342994226e-05,23.874219150410813,0.4763419520474724
DoE3_R1,7.670170170170171,3.179145976004085e-05,23.87594432342699,0.4770867398677469
DoE3_R1,7.6826826826826835,3.180096609013944e-05,23.877669496443165,0.4778315276880214
DoE3_R1,7.695195195195196,3.181047242023804e-05,23.87939466945934,0.478576315508296
DoE3_R1,7.7077077077077085,3.1819978750336625e-05,23.88111984247552,0.4793211033285705
DoE3_R1,7.720220220220221,3.1829485080435214e-05,23.882845015491696,0.480065891148845
DoE3_R1,7.732732732732733,3.18389914105338e-05,23.884570188507876,0.4808106789691195
DoE3_R1,7.745245245245246,3.184849774063239e-05,23.88629536152405,0.4815554667893941
DoE3_R1,7.7577577577577586,3.185800407073099e-05,23.888020534540225,0.4823002546096686
DoE3_R1,7.770270270270271,3.186751040082958e-05,23.8897457075564,0.4830450424299431
DoE3_R1,7.782782782782784,3.1877016730928166e-05,23.891470880572577,0.4837898302502177
DoE3_R1,7.795295295295296,3.1886523061026755e-05,23.893196053588756,0.4845346180704922
DoE3_R1,7.807807807807809,3.189602939112535e-05,23.89492122660493,0.4852794058907667
DoE3_R1,7.820320320320321,3.190553572122394e-05,23.896646399621105,0.4860241937110413
DoE3_R1,7.832832832832834,3.191504205132253e-05,23.89837157263728,0.4867689815313158
DoE3_R1,7.845345345345346,3.192454838142112e-05,23.900096745653457,0.4875137693515903
DoE3_R1,7.857857857857859,3.1934054711519714e-05,23.901821918669636,0.4882585571718648
DoE3_R1,7.870370370370371,3.1943561041618303e-05,23.90354709168581,0.4890033449921394
DoE3_R1,7.882882882882884,3.195306737171689e-05,23.905272264701985,0.4897481328124139
DoE3_R1,7.895395395395396,3.196257370181548e-05,23.90699743771816,0.4904929206326884
DoE3_R1,7.907907907907909,3.197208003191407e-05,23.908722610734337,0.491237708452963
DoE3_R1,7.920420420420421,3.1981586362012667e-05,23.910447783750516,0.4919824962732375
DoE3_R1,7.932932932932934,3.1991092692111256e-05,23.91217295676669,0.492727284093512
DoE3_R1,7.945445445445446,3.2000599022209845e-05,23.913898129782865,0.4934720719137865
DoE3_R1,7.957957957957959,3.2010105352308434e-05,23.915623302799045,0.4942168597340611
DoE3_R1,7.970470470470471,3.201961168240703e-05,23.91734847581522,0.4949616475543356
DoE3_R1,7.982982982982984,3.202911801250562e-05,23.9190736488314,0.4957064353746101
DoE3_R1,7.995495495495496,3.203862434260421e-05,23.920798821847573,0.4964512231948846
DoE3_R1,8.008008008008009,3.20481306727028e-05,23.92252399486375,0.4971960110151592
DoE3_R1,8.02052052052052,3.2057637002801386e-05,23.924249167879925,0.4979407988354337
DoE3_R1,8.033033033033034,3.206714333289998e-05,23.9259743408961,0.4986855866557083
DoE3_R1,8.045545545545545,3.207664966299857e-05,23.92769951391228,0.4994303744759827
DoE3_R1,8.058058058058059,3.208615599309716e-05,23.929424686928453,0.5001751622962574
DoE3_R1,8.07057057057057,3.209566232319575e-05,23.93114985994463,0.5009199501165318
DoE3_R1,8.083083083083084,3.2105168653294345e-05,23.932875032960805,0.5016647379368064
DoE3_R1,8.095595595595595,3.2114674983392934e-05,23.93460020597698,0.5024095257570809
DoE3_R1,8.108108108108109,3.212418131349152e-05,23.93632537899316,0.5031543135773554
DoE3_R1,8.12062062062062,3.213368764359011e-05,23.938050552009333,0.50389910139763
DoE3_R1,8.133133133133134,3.214319397368871e-05,23.93977572502551,0.5046438892179045
DoE3_R1,8.145645645645645,3.21527003037873e-05,23.941500898041685,0.505388677038179
DoE3_R1,8.158158158158159,3.2162206633885886e-05,23.94322607105786,0.5061334648584536
DoE3_R1,8.17067067067067,3.2171712963984475e-05,23.94495124407404,0.506878252678728
DoE3_R1,8.183183183183184,3.218121929408307e-05,23.946676417090217,0.5076230404990026
DoE3_R1,8.195695695695695,3.219072562418166e-05,23.948401590106396,0.5083678283192771
DoE3_R1,8.208208208208209,3.220023195428025e-05,23.95012676312257,0.5091126161395517
DoE3_R1,8.22072072072072,3.220973828437884e-05,23.951851936138745,0.5098574039598261
DoE3_R1,8.233233233233234,3.221924461447743e-05,23.95357710915492,0.5106021917801007
DoE3_R1,8.245745745745745,3.2228750944576023e-05,23.955302282171097,0.5113469796003752
DoE3_R1,8.258258258258259,3.223825727467461e-05,23.957027455187276,0.5120917674206498
DoE3_R1,8.27077077077077,3.22477636047732e-05,23.95875262820345,0.5128365552409243
DoE3_R1,8.283283283283284,3.225726993487179e-05,23.960477801219625,0.5135813430611988
DoE3_R1,8.295795795795796,3.226677626497039e-05,23.9622029742358,0.5143261308814733
DoE3_R1,8.308308308308309,3.2276282595068976e-05,23.963928147251977,0.5150709187017479
DoE3_R1,8.32082082082082,3.2285788925167565e-05,23.965653320268157,0.5158157065220224
DoE3_R1,8.333333333333334,3.2295295255266154e-05,23.96737849328433,0.516560494342297
DoE3_R1,8.345845845845846,3.230480158536474e-05,23.969103666300505,0.5173052821625714
DoE3_R1,8.358358358358359,3.231430791546334e-05,23.97082883931668,0.518050069982846
DoE3_R1,8.37087087087087,3.232381424556193e-05,23.972554012332857,0.5187948578031205
DoE3_R1,8.383383383383384,3.233003195906281e-05,23.974294754061525,0.519543317872089
DoE3_R1,8.395895895895896,3.2335275668002485e-05,23.9760401068467,0.5202928655676843
DoE3_R1,8.408408408408409,3.2340519376942155e-05,23.97778545963188,0.5210424132632797
DoE3_R1,8.42092092092092,3.234576308588183e-05,23.979530812417057,0.521791960958875
DoE3_R1,8.433433433433434,3.235100679482151e-05,23.981276165202235,0.5225415086544705
DoE3_R1,8.445945945945946,3.235625050376118e-05,23.98302151798741,0.5232910563500658
DoE3_R1,8.458458458458459,3.236149421270086e-05,23.98476687077259,0.5240406040456612
DoE3_R1,8.47097097097097,3.236673792164053e-05,23.986512223557767,0.5247901517412565
DoE3_R1,8.483483483483484,3.2371981630580206e-05,23.988257576342946,0.525539699436852
DoE3_R1,8.495995995995996,3.237722533951988e-05,23.99000292912812,0.5262892471324473
DoE3_R1,8.508508508508509,3.2382469048459553e-05,23.9917482819133,0.5270387948280427
DoE3_R1,8.52102102102102,3.2387712757399224e-05,23.993493634698478,0.527788342523638
DoE3_R1,8.533533533533534,3.23929564663389e-05,23.995238987483653,0.5285378902192335
DoE3_R1,8.546046046046047,3.239820017527858e-05,23.99698434026883,0.529287437914829
DoE3_R1,8.558558558558559,3.240344388421825e-05,23.99872969305401,0.5300369856104243
DoE3_R1,8.571071071071072,3.2408687593157926e-05,24.000475045839185,0.5307865333060198
DoE3_R1,8.583583583583584,3.24139313020976e-05,24.002220398624363,0.5315360810016151
DoE3_R1,8.596096096096097,3.2419175011037274e-05,24.003965751409535,0.5322856286972105
DoE3_R1,8.608608608608609,3.2424418719976945e-05,24.00571110419472,0.5330351763928058
DoE3_R1,8.621121121121122,3.242966242891662e-05,24.00745645697989,0.5337847240884013
DoE3_R1,8.633633633633634,3.243490613785629e-05,24.00920180976507,0.5345342717839966
DoE3_R1,8.646146146146148,3.244014984679597e-05,24.01094716255025,0.535283819479592
DoE3_R1,8.65865865865866,3.244539355573564e-05,24.012692515335427,0.5360333671751873
DoE3_R1,8.671171171171173,3.245063726467532e-05,24.01443786812061,0.5367829148707828
DoE3_R1,8.683683683683684,3.245588097361499e-05,24.01618322090578,0.5375324625663782
DoE3_R1,8.696196196196198,3.2461124682554665e-05,24.01792857369096,0.5382820102619736
DoE3_R1,8.70870870870871,3.246636839149434e-05,24.019673926476138,0.539031557957569
DoE3_R1,8.721221221221223,3.247161210043401e-05,24.021419279261316,0.5397811056531644
DoE3_R1,8.733733733733734,3.247685580937369e-05,24.02316463204649,0.5405306533487597
DoE3_R1,8.746246246246248,3.248209951831336e-05,24.02490998483167,0.5412802010443551
DoE3_R1,8.75875875875876,3.248734322725304e-05,24.026655337616845,0.5420297487399505
DoE3_R1,8.771271271271273,3.249258693619271e-05,24.028400690402023,0.5427792964355459
DoE3_R1,8.783783783783784,3.2497830645132386e-05,24.0301460431872,0.5435288441311412
DoE3_R1,8.796296296296298,3.250307435407206e-05,24.031891395972377,0.5442783918267367
DoE3_R1,8.80880880880881,3.2508318063011734e-05,24.033636748757555,0.545027939522332
DoE3_R1,8.821321321321323,3.2513561771951405e-05,24.035382101542734,0.5457774872179274
DoE3_R1,8.833833833833834,3.251880548089108e-05,24.03712745432791,0.5465270349135227
DoE3_R1,8.846346346346348,3.252404918983076e-05,24.038872807113087,0.5472765826091182
DoE3_R1,8.85885885885886,3.252929289877043e-05,24.040618159898266,0.5480261303047136
DoE3_R1,8.871371371371373,3.253453660771011e-05,24.04236351268344,0.548775678000309
DoE3_R1,8.883883883883884,3.253978031664978e-05,24.04410886546862,0.5495252256959043
DoE3_R1,8.896396396396398,3.2545024025589455e-05,24.0458542182538,0.5502747733914998
DoE3_R1,8.90890890890891,3.2550267734529125e-05,24.047599571038976,0.5510243210870951
DoE3_R1,8.921421421421423,3.25555114434688e-05,24.04934492382415,0.5517738687826905
DoE3_R1,8.933933933933934,3.256075515240847e-05,24.05109027660933,0.5525234164782858
DoE3_R1,8.946446446446448,3.256599886134815e-05,24.052835629394508,0.5532729641738813
DoE3_R1,8.95895895895896,3.257124257028782e-05,24.054580982179683,0.5540225118694766
DoE3_R1,8.971471471471473,3.25764862792275e-05,24.05632633496486,0.554772059565072
DoE3_R1,8.983983983983984,3.2581729988167176e-05,24.05807168775004,0.5555216072606673
DoE3_R1,8.996496496496498,3.2586973697106846e-05,24.05981704053521,0.5562711549562628
DoE3_R1,9.00900900900901,3.259221740604652e-05,24.061562393320397,0.5570207026518582
DoE3_R1,9.021521521521525,3.2597461114986194e-05,24.06330774610557,0.5577702503474536
DoE3_R1,9.034034034034034,3.260270482392587e-05,24.065053098890747,0.558519798043049
DoE3_R1,9.046546546546548,3.260794853286554e-05,24.066798451675925,0.5592693457386444
DoE3_R1,9.05905905905906,3.261319224180522e-05,24.068543804461104,0.5600188934342397
DoE3_R1,9.071571571571573,3.261843595074489e-05,24.07028915724628,0.5607684411298351
DoE3_R1,9.084084084084084,3.262367965968457e-05,24.072034510031457,0.5615179888254305
DoE3_R1,9.096596596596598,3.262892336862424e-05,24.07377986281664,0.5622675365210259
DoE3_R1,9.10910910910911,3.2634167077563915e-05,24.07552521560181,0.5630170842166212
DoE3_R1,9.121621621621625,3.263941078650359e-05,24.07727056838699,0.5637666319122167
DoE3_R1,9.134134134134134,3.264465449544326e-05,24.079015921172168,0.564516179607812
DoE3_R1,9.146646646646648,3.264989820438294e-05,24.080761273957343,0.5652657273034074
DoE3_R1,9.15915915915916,3.265514191332261e-05,24.08250662674252,0.5660152749990027
DoE3_R1,9.171671671671673,3.266038562226229e-05,24.0842519795277,0.5667648226945983
DoE3_R1,9.184184184184184,3.266562933120196e-05,24.08599733231288,0.5675143703901936
DoE3_R1,9.196696696696698,3.2670873040141635e-05,24.087742685098053,0.568263918085789
DoE3_R1,9.20920920920921,3.2676116749081306e-05,24.089488037883232,0.5690134657813843
DoE3_R1,9.221721721721725,3.268136045802098e-05,24.09123339066841,0.5697630134769798
DoE3_R1,9.234234234234236,3.2686604166960654e-05,24.092978743453585,0.5705125611725751
DoE3_R1,9.246746746746748,3.269184787590033e-05,24.094724096238764,0.5712621088681705
DoE3_R1,9.25925925925926,3.269709158484e-05,24.096469449023942,0.5720116565637658
DoE3_R1,9.271771771771771,3.270233529377968e-05,24.09821480180912,0.5727612042593613
DoE3_R1,9.284284284284285,3.270757900271936e-05,24.099960154594296,0.5735107519549566
DoE3_R1,9.296796796796798,3.271282271165903e-05,24.101705507379474,0.574260299650552
DoE3_R1,9.30930930930931,3.2718066420598704e-05,24.10345086016465,0.5750098473461474
DoE3_R1,9.321821821821825,3.2723310129538375e-05,24.105196212949828,0.5757593950417428
DoE3_R1,9.334334334334336,3.272855383847805e-05,24.106941565735006,0.5765089427373382
DoE3_R1,9.346846846846848,3.273379754741772e-05,24.108686918520185,0.5772584904329336
DoE3_R1,9.35935935935936,3.27390412563574e-05,24.11043227130536,0.578008038128529
DoE3_R1,9.371871871871871,3.274428496529707e-05,24.11217762409054,0.5787575858241244
DoE3_R1,9.384384384384385,3.274952867423675e-05,24.11392297687572,0.5795071335197197
DoE3_R1,9.396896896896898,3.2754772383176425e-05,24.11566832966089,0.5802566812153152
DoE3_R1,9.40940940940941,3.2760016092116095e-05,24.11741368244607,0.5810062289109105
DoE3_R1,9.421921921921925,3.276525980105577e-05,24.11915903523125,0.5817557766065059
DoE3_R1,9.434434434434436,3.277050350999544e-05,24.120904388016424,0.5825053243021012
DoE3_R1,9.446946946946948,3.277574721893512e-05,24.1226497408016,0.5832548719976967
DoE3_R1,9.45945945945946,3.278099092787479e-05,24.12439509358678,0.584004419693292
DoE3_R1,9.471971971971971,3.278623463681447e-05,24.12614044637196,0.5847539673888874
DoE3_R1,9.484484484484485,3.279147834575414e-05,24.12788579915713,0.5855035150844827
DoE3_R1,9.496996996996998,3.2796722054693816e-05,24.129631151942316,0.5862530627800782
DoE3_R1,9.50950950950951,3.2801965763633487e-05,24.131376504727488,0.5870026104756736
DoE3_R1,9.522022022022025,3.2807209472573164e-05,24.133121857512663,0.587752158171269
DoE3_R1,9.534534534534536,3.2812453181512834e-05,24.134867210297845,0.5885017058668643
DoE3_R1,9.547047047047048,3.281769689045251e-05,24.13661256308302,0.5892512535624598
DoE3_R1,9.55955955955956,3.282294059939219e-05,24.1383579158682,0.5900008012580551
DoE3_R1,9.572072072072071,3.282818430833186e-05,24.140103268653377,0.5907503489536505
DoE3_R1,9.584584584584585,3.283342801727154e-05,24.14184862143855,0.5914998966492458
DoE3_R1,9.597097097097098,3.283867172621121e-05,24.14359397422373,0.5922494443448413
DoE3_R1,9.60960960960961,3.2843915435150885e-05,24.14533932700891,0.5929989920404366
DoE3_R1,9.622122122122123,3.2849159144090555e-05,24.147084679794087,0.593748539736032
DoE3_R1,9.634634634634637,3.285440285303023e-05,24.148830032579266,0.5944980874316274
DoE3_R1,9.647147147147148,3.28596465619699e-05,24.15057538536444,0.5952476351272228
DoE3_R1,9.65965965965966,3.286489027090958e-05,24.15232073814962,0.5959971828228182
DoE3_R1,9.672172172172171,3.287013397984926e-05,24.154066090934798,0.5967467305184136
DoE3_R1,9.684684684684685,3.287537768878893e-05,24.155811443719973,0.597496278214009
DoE3_R1,9.697197197197198,3.2880621397728605e-05,24.15755679650515,0.5982458259096044
DoE3_R1,9.70970970970971,3.288586510666828e-05,24.15930214929033,0.5989953736051997
DoE3_R1,9.722222222222223,3.289110881560795e-05,24.161047502075505,0.5997449213007952
DoE3_R1,9.734734734734737,3.2896352524547624e-05,24.162792854860683,0.6004944689963905
DoE3_R1,9.747247247247248,3.29015962334873e-05,24.164538207645855,0.6012440166919859
DoE3_R1,9.75975975975976,3.290683994242697e-05,24.16628356043104,0.6019935643875812
DoE3_R1,9.772272272272271,3.291208365136665e-05,24.16802891321621,0.6027431120831767
DoE3_R1,9.784784784784785,3.291732736030632e-05,24.16977426600139,0.603492659778772
DoE3_R1,9.797297297297298,3.2922571069246e-05,24.17151961878657,0.6042422074743674
DoE3_R1,9.80980980980981,3.292781477818567e-05,24.173264971571747,0.6049917551699627
DoE3_R1,9.822322322322323,3.2933058487125344e-05,24.17501032435693,0.6057413028655582
DoE3_R1,9.834834834834837,3.2937633608291986e-05,24.17675303799761,0.6064897863116039
DoE3_R1,9.847347347347348,3.2935192476012405e-05,24.17846805608753,0.6072271013742734
DoE3_R1,9.85985985985986,3.29326209367066e-05,24.18018255941634,0.6079642088566899
DoE3_R1,9.872372372372372,3.292991899037456e-05,24.18189654798404,0.6087011087588539
DoE3_R1,9.884884884884883,3.292708663701628e-05,24.183610021790628,0.6094378010807648
DoE3_R1,9.897397397397398,3.292412387663178e-05,24.18532298083611,0.6101742858224232
DoE3_R1,9.90990990990991,3.292103070922104e-05,24.187035425120477,0.6109105629838287
DoE3_R1,9.922422422422423,3.291780713478407e-05,24.18874735464373,0.6116466325649814
DoE3_R1,9.934934934934937,3.291445315332087e-05,24.19045876940588,0.6123824945658813
DoE3_R1,9.947447447447448,3.291096876483144e-05,24.192169669406915,0.6131181489865286
DoE3_R1,9.95995995995996,3.2907353969315774e-05,24.19388005464684,0.6138535958269229
DoE3_R1,9.972472472472472,3.2903608766773875e-05,24.195589925125656,0.6145888350870646
DoE3_R1,9.984984984984983,3.289973315720575e-05,24.19729928084336,0.6153238667669534
DoE3_R1,9.997497497497498,3.289572714061139e-05,24.199008121799952,0.6160586908665895
DoE3_R1,10.01001001001001,3.28915907169908e-05,24.20071644799544,0.6167933073859727
DoE3_R1,10.022522522522523,3.288732388634397e-05,24.20242425942981,0.6175277163251033
DoE3_R1,10.035035035035037,3.288292664867092e-05,24.20413155610307,0.618261917683981
DoE3_R1,10.047547547547548,3.287839900397163e-05,24.205838338015223,0.6189959114626059
DoE3_R1,10.06006006006006,3.2873740952246114e-05,24.207544605166262,0.6197296976609781
DoE3_R1,10.072572572572572,3.286895249349436e-05,24.2092503575562,0.6204632762790975
DoE3_R1,10.085085085085083,3.2864033627716384e-05,24.21095559518502,0.6211966473169641
DoE3_R1,10.097597597597598,3.2858984354912166e-05,24.212660318052727,0.6219298107745779
DoE3_R1,10.11011011011011,3.285380467508172e-05,24.21436452615933,0.6226627666519389
DoE3_R1,10.122622622622623,3.2848494588225045e-05,24.216068219504816,0.6233955149490472
DoE3_R1,10.135135135135137,3.2843054094342135e-05,24.217771398089194,0.6241280556659027
DoE3_R1,10.147647647647648,3.283748319343299e-05,24.219474061912464,0.6248603888025054
DoE3_R1,10.16016016016016,3.283178188549762e-05,24.22117621097462,0.6255925143588553
DoE3_R1,10.172672672672672,3.282595017053601e-05,24.22287784527567,0.6263244323349525
DoE3_R1,10.185185185185183,3.2819988048548176e-05,24.224578964815603,0.6270561427307968
DoE3_R1,10.1976976976977,3.281389551953411e-05,24.22627956959443,0.6277876455463884
DoE3_R1,10.21021021021021,3.280767258349381e-05,24.227979659612146,0.6285189407817272
DoE3_R1,10.222722722722724,3.280131924042728e-05,24.22967923486875,0.6292500284368133
DoE3_R1,10.235235235235235,3.2794835490334514e-05,24.231378295364244,0.6299809085116466
DoE3_R1,10.247747747747749,3.278822133321552e-05,24.233076841098622,0.630711581006227
DoE3_R1,10.26026026026026,3.278147676907029e-05,24.234774872071903,0.6314420459205546
DoE3_R1,10.272772772772774,3.2774601797898835e-05,24.236472388284064,0.6321723032546296
DoE3_R1,10.285285285285283,3.276759641970114e-05,24.23816938973512,0.6329023530084518
DoE3_R1,10.2977977977978,3.276046063447722e-05,24.239865876425057,0.6336321951820212
DoE3_R1,10.31031031031031,3.2753194442227066e-05,24.24156184835389,0.6343618297753376
DoE3_R1,10.322822822822824,3.274579784295068e-05,24.24325730552161,0.6350912567884015
DoE3_R1,10.335335335335335,3.273827083664806e-05,24.24495224792822,0.6358204762212125
DoE3_R1,10.347847847847849,3.2730613423319213e-05,24.24664667557372,0.6365494880737708
DoE3_R1,10.36036036036036,3.272282560296413e-05,24.24834058845811,0.6372782923460761
DoE3_R1,10.372872872872874,3.271490737558282e-05,24.25003398658139,0.6380068890381289
DoE3_R1,10.385385385385383,3.270685874117527e-05,24.25172686994356,0.6387352781499287
DoE3_R1,10.3978978978979,3.2698679699741495e-05,24.253419238544613,0.6394634596814759
DoE3_R1,10.41041041041041,3.2690370251281485e-05,24.25511109238456,0.6401914336327702
DoE3_R1,10.422922922922924,3.2681930395795245e-05,24.2568024314634,0.6409192000038119
DoE3_R1,10.435435435435435,3.267336013328277e-05,24.25849325578112,0.6416467587946005
DoE3_R1,10.447947947947949,3.266465946374407e-05,24.260183565337737,0.6423741100051366
DoE3_R1,10.46046046046046,3.2655828387179136e-05,24.261873360133244,0.6431012536354198
DoE3_R1,10.472972972972974,3.264686690358796e-05,24.26356264016764,0.6438281896854503
DoE3_R1,10.485485485485484,3.263777501297057e-05,24.26525140544092,0.6445549181552279
DoE3_R1,10.497997997998,3.262855271532694e-05,24.26693965595309,0.6452814390447529
DoE3_R1,10.51051051051051,3.261920001065707e-05,24.26862739170416,0.6460077523540249
DoE3_R1,10.523023023023024,3.260971689896098e-05,24.27031461269411,0.6467338580830443
DoE3_R1,10.535535535535535,3.260010338023865e-05,24.272001318922957,0.6474597562318107
DoE3_R1,10.548048048048049,3.259035945449009e-05,24.273687510390687,0.6481854468003245
DoE3_R1,10.56056056056056,3.2580485121715304e-05,24.275373187097305,0.6489109297885856
DoE3_R1,10.573073073073074,3.257048038191428e-05,24.277058349042814,0.6496362051965938
DoE3_R1,10.585585585585584,3.2560345235087026e-05,24.278742996227216,0.6503612730243492
DoE3_R1,10.5980980980981,3.255007968123354e-05,24.280427128650505,0.6510861332718518
DoE3_R1,10.61061061061061,3.253968372035382e-05,24.28211074631269,0.6518107859391017
DoE3_R1,10.623123123123124,3.252915735244787e-05,24.283793849213755,0.6525352310260988
DoE3_R1,10.635635635635635,3.2518500577515693e-05,24.28547643735371,0.6532594685328431
DoE3_R1,10.648148148148149,3.250771339555728e-05,24.28715851073256,0.6539834984593347
DoE3_R1,10.66066066066066,3.249679580657263e-05,24.288840069350297,0.6547073208055734
DoE3_R1,10.673173173173174,3.248574781056176e-05,24.29052111320692,0.6554309355715594
DoE3_R1,10.685685685685687,3.247456940752465e-05,24.29220164230244,0.6561543427572927
DoE3_R1,10.6981981981982,3.246326059746131e-05,24.29388165663684,0.6568775423627731
DoE3_R1,10.710710710710712,3.2451821380371736e-05,24.295561156210137,0.6576005343880007
DoE3_R1,10.723223223223224,3.244025175625593e-05,24.29724014102232,0.6583233188329756
DoE3_R1,10.735735735735735,3.24285517251139e-05,24.2989186110734,0.6590458956976977
DoE3_R1,10.748248248248249,3.241672128694563e-05,24.30059656636336,0.6597682649821669
DoE3_R1,10.760760760760762,3.240476044175113e-05,24.30227400689221,0.6604904266863835
DoE3_R1,10.773273273273274,3.2392669189530406e-05,24.303950932659955,0.6612123808103472
DoE3_R1,10.785785785785787,3.238044753028344e-05,24.305627343666583,0.6619341273540582
DoE3_R1,10.7982982982983,3.2368095464010245e-05,24.30730323991211,0.6626556663175163
DoE3_R1,10.810810810810812,3.235561299071082e-05,24.30897862139652,0.6633769977007218
DoE3_R1,10.823323323323324,3.234300011038516e-05,24.31065348811982,0.6640981215036743
DoE3_R1,10.835835835835836,3.233025682303328e-05,24.31232784008201,0.6648190377263742
DoE3_R1,10.848348348348347,3.2317383128655153e-05,24.314001677283088,0.6655397463688213
DoE3_R1,10.860860860860862,3.23043790272508e-05,24.315674999723058,0.6662602474310155
DoE3_R1,10.873373373373374,3.229124451882022e-05,24.31734780740192,0.666980540912957
DoE3_R1,10.885885885885887,3.22779796033634e-05,24.319020100319666,0.6677006268146458
DoE3_R1,10.8983983983984,3.2264584280880346e-05,24.3206918784763,0.6684205051360818
DoE3_R1,10.910910910910912,3.225105855137107e-05,24.322363141871826,0.6691401758772649
DoE3_R1,10.923423423423424,3.2237402414835554e-05,24.324033890506243,0.6698596390381952
DoE3_R1,10.935935935935936,3.222361587127381e-05,24.32570412437955,0.6705788946188729
DoE3_R1,10.948448448448447,3.2209698920685835e-05,24.327373843491745,0.6712979426192978
DoE3_R1,10.960960960960962,3.219565156307163e-05,24.329043047842827,0.6720167830394698
DoE3_R1,10.973473473473474,3.218147379843119e-05,24.3307117374328,0.672735415879389
DoE3_R1,10.985985985985987,3.216716562676452e-05,24.332379912261665,0.6734538411390556
DoE3_R1,10.9984984984985,3.2152727048071615e-05,24.334047572329418,0.6741720588184692
DoE3_R1,11.011011011011012,3.213815806235248e-05,24.335714717636066,0.6748900689176303
DoE3_R1,11.023523523523524,3.2123458669607114e-05,24.33738134818159,0.6756078714365383
DoE3_R1,11.036036036036036,3.210862886983552e-05,24.33904746396601,0.6763254663751938
DoE3_R1,11.048548548548547,3.2093668663037686e-05,24.340713064989323,0.6770428537335963
DoE3_R1,11.061061061061062,3.2078578049213625e-05,24.342378151251527,0.6777600335117462
DoE3_R1,11.073573573573574,3.206335702836333e-05,24.34404272275261,0.6784770057096432
DoE3_R1,11.086086086086087,3.2048005600486806e-05,24.345706779492595,0.6791937703272874
DoE3_R1,11.0985985985986,3.2032523765584046e-05,24.347370321471463,0.6799103273646789
DoE3_R1,11.111111111111112,3.201691152365506e-05,24.349033348689225,0.6806266768218177
DoE3_R1,11.123623623623624,3.200116887469984e-05,24.35069586114587,0.6813428186987035
DoE3_R1,11.136136136136138,3.1985295818718384e-05,24.35235785884141,0.6820587529953367
DoE3_R1,11.14864864864865,3.1969292355710704e-05,24.354019341775835,0.682774479711717
DoE3_R1,11.161161161161164,3.195315848567679e-05,24.35568030994915,0.6834899988478447
DoE3_R1,11.173673673673674,3.193689420861664e-05,24.35734076336136,0.6842053104037195
DoE3_R1,11.186186186186188,3.192049952453026e-05,24.35900070201245,0.6849204143793415
DoE3_R1,11.1986986986987,3.1903974433417645e-05,24.36066012590244,0.6856353107747106
DoE3_R1,11.211211211211213,3.18873189352788e-05,24.362319035031312,0.6863499995898272
DoE3_R1,11.223723723723724,3.187053303011373e-05,24.363977429399075,0.6870644808246908
DoE3_R1,11.236236236236238,3.185361671792242e-05,24.36563530900573,0.6877787544793018
DoE3_R1,11.24874874874875,3.1836569998704884e-05,24.36729267385127,0.6884928205536599
DoE3_R1,11.261261261261264,3.1819392872461114e-05,24.368949523935704,0.6892066790477652
DoE3_R1,11.273773773773774,3.180208533919111e-05,24.370605859259022,0.6899203299616178
DoE3_R1,11.286286286286288,3.1784647398894875e-05,24.37226167982124,0.6906337732952176
DoE3_R1,11.2987987987988,3.176854815721462e-05,24.37391898047554,0.6913473800931251
DoE3_R1,11.311311311311313,3.175471265064353e-05,24.37557901730044,0.6920613839871156
DoE3_R1,11.323823823823824,3.1741071412946865e-05,24.377238980231606,0.6927752623025984
DoE3_R1,11.336336336336338,3.1727624444124626e-05,24.37889886926905,0.6934890150395742
DoE3_R1,11.34884884884885,3.171437174417682e-05,24.380558684412765,0.6942026421980424
DoE3_R1,11.361361361361364,3.170131331310343e-05,24.38221842566276,0.6949161437780034
DoE3_R1,11.373873873873874,3.168844915090447e-05,24.383878093019018,0.695629519779457
DoE3_R1,11.386386386386388,3.167577925757994e-05,24.385537686481552,0.6963427702024032
DoE3_R1,11.3988988988989,3.1663303633129834e-05,24.38719720605036,0.697055895046842
DoE3_R1,11.411411411411413,3.165102227755416e-05,24.38885665172544,0.6977688943127736
DoE3_R1,11.423923923923924,3.16389351908529e-05,24.390516023506795,0.6984817680001976
DoE3_R1,11.436436436436438,3.162704237302608e-05,24.392175321394426,0.6991945161091144
DoE3_R1,11.44894894894895,3.161534382407368e-05,24.39383454538832,0.6999071386395237
DoE3_R1,11.461461461461464,3.1603839543995706e-05,24.395493695488494,0.7006196355914258
DoE3_R1,11.473973973973974,3.1592529532792166e-05,24.397152771694937,0.7013320069648205
DoE3_R1,11.486486486486488,3.158141379046304e-05,24.398811774007655,0.7020442527597078
DoE3_R1,11.498998998999,3.157049231700835e-05,24.40047070242665,0.7027563729760877
DoE3_R1,11.511511511511513,3.1559765112428086e-05,24.402129556951916,0.7034683676139604
DoE3_R1,11.524024024024024,3.1549232176722244e-05,24.40378833758345,0.7041802366733255
DoE3_R1,11.536536536536538,3.1538893509890834e-05,24.40544704432126,0.7048919801541835
DoE3_R1,11.54904904904905,3.152874911193385e-05,24.407105677165344,0.7056035980565339
DoE3_R1,11.561561561561565,3.151879898285129e-05,24.4087642361157,0.7063150903803771
DoE3_R1,11.574074074074074,3.150937767204787e-05,24.41042202839396,0.7070261660842753
DoE3_R1,11.586586586586588,3.150071104281705e-05,24.41207858628683,0.7077366286783328
DoE3_R1,11.5990990990991,3.149236369211488e-05,24.413734811418426,0.7084468569416658
DoE3_R1,11.611611611611613,3.148433561994136e-05,24.415390703788745,0.7091568508742745
DoE3_R1,11.624124124124124,3.147662682629649e-05,24.41704626339779,0.7098666104761586
DoE3_R1,11.636636636636638,3.146923731118026e-05,24.41870149024556,0.7105761357473185
DoE3_R1,11.64914914914915,3.1462167074592684e-05,24.42035638433205,0.7112854266877539
DoE3_R1,11.661661661661665,3.145541611653376e-05,24.422010945657263,0.7119944832974648
DoE3_R1,11.674174174174174,3.1448984437003474e-05,24.42366517422121,0.7127033055764512
DoE3_R1,11.686686686686688,3.144287203600184e-05,24.42531907002387,0.7134118935247133
DoE3_R1,11.6991991991992,3.143707891352885e-05,24.42697263306526,0.714120247142251
DoE3_R1,11.711711711711713,3.1431605069584515e-05,24.42862586334537,0.7148283664290642
DoE3_R1,11.724224224224224,3.142645050416883e-05,24.43027876086421,0.715536251385153
DoE3_R1,11.736736736736738,-3.8802333651062375e-08,24.431494323979315,0.7160559961554641
DoE3_R1,11.74924924924925,-4.223943660671336e-08,24.4314943248341,0.7160559964590861
DoE3_R1,11.761761761761765,-4.346481857965239e-08,24.431494325138846,0.7160559965673322
DoE3_R1,11.774274274274276,-4.3763655217212513e-08,24.43149432521317,0.7160559965937304
DoE3_R1,11.786786786786788,-4.3828646748354087e-08,24.43149432522933,0.7160559965994716
DoE3_R1,11.7992992992993,-4.3893638279495666e-08,24.43149432524549,0.7160559966052127
DoE3_R1,11.811811811811811,-4.3958629810637246e-08,24.431494325261657,0.7160559966109539
DoE3_R1,11.824324324324325,-4.4023621341778826e-08,24.431494325277814,0.716055996616695
DoE3_R1,11.836836836836838,-4.40886128729204e-08,24.431494325293983,0.7160559966224361
DoE3_R1,11.84934934934935,-4.415360440406197e-08,24.431494325310144,0.7160559966281772
DoE3_R1,11.861861861861865,-4.421859593520355e-08,24.43149432532631,0.7160559966339184
DoE3_R1,11.874374374374376,-4.428358746634513e-08,24.43149432534247,0.7160559966396595
DoE3_R1,11.886886886886888,-4.434857899748671e-08,24.431494325358635,0.7160559966454006
DoE3_R1,11.8993993993994,-4.441357052862829e-08,24.4314943253748,0.7160559966511417
DoE3_R1,11.911911911911911,-4.447856205976986e-08,24.43149432539096,0.7160559966568829
DoE3_R1,11.924424424424425,-4.4543553590911444e-08,24.43149432540712,0.7160559966626241
DoE3_R1,11.936936936936938,-4.459354928755101e-08,24.43149432541956,0.7160559966670405
DoE3_R1,11.94944944944945,-4.4603695644733454e-08,24.431494325422083,0.7160559966679367
DoE3_R1,11.961961961961965,-4.46138420019159e-08,24.431494325424605,0.716055996668833
DoE3_R1,11.974474474474476,-4.4623988359098333e-08,24.431494325427128,0.7160559966697293
DoE3_R1,11.986986986986988,-4.463413471628078e-08,24.431494325429654,0.7160559966706256
DoE3_R1,11.9994994994995,-4.4644281073463213e-08,24.431494325432176,0.716055996671522
DoE3_R1,12.012012012012011,-4.4654427430645657e-08,24.4314943254347,0.7160559966724183
DoE3_R1,12.024524524524525,-4.4664573787828087e-08,24.43149432543722,0.7160559966733145
DoE3_R1,12.037037037037038,-4.4674720145010537e-08,24.431494325439747,0.7160559966742108
DoE3_R1,12.04954954954955,-4.4684866502192967e-08,24.43149432544227,0.7160559966751071
DoE3_R1,12.062062062062065,-4.4695012859375416e-08,24.431494325444792,0.7160559966760034
DoE3_R1,12.074574574574577,-4.470515921655785e-08,24.431494325447314,0.7160559966768997
DoE3_R1,12.087087087087088,-4.4715305573740296e-08,24.43149432544984,0.716055996677796
DoE3_R1,12.0995995995996,-4.472363253649278e-08,24.43149432545191,0.7160559966785316
DoE3_R1,12.112112112112111,-4.4725216566938985e-08,24.431494325452302,0.7160559966786715
DoE3_R1,12.124624624624625,-4.4726800597385196e-08,24.431494325452697,0.7160559966788114
DoE3_R1,12.137137137137138,-4.4728384627831394e-08,24.43149432545309,0.7160559966789514
DoE3_R1,12.14964964964965,-4.47299686582776e-08,24.431494325453485,0.7160559966790913
DoE3_R1,12.162162162162163,-4.47315526887238e-08,24.43149432545388,0.7160559966792311
DoE3_R1,12.174674674674677,-4.4733136719170006e-08,24.431494325454278,0.7160559966793711
DoE3_R1,12.187187187187188,-4.473472074961621e-08,24.43149432545467,0.716055996679511
DoE3_R1,12.1996996996997,-4.4736304780062415e-08,24.431494325455063,0.7160559966796509
DoE3_R1,12.212212212212211,-4.4737888810508626e-08,24.431494325455457,0.7160559966797909
DoE3_R1,12.224724724724725,-4.473947284095482e-08,24.43149432545585,0.7160559966799308
DoE3_R1,12.237237237237238,-4.4741056871401034e-08,24.43149432545624,0.7160559966800707
DoE3_R1,12.24974974974975,-4.4742640901847225e-08,24.43149432545664,0.7160559966802107
DoE3_R1,12.262262262262263,-4.4744224932293436e-08,24.43149432545703,0.7160559966803506
DoE3_R1,12.274774774774777,-4.4745808962739634e-08,24.431494325457425,0.7160559966804906
DoE3_R1,12.287287287287288,-4.4747392993185845e-08,24.43149432545782,0.7160559966806305
DoE3_R1,12.2997997997998,-4.474897702363204e-08,24.43149432545821,0.7160559966807704
DoE3_R1,12.312312312312311,-4.4750561054078247e-08,24.43149432545861,0.7160559966809104
DoE3_R1,12.324824824824825,-4.475214508452445e-08,24.431494325459003,0.7160559966810502
DoE3_R1,12.337337337337338,-4.4753729114970655e-08,24.4314943254594,0.7160559966811901
DoE3_R1,12.34984984984985,-4.4755313145416866e-08,24.431494325459788,0.7160559966813301
DoE3_R1,12.362362362362363,-4.475689717586306e-08,24.431494325460186,0.71605599668147
DoE3_R1,12.374874874874877,-4.4758481206309274e-08,24.431494325460577,0.7160559966816099
DoE3_R1,12.387387387387388,-4.476006523675547e-08,24.43149432546097,0.7160559966817499
DoE3_R1,12.3998998998999,-4.476164926720168e-08,24.431494325461365,0.7160559966818898
DoE3_R1,12.412412412412412,-4.476323329764788e-08,24.43149432546176,0.7160559966820297
DoE3_R1,12.424924924924923,-4.4764817328094085e-08,24.431494325462157,0.7160559966821697
DoE3_R1,12.437437437437438,-4.476640135854028e-08,24.43149432546255,0.7160559966823096
DoE3_R1,12.44994994994995,-4.4767985388986493e-08,24.43149432546294,0.7160559966824496
DoE3_R1,12.462462462462463,-4.476956941943269e-08,24.431494325463333,0.7160559966825895
DoE3_R1,12.474974974974977,-4.4771153449878895e-08,24.431494325463728,0.7160559966827293
DoE3_R1,12.487487487487488,-4.47727374803251e-08,24.43149432546412,0.7160559966828693
DoE3_R1,12.5,-4.47743215107713e-08,24.43149432546452,0.7160559966830092
DoE3_R2,0.0,0.0,23.59999999999999,0.0
DoE3_R2,0.0125125125125125,0.0019666982435239,23.638994672420065,0.0131745976786336
DoE3_R2,0.025025025025025,0.0019973071331783,23.67912395507504,0.0266519863444268
DoE3_R2,0.0375375375375375,0.002028429152958,23.719428815719255,0.0401759514167478
DoE3_R2,0.05005005005005,0.00205993249307,23.759824479451893,0.0537163917971418
DoE3_R2,0.0625625625625625,0.0020921925478302,23.800400338210174,0.0672895267544788
DoE3_R2,0.075075075075075,0.0021251318528909,23.841093118799566,0.0808454942288484
DoE3_R2,0.0875875875875876,0.0021587156728744,23.88191252586156,0.0944014466197939
DoE3_R2,0.1001001001001001,0.0021929323731759,23.92286180996308,0.1079631291186749
DoE3_R2,0.1126126126126126,0.0022277819537953,23.963940971104112,0.1215305417254913
DoE3_R2,0.1251251251251251,0.0022633932137389,24.00515747406228,0.1351264393453223
DoE3_R2,0.1376376376376376,0.0022997611911695,24.0465110312654,0.148749945370971
DoE3_R2,0.1501501501501501,0.0023368392686381,24.08799894091553,0.1623928239032995
DoE3_R2,0.1626626626626626,0.0023746274461448,24.129621203012668,0.1760550749423077
DoE3_R2,0.1751751751751752,0.0024132339007624,24.17137890058971,0.1897149599547495
DoE3_R2,0.1876876876876877,0.0024527190343666,24.21327263837013,0.2033603409879946
DoE3_R2,0.2002002002002002,0.0024930034817728,24.255301621776105,0.2170071667330488
DoE3_R2,0.2127127127127127,0.0025340872429809,24.29746585080763,0.2306554371899123
DoE3_R2,0.2252252252252252,0.0025761138803044,24.339763300127903,0.2443067066312647
DoE3_R2,0.2377377377377377,0.0026192849090407,24.382191126815712,0.2579631567558667
DoE3_R2,0.2502502502502503,0.0026633680622261,24.424752607628143,0.2716222729330499
DoE3_R2,0.2627627627627628,0.0027083633398606,24.4674477425652,0.2852840551628144
DoE3_R2,0.2752752752752753,0.002754270741944,24.51027653162688,0.2989485034451602
DoE3_R2,0.2877877877877878,0.0028010902684765,24.553238974813187,0.3126156177800872
DoE3_R2,0.3003003003003003,0.002848821919458,24.59633507212412,0.3262853981675955
DoE3_R2,0.3128128128128128,0.002897811429295,24.639560480382546,0.3399935999984033
DoE3_R2,0.3253253253253253,0.0029484458499934,24.68291033737231,0.353780251674186
DoE3_R2,0.3378378378378379,0.0030002395145946,24.72639074412815,0.3675951261665277
DoE3_R2,0.3503503503503504,0.0030531924230986,24.77000170065007,0.381438223475428
DoE3_R2,0.3628628628628629,0.0031073045755054,24.813743206938067,0.3953095436008873
DoE3_R2,0.3753753753753754,0.0031625759718152,24.85761526299214,0.4092090865429053
DoE3_R2,0.3878878878878879,0.0032190066120277,24.90161786881229,0.4231368523014822
DoE3_R2,0.4004004004004004,0.0032770586308341,24.94574292363425,0.4370612117054211
DoE3_R2,0.4129129129129129,0.0033371388963756,24.989983295461705,0.4509543181066691
DoE3_R2,0.4254254254254254,0.0033986811272849,25.03434891064721,0.4648549286265979
DoE3_R2,0.4379379379379379,0.0034616853235621,25.07883976919078,0.4787630432652074
DoE3_R2,0.4504504504504504,0.0035261514852071,25.123455871092407,0.4926786620224977
DoE3_R2,0.4629629629629629,0.00359207961222,25.16819721635209,0.506601784898469
DoE3_R2,0.4754754754754755,0.0036594697046007,25.213063804969835,0.5205324118931209
DoE3_R2,0.487987987987988,0.0037291298712404,25.25804719467115,0.5344580031674614
DoE3_R2,0.5005005005005005,0.0038015781076322,25.30314197398218,0.5483705207204809
DoE3_R2,0.513013013013013,0.0038759369295866,25.3483573099378,0.5622835809231629
DoE3_R2,0.5255255255255256,0.0039522063371033,25.393693202538007,0.5761971837755077
DoE3_R2,0.5380380380380381,0.0040303863301825,25.43914965178281,0.590111329277515
DoE3_R2,0.5505505505505506,0.0041104769088242,25.4847266576722,0.6040260174291848
DoE3_R2,0.5630630630630631,0.0041924780730283,25.53042422020618,0.6179412482305173
DoE3_R2,0.5755755755755756,0.0042763898227949,25.57624233938475,0.6318570216815125
DoE3_R2,0.5880880880880881,0.0043647067614994,25.622164975062155,0.6457655821537532
DoE3_R2,0.6006006006006006,0.0044561166410987,25.66820056491233,0.6596710093772333
DoE3_R2,0.6131131131131131,0.0045501530553306,25.71435210789876,0.6735747533915449
DoE3_R2,0.6256256256256256,0.004646816004195,25.76061960402144,0.6874768141966882
DoE3_R2,0.6381381381381381,0.0047461054876919,25.80700305328037,0.7013771917926629
DoE3_R2,0.6506506506506506,0.0048480215058215,25.85350245567556,0.7152758861794692
DoE3_R2,0.6631631631631631,0.0049525640585835,25.900117811207,0.7291728973571072
DoE3_R2,0.6756756756756758,0.0050603382909578,25.94684661878973,0.7430672827351017
DoE3_R2,0.6881881881881883,0.0051738257012867,25.993678622305964,0.756955177063338
DoE3_R2,0.7007007007007008,0.0052912421470835,26.04062119567781,0.7708393593712571
DoE3_R2,0.7132132132132133,0.0054127352199725,26.08767372890403,0.7847195997660832
DoE3_R2,0.7257257257257258,0.0055384525115776,26.13483561198336,0.7985956683550404
DoE3_R2,0.7382382382382383,0.0056685416135231,26.18210623491457,0.812467335245353
DoE3_R2,0.7507507507507508,0.0058031501174332,26.229484987696413,0.8263343705442451
DoE3_R2,0.7632632632632633,0.0059424256149318,26.27697126032763,0.8401965443589411
DoE3_R2,0.7757757757757758,0.0060880962637353,26.32456469435206,0.8540711084564678
DoE3_R2,0.7882882882882883,0.0062405218137108,26.372264713533152,0.8679601794945956
DoE3_R2,0.8008008008008008,0.0063989576357461,26.420070565873885,0.8818536592811732
DoE3_R2,0.8133133133133134,0.0065636315592616,26.467981654142758,0.8957522053838518
DoE3_R2,0.8258258258258259,0.0067347714136779,26.51599738110825,0.9096564753702822
DoE3_R2,0.8383383383383384,0.0069126050284154,26.564117149538877,0.9235671268081151
DoE3_R2,0.8508508508508509,0.0070973602328946,26.61234036220312,0.937484817265002
DoE3_R2,0.8633633633633634,0.0072892648565359,26.66066642186948,0.9514102043085938
DoE3_R2,0.8758758758758759,0.0074885467287597,26.70909473130646,0.965343945506541
DoE3_R2,0.8883883883883884,0.0076954336789866,26.75762469328255,0.979286698426495
DoE3_R2,0.9009009009009008,0.0079182570569292,26.806249991274345,0.993202702606422
DoE3_R2,0.9134134134134134,0.0081521321528157,26.854973636371536,1.0071155918758137
DoE3_R2,0.925925925925926,0.0083970918873336,26.90379516890504,1.0210268997416376
DoE3_R2,0.9384384384384384,0.0086536055045889,26.95271382125803,1.0349361988298322
DoE3_R2,0.9509509509509512,0.0089221422486873,27.001728825813647,1.048843061766336
DoE3_R2,0.9634634634634636,0.009203171363735,27.050839414955053,1.0627470611770875
DoE3_R2,0.975975975975976,0.0094971620938378,27.100044821065406,1.076647769688026
DoE3_R2,0.9884884884884886,0.0098045836831016,27.149344276527863,1.0905447599250893
DoE3_R2,1.001001001001001,0.0101259053756324,27.19873701372558,1.1044376045142164
DoE3_R2,1.0135135135135136,0.0104653408476345,27.248220878736653,1.1183309566546495
DoE3_R2,1.026026026026026,0.0108319096406383,27.29779193835857,1.1322359903077734
DoE3_R2,1.0385385385385386,0.0112198396180706,27.347451735727464,1.1461438095811454
DoE3_R2,1.0510510510510511,0.0116303390631809,27.39719922961125,1.1600549898542438
DoE3_R2,1.0635635635635636,0.0120646162592187,27.44703337877784,1.173970106506548
DoE3_R2,1.076076076076076,0.0125238794894335,27.49695314199514,1.1878897349175368
DoE3_R2,1.0885885885885886,0.013009337037075,27.546957478031064,1.2018144504666894
DoE3_R2,1.1011011011011012,0.0135289169280655,27.59704253001083,1.2157385751284733
DoE3_R2,1.1136136136136137,0.0140918137766017,27.647203910345876,1.229655252187956
DoE3_R2,1.1261261261261262,0.0146924162335612,27.697443435301626,1.243571403387167
DoE3_R2,1.138638638638639,0.0153328827303903,27.747759665523944,1.2574867198959092
DoE3_R2,1.1511511511511512,0.016015371698535,27.79815116165867,1.2714008928839848
DoE3_R2,1.1636636636636637,0.0167420415694414,27.84861648435165,1.2853136135211969
DoE3_R2,1.1761761761761762,0.0175150507745554,27.899154194248737,1.2992245729773482
DoE3_R2,1.1886886886886887,0.0183489138489205,27.94975800123356,1.3131301814760843
DoE3_R2,1.2012012012012012,0.0192547065318681,28.00042296519304,1.3270277623528184
DoE3_R2,1.2137137137137135,0.0202280280588828,28.051150221783796,1.3409187484565646
DoE3_R2,1.2262262262262262,0.0212731595606846,28.101937498321856,1.3548022673116389
DoE3_R2,1.2387387387387387,0.0223943821679931,28.152782522123275,1.368677446442358
DoE3_R2,1.2512512512512513,0.0235985015997715,28.203682065679885,1.3825434974817696
DoE3_R2,1.2637637637637638,0.0249161436076205,28.25462389251201,1.3964004256468816
DoE3_R2,1.2762762762762765,0.0263381394816937,28.305610816798197,1.41024691036952
DoE3_R2,1.2887887887887888,0.0278711356515786,28.356639671275083,1.4240821579758765
DoE3_R2,1.3013013013013013,0.0295217785468631,28.407707288679333,1.4379053747921424
DoE3_R2,1.3138138138138138,0.0312967145971349,28.458810501747603,1.4517157671445091
DoE3_R2,1.3263263263263263,0.0332229733115697,28.5099385504666,1.4655134893546746
DoE3_R2,1.338838838838839,0.0353090177470133,28.561087590874628,1.479297832238245
DoE3_R2,1.3513513513513515,0.0375571165133016,28.61225608645753,1.4930677985136385
DoE3_R2,1.363863863863864,0.0399764239940899,28.663439935732587,1.5068227111493415
DoE3_R2,1.3763763763763766,0.0425760945730331,28.71463503721706,1.5205618931138412
DoE3_R2,1.388888888888889,0.0453693304073274,28.76583592088036,1.5342876598170705
DoE3_R2,1.4014014014014016,0.0483782595804245,28.81703409884584,1.548008925435273
DoE3_R2,1.413913913913914,0.0516076691622597,28.86822694621484,1.5617217842655546
DoE3_R2,1.4264264264264266,0.0550699966404325,28.91940925149072,1.5754279864122631
DoE3_R2,1.438938938938939,0.0587780111385253,28.970575691051085,1.5891295271518762
DoE3_R2,1.4514514514514516,0.0627448134161037,29.021720829147764,1.6028286469329995
DoE3_R2,1.463963963963964,0.0669650148977681,29.072845789514457,1.6164978220473458
DoE3_R2,1.4764764764764766,0.0714578020393507,29.123942990024943,1.6301484291390191
DoE3_R2,1.4889889889889891,0.0762370478268251,29.17500673748931,1.6437830891156893
DoE3_R2,1.5015015015015016,0.0813145216144543,29.22603208983908,1.6574007851145771
DoE3_R2,1.514014014014014,0.0867021165707081,29.277014066548112,1.671000414081042
DoE3_R2,1.5265265265265269,0.0924118496782628,29.32794764863262,1.6845807867685798
DoE3_R2,1.5390390390390392,0.0984558617340011,29.378827778651143,1.6981406277388258
DoE3_R2,1.5515515515515517,0.1048144241292414,29.42966260965966,1.7116797064989877
DoE3_R2,1.5640640640640642,0.1115118616371076,29.480442064249782,1.7251961532109992
DoE3_R2,1.576576576576577,0.1185589604396569,29.53116168439785,1.7386884948865955
DoE3_R2,1.5890890890890892,0.125964130052743,29.58181800911545,1.752155260751475
DoE3_R2,1.6016016016016017,0.1337355746775171,29.63240767525457,1.7655949054760016
DoE3_R2,1.6141141141141142,0.141881293200428,29.682927417507617,1.7790058091752072
DoE3_R2,1.6266266266266267,0.150409079193222,29.733374068407414,1.7923862774087904
DoE3_R2,1.6391391391391392,0.1593053932738418,29.783753038124217,1.8057323980399729
DoE3_R2,1.6516516516516515,0.1685871065331381,29.83405754670488,1.8190432899746596
DoE3_R2,1.6641641641641642,0.1782594595414031,29.88428549766151,1.8323168386157211
DoE3_R2,1.6766766766766767,0.1883268051508535,29.9344351662363,1.8455507855892035
DoE3_R2,1.6891891891891893,0.1987930877394816,29.98450500705204,1.858742777357762
DoE3_R2,1.7017017017017018,0.2096618432110553,30.03449365411209,1.8718903652206675
DoE3_R2,1.7142142142142145,0.2209362697509316,30.08439989782279,1.8849914439156368
DoE3_R2,1.7267267267267268,0.2326228018887327,30.13422152433217,1.898066406553649
DoE3_R2,1.7392392392392393,0.2447219298514261,30.183958296904965,1.9111012355346535
DoE3_R2,1.7517517517517518,0.257235978607842,30.233609429711866,1.9240957233651248
DoE3_R2,1.7642642642642643,0.2701669000598031,30.283174304805826,1.9370497868707544
DoE3_R2,1.7767767767767768,0.283516273042125,30.33265247212205,1.9499634671964532
DoE3_R2,1.789289289289289,0.2972853033226157,30.382043649477996,1.9628369298063504
DoE3_R2,1.8018018018018016,0.3114753656569733,30.431347469875515,1.975671334479004
DoE3_R2,1.8143143143143143,0.3260967300495753,30.48055944594857,1.988478947589176
DoE3_R2,1.8268268268268268,0.3411479260949273,30.5296805779762,2.0012514620786463
DoE3_R2,1.8393393393393396,0.3566316298697458,30.578709915046108,2.013989401908654
DoE3_R2,1.851851851851852,0.3725505174507474,30.627646506245977,2.026693291040438
DoE3_R2,1.8643643643643644,0.3889072649146489,30.6764894006635,2.0393636534352373
DoE3_R2,1.876876876876877,0.4057045483381669,30.72523764738637,2.052001013054291
DoE3_R2,1.8893893893893896,0.4229429068962503,30.773890927425125,2.0646104976119624
DoE3_R2,1.901901901901902,0.4406100175481252,30.82245272539422,2.077224945252138
DoE3_R2,1.9144144144144144,0.4587209083380701,30.8709184376676,2.089818268788028
DoE3_R2,1.9269269269269271,0.4772778716638292,30.91928722679418,2.102391818780996
DoE3_R2,1.93943943943944,0.4962831999231468,30.96755825532289,2.114946945792405
DoE3_R2,1.951951951951952,0.5157391855137672,31.015730685802644,2.1274850003836208
DoE3_R2,1.9644644644644649,0.5356481208334347,31.063803680782375,2.140007333116005
DoE3_R2,1.9769769769769767,0.5560122982798936,31.11177640281101,2.152515294550923
DoE3_R2,1.9894894894894897,0.5768340102508882,31.15964801443746,2.1650102352497376
DoE3_R2,2.002002002002002,0.5981155491441627,31.20741767821066,2.1774935057738127
DoE3_R2,2.0145145145145147,0.6198592073574614,31.255084556679527,2.189966456684512
DoE3_R2,2.027027027027027,0.6420672772885286,31.302647812392983,2.2024304385432
DoE3_R2,2.03953953953954,0.6647238182013416,31.3501095941437,2.214845292251139
DoE3_R2,2.052052052052052,0.6878390837498798,31.397467760576838,2.227230493012692
DoE3_R2,2.0645645645645647,0.711419223381884,31.444720842529204,2.239596172372042
DoE3_R2,2.077077077077077,0.7354660408482714,31.49186808258088,2.251942568434299
DoE3_R2,2.0895895895895897,0.7599813398999584,31.538908723311923,2.2642699193045703
DoE3_R2,2.1021021021021022,0.7849669242878623,31.585842007302404,2.276578463087964
DoE3_R2,2.1146146146146148,0.8104245977628994,31.632667177132387,2.2888684378895885
DoE3_R2,2.1271271271271277,0.8363561640759871,31.679383475381933,2.3011400818145527
DoE3_R2,2.13963963963964,0.8627634269780418,31.725990144631115,2.313393632967964
DoE3_R2,2.1521521521521523,0.8896481902199805,31.77248642746,2.3256293294549306
DoE3_R2,2.164664664664665,0.91701225755272,31.81887156644865,2.337847409380561
DoE3_R2,2.1771771771771773,0.9455477944087404,31.865072888470472,2.350035519088368
DoE3_R2,2.18968968968969,0.9761202846503906,31.910999665634684,2.3621781437030296
DoE3_R2,2.2022022022022023,1.008283099391306,31.956697854223552,2.3742837004580912
DoE3_R2,2.214714714714715,1.0422154505304713,32.00214821602269,2.386349191645947
DoE3_R2,2.2272272272272278,1.078096549966871,32.0473315128177,2.398371619558993
DoE3_R2,2.23973973973974,1.1148340247412287,32.09235820269371,2.410346626769741
DoE3_R2,2.2522522522522523,1.1522619518956616,32.13724424973798,2.4222708465140315
DoE3_R2,2.264764764764765,1.1908366843380964,32.18194214852057,2.4341415774342345
DoE3_R2,2.2772772772772774,1.2305296000877446,32.2264538590074,2.445955599583657
DoE3_R2,2.28978978978979,1.271312077163817,32.2707813411644,2.4577096930156084
DoE3_R2,2.3023023023023024,1.312596791703932,32.314986757020485,2.4694238703854854
DoE3_R2,2.314814814814815,1.3544849977733553,32.35905807194776,2.48108951108732
DoE3_R2,2.3273273273273274,1.3969439627414573,32.402997688848906,2.4927035661083217
DoE3_R2,2.33983983983984,1.4398800479317584,32.44681457346403,2.504265519102895
DoE3_R2,2.3523523523523524,1.4832282552362024,32.49051497648813,2.515774917261799
DoE3_R2,2.364864864864865,1.527291641594613,32.53407025803581,2.527232124270596
DoE3_R2,2.3773773773773774,1.5718014606214734,32.577505983564066,2.5386362353240437
DoE3_R2,2.38988988988989,1.6167066855079075,32.62082707932815,2.5499868286068845
DoE3_R2,2.4024024024024024,1.6619562894450397,32.6640384715833,2.561283482303864
DoE3_R2,2.414914914914915,1.707656646287305,32.707129700297536,2.5725382804914445
DoE3_R2,2.4274274274274275,1.7541307692025114,32.75006912843352,2.583780519802489
DoE3_R2,2.43993993993994,1.8010743109150986,32.7928864449214,2.59498965145239
DoE3_R2,2.4524524524524525,1.848472477011405,32.83558303421407,2.6061681323838464
DoE3_R2,2.464964964964965,1.8963104730777685,32.87816028076441,2.6173184195395547
DoE3_R2,2.477477477477477,1.944573504700528,32.920619569025334,2.628442969862211
DoE3_R2,2.48998998998999,1.9932467774660207,32.96296228344972,2.639544240294513
DoE3_R2,2.5025025025025025,2.042586374899296,33.005160748448326,2.6506171491441948
DoE3_R2,2.515015015015015,2.0924537628877764,33.04722962338629,2.6616675970763355
DoE3_R2,2.5275275275275275,2.142833527385011,33.08917035919131,2.6726980582782462
DoE3_R2,2.54004004004004,2.193728528706096,33.130982446300216,2.6837104983548787
DoE3_R2,2.5525525525525525,2.245141627166126,33.17266537514987,2.694706882911185
DoE3_R2,2.565065065065065,2.2970756830801973,33.21421863617712,2.7056891775521192
DoE3_R2,2.5775775775775776,2.3495491309992533,33.255638903849096,2.7166410528337965
DoE3_R2,2.59009009009009,2.402572415935544,33.29692429721739,2.727555564620351
DoE3_R2,2.6026026026026026,2.4561399855117334,33.33807582781352,2.7384445609032877
DoE3_R2,2.615115115115115,2.5102565614203334,33.37909264951962,2.749307820728224
DoE3_R2,2.627627627627628,2.5649268653538573,33.41997391621784,2.7601451231407816
DoE3_R2,2.64014014014014,2.6201556190048167,33.46071878179031,2.77095624718658
DoE3_R2,2.6526526526526526,2.6759432371130574,33.501326367424355,2.78173876744016
DoE3_R2,2.665165165165165,2.7322659815190917,33.54179690688095,2.7924817718059733
DoE3_R2,2.677677677677678,2.7891382387244645,33.582131187205015,2.803194651091208
DoE3_R2,2.6901901901901906,2.8465600087291727,33.62232920839654,2.813877405295863
DoE3_R2,2.702702702702703,2.904531291533218,33.66239097045553,2.824530034419938
DoE3_R2,2.715215215215216,2.9630520871366,33.702316473382,2.835152538463434
DoE3_R2,2.727727727727728,3.022122395539319,33.742105717175924,2.8457449174263507
DoE3_R2,2.7402402402402406,3.0817658525122797,33.78173116135796,2.8562719137722
DoE3_R2,2.752752752752753,3.141967517646974,33.821210214542106,2.8667558141444003
DoE3_R2,2.7652652652652656,3.2027214535491613,33.860549795,2.877205475368269
DoE3_R2,2.777777777777778,3.26402766021884,33.89974990273162,2.887620897443807
DoE3_R2,2.79029029029029,3.325886137656012,33.938810537737,2.8980020803710134
DoE3_R2,2.802802802802803,3.388296885860675,33.97773170001611,2.9083490241498886
DoE3_R2,2.815315315315316,3.451259904832831,34.01651338956897,2.9186617287804326
DoE3_R2,2.827827827827828,3.5147751945724792,34.055155606395566,2.928940194262646
DoE3_R2,2.8403403403403407,3.578842755079619,34.093658350495915,2.9391844205965274
DoE3_R2,2.852852852852853,3.643462586354252,34.132021621869995,2.949394407782078
DoE3_R2,2.8653653653653657,3.708634688396376,34.17024542051783,2.9595701558192973
DoE3_R2,2.877877877877878,3.774359061205993,34.2083297464394,2.9697116647081856
DoE3_R2,2.8903903903903907,3.8406357047831023,34.24627459963472,2.9798189344487422
DoE3_R2,2.902902902902903,3.907464619127704,34.28407998010377,2.989891965040968
DoE3_R2,2.915415415415416,3.9748458042397967,34.321745887846575,2.9999307564848627
DoE3_R2,2.927927927927928,4.042779260119382,34.35927232286311,3.0099353087804257
DoE3_R2,2.9404404404404407,4.11126498676646,34.3966592851534,3.019905621927658
DoE3_R2,2.952952952952953,4.18030298418103,34.43390677471743,3.029841695926559
DoE3_R2,2.9654654654654657,4.249893252363092,34.4710147915552,3.039743530777129
DoE3_R2,2.9779779779779783,4.320035791312646,34.507983335666715,3.049611126479367
DoE3_R2,2.9904904904904908,4.390730601029693,34.54481240705197,3.0594444830332743
DoE3_R2,3.0030030030030037,4.462048998120863,34.581449586778255,3.06927133889768
DoE3_R2,3.015515515515516,4.533931912695618,34.61793829223128,3.07906871895074
DoE3_R2,3.0280280280280283,4.606374143692673,34.65428234628056,3.088834600249539
DoE3_R2,3.040540540540541,4.679375691112028,34.69048174892609,3.0985689827940748
DoE3_R2,3.0530530530530533,4.752936554953684,34.726536500167875,3.1082718665843485
DoE3_R2,3.065565565565566,4.82705673521764,34.76244660000592,3.11794325162036
DoE3_R2,3.0780780780780783,4.901736231903896,34.798212048440206,3.1275831379021084
DoE3_R2,3.090590590590591,4.976975045012452,34.83383284547075,3.1371915254295946
DoE3_R2,3.1031031031031038,5.052773174543309,34.869308991097554,3.1467684142028185
DoE3_R2,3.115615615615616,5.129130620496466,34.90464048532061,3.15631380422178
DoE3_R2,3.1281281281281283,5.2060473828719225,34.93982732813993,3.165827695486479
DoE3_R2,3.140640640640641,5.28352346166968,34.97486951955549,3.175310087996916
DoE3_R2,3.1531531531531534,5.361558856889737,35.00976705956731,3.1847609817530897
DoE3_R2,3.165665665665666,5.440153568532095,35.044519948175385,3.1941803767550017
DoE3_R2,3.1781781781781784,5.519307596596753,35.07912818537971,3.203568273002651
DoE3_R2,3.190690690690691,5.599020941083711,35.113591771180296,3.212924670496038
DoE3_R2,3.2032032032032034,5.67929360199297,35.14791070557713,3.2222495692351623
DoE3_R2,3.215715715715716,5.760125579324528,35.182084988570224,3.2315429692200244
DoE3_R2,3.2282282282282284,5.841516873078387,35.216114620159566,3.2408048704506243
DoE3_R2,3.240740740740741,5.923467483254546,35.24999960034517,3.250035272926961
DoE3_R2,3.253253253253253,6.005980616542939,35.28373724955137,3.259235396895338
DoE3_R2,3.265765765765766,6.089101869401116,35.31728946644621,3.268422593240889
DoE3_R2,3.2782782782782784,6.172789698466255,35.350690965512854,3.277581053408408
DoE3_R2,3.290790790790791,6.2570444347971215,35.383941470111814,3.2867109033761586
DoE3_R2,3.3033033033033035,6.341866409452482,35.41704070360363,3.2958122691224063
DoE3_R2,3.315815815815816,6.427255953491101,35.449988389348825,3.3048852766254164
DoE3_R2,3.3283283283283285,6.513213397971746,35.48278425070793,3.313930051863454
DoE3_R2,3.340840840840841,6.599739073953181,35.51542801104147,3.3229467208147843
DoE3_R2,3.353353353353353,6.686833312494174,35.547919393709975,3.3319354094576723
DoE3_R2,3.365865865865866,6.774496444653488,35.58025812207398,3.3408962437703837
DoE3_R2,3.3783783783783785,6.862728801489891,35.612443919494,3.349829349731182
DoE3_R2,3.390890890890891,6.951530714062148,35.644476509330566,3.358734853318334
DoE3_R2,3.4034034034034035,7.040902513429025,35.676355614944214,3.3676128805101047
DoE3_R2,3.415915915915916,7.130844530649288,35.708080959695465,3.376463557284758
DoE3_R2,3.4284284284284285,7.221357096781702,35.73965226694486,3.3852870096205607
DoE3_R2,3.440940940940941,7.312440542885033,35.77106926005291,3.3940833634957768
DoE3_R2,3.4534534534534536,7.404095200018048,35.80233166238015,3.402852744888672
DoE3_R2,3.465965965965966,7.496321399239512,35.83343919728711,3.41159527977751
DoE3_R2,3.4784784784784786,7.58911947160819,35.86439158813432,3.420311094140559
DoE3_R2,3.490990990990991,7.682489748182848,35.8951885582823,3.429000313956081
DoE3_R2,3.503503503503504,7.776432560022254,35.92582983109159,3.4376630652023428
DoE3_R2,3.516016016016016,7.870929444537777,35.95632015455541,3.446290609775557
DoE3_R2,3.5285285285285286,7.965922561530778,35.98667480458758,3.4548556370001133
DoE3_R2,3.541041041041041,8.061483153514825,36.01687454580115,3.463391718461747
DoE3_R2,3.5535535535535536,8.157611424794295,36.04691913544546,3.4718989203546244
DoE3_R2,3.566066066066066,8.25430757967357,36.07680833076985,3.480377308872913
DoE3_R2,3.578578578578578,8.351571822457032,36.10654188902364,3.488826950210777
DoE3_R2,3.591091091091091,8.449404357449058,36.13611956745616,3.4972479105623853
DoE3_R2,3.603603603603604,8.547805388954032,36.16554112331675,3.5056402561219024
DoE3_R2,3.616116116116116,8.646775121276335,36.194806313854734,3.514004053083496
DoE3_R2,3.6286286286286287,8.746313758720342,36.22391489631946,3.5223393676413317
DoE3_R2,3.641141141141141,8.846421505590438,36.25286662796024,3.530646265989575
DoE3_R2,3.6536536536536537,8.947098566191002,36.28166126602641,3.538924814322394
DoE3_R2,3.666166166166166,9.048345144826412,36.31029856776732,3.547175078833954
DoE3_R2,3.678678678678679,9.150161445801055,36.33877829043228,3.5553971257184216
DoE3_R2,3.691191191191191,9.252547673419306,36.36710019127064,3.563591021169964
DoE3_R2,3.703703703703704,9.355504031985546,36.39526402753172,3.571756831382745
DoE3_R2,3.716216216216216,9.459030725804158,36.423269556464845,3.5798946225509343
DoE3_R2,3.7287287287287287,9.56312795917952,36.451116535319365,3.5880044608686963
DoE3_R2,3.7412412412412417,9.667795936416018,36.47880472134461,3.5960864125301977
DoE3_R2,3.753753753753754,9.773034861818024,36.5063338717899,3.604140543729605
DoE3_R2,3.7662662662662663,9.87884493968992,36.53370374390458,3.612166920661084
DoE3_R2,3.778778778778779,9.985226374336092,36.56091409493797,3.6201656095188017
DoE3_R2,3.791291291291292,10.092179370060917,36.58796468213941,3.628136676496924
DoE3_R2,3.803803803803804,10.199704131168772,36.61485526275823,3.6360801877896174
DoE3_R2,3.8163163163163167,10.307800861964042,36.64158559404376,3.6439962095910494
DoE3_R2,3.828828828828829,10.416469766751106,36.66815543324534,3.6518848080953847
DoE3_R2,3.8413413413413418,10.525711049834346,36.69456453761229,3.6597460494967904
DoE3_R2,3.8538538538538543,10.63552491551814,36.72081266439395,3.667579999989433
DoE3_R2,3.866366366366367,10.745911568106871,36.746899570839645,3.675386725767478
DoE3_R2,3.8788788788788793,10.85687121190492,36.77282501419872,3.683166293025093
DoE3_R2,3.891391391391392,10.968404051216664,36.798588751720494,3.690918767956443
DoE3_R2,3.903903903903904,11.080510290346483,36.82419054065431,3.698644216755696
DoE3_R2,3.916416416416417,11.193190133598762,36.84963013824949,3.7063427056170166
DoE3_R2,3.928928928928929,11.306443785277878,36.87490730175537,3.714014300734572
DoE3_R2,3.941441441441442,11.420271449688212,36.90002178842128,3.721659068302529
DoE3_R2,3.9539539539539534,11.534673331134146,36.92497335549656,3.729277074515054
DoE3_R2,3.966466466466467,11.649649633920058,36.94976176023054,3.736868385566312
DoE3_R2,3.9789789789789793,11.76520056235033,36.974386759872544,3.744433067650471
DoE3_R2,3.991491491491492,11.881326320729343,36.998848111671904,3.751971186961696
DoE3_R2,4.004004004004004,11.998027113361475,37.023145572877965,3.759482809694154
DoE3_R2,4.016516516516517,12.11530314455111,37.04727890074005,3.766968002042012
DoE3_R2,4.029029029029029,12.233154618602624,37.07124785250749,3.774426830199435
DoE3_R2,4.041541541541542,12.351581739820402,37.095052185429616,3.78185936036059
DoE3_R2,4.054054054054054,12.47058471250882,37.118691656755765,3.789265658719644
DoE3_R2,4.066566566566567,12.590163740972264,37.14216602373527,3.7966457914707625
DoE3_R2,4.079079079079079,12.710319029515109,37.165475043617455,3.803999824808112
DoE3_R2,4.091591591591592,12.83105078244174,37.18861847365167,3.811327824925859
DoE3_R2,4.104104104104104,12.953438189401508,37.21147552419695,3.81854260237676
DoE3_R2,4.116616616616617,13.077070056805994,37.23409191488469,3.825677492376824
DoE3_R2,4.129129129129129,13.201387402381105,37.25652987666084,3.832777781552357
DoE3_R2,4.141641641641642,13.326392679230032,37.27878891553343,3.839843354241135
DoE3_R2,4.1541541541541545,13.452088340455964,37.300868537510446,3.8468740947809312
DoE3_R2,4.166666666666667,13.578476839162091,37.32276824859992,3.853869887509519
DoE3_R2,4.17917917917918,13.705560628451597,37.34448755480986,3.860830616764672
DoE3_R2,4.191691691691692,13.833342161427668,37.36602596214828,3.867756166884165
DoE3_R2,4.2042042042042045,13.961823891193497,37.38738297662318,3.874646422205772
DoE3_R2,4.216716716716717,14.091008270852264,37.40855810424257,3.8815012670672657
DoE3_R2,4.2292292292292295,14.220897753507169,37.42955085101448,3.888320585806421
DoE3_R2,4.241741741741742,14.351494792261388,37.45036072294691,3.895104262761012
DoE3_R2,4.254254254254255,14.482801840218116,37.47098722604787,3.901852182268812
DoE3_R2,4.266766766766767,14.614821350480536,37.49142986632537,3.908564228667595
DoE3_R2,4.27927927927928,14.747555776151842,37.51168814978743,3.915240286295135
DoE3_R2,4.291791791791792,14.881007570335218,37.53176158244205,3.921880239489206
DoE3_R2,4.3043043043043046,15.015179186133848,37.551649670297245,3.9284839725875815
DoE3_R2,4.316816816816817,15.150073076650928,37.57135191936103,3.935051369928036
DoE3_R2,4.32932932932933,15.28569169498964,37.59086783564142,3.941582315848343
DoE3_R2,4.341841841841842,15.422037494253177,37.61019692514641,3.948076694686277
DoE3_R2,4.354354354354355,15.559112927544716,37.62933869388403,3.95453439077961
DoE3_R2,4.366866866866867,15.69692044796746,37.64829264786229,3.960955288466119
DoE3_R2,4.37937937937938,15.835462508624586,37.667058293089184,3.967339272083576
DoE3_R2,4.391891891891892,15.974741562619284,37.685635135572745,3.973686225969755
DoE3_R2,4.404404404404405,16.114760063054746,37.70402268132096,3.97999603446243
DoE3_R2,4.416916916916917,16.255520463034152,37.72222043634187,3.9862685818993753
DoE3_R2,4.42942942942943,16.397025215660697,37.74022790664346,3.992503752618364
DoE3_R2,4.441941941941942,16.539276774037567,37.75804459823376,3.998701430957171
DoE3_R2,4.454454454454455,16.68227759126795,37.77567001712077,4.004861501253569
DoE3_R2,4.466966966966967,16.826030120455034,37.79310366931251,4.010983847845334
DoE3_R2,4.47947947947948,16.970536814702005,37.81034506081698,4.017068355070237
DoE3_R2,4.491991991991992,17.11580012711205,37.827393697642194,4.023114907266055
DoE3_R2,4.504504504504505,17.26182251078836,37.84424908579617,4.029123388770559
DoE3_R2,4.517017017017017,17.40860641883412,37.86091073128692,4.0350936839215255
DoE3_R2,4.52952952952953,17.556154304352518,37.87737814012245,4.041025677056727
DoE3_R2,4.542042042042042,17.704468620446747,37.893650818310775,4.046919252513936
DoE3_R2,4.554554554554555,17.853551820219987,37.90972827185991,4.05277429463093
DoE3_R2,4.567067067067067,18.003406356775432,37.925610006777845,4.05859068774548
DoE3_R2,4.57957957957958,18.15403468321627,37.94129552907262,4.0643683161953605
DoE3_R2,4.592092092092092,18.305439252645684,37.95678434475222,4.070107064318346
DoE3_R2,4.604604604604605,18.457622518166865,37.972075959824686,4.075806816452211
DoE3_R2,4.617117117117117,18.610586932883,37.987169880298005,4.081467456934727
DoE3_R2,4.62962962962963,18.764334949897275,38.0020656121802,4.087088870103671
DoE3_R2,4.642142142142142,18.918869022312883,38.01676266147928,4.092670940296815
DoE3_R2,4.654654654654655,19.074191603233007,38.03126053420325,4.0982135518519325
DoE3_R2,4.667167167167167,19.23030514576084,38.04555873636013,4.103716589106798
DoE3_R2,4.67967967967968,19.386963810946007,38.05969489914384,4.109186899889793
DoE3_R2,4.692192192192192,19.5420175135051,38.07399905032099,4.114684737691145
DoE3_R2,4.704704704704705,19.69770132235204,38.08812787827152,4.120147371879672
DoE3_R2,4.717217217217217,19.854014160412905,38.10208143106129,4.125574785798957
DoE3_R2,4.72972972972973,20.010954950613765,38.115859756756194,4.13096696279258
DoE3_R2,4.742242242242242,20.168522615880704,38.12946290342208,4.136323886204122
DoE3_R2,4.754754754754755,20.3267160791398,38.14289091912482,4.141645539377163
DoE3_R2,4.767267267267267,20.48553426331712,38.156143851930295,4.146931905655285
DoE3_R2,4.77977977977978,20.644976091338748,38.16922174990436,4.1521829683820695
DoE3_R2,4.792292292292292,20.80504048613076,38.182124661112894,4.157398710901097
DoE3_R2,4.804804804804805,20.96572637061923,38.19485263362176,4.162579116555948
DoE3_R2,4.817317317317317,21.12703266773024,38.20740571549684,4.167724168690204
DoE3_R2,4.82982982982983,21.28895830038986,38.21978395480399,4.172833850647446
DoE3_R2,4.842342342342342,21.45150219152417,38.23198739960908,4.177908145771254
DoE3_R2,4.854854854854855,21.614663264059253,38.244016097977976,4.18294703740521
DoE3_R2,4.867367367367367,21.77844044092118,38.25587009797656,4.187950508892895
DoE3_R2,4.87987987987988,21.942832645036024,38.26754944767069,4.192918543577889
DoE3_R2,4.892392392392392,22.107838799329866,38.27905419512624,4.197851124803774
DoE3_R2,4.904904904904905,22.27345782672878,38.29038438840909,4.202748235914132
DoE3_R2,4.9174174174174174,22.43968865015885,38.30154007558509,4.207609860252541
DoE3_R2,4.92992992992993,22.60653019254614,38.312521304720114,4.212435981162584
DoE3_R2,4.9424424424424425,22.77398137681674,38.32332812388004,4.217226581987842
DoE3_R2,4.954954954954955,22.942041125896715,38.33396058113073,4.221981646071896
DoE3_R2,4.967467467467468,23.11070836271216,38.34441872453806,4.226701156758326
DoE3_R2,4.97997997997998,23.279982010189126,38.35470260216789,4.231385097390714
DoE3_R2,4.9924924924924925,23.449860991253708,38.36481226208609,4.23603345131264
DoE3_R2,5.005005005005005,23.62034422883198,38.37474775235855,4.240646201867685
DoE3_R2,5.0175175175175175,23.791430645850014,38.3845091210511,4.245223332399431
DoE3_R2,5.03003003003003,23.96311916523389,38.39409641622965,4.249764826251458
DoE3_R2,5.042542542542543,24.135408709909687,38.40350968596004,4.254270666767349
DoE3_R2,5.055055055055055,24.30829820280348,38.41274897830816,4.258740837290682
DoE3_R2,5.067567567567568,24.48178656684134,38.42181434133986,4.26317532116504
DoE3_R2,5.08008008008008,24.65587272494935,38.43070582312102,4.267574101734003
DoE3_R2,5.092592592592593,24.830555600053582,38.43942347171751,4.271937162341152
DoE3_R2,5.105105105105105,25.005834115080123,38.4479673351952,4.276264486330069
DoE3_R2,5.117617617617618,25.18170719295504,38.45633746161996,4.280556057044334
DoE3_R2,5.13013013013013,25.35817375660441,38.46453389905765,4.2848118578275285
DoE3_R2,5.142642642642643,25.53523272895432,38.47255669557415,4.289031872023234
DoE3_R2,5.155155155155155,25.712883032930822,38.48040589923532,4.29321608297503
DoE3_R2,5.167667667667668,25.891123591460023,38.48808155810704,4.297364474026497
DoE3_R2,5.18018018018018,26.069953327467985,38.49558372025516,4.3014770285212185
DoE3_R2,5.192692692692693,26.249371163880788,38.50291243374557,4.305553729802774
DoE3_R2,5.205205205205205,26.429376023624503,38.51006774664413,4.3095945612147455
DoE3_R2,5.217717717717718,26.60996682962521,38.51704970701671,4.313599506100712
DoE3_R2,5.23023023023023,26.791142504808988,38.52385836292918,4.317568547804256
DoE3_R2,5.242742742742743,26.972901972101912,38.53049376244741,4.321501669668958
DoE3_R2,5.255255255255255,27.155244154430054,38.53695595363728,4.325398855038399
DoE3_R2,5.267767767767768,27.337563230073883,38.543368730580646,4.329319097385902
DoE3_R2,5.28028028028028,27.519900017945005,38.54972356836745,4.3332582919038565
DoE3_R2,5.292792792792793,27.70274350658473,38.555920235271245,4.337168602024175
DoE3_R2,5.305305305305305,27.88609110566553,38.561959089007765,4.341050158751591
DoE3_R2,5.317817817817818,28.06994022485988,38.56784048729277,4.344903093090837
DoE3_R2,5.33033033033033,28.25428827384026,38.573564787842,4.348727536046647
DoE3_R2,5.342842842842844,28.43913266227916,38.57913234837119,4.352523618623756
DoE3_R2,5.355355355355356,28.624470799849025,38.58454352659609,4.356291471826896
DoE3_R2,5.367867867867869,28.81030009622235,38.589798680232455,4.3600312266608
DoE3_R2,5.380380380380381,28.996617961071603,38.594898166996025,4.363743014130201
DoE3_R2,5.392892892892894,29.18342180406927,38.599842344602536,4.367426965239834
DoE3_R2,5.405405405405406,29.370709034887824,38.60463157076774,4.371083210994431
DoE3_R2,5.417917917917919,29.55847706319974,38.609266203207376,4.374711882398727
DoE3_R2,5.430430430430431,29.74672329867749,38.6137465996372,4.378313110457454
DoE3_R2,5.442942942942944,29.93544515099356,38.618073117772944,4.381887026175346
DoE3_R2,5.455455455455456,30.12464002982042,38.62224611533036,4.385433760557137
DoE3_R2,5.467967967967969,30.314305344830544,38.6262659500252,4.388953444607559
DoE3_R2,5.480480480480481,30.504438505696413,38.63013297957319,4.392446209331346
DoE3_R2,5.492992992992994,30.6950369220905,38.63384756169009,4.395912185733232
DoE3_R2,5.505505505505506,30.88609800368529,38.637410054091646,4.399351504817949
DoE3_R2,5.518018018018019,31.077619160153247,38.64082081449359,4.402764297590232
DoE3_R2,5.530530530530531,31.269597801166856,38.64408020061168,4.406150695054813
DoE3_R2,5.543043043043044,31.46203133639859,38.647188570161646,4.409510828216426
DoE3_R2,5.555555555555556,31.65491717552092,38.650146280859246,4.412844828079805
DoE3_R2,5.568068068068069,31.848252728206333,38.65295369042022,4.416152825649683
DoE3_R2,5.580580580580581,32.0420354041273,38.65561115656032,4.419434951930794
DoE3_R2,5.593093093093094,32.236262612956295,38.65811903699528,4.422691337927869
DoE3_R2,5.605605605605606,32.430931764365795,38.660477689440846,4.425922114645644
DoE3_R2,5.618118118118119,32.62604026802828,38.66268747161276,4.429127413088852
DoE3_R2,5.630630630630631,32.82158553361622,38.66474874122679,4.4323073642622255
DoE3_R2,5.643143143143144,33.0175649708021,38.666661855998655,4.435462099170498
DoE3_R2,5.655655655655656,33.21397598925839,38.668427173644105,4.438591748818404
DoE3_R2,5.668168168168169,33.41081599865757,38.670045051878894,4.441696444210675
DoE3_R2,5.680680680680681,33.608082408672104,38.67151584841876,4.444776316352046
DoE3_R2,5.693193193193194,33.80577262897449,38.67283992097945,4.44783149624725
DoE3_R2,5.705705705705706,34.00388406923719,38.674017627276704,4.450862114901021
DoE3_R2,5.718218218218219,34.20241413913268,38.67504932502627,4.453868303318091
DoE3_R2,5.730730730730731,34.40136024833344,38.67593537194389,4.456850192503194
DoE3_R2,5.743243243243244,34.60071980651194,38.67667612574533,4.459807913461064
DoE3_R2,5.755755755755756,34.80049022334067,38.6772719441463,4.462741597196434
DoE3_R2,5.768268268268269,35.000668908492095,38.67772318486257,4.465651374714037
DoE3_R2,5.780780780780781,35.20125327163869,38.67803020560987,4.468537377018606
DoE3_R2,5.793293293293294,35.40224072245294,38.67819336410396,4.471399735114876
DoE3_R2,5.805805805805806,35.603628670607314,38.678213018060575,4.47423858000758
DoE3_R2,5.818318318318319,35.805414525774296,38.67808952519546,4.47705404270145
DoE3_R2,5.830830830830831,36.00759569762635,38.67782324322436,4.479846254201221
DoE3_R2,5.843343343343344,36.21016959583597,38.67741452986302,4.482615345511626
DoE3_R2,5.855855855855856,36.41604328307866,38.67651925947545,4.485418052786639
DoE3_R2,5.868368368368369,36.6224993162363,38.67545921009376,4.488201691575949
DoE3_R2,5.8808808808808815,36.82951028427421,38.67423767803854,4.49096591001577
DoE3_R2,5.893393393393394,37.037076725622754,38.67285465060164,4.493710899978511
DoE3_R2,5.9059059059059065,37.24519917871231,38.6713101150749,4.496436853336575
DoE3_R2,5.918418418418419,37.45387818197322,38.66960405875018,4.49914396196237
DoE3_R2,5.930930930930932,37.66311427383589,38.66773646891932,4.501832417728304
DoE3_R2,5.943443443443444,37.87290799273066,38.66570733287418,4.504502412506781
DoE3_R2,5.9559559559559565,38.08325987708792,38.66351663790658,4.507154138170208
DoE3_R2,5.968468468468469,38.29417046533801,38.6611643713084,4.509787786590992
DoE3_R2,5.9809809809809815,38.50564029591133,38.65865052037146,4.512403549641538
DoE3_R2,5.993493493493494,38.71766990723823,38.65597507238762,4.515001619194254
DoE3_R2,6.006006006006007,38.93025983774907,38.653138014648725,4.517582187121546
DoE3_R2,6.018518518518519,39.14341062587424,38.65013933444663,4.520145445295819
DoE3_R2,6.031031031031032,39.35712281004409,38.64697901907317,4.522691585589481
DoE3_R2,6.043543543543544,39.571396928689,38.6436570558202,4.525220799874937
DoE3_R2,6.056056056056057,39.78623352023933,38.64017343197957,4.527733280024594
DoE3_R2,6.068568568568569,40.00163312312546,38.63652813484312,4.530229217910859
DoE3_R2,6.081081081081082,40.217596275777744,38.632721151702704,4.532708805406139
DoE3_R2,6.093593593593594,40.43412351662656,38.62875246985016,4.535172234382838
DoE3_R2,6.106106106106107,40.65121538410227,38.62462207657735,4.537619696713363
DoE3_R2,6.118618618618619,40.86887241663525,38.62032995917611,4.540051384270122
DoE3_R2,6.131131131131132,41.08709515265586,38.61587610493829,4.542467488925519
DoE3_R2,6.143643643643644,41.30588413059448,38.61126050115574,4.544868202551962
DoE3_R2,6.156156156156157,41.52523988888146,38.6064831351203,4.547253717021857
DoE3_R2,6.168668668668669,41.74516296594719,38.60154399412383,4.549624224207611
DoE3_R2,6.181181181181182,41.965653900222016,38.59644306545817,4.551979915981629
DoE3_R2,6.193693693693694,42.18671323013632,38.59118033641517,4.554320984216319
DoE3_R2,6.206206206206207,42.40834149412047,38.58575579428666,4.556647620784085
DoE3_R2,6.218718718718719,42.63053923060483,38.58016942636452,4.558960017557336
DoE3_R2,6.231231231231232,42.85330697801977,38.574421219940575,4.5612583664084765
DoE3_R2,6.243743743743744,43.07664527479566,38.56851116230668,4.563542859209914
DoE3_R2,6.256256256256257,43.30055465936287,38.56243924075467,4.565813687834054
DoE3_R2,6.268768768768769,43.52503567015176,38.55620544257641,4.568071044153304
DoE3_R2,6.281281281281282,43.75008884559271,38.54980975506375,4.5703151200400685
DoE3_R2,6.293793793793794,43.97571472411608,38.54325216550851,4.572546107366756
DoE3_R2,6.306306306306307,44.20191384415222,38.53653266120256,4.574764198005771
DoE3_R2,6.318818818818819,44.42868674413154,38.52965122943776,4.576969583829522
DoE3_R2,6.331331331331332,44.65603396248438,38.52260785750592,4.579162456710413
DoE3_R2,6.343843843843844,44.88395603764111,38.515402532698914,4.581343008520851
DoE3_R2,6.356356356356357,45.11245350803212,38.50803524230858,4.583511431133243
DoE3_R2,6.368868868868869,45.341526912087744,38.50050597362677,4.585667916419996
DoE3_R2,6.381381381381382,45.571176788238375,38.49281471394533,4.587812656253515
DoE3_R2,6.393893893893894,45.80140367491437,38.484961450556106,4.589945842506207
DoE3_R2,6.406406406406407,46.0322081105461,38.47694617075095,4.592067667050478
DoE3_R2,6.418918918918919,46.263590633563936,38.46876886182171,4.594178321758736
DoE3_R2,6.431431431431432,46.495551782398245,38.46042951106022,4.596277998503384
DoE3_R2,6.443943943943944,46.7280920954794,38.45192810575834,4.598366889156831
DoE3_R2,6.456456456456457,46.96121211123776,38.44326463320792,4.600445185591483
DoE3_R2,6.468968968968969,47.194912368103694,38.4344390807008,4.602513079679746
DoE3_R2,6.481481481481482,47.42919340450758,38.42545143552882,4.604570763294026
DoE3_R2,6.493993993993994,47.664055758879776,38.41630168498385,4.606618428306731
DoE3_R2,6.506506506506507,47.89846863996971,38.407163105362585,4.608019444382459
DoE3_R2,6.519019019019019,48.13278896804975,38.39797580295483,4.608994060932584
DoE3_R2,6.531531531531532,48.36753641208138,38.388652538227866,4.609863020917159
DoE3_R2,6.544044044044044,48.60270674916995,38.37919409849442,4.610623576200608
DoE3_R2,6.556556556556557,48.838295756420834,38.36960127106721,4.611272978647349
DoE3_R2,6.569069069069069,49.074299210939415,38.35987484325895,4.611808480121806
DoE3_R2,6.581581581581582,49.31071288983106,38.35001560238236,4.6122273324884
DoE3_R2,6.594094094094094,49.54753257020113,38.34002433575018,4.612526787611552
DoE3_R2,6.606606606606607,49.784754029155,38.3299018306751,4.612704097355683
DoE3_R2,6.619119119119119,50.02237304379805,38.31964887446985,4.612756513585215
DoE3_R2,6.631631631631632,50.26038539123564,38.30926625444716,4.612681288164571
DoE3_R2,6.644144144144144,50.49878684857314,38.29875475791973,4.61247567295817
DoE3_R2,6.656656656656657,50.73757319291593,38.2881151722003,4.6121369198304345
DoE3_R2,6.6691691691691695,50.976740201369374,38.27734828460158,4.611662280645786
DoE3_R2,6.681681681681682,51.21628365103884,38.266454882436285,4.611049007268645
DoE3_R2,6.6941941941941945,51.45619931902971,38.255435753017146,4.610294351563434
DoE3_R2,6.706706706706707,51.696482982447336,38.24429168365687,4.609395565394574
DoE3_R2,6.71921921921922,51.93713041839711,38.23302346166818,4.608349900626487
DoE3_R2,6.731731731731732,52.17813740398439,38.2216318743638,4.607154609123594
DoE3_R2,6.7442442442442445,52.41949971631454,38.210117709056455,4.605806942750315
DoE3_R2,6.756756756756757,52.66121313249295,38.19848175305885,4.604304153371075
DoE3_R2,6.7692692692692695,52.903273429624974,38.18672479368371,4.602643492850292
DoE3_R2,6.781781781781782,53.14567638481599,38.17484761824376,4.600822213052389
DoE3_R2,6.794294294294295,53.388417775171376,38.16285101405171,4.598837565841788
DoE3_R2,6.806806806806807,53.63149337779649,38.15073576842029,4.596686803082909
DoE3_R2,6.81931931931932,53.8748989697967,38.13850266866221,4.594367176640174
DoE3_R2,6.831831831831832,54.11863032827739,38.1261525020902,4.591875938378005
DoE3_R2,6.844344344344345,54.36268323034392,38.11368605601697,4.589210340160822
DoE3_R2,6.856856856856857,54.60705345310167,38.10110411775524,4.586367633853048
DoE3_R2,6.86936936936937,54.851736773656,38.08840747461773,4.583345071319104
DoE3_R2,6.881881881881882,55.09672896911229,38.07559691391717,4.580139904423411
DoE3_R2,6.894394394394395,55.34173718662247,38.06278258157455,4.577182421191331
DoE3_R2,6.906906906906907,55.58679816616901,38.0499497445341,4.574408416224016
DoE3_R2,6.91941941941942,55.832106163105145,38.03702398895671,4.571517361278629
DoE3_R2,6.931931931931932,56.07765544809404,38.02400667292889,4.568508768359065
DoE3_R2,6.944444444444445,56.32344029179887,38.01089915453721,4.56538214946922
DoE3_R2,6.956956956956957,56.56945496488277,37.99770279186821,4.562137016612988
DoE3_R2,6.96946946946947,56.81569373800893,37.98441894300845,4.5587728817942645
DoE3_R2,6.981981981981982,57.062150881840495,37.971048966044464,4.555289257016946
DoE3_R2,6.994494494494495,57.30882066704063,37.9575942190628,4.551685654284925
DoE3_R2,7.007007007007007,57.55569736427249,37.94405606015001,4.547961585602098
DoE3_R2,7.01951951951952,57.802775244199246,37.93043584739264,4.544116562972361
DoE3_R2,7.032032032032032,58.05004857748405,37.91673493887724,4.540150098399608
DoE3_R2,7.044544544544545,58.29751163479007,37.90295469269036,4.536061703887735
DoE3_R2,7.057057057057057,58.54515868678047,37.88909646691854,4.531850891440636
DoE3_R2,7.06956956956957,58.7929840041184,37.87516161964833,4.527517173062207
DoE3_R2,7.082082082082082,59.04098185746703,37.86115150896629,4.523060060756342
DoE3_R2,7.094594594594595,59.28914651748952,37.84706749295895,4.518479066526937
DoE3_R2,7.107107107107107,59.53747225484904,37.83291092971287,4.513773702377888
DoE3_R2,7.11961961961962,59.78595334020872,37.81868317731458,4.508943480313088
DoE3_R2,7.132132132132132,60.03458404423176,37.804385593850654,4.5039879123364335
DoE3_R2,7.144644644644645,60.283358637581294,37.79001953740762,4.49890651045182
DoE3_R2,7.157157157157157,60.5322713909205,37.77558636607204,4.493698786663142
DoE3_R2,7.16966966966967,60.78131657491252,37.761087437930456,4.488364252974294
DoE3_R2,7.182182182182182,61.03048846022055,37.746524111069405,4.482902421389173
DoE3_R2,7.194694694694695,61.279781317507705,37.73189774357545,4.477312803911672
DoE3_R2,7.207207207207207,61.52918941743718,37.71720969353513,4.471594912545687
DoE3_R2,7.21971971971972,61.77870703067213,37.702461319035,4.465748259295113
DoE3_R2,7.232232232232232,62.02832842787571,37.6876539781616,4.459772356163845
DoE3_R2,7.244744744744745,62.27804787971108,37.67278902900148,4.453666715155779
DoE3_R2,7.257257257257257,62.52785965684141,37.65786782964119,4.44743084827481
DoE3_R2,7.26976976976977,62.77775802992985,37.64289173816727,4.441064267524832
DoE3_R2,7.282282282282282,63.02804798113839,37.62782197567301,4.434988239127613
DoE3_R2,7.294794794794795,63.27876128988092,37.612655054951226,4.4292531887928135
DoE3_R2,7.307307307307307,63.52960470911208,37.59742947496152,4.423468357141568
DoE3_R2,7.31981981981982,63.78057437273556,37.58214635310132,4.417635785307064
DoE3_R2,7.332332332332332,64.03166641465506,37.56680680676807,4.411757514422493
DoE3_R2,7.344844844844845,64.28287696877426,37.55141195335923,4.405835585621043
DoE3_R2,7.357357357357357,64.53420216899687,37.53596291027223,4.3998720400359055
DoE3_R2,7.36986986986987,64.78563814922657,37.5204607949045,4.393868918800268
DoE3_R2,7.382382382382382,65.03718104336707,37.5049067246535,4.387828263047322
DoE3_R2,7.394894894894895,65.28882698532206,37.48930181691667,4.381752113910256
DoE3_R2,7.407407407407407,65.54057210899522,37.47364718909145,4.37564251252226
DoE3_R2,7.41991991991992,65.79241254829026,37.457943958575285,4.369501500016523
DoE3_R2,7.432432432432432,66.04434443711088,37.44219324276561,4.363331117526236
DoE3_R2,7.444944944944945,66.29636390936075,37.42639615905987,4.357133406184586
DoE3_R2,7.4574574574574575,66.54846709894359,37.41055382485551,4.350910407124765
DoE3_R2,7.46996996996997,66.80065013976308,37.39466735754997,4.344664161479962
DoE3_R2,7.482482482482483,67.05290916572294,37.37873787454069,4.338396710383365
DoE3_R2,7.494994994994996,67.30524031072682,37.36276649322512,4.332110094968166
DoE3_R2,7.507507507507508,67.55763970867844,37.34675433100069,4.325806356367553
DoE3_R2,7.520020020020021,67.81010349348148,37.33070250526485,4.319487535714717
DoE3_R2,7.532532532532533,68.06262779903966,37.31461213341505,4.313155674142846
DoE3_R2,7.545045045045046,68.31520875925665,37.29848433284872,4.30681281278513
DoE3_R2,7.557557557557558,68.56784250803615,37.28232022096329,4.300460992774759
DoE3_R2,7.570070070070071,68.82052517928187,37.26612091515624,4.294102255244923
DoE3_R2,7.582582582582583,69.0732529068975,37.24988753282498,4.28773864132881
DoE3_R2,7.595095095095096,69.32602182478672,37.23362119136696,4.281372192159611
DoE3_R2,7.607607607607608,69.57882806685323,37.217323008179626,4.275004948870516
DoE3_R2,7.620120120120121,69.83166776700072,37.20099410066042,4.268638952594713
DoE3_R2,7.6326326326326335,70.08453705913291,37.18463558620678,4.262276244465393
DoE3_R2,7.645145145145146,70.33743207715347,37.16824858221615,4.255918865615744
DoE3_R2,7.657657657657658,70.59034895496609,37.15183420608598,4.249568857178957
DoE3_R2,7.670170170170171,70.84355781755126,37.135313655344405,4.2431740898939765
DoE3_R2,7.6826826826826835,71.09718422522926,37.11865029527511,4.236711016177399
DoE3_R2,7.695195195195196,71.35088357497206,37.10194463210006,4.230249043786693
DoE3_R2,7.7077077077077085,71.60465392897709,37.08519722075683,4.223789832614784
DoE3_R2,7.720220220220221,71.85849334944172,37.06840861618303,4.217335042554597
DoE3_R2,7.732732732732733,72.11239989856338,37.051579373316216,4.210886333499055
DoE3_R2,7.745245245245246,72.36637163853949,37.034710047094,4.204445365341084
DoE3_R2,7.7577577577577586,72.62040663156743,37.017801192453945,4.1980137979736085
DoE3_R2,7.770270270270271,72.87450293984465,37.00085336433366,4.191593291289553
DoE3_R2,7.782782782782784,73.1286586255685,36.98386711767071,4.185185505181842
DoE3_R2,7.795295295295296,73.38287175093645,36.96684300740269,4.178792099543399
DoE3_R2,7.807807807807809,73.63714037814586,36.9497815884672,4.17241473426715
DoE3_R2,7.820320320320321,73.89146256939416,36.93268341580181,4.16605506924602
DoE3_R2,7.832832832832834,74.14583638687876,36.9155490443441,4.159714764372932
DoE3_R2,7.845345345345346,74.40025989279707,36.89837902903168,4.153395479540811
DoE3_R2,7.857857857857859,74.65473114934649,36.88117392480211,4.147098874642583
DoE3_R2,7.870370370370371,74.90924821872443,36.863934286593,4.140826609571172
DoE3_R2,7.882882882882884,75.1638091631283,36.84666066934192,4.1345803442195015
DoE3_R2,7.895395395395396,75.41841204475553,36.82935362798646,4.128361738480497
DoE3_R2,7.907907907907909,75.67305492580348,36.81201371746421,4.122172452247083
DoE3_R2,7.920420420420421,75.9277358684696,36.79464149271274,4.116014145412184
DoE3_R2,7.932932932932934,76.18245293495129,36.77723750866966,4.109888477868725
DoE3_R2,7.945445445445446,76.43720418744594,36.75980232027254,4.10379710950963
DoE3_R2,7.957957957957959,76.69198768815099,36.742336482458974,4.097741700227824
DoE3_R2,7.970470470470471,76.94680149926381,36.72484055016655,4.091723909916232
DoE3_R2,7.982982982982984,77.20164368298184,36.70731507833284,4.085745398467778
DoE3_R2,7.995495495495496,77.45651230150249,36.689760621895445,4.0798078257753865
DoE3_R2,8.008008008008009,77.71140541702314,36.67217773579194,4.073912851731982
DoE3_R2,8.02052052052052,77.96632109174121,36.65456697495993,4.06806213623049
DoE3_R2,8.033033033033034,78.22125738785414,36.636928894336975,4.062257339163835
DoE3_R2,8.045545545545545,78.47621236755927,36.61926404886068,4.05650012042494
DoE3_R2,8.058058058058059,78.73228725959478,36.60137295227987,4.050581958244151
DoE3_R2,8.07057057057057,78.99049978825687,36.583071260506586,4.044310240600495
DoE3_R2,8.083083083083084,79.24895618151402,36.56470258163869,4.0380470705737626
DoE3_R2,8.095595595595595,79.50765999514944,36.546266474441936,4.031793061387165
DoE3_R2,8.108108108108109,79.7666147849465,36.52776249768205,4.025548826263905
DoE3_R2,8.12062062062062,80.02582410668839,36.50919021012477,4.01931497842719
DoE3_R2,8.133133133133134,80.2852915161585,36.49054917053585,4.013092131100227
DoE3_R2,8.145645645645645,80.54502056914,36.47183893768102,4.006880897506221
DoE3_R2,8.158158158158159,80.80501482141626,36.45305907032603,4.000681890868377
DoE3_R2,8.17067067067067,81.06527782877049,36.434209127236606,3.9944957244099046
DoE3_R2,8.183183183183184,81.32581314698606,36.4152886671785,3.988323011354007
DoE3_R2,8.195695695695695,81.58662433184617,36.396297248917456,3.982164364923892
DoE3_R2,8.208208208208209,81.84771493913416,36.37723443121921,3.976020398342764
DoE3_R2,8.22072072072072,82.10908852463325,36.3580997728495,3.969891724833831
DoE3_R2,8.233233233233234,82.3707486441268,36.33889283257406,3.9637789576202977
DoE3_R2,8.245745745745745,82.63269885339803,36.31961316915865,3.957682709925372
DoE3_R2,8.258258258258259,82.89494270823027,36.30026034136899,3.951603594972258
DoE3_R2,8.27077077077077,83.15748376440676,36.28083390797084,3.945542225984164
DoE3_R2,8.283283283283284,83.42032557771083,36.26133342772992,3.939499216184294
DoE3_R2,8.295795795795796,83.68347170392569,36.24175845941199,3.933475178795856
DoE3_R2,8.308308308308309,83.94692569883472,36.222108561782775,3.927470727042055
DoE3_R2,8.32082082082082,84.21069111822109,36.20238329360803,3.9214864741460977
DoE3_R2,8.333333333333334,84.4747715178682,36.18258221365348,3.9155230333311897
DoE3_R2,8.345845845845846,84.73917045355923,36.16270488068488,3.909581017820538
DoE3_R2,8.358358358358359,85.00389148107755,36.14275085346796,3.903661040837348
DoE3_R2,8.37087087087087,85.26893815620636,36.12271969076846,3.897763715604827
DoE3_R2,8.383383383383384,85.53431403472902,36.10261095135213,3.891889655346179
DoE3_R2,8.395895895895896,85.80002267242874,36.08242419398472,3.8860394732846126
DoE3_R2,8.408408408408409,86.06606762508888,36.062158977431935,3.880213782643332
DoE3_R2,8.42092092092092,86.33245244849263,36.041814860459546,3.874413196645545
DoE3_R2,8.433433433433434,86.59918069842337,36.021391401833284,3.8686383285144568
DoE3_R2,8.445945945945946,86.8662559306643,36.000888160318894,3.862889791473274
DoE3_R2,8.458458458458459,87.13368170099876,35.98030469468211,3.857168198745202
DoE3_R2,8.47097097097097,87.40146156521,35.95964056368868,3.851474163553448
DoE3_R2,8.483483483483484,87.66959907908134,35.93889532610433,3.845808299121217
DoE3_R2,8.495995995995996,87.938097798396,35.91806854069482,3.840171218671717
DoE3_R2,8.508508508508509,88.20696127893733,35.89715976622588,3.834563535428152
DoE3_R2,8.52102102102102,88.47619307648856,35.876168561463246,3.828985862613729
DoE3_R2,8.533533533533534,88.74579674683301,35.85509448517267,3.8234388134516544
DoE3_R2,8.546046046046047,89.01577584575396,35.83393709611988,3.817923001165134
DoE3_R2,8.558558558558559,89.28613392903465,35.81269595307064,3.812439038977376
DoE3_R2,8.571071071071072,89.55453069057252,35.791676809996666,3.80678204631472
DoE3_R2,8.583583583583584,89.82194599400313,35.770751683684495,3.80103823240272
DoE3_R2,8.596096096096097,90.08948901726944,35.74977569768079,3.795305143861913
DoE3_R2,8.608608608608609,90.35715713255256,35.728749218558846,3.789582851779519
DoE3_R2,8.621121121121122,90.62494771203372,35.70767261289196,3.783871427242755
DoE3_R2,8.633633633633634,90.892858127894,35.68654624725342,3.778170941338842
DoE3_R2,8.646146146146148,91.16088575231466,35.6653704882165,3.7724814651549967
DoE3_R2,8.65865865865866,91.42902795747676,35.644145702354514,3.76680306977844
DoE3_R2,8.671171171171173,91.69728211556156,35.622872256240726,3.761135826296389
DoE3_R2,8.683683683683684,91.96564559875016,35.60155051644844,3.755479805796065
DoE3_R2,8.696196196196198,92.2341157792238,35.58018084955094,3.749835079364685
DoE3_R2,8.70870870870871,92.50269002916352,35.558763622121525,3.7442017180894687
DoE3_R2,8.721221221221223,92.77136572075064,35.537299200733464,3.7385797930576334
DoE3_R2,8.733733733733734,93.04014022616616,35.51578795196007,3.7329693753564017
DoE3_R2,8.746246246246248,93.3090109175914,35.49423024237461,3.7273705360729887
DoE3_R2,8.75875875875876,93.57797516720744,35.47262643855039,3.721783346294616
DoE3_R2,8.771271271271273,93.84703034719544,35.4509769070607,3.7162078771085
DoE3_R2,8.783783783783784,94.11617382973658,35.429282014478815,3.710644199601862
DoE3_R2,8.796296296296298,94.38540298701206,35.40754212737803,3.705092384861919
DoE3_R2,8.80880880880881,94.65471519120295,35.38575761233164,3.6995525039758914
DoE3_R2,8.821321321321323,94.92410781449055,35.36392883591292,3.694024628030997
DoE3_R2,8.833833833833834,95.19357822905592,35.34205616469519,3.688508828114456
DoE3_R2,8.846346346346348,95.4631238070803,35.3201399652517,3.683005175313486
DoE3_R2,8.85885885885886,95.73274192074474,35.29818060415576,3.677513740715307
DoE3_R2,8.871371371371373,96.00242994223056,35.27617844798066,3.672034595407137
DoE3_R2,8.883883883883884,96.27218524371877,35.254133863299685,3.666567810476196
DoE3_R2,8.896396396396398,96.54200519739064,35.23204721668613,3.6611134570097006
DoE3_R2,8.90890890890891,96.81188717542727,35.209918874713274,3.655671606094873
DoE3_R2,8.921421421421423,97.08182855000992,35.18774920395441,3.6502423288189294
DoE3_R2,8.933933933933934,97.35182669331964,35.16553857098283,3.644825696269091
DoE3_R2,8.946446446446448,97.62187897753768,35.14328734237183,3.639421779532574
DoE3_R2,8.95895895895896,97.89198277484512,35.120995884694686,3.6340306496966
DoE3_R2,8.971471471471473,98.16213545742325,35.09866456452469,3.628652377848386
DoE3_R2,8.983983983983984,98.4323343974531,35.076293748435134,3.623287035075153
DoE3_R2,8.996496496496498,98.70257696711596,35.05388380299931,3.617934692464117
DoE3_R2,9.00900900900901,98.97286053859284,35.0314350947905,3.6125954211024993
DoE3_R2,9.021521521521525,99.24318248406507,35.008947990382005,3.607269292077518
DoE3_R2,9.034034034034034,99.51354017571371,34.9864228563471,3.601956376476392
DoE3_R2,9.046546546546548,99.78393098572,34.96386005925908,3.59665674538634
DoE3_R2,9.05905905905906,100.054352286265,34.94125996569124,3.5913704698945814
DoE3_R2,9.071571571571573,100.32480144952996,34.918622942216864,3.586097621088334
DoE3_R2,9.084084084084084,100.59437047517122,34.896092884717284,3.5807647569082577
DoE3_R2,9.096596596596598,100.8638782440979,34.8735399254412,3.575438652135202
DoE3_R2,9.10910910910911,101.1333371634023,34.85096204746744,3.570120598639656
DoE3_R2,9.121621621621625,101.4027429922221,34.82835987308616,3.5648105365352265
DoE3_R2,9.134134134134134,101.67209148969484,34.80573402458751,3.559508405935528
DoE3_R2,9.146646646646648,101.94137841495824,34.78308512426163,3.5542141469541684
DoE3_R2,9.15915915915916,102.21059952714984,34.7604137943987,3.5489276997047603
DoE3_R2,9.171671671671673,102.47975058540732,34.73772065728886,3.543649004300913
DoE3_R2,9.184184184184184,102.74882734886825,34.71500633522227,3.5383780008562384
DoE3_R2,9.196696696696698,103.01782557667028,34.69227145048908,3.5331146294843454
DoE3_R2,9.20920920920921,103.28674102795102,34.669516625379444,3.5278588302988467
DoE3_R2,9.221721721721725,103.55556946184814,34.64674248218351,3.5226105434133514
DoE3_R2,9.234234234234236,103.82430663749918,34.623949643191445,3.5173697089414717
DoE3_R2,9.246746746746748,104.09294831404183,34.6011387306934,3.512136266996816
DoE3_R2,9.25925925925926,104.36149025061368,34.57831036697952,3.506910157692997
DoE3_R2,9.271771771771771,104.62992820635236,34.555465174339965,3.501691321143624
DoE3_R2,9.284284284284285,104.89825794039548,34.53260377506489,3.4964796974623087
DoE3_R2,9.296796796796798,105.16647521188068,34.50972679144445,3.491275226762661
DoE3_R2,9.30930930930931,105.43457577994556,34.4868348457688,3.4860778491582924
DoE3_R2,9.321821821821825,105.70255540372776,34.463928560328085,3.4808875047628125
DoE3_R2,9.334334334334336,105.9704098423649,34.441008557412474,3.4757041336898333
DoE3_R2,9.346846846846848,106.2381348549946,34.4180754593121,3.470527676052964
DoE3_R2,9.35935935935936,106.50572620075448,34.39512988831714,3.465358071965817
DoE3_R2,9.371871871871871,106.77317963878218,34.372172466717736,3.460195261542
DoE3_R2,9.384384384384385,107.04049092821526,34.34920381680404,3.455039184895127
DoE3_R2,9.396896896896898,107.30765582819144,34.326224560866216,3.4498897821388064
DoE3_R2,9.40940940940941,107.57467009784824,34.30323532119441,3.4447469933866506
DoE3_R2,9.421921921921925,107.84152949632336,34.280236720078776,3.439610758752268
DoE3_R2,9.434434434434436,108.10822978275436,34.25722937980947,3.434481018349272
DoE3_R2,9.446946946946948,108.37476671627893,34.234213922676645,3.429357712291271
DoE3_R2,9.45945945945946,108.6411360560346,34.21119097097046,3.4242407806918767
DoE3_R2,9.471971971971971,108.90733356115912,34.18816114698107,3.4191301636647
DoE3_R2,9.484484484484485,109.17335499078996,34.16512507299861,3.4140258013233504
DoE3_R2,9.496996996996998,109.43919610406488,34.14208337131326,3.408927633781439
DoE3_R2,9.50950950950951,109.70485266012142,34.119036664215166,3.403835601152578
DoE3_R2,9.522022022022025,109.97032041809724,34.09598557399447,3.398749643550376
DoE3_R2,9.534534534534536,110.2355951371299,34.072930722941344,3.393669701088444
DoE3_R2,9.547047047047048,110.50067257635712,34.04987273334592,3.388595713880394
DoE3_R2,9.55955955955956,110.76554849491644,34.026812227498375,3.383527622039836
DoE3_R2,9.572072072072071,111.03021865194552,34.00374982768885,3.378465365680379
DoE3_R2,9.584584584584585,111.29495669525842,33.98065473755803,3.37341359346546
DoE3_R2,9.597097097097098,111.56019844486612,33.95747782523367,3.3683797019066013
DoE3_R2,9.60960960960961,111.82529324073586,33.934292798450045,3.36335267818148
DoE3_R2,9.622122122122123,112.0902385458688,33.9111000868551,3.358332491273994
DoE3_R2,9.634634634634637,112.35503182326605,33.88790012009677,3.353319110168042
DoE3_R2,9.647147147147148,112.6196705359287,33.864693327823005,3.3483125038475223
DoE3_R2,9.65965965965966,112.88415214685789,33.841480139681735,3.343312641296335
DoE3_R2,9.672172172172171,113.14847411905475,33.818260985320904,3.3383194914983783
DoE3_R2,9.684684684684685,113.41263391552036,33.79503629438845,3.333333023437551
DoE3_R2,9.697197197197198,113.67662899925584,33.771806496532314,3.328353206097751
DoE3_R2,9.70970970970971,113.94045683326236,33.74857202140043,3.323380008462879
DoE3_R2,9.722222222222223,114.20411488054098,33.72533329864075,3.318413399516832
DoE3_R2,9.734734734734737,114.46760060409282,33.7020907579012,3.31345334824351
DoE3_R2,9.747247247247248,114.73091146691904,33.67884482882973,3.3084998236268106
DoE3_R2,9.75975975975976,114.99404493202071,33.655595941074274,3.303552794650634
DoE3_R2,9.772272272272271,115.256998462399,33.63234452428278,3.2986122302988776
DoE3_R2,9.784784784784785,115.51976952105495,33.609091008103185,3.293678099555442
DoE3_R2,9.797297297297298,115.7823555709898,33.58583582218342,3.288750371404224
DoE3_R2,9.80980980980981,116.04475407520452,33.56257939617144,3.283829014829124
DoE3_R2,9.822322322322323,116.30696249670032,33.53932215971516,3.278913998814039
DoE3_R2,9.834834834834837,116.56897829847829,33.51606454246255,3.27400529234287
DoE3_R2,9.847347347347348,116.83079894353956,33.49280697406153,3.269102864399514
DoE3_R2,9.85985985985986,117.09242189488518,33.46954988416005,3.264206683967871
DoE3_R2,9.872372372372372,117.3538446155164,33.446293702406045,3.2593167200318387
DoE3_R2,9.884884884884883,117.6150645684342,33.42303885844746,3.2544329415753173
DoE3_R2,9.897397397397398,117.8760792166398,33.39978578193223,3.249555317582204
DoE3_R2,9.90990990990991,118.13688602313424,33.3765349025083,3.244683817036399
DoE3_R2,9.922422422422423,118.3974824509187,33.353286649823595,3.2398184089218
DoE3_R2,9.934934934934937,118.65786596299424,33.33004145352607,3.234959062222307
DoE3_R2,9.947447447447448,118.91803402236204,33.30679974326366,3.2301057459218168
DoE3_R2,9.95995995995996,119.17798409202317,33.28356194868431,3.2252584290042305
DoE3_R2,9.972472472472472,119.43771363497876,33.26032849943595,3.220417080453445
DoE3_R2,9.984984984984983,119.6972201142299,33.23709982516653,3.2155816692533614
DoE3_R2,9.997497497497498,119.9565009927778,33.213876355523986,3.210752164387876
DoE3_R2,10.01001001001001,120.21555373362344,33.190658520156255,3.205928534840889
DoE3_R2,10.022522522522523,120.47437579976804,33.16744674871128,3.2011107495962983
DoE3_R2,10.035035035035037,120.73296465421268,33.144241470837,3.1962987776380043
DoE3_R2,10.047547547547548,120.99131775995848,33.121043116181355,3.191492587949904
DoE3_R2,10.06006006006006,121.24943258000654,33.09785211439229,3.186692149515897
DoE3_R2,10.072572572572572,121.50730657735804,33.07466889511773,3.181897431319882
DoE3_R2,10.085085085085083,121.764937215014,33.05149388800563,3.177108402345758
DoE3_R2,10.097597597597598,122.02626592794442,33.02773934474863,3.172305680828166
DoE3_R2,10.11011011011011,122.2901734955397,33.00357222981997,3.1674947146602683
DoE3_R2,10.122622622622623,122.55412785266668,32.979370210002564,3.162687883731783
DoE3_R2,10.135135135135137,122.8181308327972,32.95513306316118,3.1578851355832827
DoE3_R2,10.147647647647648,123.08218426940324,32.93086056716057,3.1530864177553366
DoE3_R2,10.16016016016016,123.34628999595664,32.90655249986552,3.1482916777885173
DoE3_R2,10.172672672672672,123.6104498459294,32.88220863914077,3.143500863223394
DoE3_R2,10.185185185185183,123.87466565279335,32.8578287628511,3.138713921600538
DoE3_R2,10.1976976976977,124.1389392500205,32.83341264886126,3.1339308004605213
DoE3_R2,10.21021021021021,124.40327247108266,32.808960075036026,3.1291514473439137
DoE3_R2,10.222722722722724,124.66766714945184,32.784470819240155,3.1243758097912853
DoE3_R2,10.235235235235235,124.93212511859984,32.759944659338416,3.119603835343208
DoE3_R2,10.247747747747749,125.19664821199868,32.735381373195565,3.114835471540252
DoE3_R2,10.26026026026026,125.4612382631202,32.71078073867638,3.1100706659229886
DoE3_R2,10.272772772772774,125.7258971054364,32.6861425336456,3.105309366031988
DoE3_R2,10.285285285285283,125.99062657241907,32.66146653596801,3.100551519407822
DoE3_R2,10.2977977977978,126.25542849754024,32.63675252350836,3.09579707359106
DoE3_R2,10.31031031031031,126.52030471427176,32.61200027413143,3.091045976122274
DoE3_R2,10.322822822822824,126.78525705608556,32.587209565701976,3.086298174542034
DoE3_R2,10.335335335335335,127.05028735645354,32.56238017608475,3.081553616390912
DoE3_R2,10.347847847847849,127.31539744884766,32.53751188314453,3.0768122492094765
DoE3_R2,10.36036036036036,127.58058916673976,32.51260446474608,3.072074020538301
DoE3_R2,10.372872872872874,127.84586434360185,32.487657698754155,3.0673388779179547
DoE3_R2,10.385385385385383,128.11122481290573,32.46267136303352,3.062606768889009
DoE3_R2,10.3978978978979,128.3766724081234,32.43764523544895,3.057877640992034
DoE3_R2,10.41041041041041,128.64220896272673,32.41257909386519,3.0531514417676013
DoE3_R2,10.422922922922924,128.90783631018766,32.387472716147016,3.048428118756281
DoE3_R2,10.435435435435435,129.17355628397806,32.3623258801592,3.043707619498645
DoE3_R2,10.447947947947949,129.43937071756991,32.337138363766485,3.038989891535263
DoE3_R2,10.46046046046046,129.70528144443506,32.311909944833644,3.0342748824067067
DoE3_R2,10.472972972972974,129.9712902980455,32.28664040122545,3.0295625396535457
DoE3_R2,10.485485485485484,130.23739911187303,32.26132951080665,3.024852810816352
DoE3_R2,10.497997997998,130.5036097193897,32.23597705144201,3.0201456434356952
DoE3_R2,10.51051051051051,130.76992395406728,32.21058280099631,3.015440985052148
DoE3_R2,10.523023023023024,131.0363436493778,32.185146537334305,3.010738783206279
DoE3_R2,10.535535535535535,131.3028706387931,32.15966803832075,3.0060389854386607
DoE3_R2,10.548048048048049,131.56950675578517,32.13414708182042,3.0013415392898626
DoE3_R2,10.56056056056056,131.83625383382582,32.10858344569808,2.996646392300457
DoE3_R2,10.573073073073074,132.10311370638706,32.08297690781848,2.9919534920110133
DoE3_R2,10.585585585585584,132.37008820694075,32.05732724604639,2.9872627859621037
DoE3_R2,10.5980980980981,132.63717916895882,32.03163423824658,2.9825742216942968
DoE3_R2,10.61061061061061,132.90438842591317,32.00589766228381,2.977887746748165
DoE3_R2,10.623123123123124,133.17171781127576,31.98011729602284,2.9732033086642797
DoE3_R2,10.635635635635635,133.4391691585184,31.95429291732844,2.9685208549832107
DoE3_R2,10.648148148148149,133.70674430111313,31.928424304065363,2.9638403332455283
DoE3_R2,10.66066066066066,133.97444507253178,31.902511234098387,2.9591616909918046
DoE3_R2,10.673173173173174,134.24227330624632,31.876553485292263,2.954484875762609
DoE3_R2,10.685685685685687,134.51023083572863,31.850550835511765,2.9498098350985136
DoE3_R2,10.6981981981982,134.7783194944506,31.82450306262165,2.945136516540089
DoE3_R2,10.710710710710712,135.04654111588417,31.79840994448668,2.940464867627905
DoE3_R2,10.723223223223224,135.31489753350124,31.77227125897163,2.9357948359025343
DoE3_R2,10.735735735735735,135.58339058077377,31.74608678394125,2.931126368904546
DoE3_R2,10.748248248248249,135.8520220911736,31.719856297260318,2.9264594141745115
DoE3_R2,10.760760760760762,136.1207938981727,31.693579576793574,2.921793919253001
DoE3_R2,10.773273273273274,136.38970783524297,31.66725640040581,2.9171298316805863
DoE3_R2,10.785785785785787,136.65876573585635,31.640886545961774,2.9124670989978374
DoE3_R2,10.7982982982983,136.92796943348466,31.614469791326236,2.907805668745326
DoE3_R2,10.810810810810812,137.19732076159994,31.588005914363947,2.9031454884636214
DoE3_R2,10.823323323323324,137.46682155367398,31.56149469293969,2.898486505693296
DoE3_R2,10.835835835835836,137.7364736431788,31.534935904918207,2.89382866797492
DoE3_R2,10.848348348348347,138.00627886358626,31.50832932816428,2.889171922849064
DoE3_R2,10.860860860860862,138.2762390483683,31.481674740542665,2.884516217856299
DoE3_R2,10.873373373373374,138.54635603099675,31.45497191991813,2.879861500537196
DoE3_R2,10.885885885885887,138.81663164494367,31.428220644155427,2.875207718432325
DoE3_R2,10.8983983983984,139.0870677236808,31.40142069111933,2.870554819082258
DoE3_R2,10.910910910910912,139.35766610068023,31.37457183867461,2.8659027500275647
DoE3_R2,10.923423423423424,139.62819698427097,31.34770796946084,2.861266143536347
DoE3_R2,10.935935935935936,139.8959985422006,31.32122106280517,2.856813820031113
DoE3_R2,10.948448448448447,140.1637501492804,31.29471665204712,2.8523759744748647
DoE3_R2,10.960960960960962,140.43144863386453,31.26819525201125,2.8479528717260183
DoE3_R2,10.973473473473474,140.699090824307,31.241657377522102,2.8435447766429927
DoE3_R2,10.985985985985987,140.966673548962,31.215103543404236,2.8391519540842034
DoE3_R2,10.9984984984985,141.2341936361835,31.1885342644822,2.8347746689080697
DoE3_R2,11.011011011011012,141.5016479143257,31.16195005558055,2.830413185973008
DoE3_R2,11.023523523523524,141.7690332117426,31.13535143152384,2.8260677701374366
DoE3_R2,11.036036036036036,142.03634635678833,31.10873890713662,2.8217386862597715
DoE3_R2,11.048548548548547,142.3035841778169,31.08211299724345,2.8174261991984317
DoE3_R2,11.061061061061062,142.57074350318254,31.05547421666887,2.8131305738118333
DoE3_R2,11.073573573573574,142.83782116123922,31.028823080237444,2.808852074958395
DoE3_R2,11.086086086086087,143.10481398034108,31.00216010277372,2.804590967496533
DoE3_R2,11.0985985985986,143.37171878884214,30.97548579910226,2.800347516284666
DoE3_R2,11.111111111111112,143.63853241509662,30.9488006840476,2.7961219861812103
DoE3_R2,11.123623623623624,143.90525168745847,30.922105272434308,2.791914642044585
DoE3_R2,11.136136136136138,144.17187343428185,30.89540007908693,2.787725748733205
DoE3_R2,11.14864864864865,144.4383944839208,30.86868561883002,2.7835555711054902
DoE3_R2,11.161161161161164,144.70481166472948,30.841962406488133,2.7794043740198564
DoE3_R2,11.173673673673674,144.9711218050619,30.815230956885824,2.7752724223347225
DoE3_R2,11.186186186186188,145.2373217332722,30.78849178484764,2.771159980908504
DoE3_R2,11.1986986986987,145.5034082777144,30.76174540519813,2.767067314599621
DoE3_R2,11.211211211211213,145.7693782667427,30.734992332761863,2.762994688266488
DoE3_R2,11.223723723723724,146.03522852871106,30.70823308236338,2.758942366767525
DoE3_R2,11.236236236236238,146.30095589197367,30.681468168827237,2.7549106149611475
DoE3_R2,11.24874874874875,146.56655718488454,30.654698106977985,2.750899697705774
DoE3_R2,11.261261261261264,146.83202923579785,30.62792341164018,2.746909879859822
DoE3_R2,11.273773773773774,147.09736887306755,30.60114459763837,2.7429414262817087
DoE3_R2,11.286286286286288,147.36257292504786,30.57436217979712,2.7389946018298508
DoE3_R2,11.2987987987988,147.62763822009276,30.54757667294097,2.7350696713626674
DoE3_R2,11.311311311311313,147.89256158655644,30.520788591894476,2.7311668997385743
DoE3_R2,11.323823823823824,148.1573398527929,30.493998451482195,2.72728655181599
DoE3_R2,11.336336336336338,148.4219698471563,30.46720676652868,2.7234288924533314
DoE3_R2,11.34884884884885,148.68644839800064,30.440414051858475,2.7195941865090165
DoE3_R2,11.361361361361364,148.95077233368008,30.413620822296146,2.715782698841462
DoE3_R2,11.373873873873874,149.21493848254866,30.38682759266624,2.7119946943090865
DoE3_R2,11.386386386386388,149.47894367296053,30.360034877793304,2.7082304377703057
DoE3_R2,11.3988988988989,149.7427847332697,30.3332431925019,2.704490194083539
DoE3_R2,11.411411411411413,150.00645849183033,30.30645305161658,2.700774228107202
DoE3_R2,11.423923923923924,150.26996177699644,30.27966496996189,2.697082804699713
DoE3_R2,11.436436436436438,150.53329141712217,30.252879462362397,2.6934161887194903
DoE3_R2,11.44894894894895,150.79644424056153,30.226097043642635,2.6897746450249507
DoE3_R2,11.461461461461464,151.0590884277292,30.199356683660906,2.6863257302534063
DoE3_R2,11.473973973973974,151.3213418898374,30.172644729359227,2.6830080744123657
DoE3_R2,11.486486486486488,151.58337263061483,30.145941666363708,2.679734808897792
DoE3_R2,11.498998998999,151.84517665281982,30.119248106101697,2.676506618821348
DoE3_R2,11.511511511511513,152.10674995921093,30.092564660000534,2.6733241892946933
DoE3_R2,11.524024024024024,152.3680885525465,30.065891939487564,2.6701882054294903
DoE3_R2,11.536536536536538,152.62918843558512,30.039230555990123,2.667099352337399
DoE3_R2,11.54904904904905,152.8900456110851,30.012581120935568,2.664058315130082
DoE3_R2,11.561561561561565,153.15065608180498,29.98594424575123,2.6610657789191983
DoE3_R2,11.574074074074074,153.41101585050316,29.95932054186446,2.6581224288164105
DoE3_R2,11.586586586586588,153.67112091993815,29.9327106207026,2.655228949933379
DoE3_R2,11.5990990990991,153.9309672928683,29.90611509369299,2.652386027381766
DoE3_R2,11.611611611611613,154.1905509720522,29.879534572262973,2.649594346273232
DoE3_R2,11.624124124124124,154.44986796024816,29.8529696678399,2.6468545917194377
DoE3_R2,11.636636636636638,154.70891426021475,29.82642099185111,2.6441674488320444
DoE3_R2,11.64914914914915,154.96768587471033,29.799889155723942,2.641533602722714
DoE3_R2,11.661661661661665,155.2261788064934,29.773374770885745,2.638953738503106
DoE3_R2,11.674174174174174,155.4843890583224,29.746878448763862,2.636428541284883
DoE3_R2,11.686686686686688,155.74231263295576,29.72040080078564,2.6339586961797057
DoE3_R2,11.6991991991992,155.99994553315196,29.69394243837841,2.6315448882992354
DoE3_R2,11.711711711711713,156.25728376166947,29.66750397296953,2.6291878027551325
DoE3_R2,11.724224224224224,156.51432332126666,29.641086015986332,2.626888124659059
DoE3_R2,11.736736736736738,156.7710602147021,29.614689178856167,2.624646539122675
DoE3_R2,11.74924924924925,157.0274904447341,29.58831407300638,2.622463731257643
DoE3_R2,11.761761761761765,157.28361001412122,29.561961309864305,2.620340386175623
DoE3_R2,11.774274274274276,157.53941492562186,29.53563150085729,2.6182771889882765
DoE3_R2,11.786786786786788,157.7949011819945,29.509325257412684,2.6162748248072645
DoE3_R2,11.7992992992993,158.05006478599756,29.483043190957822,2.614333978744248
DoE3_R2,11.811811811811811,158.30490174038954,29.45678591292005,2.6124553359108886
DoE3_R2,11.824324324324325,158.55940804792883,29.43055403472672,2.610639581418847
DoE3_R2,11.836836836836838,158.8135797113739,29.40434816780516,2.6088874003797846
DoE3_R2,11.84934934934935,159.06741273348322,29.37816892358273,2.6071994779053624
DoE3_R2,11.861861861861865,159.32090311701523,29.35201691348676,2.605576499107241
DoE3_R2,11.874374374374376,159.5740468647284,29.3258927489446,2.604019149097083
DoE3_R2,11.886886886886888,159.82683997938113,29.299797041383588,2.602528112986548
DoE3_R2,11.8993993993994,160.0792784637319,29.273730402231077,2.6011040758872976
DoE3_R2,11.911911911911911,160.3313583205392,29.2476934429144,2.599747722910993
DoE3_R2,11.924424424424425,160.5830755525614,29.22168677486091,2.598459739169295
DoE3_R2,11.936936936936938,160.83442616255704,29.19571100949794,2.597240809773865
DoE3_R2,11.94944944944945,161.08540615328448,29.169766758252845,2.5960916198363653
DoE3_R2,11.961961961961965,161.33601152750225,29.14385463255296,2.5950128544684548
DoE3_R2,11.974474474474476,161.58623828796874,29.117975243825637,2.594005198781796
DoE3_R2,11.986986986986988,161.8361263590158,29.092120485955785,2.593035901935319
DoE3_R2,11.9994994994995,162.085818417188,29.066261858595936,2.591993991433469
DoE3_R2,12.012012012012011,162.33518083205615,29.040425702734705,2.5909788375853657
DoE3_R2,12.024524524524525,162.58421475459784,29.014611607982243,2.589987206344057
DoE3_R2,12.037037037037038,162.83292133579073,28.988819163948698,2.5890158636625924
DoE3_R2,12.04954954954955,163.08130172661234,28.96304796024422,2.5880615754940206
DoE3_R2,12.062062062062065,163.32935707804037,28.93729758647895,2.58712110779139
DoE3_R2,12.074574574574577,163.5770885410523,28.911567632263047,2.5861912265077502
DoE3_R2,12.087087087087088,163.82449726662583,28.88585768720665,2.58526869759615
DoE3_R2,12.0995995995996,164.07158440573858,28.860167340919915,2.584350287009638
DoE3_R2,12.112112112112111,164.31835110936814,28.83449618301298,2.5834327607012635
DoE3_R2,12.124624624624625,164.53216687001589,28.813792665624117,2.5829667679826502
DoE3_R2,12.137137137137138,164.7116669708211,28.798263523586208,2.582968073065312
DoE3_R2,12.14964964964965,164.87453927887472,28.78522600884391,2.583187432153281
DoE3_R2,12.162162162162163,165.01945018034465,28.774882139197008,2.5836401768368757
DoE3_R2,12.174674674674677,165.1450660613988,28.767433932445304,2.5843416387064124
DoE3_R2,12.187187187187188,165.2500533082051,28.763083406388585,2.585307149352209
DoE3_R2,12.1996996996997,165.33307830693144,28.762032578826656,2.5865520403645825
DoE3_R2,12.212212212212211,165.39280744374577,28.76448346755931,2.58809164333385
DoE3_R2,12.224724724724725,165.42790710481597,28.77063809038633,2.589941289850329
DoE3_R2,12.237237237237238,165.43704367630997,28.78069846510754,2.5921163115043364
DoE3_R2,12.24974974974975,165.41888354439567,28.79486660952271,2.5946320398861893
DoE3_R2,12.262262262262263,165.41945175975818,28.806211238208917,2.596930304002801
DoE3_R2,12.274774774774777,165.40848571484892,28.81929174023501,2.599376758934411
DoE3_R2,12.287287287287288,165.38572003175273,28.83414923252263,2.60197380017898
DoE3_R2,12.2997997997998,165.3518119502274,28.850685864569268,2.604712650545704
DoE3_R2,12.312312312312311,165.30741871003076,28.8688037858724,2.6075845328437826
DoE3_R2,12.324824824824825,165.25319755092065,28.888405145929493,2.610580669882411
DoE3_R2,12.337337337337338,165.18980571265482,28.90939209423804,2.613692284470787
DoE3_R2,12.34984984984985,165.11957896744755,28.931414205060147,2.6168904197942173
DoE3_R2,12.362362362362363,165.05265806927375,28.9529466070298,2.6200522861211684
DoE3_R2,12.374874874874877,164.98300793338777,28.974898469455177,2.623249562608829
DoE3_R2,12.387387387387388,164.91178369971675,28.997097020880062,2.6264674862195845
DoE3_R2,12.3998998998999,164.84014050818786,29.01936948984824,2.629691293915821
DoE3_R2,12.412412412412412,164.7692334987282,29.041543104903475,2.6329062226599254
DoE3_R2,12.424924924924923,164.7002178112649,29.06344509458955,2.636097509414282
DoE3_R2,12.437437437437438,164.63424858572515,29.08490268745025,2.639250391141277
DoE3_R2,12.44994994994995,164.57066734165247,29.106013656065088,2.642373473927742
DoE3_R2,12.462462462462463,164.5065199232842,29.12721822685219,2.645504944428967
DoE3_R2,12.474974974974977,164.44463430888086,29.14809408526574,2.648608484508187
DoE3_R2,12.487487487487488,164.38541842493365,29.168579924266417,2.6516789592307424
DoE3_R2,12.5,164.32928019793374,29.188614436814888,2.654711233661972
DoE3_R3,0.0,0.0,23.06666666666657,0.0
DoE3_R3,0.0125125125125125,0.0012717013320656,23.09764125672448,0.0077342058436804
DoE3_R3,0.025025025025025,0.00127046603831,23.129205277575497,0.0156082469132924
DoE3_R3,0.0375375375375375,0.0012692386593591,23.160743747107844,0.0234785323812714
DoE3_R3,0.05005005005005,0.0012680241346749,23.19224815496548,0.0313246115719313
DoE3_R3,0.0625625625625625,0.0012668265264616,23.22368803394393,0.0391049529925053
DoE3_R3,0.075075075075075,0.0012656289182482,23.25512791292237,0.0468852944130793
DoE3_R3,0.0875875875875876,0.0012644323403138,23.28656517162607,0.0546628655431392
DoE3_R3,0.1001001001001001,0.0012632554205046,23.3179524344644,0.0623875784484628
DoE3_R3,0.1126126126126126,0.0012620882823966,23.34931481982249,0.07008598958999
DoE3_R3,0.1251251251251251,0.00126093092599,23.38065232770034,0.0777580989677208
DoE3_R3,0.1376376376376376,0.0012597795207557,23.411978894000875,0.0853947752338886
DoE3_R3,0.1501501501501501,0.0012586371714385,23.443283223307247,0.093003419586672
DoE3_R3,0.1626626626626626,0.0012575039882162,23.47456491477941,0.1005842946721225
DoE3_R3,0.1751751751751752,0.0012563799710891,23.50582396841737,0.1081374004902399
DoE3_R3,0.1876876876876877,0.0012552651200569,23.537060384221125,0.1156627370410243
DoE3_R3,0.2002002002002002,0.0012541594351198,23.568274162190672,0.1231603043244757
DoE3_R3,0.2127127127127127,0.0012530629162778,23.59946530232601,0.130630102340594
DoE3_R3,0.2252252252252252,0.0012519755635307,23.63063380462714,0.1380721310893794
DoE3_R3,0.2377377377377377,0.0012508973768788,23.661779669094063,0.1454863905708317
DoE3_R3,0.2502502502502503,0.0012498283563218,23.692902895726785,0.152872880784951
DoE3_R3,0.2627627627627628,0.0012487685018599,23.724003484525294,0.1602316017317373
DoE3_R3,0.2752752752752753,0.0012477183419915,23.755082534666773,0.1675716407175014
DoE3_R3,0.2877877877877878,0.0012466822377139,23.786149116201948,0.1749679832235542
DoE3_R3,0.3003003003003003,0.0012456561282044,23.81719478338652,0.1823508051419298
DoE3_R3,0.3128128128128128,0.001244640013463,23.848219536220483,0.1897201064726282
DoE3_R3,0.3253253253253253,0.0012436338934898,23.87922337470384,0.1970758872156495
DoE3_R3,0.3378378378378379,0.0012426377682847,23.910206298836595,0.2044181473709935
DoE3_R3,0.3503503503503504,0.0012416516378477,23.941168308618742,0.2117468869386604
DoE3_R3,0.3628628628628629,0.0012406755021789,23.972109404050283,0.21906210591865
DoE3_R3,0.3753753753753754,0.0012397093612782,24.00302958513122,0.2263638043109625
DoE3_R3,0.3878878878878879,0.0012387532151456,24.03392885186155,0.2336519821155978
DoE3_R3,0.4004004004004004,0.0012378070637812,24.064807204241276,0.2409266393325559
DoE3_R3,0.4129129129129129,0.0012368709071849,24.095664642270396,0.2481877759618368
DoE3_R3,0.4254254254254254,0.0012359437102145,24.12650339298729,0.2554374088798534
DoE3_R3,0.4379379379379379,0.0012350228530657,24.157329092723455,0.2626806425267165
DoE3_R3,0.4504504504504504,0.0012341112880468,24.188135389787632,0.2699117246098722
DoE3_R3,0.4629629629629629,0.0012332090151577,24.21892228417981,0.2771306551293207
DoE3_R3,0.4754754754754755,0.0012323160343985,24.249689775899988,0.2843374340850618
DoE3_R3,0.487987987987988,0.0012314323457692,24.28043786494817,0.2915320614770956
DoE3_R3,0.5005005005005005,0.0012305579492698,24.311166551324355,0.2987145373054221
DoE3_R3,0.513013013013013,0.0012296928449002,24.341875835028542,0.3058848615700412
DoE3_R3,0.5255255255255256,0.0012288370326606,24.37256571606073,0.313043034270953
DoE3_R3,0.5380380380380381,0.0012279905125508,24.403236194420924,0.3201890554081574
DoE3_R3,0.5505505505505506,0.0012271532845708,24.433887270109118,0.3273229249816545
DoE3_R3,0.5630630630630631,0.0012263253487208,24.464518943125316,0.3344446429914443
DoE3_R3,0.5755755755755756,0.0012255031173734,24.495142097889357,0.3415624891555348
DoE3_R3,0.5880880880880881,0.0012246838457765,24.525765061642407,0.3486827979602521
DoE3_R3,0.6006006006006006,0.0012238731655773,24.556370748658704,0.3557925723884451
DoE3_R3,0.6131131131131131,0.0012230710767759,24.58695915893824,0.3628918124401137
DoE3_R3,0.6256256256256256,0.0012222775793721,24.61753029248101,0.369980518115258
DoE3_R3,0.6381381381381381,0.0012214926733661,24.648084149287023,0.377058689413878
DoE3_R3,0.6506506506506506,0.0012207163587578,24.678620729356275,0.3841263263359735
DoE3_R3,0.6631631631631631,0.0012199486355472,24.709140032688765,0.3911834288815448
DoE3_R3,0.6756756756756758,0.0012191895037343,24.7396420592845,0.3982299970505917
DoE3_R3,0.6881881881881883,0.0012184389633191,24.770126809143463,0.4052660308431143
DoE3_R3,0.7007007007007008,0.0012176970143017,24.80059428226568,0.4122915302591125
DoE3_R3,0.7132132132132133,0.001216963656682,24.831044478651123,0.4193064952985864
DoE3_R3,0.7257257257257258,0.00121623889046,24.86147739829981,0.4263109259615359
DoE3_R3,0.7382382382382383,0.0012155227156357,24.891893041211738,0.4333048222479611
DoE3_R3,0.7507507507507508,0.0012148151322092,24.922291407386904,0.4402881841578618
DoE3_R3,0.7632632632632633,0.0012141161401803,24.95267249682531,0.4472610116912383
DoE3_R3,0.7757757757757758,0.0012134257395492,24.983036309526955,0.4542233048480905
DoE3_R3,0.7882882882882883,0.0012127439303159,25.01338284549184,0.4611750636284182
DoE3_R3,0.8008008008008008,0.0012120707124802,25.04371210471996,0.4681162880322217
DoE3_R3,0.8133133133133134,0.0012114060860422,25.074024087211324,0.4750469780595008
DoE3_R3,0.8258258258258259,0.001210750051002,25.104318792965927,0.4819671337102555
DoE3_R3,0.8383383383383384,0.0012101026073595,25.134596221983767,0.4888767549844859
DoE3_R3,0.8508508508508509,0.0012094637551147,25.164856374264847,0.495775841882192
DoE3_R3,0.8633633633633634,0.0012088334942676,25.195099249809164,0.5026643944033737
DoE3_R3,0.8758758758758759,0.0012082118248183,25.22532484861673,0.509542412548031
DoE3_R3,0.8883883883883884,0.0012075987467667,25.255533170687524,0.5164098963161641
DoE3_R3,0.9009009009009008,0.0012069942601128,25.28572421602156,0.5232668457077727
DoE3_R3,0.9134134134134134,0.0012063812418579,25.3159314152148,0.5301088275960628
DoE3_R3,0.925925925925926,0.0012057718593554,25.346131012972755,0.5369389920963552
DoE3_R3,0.9384384384384384,0.0012051695564027,25.376316285695232,0.5437582308042459
DoE3_R3,0.9509509509509512,0.0012045743329999,25.40648723338223,0.5505665437197349
DoE3_R3,0.9634634634634636,0.0012039861891468,25.436643856033758,0.5573639308428222
DoE3_R3,0.975975975975976,0.0012034051248435,25.4667861536498,0.5641503921735078
DoE3_R3,0.9884884884884886,0.00120283114009,25.496914126230365,0.5709259277117917
DoE3_R3,1.001001001001001,0.0012022642348863,25.52702777377546,0.577690537457674
DoE3_R3,1.0135135135135136,0.0012017044092324,25.557127096285072,0.5844442214111545
DoE3_R3,1.026026026026026,0.0012011516631282,25.587212093759213,0.5911869795722333
DoE3_R3,1.0385385385385386,0.0012006059965739,25.617282766197874,0.5979188119409106
DoE3_R3,1.0510510510510511,0.0012000674095694,25.647339113601056,0.604639718517186
DoE3_R3,1.0635635635635636,0.0011995359021146,25.67738113596877,0.6113496993010599
DoE3_R3,1.076076076076076,0.0011990114742096,25.707408833300995,0.618048754292532
DoE3_R3,1.0885885885885886,0.0011984941258545,25.73742220559775,0.6247368834916024
DoE3_R3,1.1011011011011012,0.0011979838570491,25.767421252859027,0.6314140868982712
DoE3_R3,1.1136136136136137,0.0011974806677935,25.79740597508483,0.6380803645125382
DoE3_R3,1.1261261261261262,0.0011969845580877,25.82737637227515,0.6447357163344036
DoE3_R3,1.138638638638639,0.0011964955279317,25.85733244443,0.6513801423638674
DoE3_R3,1.1511511511511512,0.0011960135773254,25.88727419154937,0.6580136426009294
DoE3_R3,1.1636636636636637,0.001195538706269,25.917201613633264,0.6646362170455897
DoE3_R3,1.1761761761761762,0.0011950709147624,25.94711471068168,0.6712478656978484
DoE3_R3,1.1886886886886887,0.0011946102028055,25.97701348269462,0.6778485885577054
DoE3_R3,1.2012012012012012,0.0011941565703985,26.00689792967208,0.6844383856251607
DoE3_R3,1.2137137137137135,0.0011937100175412,26.036768051614068,0.6910172569002143
DoE3_R3,1.2262262262262262,0.0011932705442337,26.066623848520575,0.6975852023828663
DoE3_R3,1.2387387387387387,0.0011928340210659,26.09647639676648,0.704148269732591
DoE3_R3,1.2512512512512513,0.0011923929442314,26.126345823917315,0.710717448525304
DoE3_R3,1.2637637637637638,0.0011919578251204,26.156203935123173,0.7172773444778303
DoE3_R3,1.2762762762762765,0.0011915286637329,26.186050730384043,0.7238279575901696
DoE3_R3,1.2887887887887888,0.0011911054600689,26.215886209699924,0.730369287862322
DoE3_R3,1.3013013013013013,0.0011906882141284,26.245710373070825,0.7369013352942876
DoE3_R3,1.3138138138138138,0.0011902769259113,26.27552322049674,0.7434240998860662
DoE3_R3,1.3263263263263263,0.0011898715954178,26.30532475197767,0.7499375816376579
DoE3_R3,1.338838838838839,0.0011894722226477,26.33511496751361,0.7564417805490629
DoE3_R3,1.3513513513513515,0.0011890788076011,26.364893867104573,0.7629366966202809
DoE3_R3,1.363863863863864,0.001188691350278,26.394661450750547,0.7694223298513119
DoE3_R3,1.3763763763763766,0.0011883098506784,26.424417718451537,0.7758986802421561
DoE3_R3,1.388888888888889,0.0011879343088023,26.454162670207538,0.7823657477928134
DoE3_R3,1.4014014014014016,0.0011875647246497,26.48389630601856,0.7888235325032837
DoE3_R3,1.413913913913914,0.0011872010982206,26.51361862588459,0.7952720343735673
DoE3_R3,1.4264264264264266,0.0011868434295149,26.54332962980564,0.8017112534036639
DoE3_R3,1.438938938938939,0.0011864917185327,26.573029317781703,0.8081411895935736
DoE3_R3,1.4514514514514516,0.0011861459652741,26.60271768981278,0.8145618429432965
DoE3_R3,1.463963963963964,0.0011858061697389,26.632394745898875,0.8209732134528324
DoE3_R3,1.4764764764764766,0.0011854723319272,26.66206048603998,0.8273753011221815
DoE3_R3,1.4889889889889891,0.0011851444518389,26.691714910236104,0.8337681059513437
DoE3_R3,1.5015015015015016,0.0011848225294742,26.72135801848724,0.840151627940319
DoE3_R3,1.514014014014014,0.001184506564833,26.7509898107934,0.8465258670891073
DoE3_R3,1.5265265265265269,0.0011841965579152,26.780610287154563,0.8528908233977087
DoE3_R3,1.5390390390390392,0.001183892508721,26.810219447570745,0.8592464968661233
DoE3_R3,1.5515515515515517,0.0011835944172502,26.83981729204194,0.865592887494351
DoE3_R3,1.5640640640640642,0.0011833022835029,26.869403820568152,0.8719299952823919
DoE3_R3,1.576576576576577,0.0011830042554458,26.899025257934003,0.8782928927249607
DoE3_R3,1.5890890890890892,0.0011827069826036,26.92865566995237,0.8846619025721103
DoE3_R3,1.6016016016016017,0.0011824149374286,26.95827761335997,0.8910237899593791
DoE3_R3,1.6141141141141142,0.0011821281199206,26.987891088156807,0.8973785548867674
DoE3_R3,1.6266266266266267,0.0011818465300797,27.01749609434288,0.903726197354275
DoE3_R3,1.6391391391391392,0.0011815701679058,27.047092631918183,0.9100667173619018
DoE3_R3,1.6516516516516515,0.0011812990333991,27.07668070088273,0.916400114909648
DoE3_R3,1.6641641641641642,0.0011810331265595,27.106260301236496,0.9227263899975136
DoE3_R3,1.6766766766766767,0.0011807724473869,27.135831432979504,0.9290455426254984
DoE3_R3,1.6891891891891893,0.0011805169958814,27.165394096111747,0.9353575727936028
DoE3_R3,1.7017017017017018,0.001180266772043,27.194948290633224,0.9416624805018264
DoE3_R3,1.7142142142142145,0.0011800217758717,27.224494016543936,0.9479602657501692
DoE3_R3,1.7267267267267268,0.0011797820073675,27.25403127384388,0.9542509285386316
DoE3_R3,1.7392392392392393,0.0011795474665303,27.283560062533063,0.960534468867213
DoE3_R3,1.7517517517517518,0.0011793181533603,27.313080382611474,0.966810886735914
DoE3_R3,1.7642642642642643,0.0011790940678573,27.342592234079124,0.9730801821447344
DoE3_R3,1.7767767767767768,0.0011788752100214,27.372095616936004,0.9793423550936738
DoE3_R3,1.789289289289289,0.0011786615798526,27.401590531182123,0.9855974055827328
DoE3_R3,1.8018018018018016,0.0011784531773509,27.43107697681748,0.9918453336119112
DoE3_R3,1.8143143143143143,0.0011782500025163,27.46055495384206,0.9980861391812088
DoE3_R3,1.8268268268268268,0.0011780520553488,27.49002446225588,1.0043198222906256
DoE3_R3,1.8393393393393396,0.0011778593358483,27.51948550205893,1.010546382940162
DoE3_R3,1.851851851851852,0.0011776718440149,27.54893807325122,1.0167658211298176
DoE3_R3,1.8643643643643644,0.0011774895798486,27.578382175832747,1.0229781368595925
DoE3_R3,1.876876876876877,0.0011773125433494,27.607817809803503,1.029183330129487
DoE3_R3,1.8893893893893896,0.0011771407345173,27.63724497516349,1.0353814009395006
DoE3_R3,1.901901901901902,0.0011769741533523,27.66666367191272,1.0415723492896336
DoE3_R3,1.9144144144144144,0.0011768127998543,27.696073900051186,1.0477561751798858
DoE3_R3,1.9269269269269271,0.0011766566740235,27.72547565957888,1.0539328786102575
DoE3_R3,1.93943943943944,0.0011765057758597,27.754868950495805,1.0601024595807484
DoE3_R3,1.951951951951952,0.001176360105363,27.784253772801968,1.0662649180913588
DoE3_R3,1.9644644644644649,0.0011762196625334,27.813630126497365,1.0724202541420884
DoE3_R3,1.9769769769769767,0.0011760844473709,27.842998011582,1.0785684677329377
DoE3_R3,1.9894894894894897,0.0011759544598754,27.872357428055864,1.084709558863906
DoE3_R3,2.002002002002002,0.0011758297000471,27.901708375918965,1.0908435275349937
DoE3_R3,2.0145145145145147,0.0011757101678858,27.931050855171296,1.0969703737462004
DoE3_R3,2.027027027027027,0.0011755958633916,27.960384865812863,1.1030900974975268
DoE3_R3,2.03953953953954,0.0011754867865645,27.98971040784367,1.1092026987889725
DoE3_R3,2.052052052052052,0.0011753829374045,28.01902748126371,1.1153081776205376
DoE3_R3,2.0645645645645647,0.0011752843159116,28.04833608607298,1.121406533992222
DoE3_R3,2.077077077077077,0.0011751909220858,28.077636222271487,1.1274977679040257
DoE3_R3,2.0895895895895897,0.001175102755927,28.10692788985923,1.133581879355949
DoE3_R3,2.1021021021021022,0.0011750198174353,28.1362110888362,1.1396588683479911
DoE3_R3,2.1146146146146148,0.0011749421066108,28.165485819202413,1.1457287348801528
DoE3_R3,2.1271271271271277,0.0011748622420027,28.19475734916496,1.151794203341926
DoE3_R3,2.13963963963964,0.0011747737294119,28.22403031369172,1.1578576706508072
DoE3_R3,2.1521521521521523,0.001174684055126,28.253299369752536,1.1639163737234712
DoE3_R3,2.164664664664665,0.0011745932191448,28.28256451734742,1.1699703125599177
DoE3_R3,2.1771771771771773,0.0011745012214685,28.311825756476367,1.1760194871601468
DoE3_R3,2.18968968968969,0.0011743916139815,28.34108378670063,1.1820608522112106
DoE3_R3,2.2022022022022023,0.0012864563667076,28.37047580769296,1.188106329502553
DoE3_R3,2.214714714714715,0.001287829430661,28.400959175359013,1.194300185061965
DoE3_R3,2.2272272272272278,0.0012876245232592,28.431436333009355,1.2004808855967404
DoE3_R3,2.23973973973974,0.0012874110229754,28.46189328387676,1.2066159394702856
DoE3_R3,2.2522522522522523,0.0012872095610587,28.492314717317758,1.212690964741814
DoE3_R3,2.264764764764765,0.0012870080991419,28.522736150758757,1.2187659900133423
DoE3_R3,2.2772772772772774,0.0012868066372251,28.55315758419975,1.2248410152848708
DoE3_R3,2.28978978978979,0.0012866051753084,28.583579017640748,1.230916040556399
DoE3_R3,2.3023023023023024,0.0012864037133916,28.614000451081743,1.2369910658279275
DoE3_R3,2.314814814814815,0.0012862022514748,28.64442188452274,1.243066091099456
DoE3_R3,2.3273273273273274,0.0012860007895581,28.674843317963735,1.2491411163709842
DoE3_R3,2.33983983983984,0.0012857993276413,28.705264751404734,1.2552161416425127
DoE3_R3,2.3523523523523524,0.0012855978657245,28.735686184845733,1.261291166914041
DoE3_R3,2.364864864864865,0.0012853964038077,28.76610761828673,1.2673661921855697
DoE3_R3,2.3773773773773774,0.0012852330202613,28.796488825966,1.2734066578797305
DoE3_R3,2.38988988988989,0.0012850796374816,28.82685946889544,1.279438046970412
DoE3_R3,2.4024024024024024,0.0012849262547018,28.85723011182489,1.285469436061094
DoE3_R3,2.414914914914915,0.001284772871922,28.887600754754335,1.291500825151776
DoE3_R3,2.4274274274274275,0.0012846194891423,28.917971397683782,1.2975322142424577
DoE3_R3,2.43993993993994,0.0012844661063625,28.94834204061323,1.3035636033331397
DoE3_R3,2.4524524524524525,0.0012843127235827,28.97871268354268,1.3095949924238213
DoE3_R3,2.464964964964965,0.001284159340803,29.00908332647213,1.3156263815145033
DoE3_R3,2.477477477477477,0.0012840059580232,29.03945396940157,1.321657770605185
DoE3_R3,2.48998998998999,0.0012838525752434,29.06982461233102,1.3276891596958669
DoE3_R3,2.5025025025025025,0.0012837203784762,29.10016508302527,1.3336726389238422
DoE3_R3,2.515015015015015,0.0012836427849365,29.130427790080624,1.3395326388921818
DoE3_R3,2.5275275275275275,0.0012835651913968,29.16069049713597,1.3453926388605213
DoE3_R3,2.54004004004004,0.0012834875978571,29.190953204191324,1.351252638828861
DoE3_R3,2.5525525525525525,0.0012834100043175,29.22121591124668,1.3571126387972006
DoE3_R3,2.565065065065065,0.0012833324107778,29.251478618302027,1.3629726387655403
DoE3_R3,2.5775775775775776,0.0012832548172381,29.28174132535738,1.3688326387338798
DoE3_R3,2.59009009009009,0.0012831772236985,29.31200403241273,1.3746926387022196
DoE3_R3,2.6026026026026026,0.0012830996301588,29.342266739468084,1.380552638670559
DoE3_R3,2.615115115115115,0.0012830220366191,29.372529446523437,1.3864126386388989
DoE3_R3,2.627627627627628,0.0012829444430794,29.402792153578787,1.3922726386072384
DoE3_R3,2.64014014014014,0.0012828668495398,29.433054860634137,1.398132638575578
DoE3_R3,2.6526526526526526,0.0012827892560001,29.46331756768949,1.4039926385439176
DoE3_R3,2.665165165165165,0.0012827116624604,29.49358027474484,1.4098526385122574
DoE3_R3,2.677677677677678,0.0012826340689208,29.523842981800197,1.4157126384805971
DoE3_R3,2.6901901901901906,0.0012825564753811,29.554105688855543,1.4215726384489369
DoE3_R3,2.702702702702703,0.0012824788818414,29.584368395910897,1.4274326384172764
DoE3_R3,2.715215215215216,0.0012824012883017,29.614631102966246,1.433292638385616
DoE3_R3,2.727727727727728,0.0012823236947621,29.6448938100216,1.4391526383539557
DoE3_R3,2.7402402402402406,0.0012822461012224,29.67515651707695,1.4450126383222952
DoE3_R3,2.752752752752753,0.0012821685076827,29.705419224132303,1.450872638290635
DoE3_R3,2.7652652652652656,0.0012820909141431,29.735681931187653,1.4567326382589745
DoE3_R3,2.777777777777778,0.0012820133206034,29.76594463824301,1.4625926382273142
DoE3_R3,2.79029029029029,0.0012819357270637,29.79620734529836,1.4684526381956535
DoE3_R3,2.802802802802803,0.001281858133524,29.82647005235371,1.4743126381639935
DoE3_R3,2.815315315315316,0.0012817805399844,29.85673275940906,1.480172638132333
DoE3_R3,2.827827827827828,0.0012817029464447,29.886995466464413,1.4860326381006728
DoE3_R3,2.8403403403403407,0.001281625352905,29.91725817351976,1.4918926380690123
DoE3_R3,2.852852852852853,0.0012815477593654,29.947520880575112,1.4977526380373518
DoE3_R3,2.8653653653653657,0.0012814701658257,29.977783587630466,1.5036126380056916
DoE3_R3,2.877877877877878,0.001281392572286,30.008046294685816,1.509472637974031
DoE3_R3,2.8903903903903907,0.0012813149787463,30.03830900174117,1.5153326379423708
DoE3_R3,2.902902902902903,0.0012812373852067,30.06857170879652,1.5211926379107104
DoE3_R3,2.915415415415416,0.001281159791667,30.098834415851872,1.52705263787905
DoE3_R3,2.927927927927928,0.0012811284834211,30.129067706576556,1.5328380993770652
DoE3_R3,2.9404404404404407,0.001281110599295,30.15929246568533,1.5386019424888122
DoE3_R3,2.952952952952953,0.0012810960235558,30.18951512216934,1.54436045772893
DoE3_R3,2.9654654654654657,0.0012810847562037,30.219735676028588,1.550113645097419
DoE3_R3,2.9779779779779783,0.0012810767972384,30.249954127263077,1.5558615045942783
DoE3_R3,2.9904904904904908,0.0012810721466602,30.280170475872797,1.5616040362195087
DoE3_R3,3.0030030030030037,0.0012810708044689,30.310384721857748,1.56734123997311
DoE3_R3,3.015515515515516,0.0012810727706646,30.340596865217936,1.573073115855082
DoE3_R3,3.0280280280280283,0.0012810780452472,30.37080690595336,1.5787996638654247
DoE3_R3,3.040540540540541,0.0012810866282168,30.401014844064026,1.5845208840041385
DoE3_R3,3.0530530530530533,0.0012810985195733,30.43122067954992,1.5902367762712228
DoE3_R3,3.065565565565566,0.0012811137193168,30.46142441241105,1.595947340666678
DoE3_R3,3.0780780780780783,0.0012811322274473,30.49162604264742,1.601652577190504
DoE3_R3,3.090590590590591,0.0012811540439647,30.521825570259026,1.6073524858427013
DoE3_R3,3.1031031031031038,0.0012811791688691,30.552022995245864,1.613047066623269
DoE3_R3,3.115615615615616,0.0012812076021605,30.58221831760794,1.6187363195322075
DoE3_R3,3.1281281281281283,0.0012812393438388,30.61241153734525,1.624420244569517
DoE3_R3,3.140640640640641,0.0012812743939041,30.6426026544578,1.6300988417351974
DoE3_R3,3.1531531531531534,0.0012813127523563,30.672791668945575,1.6357721110292485
DoE3_R3,3.165665665665666,0.0012813544191955,30.702978580808598,1.6414400524516704
DoE3_R3,3.1781781781781784,0.0012813993944217,30.733163390046847,1.647102666002463
DoE3_R3,3.190690690690691,0.0012814476780348,30.76334609666033,1.6527599516816267
DoE3_R3,3.2032032032032034,0.0012814992700349,30.79352670064906,1.658411909489161
DoE3_R3,3.215715715715716,0.001281554170422,30.82370520201302,1.6640585394250662
DoE3_R3,3.2282282282282284,0.001281612379196,30.853881600752214,1.6696998414893425
DoE3_R3,3.240740740740741,0.0012816738963569,30.884055896866645,1.675335815681989
DoE3_R3,3.253253253253253,0.0012817387219049,30.91422809035631,1.680966462003007
DoE3_R3,3.265765765765766,0.0012818068558397,30.94439818122121,1.686591780452395
DoE3_R3,3.2782782782782784,0.0012818782981616,30.974566169461347,1.6922117710301547
DoE3_R3,3.290790790790791,0.0012819530488704,31.00473205507672,1.697826433736285
DoE3_R3,3.3033033033033035,0.0012820311079662,31.03489583806733,1.703435768570786
DoE3_R3,3.315815815815816,0.0012821124754489,31.06505751843317,1.709039775533658
DoE3_R3,3.3283283283283285,0.0012821971513186,31.09521709617425,1.7146384546249005
DoE3_R3,3.340840840840841,0.0012822833643864,31.125383416754534,1.7202397874298785
DoE3_R3,3.353353353353353,0.0012823694650662,31.15556471834282,1.72585120754932
DoE3_R3,3.365865865865866,0.0012824586172042,31.185745200430365,1.7314584576068266
DoE3_R3,3.3783783783783785,0.0012825508208002,31.215924863017168,1.7370615376023988
DoE3_R3,3.390890890890891,0.0012826460758544,31.246103706103234,1.742660447536036
DoE3_R3,3.4034034034034035,0.0012827443823666,31.27628172968856,1.7482551874077386
DoE3_R3,3.415915915915916,0.0012828457403369,31.306458933773147,1.753845757217506
DoE3_R3,3.4284284284284285,0.0012829501497653,31.336635318356997,1.7594321569653393
DoE3_R3,3.440940940940941,0.0012830576106519,31.3668108834401,1.7650143866512376
DoE3_R3,3.4534534534534536,0.0012831681229965,31.396985629022467,1.770592446275201
DoE3_R3,3.465965965965966,0.0012832816867992,31.42715955510409,1.77616633583723
DoE3_R3,3.4784784784784786,0.00128339830206,31.457332661684983,1.7817360553373238
DoE3_R3,3.490990990990991,0.0012835179687789,31.48750494876513,1.7873016047754833
DoE3_R3,3.503503503503504,0.0012836406869559,31.517676416344543,1.7928629841517076
DoE3_R3,3.516016016016016,0.0012837664565909,31.547847064423213,1.7984201934659976
DoE3_R3,3.5285285285285286,0.0012838952776841,31.578016893001145,1.8039732327183529
DoE3_R3,3.541041041041041,0.0012840271502354,31.608185902078336,1.8095221019087728
DoE3_R3,3.5535535535535536,0.0012841620742448,31.63835409165479,1.8150668010372584
DoE3_R3,3.566066066066066,0.0012843000497122,31.668521461730503,1.8206073301038093
DoE3_R3,3.578578578578578,0.0012844410766378,31.698688012305475,1.8261436891084253
DoE3_R3,3.591091091091091,0.0012845851550214,31.72885374337971,1.8316758780511069
DoE3_R3,3.603603603603604,0.0012847322848632,31.75901865495321,1.8372038969318532
DoE3_R3,3.616116116116116,0.001284882466163,31.78918274702596,1.8427277457506648
DoE3_R3,3.6286286286286287,0.0012850356989209,31.819346019597976,1.8482474245075424
DoE3_R3,3.641141141141141,0.001285191983137,31.849508472669253,1.8537629332024848
DoE3_R3,3.6536536536536537,0.0012853513188111,31.87967010623979,1.859274271835492
DoE3_R3,3.666166166166166,0.0012855137059433,31.909830920309588,1.8647814404065648
DoE3_R3,3.678678678678679,0.0012856791445336,31.93999091487865,1.8702844389157036
DoE3_R3,3.691191191191191,0.001285847634582,31.97015008994697,1.875783267362907
DoE3_R3,3.703703703703704,0.0012860191760885,32.00030844551454,1.8812779257481755
DoE3_R3,3.716216216216216,0.0012861937690531,32.030465981581386,1.8867684140715093
DoE3_R3,3.7287287287287287,0.0012863714134758,32.06062269814748,1.8922547323329084
DoE3_R3,3.7412412412412417,0.0012865521093566,32.090778595212846,1.8977368805323729
DoE3_R3,3.753753753753754,0.0012867358566954,32.12093367277747,1.9032148586699027
DoE3_R3,3.7662662662662663,0.0012869226554924,32.15108793084135,1.9086886667454976
DoE3_R3,3.778778778778779,0.0012871125057475,32.181241369404496,1.9141583047591575
DoE3_R3,3.791291291291292,0.0012873054074606,32.211393988466895,1.9196237727108831
DoE3_R3,3.803803803803804,0.0012875013606319,32.24154578802856,1.925085070600674
DoE3_R3,3.8163163163163167,0.0012877003652612,32.271696768089484,1.9305421984285296
DoE3_R3,3.828828828828829,0.0012878949592541,32.30185286078301,1.935997413046439
DoE3_R3,3.8413413413413418,0.0012880874228552,32.332012253385464,1.9414500248122808
DoE3_R3,3.8538538538538543,0.0012882816671323,32.362171836719554,1.9468988508543
DoE3_R3,3.866366366366367,0.0012884776920852,32.39233161078527,1.952343891172496
DoE3_R3,3.8788788788788793,0.001288675497714,32.42249157558261,1.9577851457668691
DoE3_R3,3.891391391391392,0.0012888750840187,32.45265173111158,1.9632226146374196
DoE3_R3,3.903903903903904,0.0012890764509993,32.482812077372174,1.9686562977841464
DoE3_R3,3.916416416416417,0.0012892795986558,32.5129726143644,1.9740861952070508
DoE3_R3,3.928928928928929,0.0012894845269882,32.543133342088254,1.979512306906132
DoE3_R3,3.941441441441442,0.0012896912359965,32.57329426054373,1.98493463288139
DoE3_R3,3.9539539539539534,0.0012898997256807,32.603455369730845,1.9903531731328248
DoE3_R3,3.966466466466467,0.0012901099960408,32.633616669649584,1.9957679276604372
DoE3_R3,3.9789789789789793,0.0012903220470768,32.66377816029995,2.0011788964642268
DoE3_R3,3.991491491491492,0.0012905358787887,32.69393984168194,2.006586079544193
DoE3_R3,4.004004004004004,0.0012907514911765,32.72410171379556,2.011989476900336
DoE3_R3,4.016516516516517,0.0012909688842402,32.75426377664081,2.0173890885326564
DoE3_R3,4.029029029029029,0.0012911880579798,32.78442603021769,2.0227849144411536
DoE3_R3,4.041541541541542,0.0012914088562816,32.81458853759963,2.0281769273576677
DoE3_R3,4.054054054054054,0.001291625795891,32.844753514143925,2.0335641695300355
DoE3_R3,4.066566566566567,0.0012918432294727,32.874919201276846,2.038947401231919
DoE3_R3,4.079079079079079,0.0012920611570267,32.90508559899838,2.0443266224633168
DoE3_R3,4.091591591591592,0.001292279578553,32.93525270730854,2.0497018332242294
DoE3_R3,4.104104104104104,0.0012924984940517,32.96542052620732,2.0550730335146565
DoE3_R3,4.116616616616617,0.0012927179035226,32.995589055694715,2.060440223334598
DoE3_R3,4.129129129129129,0.0012929378069658,33.02575829577073,2.0658034026840557
DoE3_R3,4.141641641641642,0.0012931583734799,33.0559282703175,2.0711626020258365
DoE3_R3,4.1541541541541545,0.0012933824808223,33.086099385766424,2.076518339782889
DoE3_R3,4.166666666666667,0.0012936113364031,33.11627151116759,2.081870419505897
DoE3_R3,4.17917917917918,0.001293855633228,33.14644457884368,2.087218550682117
DoE3_R3,4.191691691691692,0.0014223118764307,33.17738991930064,2.0926652863256288
DoE3_R3,4.2042042042042045,0.0014224619350597,33.208796734501874,2.098165825364424
DoE3_R3,4.216716716716717,0.0014225867645908,33.24020298236343,2.103653895252171
DoE3_R3,4.2292292292292295,0.001422709642337,33.271607771844856,2.109094716548153
DoE3_R3,4.241741741741742,0.0014228325200833,33.303012561326284,2.114535537844135
DoE3_R3,4.254254254254255,0.0014229553978295,33.334417350807705,2.1199763591401166
DoE3_R3,4.266766766766767,0.0014230782755757,33.36582214028913,2.1254171804360986
DoE3_R3,4.27927927927928,0.001423201153322,33.397226929770554,2.13085800173208
DoE3_R3,4.291791791791792,0.0014233240310682,33.42863171925198,2.136298823028062
DoE3_R3,4.3043043043043046,0.0014234469088144,33.46003650873341,2.141739644324044
DoE3_R3,4.316816816816817,0.0014235697865606,33.49144129821483,2.1471804656200257
DoE3_R3,4.32932932932933,0.0014236931161041,33.5228461036649,2.1526210472210816
DoE3_R3,4.341841841841842,0.0014238372793645,33.554251645476384,2.15805057577524
DoE3_R3,4.354354354354355,0.0014239814426248,33.58565718728787,2.1634801043293987
DoE3_R3,4.366866866866867,0.0014241256058852,33.61706272909936,2.1689096328835573
DoE3_R3,4.37937937937938,0.0014242697691455,33.64846827091085,2.174339161437716
DoE3_R3,4.391891891891892,0.0014244139324058,33.67987381272234,2.179768689991875
DoE3_R3,4.404404404404405,0.0014245580956662,33.71127935453383,2.185198218546033
DoE3_R3,4.416916916916917,0.0014247022589265,33.74268489634532,2.190627747100192
DoE3_R3,4.42942942942943,0.0014248464221869,33.774090438156804,2.1960572756543506
DoE3_R3,4.441941941941942,0.0014249905854472,33.80549597996829,2.201486804208509
DoE3_R3,4.454454454454455,0.001425148665198,33.83693464521571,2.206713599579285
DoE3_R3,4.466966966966967,0.0014253084506766,33.86837737036376,2.2119155461819893
DoE3_R3,4.47947947947948,0.0014254682361552,33.8998200955118,2.217117492784693
DoE3_R3,4.491991991991992,0.0014256280216338,33.931262820659846,2.2223194393873973
DoE3_R3,4.504504504504505,0.0014257878071124,33.962705545807886,2.227521385990101
DoE3_R3,4.517017017017017,0.001425947592591,33.99414827095593,2.2327233325928058
DoE3_R3,4.52952952952953,0.0014261073780697,34.02559099610397,2.23792527919551
DoE3_R3,4.542042042042042,0.0014262671635483,34.05703372125202,2.2431272257982138
DoE3_R3,4.554554554554555,0.0014264269490269,34.088476446400065,2.248329172400918
DoE3_R3,4.567067067067067,0.0014265867345055,34.119919171548105,2.2535311190036222
DoE3_R3,4.57957957957958,0.0014267465199841,34.15136189669615,2.2587330656063265
DoE3_R3,4.592092092092092,0.0014269063054627,34.18280462184419,2.2639350122090303
DoE3_R3,4.604604604604605,0.0014270660909413,34.21424734699224,2.2691369588117345
DoE3_R3,4.617117117117117,0.0014272258764199,34.24569007214028,2.2743389054144387
DoE3_R3,4.62962962962963,0.0014273856618986,34.277132797288324,2.279540852017143
DoE3_R3,4.642142142142142,0.0014275454473772,34.308575522436364,2.284742798619847
DoE3_R3,4.654654654654655,0.0014277052328558,34.34001824758441,2.289944745222551
DoE3_R3,4.667167167167167,0.0014278650183344,34.37146097273245,2.295146691825255
DoE3_R3,4.67967967967968,0.001428024803813,34.4029036978805,2.3003486384279594
DoE3_R3,4.692192192192192,0.0014281845892916,34.434346423028536,2.305550585030664
DoE3_R3,4.704704704704705,0.0014283443747702,34.46578914817658,2.310752531633368
DoE3_R3,4.717217217217217,0.0014285041602489,34.49723187332462,2.315954478236072
DoE3_R3,4.72972972972973,0.0014286639457275,34.52867459847267,2.321156424838776
DoE3_R3,4.742242242242242,0.0014288237312061,34.56011732362072,2.32635837144148
DoE3_R3,4.754754754754755,0.0014289835166847,34.59156004876876,2.3315603180441844
DoE3_R3,4.767267267267267,0.0014291433021633,34.6230027739168,2.336762264646888
DoE3_R3,4.77977977977978,0.0014293030876419,34.65444549906484,2.3419642112495924
DoE3_R3,4.792292292292292,0.0014294628731205,34.68588822421289,2.3471661578522967
DoE3_R3,4.804804804804805,0.0014296226585992,34.71733094936093,2.352368104455001
DoE3_R3,4.817317317317317,0.0014297824440778,34.748773674508975,2.357570051057705
DoE3_R3,4.82982982982983,0.0014299422295564,34.780216399657014,2.362771997660409
DoE3_R3,4.842342342342342,0.001430102015035,34.81165912480506,2.367973944263113
DoE3_R3,4.854854854854855,0.0014302618005136,34.8431018499531,2.3731758908658174
DoE3_R3,4.867367367367367,0.0014304215859922,34.87454457510115,2.3783778374685216
DoE3_R3,4.87987987987988,0.0014305813714708,34.90598730024919,2.383579784071226
DoE3_R3,4.892392392392392,0.0014307411569495,34.937430025397234,2.3887817306739296
DoE3_R3,4.904904904904905,0.0014309009424281,34.96887275054527,2.393983677276634
DoE3_R3,4.9174174174174174,0.0014310607279067,35.00031547569332,2.399185623879338
DoE3_R3,4.92992992992993,0.0014312205133853,35.03175820084137,2.4043875704820423
DoE3_R3,4.9424424424424425,0.0014313802988639,35.063200925989406,2.409589517084746
DoE3_R3,4.954954954954955,0.0014315400843425,35.09464365113745,2.4147914636874503
DoE3_R3,4.967467467467468,0.0014316998698211,35.12608637628549,2.4199934102901546
DoE3_R3,4.97997997997998,0.0014318596552998,35.15752910143354,2.425195356892859
DoE3_R3,4.9924924924924925,0.0014320194407784,35.18897182658158,2.430397303495563
DoE3_R3,5.005005005005005,0.001432179226257,35.220414551729625,2.435599250098267
DoE3_R3,5.0175175175175175,0.0014323390117356,35.251857276877665,2.440801196700971
DoE3_R3,5.03003003003003,0.0014324987972142,35.28330000202571,2.4460031433036757
DoE3_R3,5.042542542542543,0.0014326585826928,35.31474272717375,2.4512050899063795
DoE3_R3,5.055055055055055,0.0014328183681714,35.3461854523218,2.4564070365090838
DoE3_R3,5.067567567567568,0.00143297815365,35.37762817746984,2.461608983111788
DoE3_R3,5.08008008008008,0.0014331379391287,35.409070902617884,2.466810929714492
DoE3_R3,5.092592592592593,0.0014332977246073,35.440513627765924,2.472012876317196
DoE3_R3,5.105105105105105,0.0014334575100859,35.47195635291397,2.4772148229199003
DoE3_R3,5.117617617617618,0.0014336172955645,35.50339907806202,2.482416769522604
DoE3_R3,5.13013013013013,0.0014337770810431,35.53484180321006,2.4876187161253083
DoE3_R3,5.142642642642643,0.0014339368665217,35.5662845283581,2.4928206627280125
DoE3_R3,5.155155155155155,0.0014340966520003,35.59772725350614,2.4980226093307167
DoE3_R3,5.167667667667668,0.001434256437479,35.62916997865419,2.5032245559334205
DoE3_R3,5.18018018018018,0.0014344162229576,35.66061270380223,2.5084265025361248
DoE3_R3,5.192692692692693,0.0014346035823529,35.69209242790951,2.51351549365746
DoE3_R3,5.205205205205205,0.001434794847729,35.72357739310101,2.5185884840802943
DoE3_R3,5.217717717717718,0.0014349871319613,35.75506372540414,2.5236573007978325
DoE3_R3,5.23023023023023,0.0014351804350499,35.786551424818896,2.5287219438100745
DoE3_R3,5.242742742742743,0.0014353747569948,35.818040491345286,2.53378241311702
DoE3_R3,5.255255255255255,0.001435570097796,35.849530924983306,2.53883870871867
DoE3_R3,5.267767767767768,0.0014357664574535,35.88102272573295,2.543890830615024
DoE3_R3,5.28028028028028,0.0014359638359672,35.91251589359422,2.5489387788060816
DoE3_R3,5.292792792792793,0.0014361622333373,35.944010428567125,2.553982553291843
DoE3_R3,5.305305305305305,0.0014363616495636,35.975506330651655,2.5590221540723084
DoE3_R3,5.317817817817818,0.0014365620846463,36.00700359984781,2.5640575811474777
DoE3_R3,5.33033033033033,0.0014367635385852,36.0385022361556,2.569088834517351
DoE3_R3,5.342842842842844,0.0014369660113804,36.07000223957502,2.5741159141819288
DoE3_R3,5.355355355355356,0.0014371695030318,36.101503610106064,2.57913882014121
DoE3_R3,5.367867867867869,0.0014373740135396,36.13300634774874,2.584157552395195
DoE3_R3,5.380380380380381,0.0014375795429037,36.16451045250304,2.589172110943884
DoE3_R3,5.392892892892894,0.001437786091124,36.19601592436897,2.594182495787277
DoE3_R3,5.405405405405406,0.0014379936582007,36.227522763346535,2.5991887069253736
DoE3_R3,5.417917917917919,0.0014382022441336,36.25903096943572,2.6041907443581747
DoE3_R3,5.430430430430431,0.0014384118489228,36.290540542636535,2.609188608085679
DoE3_R3,5.442942942942944,0.0014386224725683,36.322051482948986,2.614182298107888
DoE3_R3,5.455455455455456,0.0014388341150701,36.35356379037306,2.6191718144248
DoE3_R3,5.467967967967969,0.0014390467764281,36.38507746490876,2.6241571570364166
DoE3_R3,5.480480480480481,0.0014392604566425,36.41659250655609,2.629138325942737
DoE3_R3,5.492992992992994,0.0014394751557131,36.44810891531505,2.634115321143761
DoE3_R3,5.505505505505506,0.0014396908736401,36.47962669118564,2.639088142639489
DoE3_R3,5.518018018018019,0.0014399076104233,36.51114583416786,2.644056790429921
DoE3_R3,5.530530530530531,0.0014401253660628,36.5426663442617,2.649021264515057
DoE3_R3,5.543043043043044,0.0014403441405586,36.57418822146718,2.653981564894897
DoE3_R3,5.555555555555556,0.0014405639339106,36.60571146578429,2.6589376915694407
DoE3_R3,5.568068068068069,0.001440784746119,36.63723607721302,2.6638896445386884
DoE3_R3,5.580580580580581,0.0014410065771837,36.668762055753376,2.66883742380264
DoE3_R3,5.593093093093094,0.0014412294271046,36.70028940140537,2.673781029361296
DoE3_R3,5.605605605605606,0.0014414532958818,36.73181811416899,2.678720461214655
DoE3_R3,5.618118118118119,0.0014416781835153,36.76334819404424,2.683655719362718
DoE3_R3,5.630630630630631,0.0014419040900051,36.79487964103111,2.6885868038054856
DoE3_R3,5.643143143143144,0.0014421310153512,36.82641245512961,2.6935137145429566
DoE3_R3,5.655655655655656,0.0014423589595536,36.85794663633975,2.698436451575132
DoE3_R3,5.668168168168169,0.0014425879226122,36.88948218466151,2.703355014902011
DoE3_R3,5.680680680680681,0.0014428179045272,36.9210191000949,2.7082694045235938
DoE3_R3,5.693193193193194,0.0014430489052984,36.95255738263992,2.7131796204398806
DoE3_R3,5.705705705705706,0.0014432809249259,36.98409703229657,2.718085662650872
DoE3_R3,5.718218218218219,0.0014435139634098,37.01563804906484,2.722987531156566
DoE3_R3,5.730730730730731,0.0014437480207498,37.04718043294475,2.7278852259569644
DoE3_R3,5.743243243243244,0.0014439830969462,37.07872418393628,2.732778747052067
DoE3_R3,5.755755755755756,0.0014442191919989,37.11026930203944,2.737668094441873
DoE3_R3,5.768268268268269,0.0014444563059079,37.14181578725424,2.742553268126384
DoE3_R3,5.780780780780781,0.0014446944386731,37.17336363958066,2.747434268105598
DoE3_R3,5.793293293293294,0.0014449335902946,37.20491285901871,2.752311094379516
DoE3_R3,5.805805805805806,0.0014451737607724,37.23646344556838,2.757183746948138
DoE3_R3,5.818318318318319,0.0014454149501066,37.26801539922968,2.762052225811464
DoE3_R3,5.830830830830831,0.0014456571582969,37.29956872000262,2.766916530969494
DoE3_R3,5.843343343343344,0.0014459003853436,37.33112340788718,2.771776662422228
DoE3_R3,5.855855855855856,0.0014461446312466,37.36267946288337,2.7766326201696656
DoE3_R3,5.868368368368369,0.0014463898960058,37.3942368849912,2.781484404211807
DoE3_R3,5.8808808808808815,0.0014466361796214,37.42579567421064,2.7863320145486528
DoE3_R3,5.893393393393394,0.0014468834820932,37.45735583054172,2.791175451180202
DoE3_R3,5.9059059059059065,0.0014471318034213,37.48891735398443,2.7960147141064557
DoE3_R3,5.918418418418419,0.0014473811436057,37.52048024453876,2.800849803327413
DoE3_R3,5.930930930930932,0.0014476385487589,37.55203835452141,2.805718357884502
DoE3_R3,5.943443443443444,0.0014478988409811,37.5835962016133,2.8105927183863133
DoE3_R3,5.9559559559559565,0.0014481614334849,37.6151542977823,2.815469750321878
DoE3_R3,5.968468468468469,0.0014484263262702,37.64671264302842,2.8203494536911973
DoE3_R3,5.9809809809809815,0.0014486935193372,37.67827123735167,2.82523182849427
DoE3_R3,5.993493493493494,0.0014489630126857,37.70983008075204,2.8301168747310967
DoE3_R3,6.006006006006007,0.0014492348063158,37.74138917322953,2.8350045924016776
DoE3_R3,6.018518518518519,0.0014495089002275,37.77294851478414,2.8398949815060126
DoE3_R3,6.031031031031032,0.0014497852944208,37.80450810541588,2.8447880420441014
DoE3_R3,6.043543543543544,0.0014500639888956,37.83606794512474,2.8496837740159444
DoE3_R3,6.056056056056057,0.001450344983652,37.86762803391072,2.854582177421541
DoE3_R3,6.068568568568569,0.0014506278684855,37.89918947457758,2.8594784389919803
DoE3_R3,6.081081081081082,0.0014509128022826,37.93075183997048,2.8643744230762898
DoE3_R3,6.093593593593594,0.0014511998497139,37.96231495622792,2.8692708885059264
DoE3_R3,6.106106106106107,0.0014514890107794,37.99387882334989,2.8741678352808897
DoE3_R3,6.118618618618619,0.0014517796401025,38.02544398229668,2.8790624372918217
DoE3_R3,6.131131131131132,0.0014520710518846,38.0570110079107,2.883951691420802
DoE3_R3,6.143643643643644,0.0014523639457691,38.08857931374471,2.8888386614122896
DoE3_R3,6.156156156156157,0.001452658321756,38.1201488997987,2.8937233472662847
DoE3_R3,6.168668668668669,0.0014529541891796,38.15171976765132,2.898605740557148
DoE3_R3,6.181181181181182,0.001453253740279,38.18329231308743,2.9034837289418824
DoE3_R3,6.193693693693694,0.0016053957385134,38.21499613356786,2.908372464807929
DoE3_R3,6.206206206206207,0.0016078697838251,38.247853351728125,2.913383392963504
DoE3_R3,6.218718718718719,0.0016080320998986,38.28071172024223,2.918389916132788
DoE3_R3,6.231231231231232,0.0016081662765288,38.31357142485432,2.923351316362762
DoE3_R3,6.243743743743744,0.0016082917456467,38.346432300048455,2.928270887855984
DoE3_R3,6.256256256256257,0.0016084172147647,38.379293175242594,2.933190459349205
DoE3_R3,6.268768768768769,0.0016085426838826,38.41215405043673,2.9381100308424277
DoE3_R3,6.281281281281282,0.0016086681530005,38.44501492563087,2.943029602335649
DoE3_R3,6.293793793793794,0.0016087936221185,38.47787580082501,2.947949173828871
DoE3_R3,6.306306306306307,0.0016089190912364,38.51073667601914,2.9528687453220925
DoE3_R3,6.318818818818819,0.0016090445603543,38.54359755121328,2.9577883168153143
DoE3_R3,6.331331331331332,0.0016091700294723,38.57645842640741,2.962707888308536
DoE3_R3,6.343843843843844,0.0016092954985902,38.60931930160155,2.9676274598017574
DoE3_R3,6.356356356356357,0.0016094270200328,38.64218467819266,2.9725433306362445
DoE3_R3,6.368868868868869,0.0016095592201205,38.67505055952389,2.97745878651713
DoE3_R3,6.381381381381382,0.0016096914202082,38.70791644085512,2.982374242398015
DoE3_R3,6.393893893893894,0.0016098236202959,38.740782322186334,2.9872896982789
DoE3_R3,6.406406406406407,0.0016099558203836,38.77364820351756,2.9922051541597856
DoE3_R3,6.418918918918919,0.0016100880204712,38.80651408484878,2.9971206100406707
DoE3_R3,6.431431431431432,0.0016102202205589,38.839379966180005,3.002036065921556
DoE3_R3,6.443943943943944,0.0016103524206466,38.87224584751122,3.0069515218024407
DoE3_R3,6.456456456456457,0.0016104846207343,38.90511172884245,3.0118669776833262
DoE3_R3,6.468968968968969,0.0016106002193882,38.93798326112314,3.016717281135728
DoE3_R3,6.481481481481482,0.0016106756173686,38.97086847728066,3.0214098167983847
DoE3_R3,6.493993993993994,0.0016107510153489,39.003753693438185,3.026102352461041
DoE3_R3,6.506506506506507,0.0016108264133293,39.03663890959571,3.0307948881236983
DoE3_R3,6.519019019019019,0.0016109018113096,39.06952412575323,3.0354874237863547
DoE3_R3,6.531531531531532,0.00161097720929,39.10240934191076,3.0401799594490115
DoE3_R3,6.544044044044044,0.0016110526072703,39.135294558068274,3.0448724951116684
DoE3_R3,6.556556556556557,0.0016111280052507,39.1681797742258,3.049565030774325
DoE3_R3,6.569069069069069,0.001611203403231,39.20106499038332,3.054257566436982
DoE3_R3,6.581581581581582,0.0016112788012114,39.23395020654085,3.058950102099639
DoE3_R3,6.594094094094094,0.0016113541991917,39.26683542269837,3.063642637762296
DoE3_R3,6.606606606606607,0.001611429597172,39.299720638855895,3.0683351734249524
DoE3_R3,6.619119119119119,0.0016115049951524,39.33260585501342,3.073027709087609
DoE3_R3,6.631631631631632,0.0016115803931327,39.36549107117094,3.0777202447502656
DoE3_R3,6.644144144144144,0.0016116557911131,39.39837628732847,3.0824127804129224
DoE3_R3,6.656656656656657,0.0016117311890934,39.43126150348599,3.0871053160755797
DoE3_R3,6.6691691691691695,0.0016118065870738,39.46414671964352,3.091797851738236
DoE3_R3,6.681681681681682,0.0016118819850541,39.49703193580104,3.096490387400893
DoE3_R3,6.6941941941941945,0.0016119573830345,39.52991715195856,3.1011829230635497
DoE3_R3,6.706706706706707,0.0016120327810148,39.56280236811609,3.1058754587262065
DoE3_R3,6.71921921921922,0.0016121081789952,39.59568758427361,3.1105679943888638
DoE3_R3,6.731731731731732,0.0016121835769755,39.62857280043114,3.11526053005152
DoE3_R3,6.7442442442442445,0.0016122589749558,39.66145801658866,3.1199530657141765
DoE3_R3,6.756756756756757,0.0016123343729362,39.694343232746185,3.1246456013768333
DoE3_R3,6.7692692692692695,0.0016124097709165,39.72722844890371,3.12933813703949
DoE3_R3,6.781781781781782,0.0016124851688969,39.76011366506123,3.134030672702147
DoE3_R3,6.794294294294295,0.0016125605668772,39.79299888121875,3.138723208364804
DoE3_R3,6.806806806806807,0.0016126359648576,39.825884097376274,3.1434157440274606
DoE3_R3,6.81931931931932,0.0016127113628379,39.8587693135338,3.1481082796901174
DoE3_R3,6.831831831831832,0.0016127867608183,39.89165452969132,3.152800815352774
DoE3_R3,6.844344344344345,0.0016128621587986,39.92453974584885,3.1574933510154306
DoE3_R3,6.856856856856857,0.0016129375567789,39.95742496200637,3.1621858866780874
DoE3_R3,6.86936936936937,0.0016130129547593,39.990310178163895,3.166878422340744
DoE3_R3,6.881881881881882,0.0016130883527396,40.02319539432142,3.171570958003401
DoE3_R3,6.894394394394395,0.00161316375072,40.05608061047894,3.176263493666058
DoE3_R3,6.906906906906907,0.0016132391487003,40.08896582663647,3.1809560293287147
DoE3_R3,6.91941941941942,0.0016133145466807,40.12185104279399,3.1856485649913715
DoE3_R3,6.931931931931932,0.001613389944661,40.15473625895152,3.1903411006540283
DoE3_R3,6.944444444444445,0.0016134653426414,40.18762147510904,3.195033636316685
DoE3_R3,6.956956956956957,0.0016135407406217,40.22050669126656,3.199726171979341
DoE3_R3,6.96946946946947,0.0016136161386021,40.25339190742409,3.2044187076419983
DoE3_R3,6.981981981981982,0.0016136915365824,40.28627712358161,3.209111243304655
DoE3_R3,6.994494494494495,0.0016137669345627,40.31916233973914,3.213803778967312
DoE3_R3,7.007007007007007,0.0016138423325431,40.35204755589666,3.2184963146299688
DoE3_R3,7.01951951951952,0.0016139177305234,40.384932772054185,3.2231888502926256
DoE3_R3,7.032032032032032,0.0016139931285038,40.41781798821171,3.2278813859552824
DoE3_R3,7.044544544544545,0.0016140685264841,40.45070320436923,3.232573921617939
DoE3_R3,7.057057057057057,0.0016141439244645,40.48358842052675,3.237266457280596
DoE3_R3,7.06956956956957,0.0016142193224448,40.51647363668428,3.2419589929432524
DoE3_R3,7.082082082082082,0.0016142947204252,40.5493588528418,3.246651528605909
DoE3_R3,7.094594594594595,0.0016143701184055,40.58224406899932,3.251344064268566
DoE3_R3,7.107107107107107,0.0016144455163858,40.61512928515685,3.256036599931223
DoE3_R3,7.11961961961962,0.0016145209143662,40.64801450131437,3.26072913559388
DoE3_R3,7.132132132132132,0.0016145963123465,40.680899717471895,3.2654216712565365
DoE3_R3,7.144644644644645,0.0016146717103269,40.71378493362942,3.2701142069191933
DoE3_R3,7.157157157157157,0.0016147471083072,40.746670149786944,3.27480674258185
DoE3_R3,7.16966966966967,0.0016148225062876,40.77955536594447,3.2794992782445065
DoE3_R3,7.182182182182182,0.0016148979042679,40.81244058210199,3.2841918139071637
DoE3_R3,7.194694694694695,0.0016149733022483,40.84532579825952,3.28888434956982
DoE3_R3,7.207207207207207,0.0016150692897875,40.87817763982898,3.2935552910519146
DoE3_R3,7.21971971971972,0.001615166293905,40.91102783357884,3.2982251663541278
DoE3_R3,7.232232232232232,0.0016152632980224,40.94387802732868,3.30289504165634
DoE3_R3,7.244744744744745,0.0016153603021399,40.97672822107853,3.3075649169585524
DoE3_R3,7.257257257257257,0.0016154573062574,41.009578414828376,3.312234792260765
DoE3_R3,7.26976976976977,0.0016155543103748,41.04242860857823,3.316904667562978
DoE3_R3,7.282282282282282,0.0016156513144923,41.07527880232807,3.32157454286519
DoE3_R3,7.294794794794795,0.0016157483186097,41.10812899607792,3.326244418167403
DoE3_R3,7.307307307307307,0.0016158453227272,41.140979189827775,3.330914293469616
DoE3_R3,7.31981981981982,0.0016159423268447,41.17382938357762,3.335584168771828
DoE3_R3,7.332332332332332,0.0016160393309621,41.20667957732747,3.3402540440740407
DoE3_R3,7.344844844844845,0.0016161363350796,41.23952977107732,3.344923919376253
DoE3_R3,7.357357357357357,0.001616233339197,41.27237996482717,3.3495937946784657
DoE3_R3,7.36986986986987,0.0016163303433145,41.30523015857701,3.3542636699806785
DoE3_R3,7.382382382382382,0.001616427347432,41.33808035232686,3.3589335452828912
DoE3_R3,7.394894894894895,0.0016165243515494,41.37093054607672,3.3636034205851035
DoE3_R3,7.407407407407407,0.0016166213556669,41.40378073982656,3.3682732958873163
DoE3_R3,7.41991991991992,0.0016167183597844,41.43663093357641,3.372943171189529
DoE3_R3,7.432432432432432,0.0016168153639018,41.469481127326254,3.3776130464917413
DoE3_R3,7.444944944944945,0.0016169123680193,41.502331321076106,3.382282921793954
DoE3_R3,7.4574574574574575,0.0016170093721367,41.53518151482595,3.386952797096167
DoE3_R3,7.46996996996997,0.0016171063762542,41.5680317085758,3.39162267239838
DoE3_R3,7.482482482482483,0.0016172033803717,41.60088190232565,3.3962925477005923
DoE3_R3,7.494994994994996,0.0016173003844891,41.6337320960755,3.400962423002805
DoE3_R3,7.507507507507508,0.0016173973886066,41.66658228982535,3.4056322983050173
DoE3_R3,7.520020020020021,0.001617494392724,41.6994324835752,3.41030217360723
DoE3_R3,7.532532532532533,0.0016175913968415,41.732282677325045,3.414972048909443
DoE3_R3,7.545045045045046,0.001617688400959,41.7651328710749,3.419641924211655
DoE3_R3,7.557557557557558,0.0016177854050764,41.79798306482474,3.424311799513868
DoE3_R3,7.570070070070071,0.0016178824091939,41.83083325857459,3.4289816748160806
DoE3_R3,7.582582582582583,0.0016179794133114,41.86368345232444,3.433651550118293
DoE3_R3,7.595095095095096,0.0016180764174288,41.89653364607429,3.4383214254205057
DoE3_R3,7.607607607607608,0.0016181734215463,41.92938383982414,3.4429913007227184
DoE3_R3,7.620120120120121,0.0016182704256637,41.96223403357399,3.4476611760249307
DoE3_R3,7.6326326326326335,0.0016183674297812,41.99508422732384,3.4523310513271435
DoE3_R3,7.645145145145146,0.0016184644338987,42.02793442107368,3.457000926629356
DoE3_R3,7.657657657657658,0.0016185614380161,42.06078461482353,3.461670801931569
DoE3_R3,7.670170170170171,0.0016186584421336,42.09363480857338,3.4663406772337813
DoE3_R3,7.6826826826826835,0.001618755446251,42.12648500232323,3.471010552535994
DoE3_R3,7.695195195195196,0.0016188524503685,42.15933519607308,3.4756804278382067
DoE3_R3,7.7077077077077085,0.001618949454486,42.19218538982293,3.480350303140419
DoE3_R3,7.720220220220221,0.0016190464586034,42.225035583572776,3.485020178442632
DoE3_R3,7.732732732732733,0.0016191434627209,42.25788577732262,3.4896900537448445
DoE3_R3,7.745245245245246,0.0016192404668383,42.29073597107247,3.494359929047057
DoE3_R3,7.7577577577577586,0.0016193374709558,42.32358616482232,3.4990298043492696
DoE3_R3,7.770270270270271,0.0016194344750733,42.35643635857217,3.5036996796514823
DoE3_R3,7.782782782782784,0.0016195314791907,42.38928655232202,3.508369554953694
DoE3_R3,7.795295295295296,0.0016196284833082,42.42213674607186,3.513039430255908
DoE3_R3,7.807807807807809,0.0016197254874257,42.45498693982172,3.51770930555812
DoE3_R3,7.820320320320321,0.0016198224915431,42.48783713357156,3.5223791808603324
DoE3_R3,7.832832832832834,0.0016199194956606,42.52068732732141,3.527049056162545
DoE3_R3,7.845345345345346,0.001620016499778,42.553537521071256,3.531718931464758
DoE3_R3,7.857857857857859,0.0016201135038955,42.58638771482111,3.53638880676697
DoE3_R3,7.870370370370371,0.001620210508013,42.61923790857095,3.541058682069183
DoE3_R3,7.882882882882884,0.0016203075121304,42.6520881023208,3.545728557371396
DoE3_R3,7.895395395395396,0.0016204045162479,42.684938296070655,3.550398432673608
DoE3_R3,7.907907907907909,0.0016205015203653,42.7177884898205,3.5550683079758207
DoE3_R3,7.920420420420421,0.0016205985244828,42.75063868357035,3.559738183278033
DoE3_R3,7.932932932932934,0.0016206886584714,42.78346866873592,3.564443229265019
DoE3_R3,7.945445445445446,0.0016207744667292,42.81628592970116,3.56917042023913
DoE3_R3,7.957957957957959,0.001620860274987,42.849103190666405,3.573897611213241
DoE3_R3,7.970470470470471,0.0016209460832447,42.88192045163165,3.5786248021873512
DoE3_R3,7.982982982982984,0.0016210318915025,42.91473771259689,3.583351993161462
DoE3_R3,7.995495495495496,0.0016211176997603,42.94755497356213,3.5880791841355726
DoE3_R3,8.008008008008009,0.0016212035080181,42.98037223452737,3.592806375109684
DoE3_R3,8.02052052052052,0.0016212893162758,43.01318949549262,3.597533566083794
DoE3_R3,8.033033033033034,0.0016213751245336,43.04600675645786,3.602260757057905
DoE3_R3,8.045545545545545,0.0016214609327914,43.0788240174231,3.6069879480320153
DoE3_R3,8.058058058058059,0.0016215467410492,43.11164127838835,3.6117151390061264
DoE3_R3,8.07057057057057,0.0016216325493069,43.14445853935359,3.616442329980237
DoE3_R3,8.083083083083084,0.0016217183575647,43.17727580031883,3.621169520954348
DoE3_R3,8.095595595595595,0.0016218041658225,43.21009306128407,3.6258967119284575
DoE3_R3,8.108108108108109,0.0016218899740803,43.24291032224932,3.6306239029025695
DoE3_R3,8.12062062062062,0.001621975782338,43.27572758321456,3.63535109387668
DoE3_R3,8.133133133133134,0.0016220615905958,43.3085448441798,3.640078284850791
DoE3_R3,8.145645645645645,0.0016221473988536,43.34136210514504,3.6448054758249016
DoE3_R3,8.158158158158159,0.0016223398110702,43.37417743254819,3.649536598899112
DoE3_R3,8.17067067067067,0.0016228593987424,43.40698682570584,3.654279789880146
DoE3_R3,8.183183183183184,0.0016233653124461,43.43979600630339,3.659022649903093
DoE3_R3,8.195695695695695,0.0018022406727908,43.47292517772741,3.6637969686989806
DoE3_R3,8.208208208208209,0.0018014020380215,43.50701157185714,3.668690894371933
DoE3_R3,8.22072072072072,0.001801332449925,43.541085518335485,3.673599242742882
DoE3_R3,8.233233233233234,0.0018012511165705,43.57514634804394,3.6785327047693968
DoE3_R3,8.245745745745745,0.001801169783216,43.6092071777524,3.683466166795911
DoE3_R3,8.258258258258259,0.0018010884498615,43.64326800746087,3.688399628822425
DoE3_R3,8.27077077077077,0.001801007116507,43.67732883716932,3.693333090848939
DoE3_R3,8.283283283283284,0.0018009257831526,43.711389666877785,3.6982665528754537
DoE3_R3,8.295795795795796,0.0018008444497981,43.74545049658624,3.703200014901968
DoE3_R3,8.308308308308309,0.0018007663838167,43.77948706705234,3.708163014809752
DoE3_R3,8.32082082082082,0.0018006887922514,43.81352011512562,3.713130303558015
DoE3_R3,8.333333333333334,0.001800611200686,43.8475531631989,3.718097592306278
DoE3_R3,8.345845845845846,0.0018005336091206,43.881586211272186,3.723064881054541
DoE3_R3,8.358358358358359,0.0018004560175552,43.91561925934548,3.728032169802804
DoE3_R3,8.37087087087087,0.0018003784259898,43.94965230741876,3.7329994585510655
DoE3_R3,8.383383383383384,0.0018002769816219,43.98360709754184,3.7379007477224304
DoE3_R3,8.395895895895896,0.001800129363158,44.01741039644683,3.742674275353022
DoE3_R3,8.408408408408409,0.001799981744694,44.05121369535184,3.747447802983615
DoE3_R3,8.42092092092092,0.00179983412623,44.085016994256826,3.752221330614207
DoE3_R3,8.433433433433434,0.0017996865077661,44.11882029316183,3.7569948582448
DoE3_R3,8.445945945945946,0.0017995388893021,44.15262359206682,3.761768385875392
DoE3_R3,8.458458458458459,0.0017993912708381,44.18642689097182,3.766541913505984
DoE3_R3,8.47097097097097,0.0017992436523742,44.22023018987682,3.771315441136577
DoE3_R3,8.483483483483484,0.0017990960339102,44.25403348878182,3.776088968767169
DoE3_R3,8.495995995995996,0.0017989484154462,44.28783678768682,3.780862496397761
DoE3_R3,8.508508508508509,0.0017988007969823,44.32164008659182,3.7856360240283538
DoE3_R3,8.52102102102102,0.0017986531785183,44.35544338549682,3.7904095516589456
DoE3_R3,8.533533533533534,0.0017985055600544,44.38924668440182,3.795183079289538
DoE3_R3,8.546046046046047,0.0017983579415904,44.42304998330682,3.799956606920131
DoE3_R3,8.558558558558559,0.0017982103231264,44.45685328221182,3.8047301345507223
DoE3_R3,8.571071071071072,0.0017980627046625,44.490656581116816,3.8095036621813154
DoE3_R3,8.583583583583584,0.0017979150861985,44.524459880021816,3.814277189811908
DoE3_R3,8.596096096096097,0.0017977674677345,44.558263178926815,3.819050717442501
DoE3_R3,8.608608608608609,0.0017976198492706,44.59206647783181,3.823824245073092
DoE3_R3,8.621121121121122,0.0017974722308066,44.62586977673681,3.828597772703685
DoE3_R3,8.633633633633634,0.0017973246123426,44.659673075641805,3.833371300334277
DoE3_R3,8.646146146146148,0.0017971769938787,44.69347637454681,3.8381448279648698
DoE3_R3,8.65865865865866,0.0017970293754147,44.72727967345181,3.8429183555954616
DoE3_R3,8.671171171171173,0.0017968817569507,44.7610829723568,3.8476918832260543
DoE3_R3,8.683683683683684,0.0017967341384868,44.7948862712618,3.852465410856646
DoE3_R3,8.696196196196198,0.0017965865200228,44.8286895701668,3.857238938487239
DoE3_R3,8.70870870870871,0.0017964389015589,44.8624928690718,3.862012466117831
DoE3_R3,8.721221221221223,0.0017962912830949,44.8962961679768,3.866785993748424
DoE3_R3,8.733733733733734,0.0017961436646309,44.9300994668818,3.871559521379016
DoE3_R3,8.746246246246248,0.001795996046167,44.9639027657868,3.876333049009608
DoE3_R3,8.75875875875876,0.001795848427703,44.9977060646918,3.8811065766402
DoE3_R3,8.771271271271273,0.001795700809239,45.0315093635968,3.8858801042707927
DoE3_R3,8.783783783783784,0.0017955531907751,45.0653126625018,3.890653631901385
DoE3_R3,8.796296296296298,0.0017954055723111,45.0991159614068,3.8954271595319776
DoE3_R3,8.80880880880881,0.0017952579538471,45.13291926031179,3.9002006871625694
DoE3_R3,8.821321321321323,0.0017951103353832,45.1667225592168,3.904974214793162
DoE3_R3,8.833833833833834,0.0017949627169192,45.200525858121786,3.909747742423754
DoE3_R3,8.846346346346348,0.0017948150984553,45.23432915702679,3.9145212700543466
DoE3_R3,8.85885885885886,0.0017946674799913,45.26813245593178,3.919294797684939
DoE3_R3,8.871371371371373,0.0017945198615273,45.301935754836784,3.924068325315532
DoE3_R3,8.883883883883884,0.0017943722430634,45.33573905374178,3.9288418529461233
DoE3_R3,8.896396396396398,0.0017942246245994,45.36954235264678,3.933615380576716
DoE3_R3,8.90890890890891,0.0017940770061354,45.40334565155178,3.938388908207308
DoE3_R3,8.921421421421423,0.0017939293876715,45.43714895045678,3.943162435837901
DoE3_R3,8.933933933933934,0.0017937817692075,45.47095224936178,3.9479359634684927
DoE3_R3,8.946446446446448,0.0017936341507435,45.50475554826678,3.952709491099085
DoE3_R3,8.95895895895896,0.0017934865322796,45.53855884717178,3.957483018729677
DoE3_R3,8.971471471471473,0.0017933389138156,45.57236214607678,3.96225654636027
DoE3_R3,8.983983983983984,0.0017931912953516,45.60616544498178,3.967030073990862
DoE3_R3,8.996496496496498,0.0017930436768877,45.639968743886776,3.971803601621455
DoE3_R3,9.00900900900901,0.0017928960584237,45.67377204279177,3.976577129252047
DoE3_R3,9.021521521521525,0.0017927484399598,45.70757534169677,3.9813506568826393
DoE3_R3,9.034034034034034,0.0017925993942415,45.741239755504665,3.9861498489469382
DoE3_R3,9.046546546546548,0.0017924482699023,45.774701900201,3.990986418111538
DoE3_R3,9.05905905905906,0.0017922971455632,45.80816404489734,3.995822987276138
DoE3_R3,9.071571571571573,0.001792146021224,45.84162618959368,4.000659556440738
DoE3_R3,9.084084084084084,0.0017919948968848,45.875088334290005,4.005496125605338
DoE3_R3,9.096596596596598,0.0017918437725457,45.90855047898634,4.010332694769938
DoE3_R3,9.10910910910911,0.0017916926482065,45.94201262368268,4.015169263934537
DoE3_R3,9.121621621621625,0.0017915415238674,45.975474768379016,4.020005833099137
DoE3_R3,9.134134134134134,0.0017913903995282,46.00893691307535,4.024842402263737
DoE3_R3,9.146646646646648,0.001791239275189,46.04239905777169,4.0296789714283365
DoE3_R3,9.15915915915916,0.0017910881508499,46.07586120246802,4.034515540592936
DoE3_R3,9.171671671671673,0.0017909370265107,46.10932334716436,4.039352109757536
DoE3_R3,9.184184184184184,0.0017907859021716,46.14278549186069,4.044188678922136
DoE3_R3,9.196696696696698,0.0017906347778324,46.17624763655703,4.049025248086736
DoE3_R3,9.20920920920921,0.0017904836534933,46.209709781253366,4.053861817251335
DoE3_R3,9.221721721721725,0.0017903325291541,46.2431719259497,4.058698386415935
DoE3_R3,9.234234234234236,0.0017901814048149,46.27663407064604,4.063534955580535
DoE3_R3,9.246746746746748,0.0017900302804758,46.31009621534238,4.068371524745134
DoE3_R3,9.25925925925926,0.0017898791561366,46.34355836003871,4.0732080939097335
DoE3_R3,9.271771771771771,0.0017897280317975,46.37702050473505,4.078044663074333
DoE3_R3,9.284284284284285,0.0017895769074583,46.41048264943138,4.0828812322389325
DoE3_R3,9.296796796796798,0.0017894257831191,46.44394479412772,4.087717801403533
DoE3_R3,9.30930930930931,0.00178927465878,46.47740693882405,4.092554370568132
DoE3_R3,9.321821821821825,0.0017891235344408,46.51086908352039,4.097390939732732
DoE3_R3,9.334334334334336,0.0017889724101017,46.54433122821673,4.102227508897332
DoE3_R3,9.346846846846848,0.0017888212857625,46.57779337291306,4.107064078061932
DoE3_R3,9.35935935935936,0.0017886701614234,46.61125551760939,4.111900647226531
DoE3_R3,9.371871871871871,0.0017885190370842,46.64471766230574,4.116737216391131
DoE3_R3,9.384384384384385,0.001788367912745,46.67817980700207,4.12157378555573
DoE3_R3,9.396896896896898,0.0017882167884059,46.7116419516984,4.12641035472033
DoE3_R3,9.40940940940941,0.0017880656640667,46.74510409639474,4.13124692388493
DoE3_R3,9.421921921921925,0.0017879145397276,46.77856624109108,4.13608349304953
DoE3_R3,9.434434434434436,0.0017877634153884,46.81202838578741,4.140920062214129
DoE3_R3,9.446946946946948,0.0017876122910492,46.84549053048375,4.145756631378729
DoE3_R3,9.45945945945946,0.0017874611667101,46.87895267518008,4.150593200543329
DoE3_R3,9.471971971971971,0.0017873100423709,46.91241481987642,4.155429769707929
DoE3_R3,9.484484484484485,0.0017871589180318,46.945876964572754,4.160266338872528
DoE3_R3,9.496996996996998,0.0017870077936926,46.97933910926909,4.165102908037128
DoE3_R3,9.50950950950951,0.0017868566693535,47.01280125396543,4.169939477201728
DoE3_R3,9.522022022022025,0.0017867055450143,47.046263398661765,4.174776046366328
DoE3_R3,9.534534534534536,0.0017865544206751,47.079725543358094,4.179612615530927
DoE3_R3,9.547047047047048,0.001786403296336,47.11318768805444,4.184449184695527
DoE3_R3,9.55955955955956,0.0017862521719968,47.14664983275077,4.189285753860127
DoE3_R3,9.572072072072071,0.0017861010476577,47.18011197744711,4.194122323024727
DoE3_R3,9.584584584584585,0.0017859499233185,47.21357412214344,4.198958892189326
DoE3_R3,9.597097097097098,0.0017857987989793,47.24703626683978,4.203795461353926
DoE3_R3,9.60960960960961,0.0017856476746402,47.28049841153612,4.208632030518526
DoE3_R3,9.622122122122123,0.001785496550301,47.31396055623245,4.213468599683126
DoE3_R3,9.634634634634637,0.0017853454259619,47.34742270092878,4.218305168847725
DoE3_R3,9.647147147147148,0.0017851943016227,47.380884845625125,4.223141738012325
DoE3_R3,9.65965965965966,0.0017850431772836,47.414346990321455,4.227978307176924
DoE3_R3,9.672172172172171,0.0017848920529444,47.44780913501779,4.232814876341525
DoE3_R3,9.684684684684685,0.001784730642339,47.48118647443996,4.237670697487151
DoE3_R3,9.697197197197198,0.0017845577979407,47.51446954778763,4.242547918347545
DoE3_R3,9.70970970970971,0.0017843849535423,47.54775262113529,4.247425139207937
DoE3_R3,9.722222222222223,0.001784212109144,47.58103569448295,4.252302360068331
DoE3_R3,9.734734734734737,0.0017840392647457,47.61431876783061,4.257179580928724
DoE3_R3,9.747247247247248,0.0017838664203474,47.64760184117828,4.262056801789117
DoE3_R3,9.75975975975976,0.001783693575949,47.68088491452594,4.26693402264951
DoE3_R3,9.772272272272271,0.0017835207315507,47.71416798787361,4.271811243509903
DoE3_R3,9.784784784784785,0.0017833478871524,47.74745106122127,4.276688464370296
DoE3_R3,9.797297297297298,0.0017831750427541,47.78073413456893,4.28156568523069
DoE3_R3,9.80980980980981,0.0017830021983557,47.81401720791659,4.286442906091082
DoE3_R3,9.822322322322323,0.0017828293539574,47.84730028126426,4.291320126951476
DoE3_R3,9.834834834834837,0.0017826565095591,47.88058335461192,4.2961973478118685
DoE3_R3,9.847347347347348,0.0017824836651608,47.91386642795958,4.301074568672262
DoE3_R3,9.85985985985986,0.0017823108207624,47.94714950130725,4.305951789532655
DoE3_R3,9.872372372372372,0.0017821379763641,47.98043257465491,4.310829010393048
DoE3_R3,9.884884884884883,0.0017819651319658,48.013715648002574,4.315706231253441
DoE3_R3,9.897397397397398,0.0017817922875675,48.04699872135024,4.320583452113834
DoE3_R3,9.90990990990991,0.0017816286036787,48.0802138747764,4.325525201318654
DoE3_R3,9.922422422422423,0.0017814787683111,48.11332634936502,4.33056450209962
DoE3_R3,9.934934934934937,0.0017813289329436,48.14643882395364,4.335603802880587
DoE3_R3,9.947447447447448,0.001781179097576,48.17955129854226,4.340643103661553
DoE3_R3,9.95995995995996,0.0017810292622084,48.21266377313088,4.345682404442519
DoE3_R3,9.972472472472472,0.0017808794268408,48.2457762477195,4.350721705223486
DoE3_R3,9.984984984984983,0.0017807295914733,48.27888872230811,4.355761006004451
DoE3_R3,9.997497497497498,0.0017805797561057,48.31200119689674,4.360800306785418
DoE3_R3,10.01001001001001,0.0017804299207381,48.34511367148535,4.365839607566384
DoE3_R3,10.022522522522523,0.0017802800853705,48.37822614607397,4.370878908347351
DoE3_R3,10.035035035035037,0.0017801302500029,48.41133862066259,4.375918209128316
DoE3_R3,10.047547547547548,0.0017799804146354,48.44445109525121,4.380957509909283
DoE3_R3,10.06006006006006,0.0017798305792678,48.47756356983983,4.385996810690249
DoE3_R3,10.072572572572572,0.0017796807439002,48.51067604442845,4.391036111471215
DoE3_R3,10.085085085085083,0.0017795309085326,48.54378851901706,4.3960754122521815
DoE3_R3,10.097597597597598,0.0017793810731651,48.57690099360568,4.401114713033148
DoE3_R3,10.11011011011011,0.0017792312377975,48.6100134681943,4.406154013814114
DoE3_R3,10.122622622622623,0.0017790814024299,48.64312594278292,4.411193314595081
DoE3_R3,10.135135135135137,0.0017793183705531,48.67622756282692,4.416241150119734
DoE3_R3,10.147647647647648,0.001780080993396,48.70930281363722,4.421307014843927
DoE3_R3,10.16016016016016,0.0017800023739591,48.742361877814695,4.42637549350572
DoE3_R3,10.172672672672672,0.0017798873468205,48.77539621924882,4.431453770630515
DoE3_R3,10.185185185185183,0.0017797723196819,48.80843056068294,4.43653204775531
DoE3_R3,10.1976976976977,0.0017796572925433,48.84146490211708,4.441610324880105
DoE3_R3,10.21021021021021,0.0017795418321196,48.87448852321915,4.4466894943511805
DoE3_R3,10.222722722722724,0.0017794320525918,48.907502575756354,4.451784849948771
DoE3_R3,10.235235235235235,0.0019753739648934,48.94140974378962,4.456968084382819
DoE3_R3,10.247747747747749,0.0019750259620336,48.97562067458816,4.462176715422394
DoE3_R3,10.26026026026026,0.0019746138210889,49.00976498766142,4.467353742358465
DoE3_R3,10.272772772772774,0.0019741980821777,49.04390135495612,4.472527001476352
DoE3_R3,10.285285285285283,0.0019737823432665,49.07803772225081,4.477700260594238
DoE3_R3,10.2977977977978,0.0019733666043553,49.11217408954551,4.4828735197121246
DoE3_R3,10.31031031031031,0.0019729508654441,49.14631045684021,4.488046778830011
DoE3_R3,10.322822822822824,0.0019725351265329,49.18044682413491,4.493220037947898
DoE3_R3,10.335335335335335,0.0019721173664675,49.21455573886577,4.49837979115545
DoE3_R3,10.347847847847849,0.0019716956685915,49.24861116782533,4.503513230826835
DoE3_R3,10.36036036036036,0.0019712739707155,49.282666596784864,4.508646670498219
DoE3_R3,10.372872872872874,0.0019708522728395,49.31672202574442,4.513780110169605
DoE3_R3,10.385385385385383,0.0019704305749635,49.350777454703966,4.518913549840988
DoE3_R3,10.3978978978979,0.0019700088770875,49.38483288366351,4.524046989512374
DoE3_R3,10.41041041041041,0.0019695871792115,49.41888831262306,4.529180429183757
DoE3_R3,10.422922922922924,0.0019691275284204,49.45246715866626,4.53427114231049
DoE3_R3,10.435435435435435,0.0019686578189212,49.48591969534908,4.539350531568191
DoE3_R3,10.447947947947949,0.001968188109422,49.5193722320319,4.544429920825894
DoE3_R3,10.46046046046046,0.0019677183999228,49.55282476871472,4.549509310083596
DoE3_R3,10.472972972972974,0.0019672486904235,49.586277305397545,4.554588699341298
DoE3_R3,10.485485485485484,0.0019667789809243,49.61972984208036,4.559668088599
DoE3_R3,10.497997997998,0.0019663092714251,49.653182378763184,4.564747477856702
DoE3_R3,10.51051051051051,0.0019658395619259,49.686634915446,4.569826867114404
DoE3_R3,10.523023023023024,0.0019653698524267,49.72008745212882,4.574906256372106
DoE3_R3,10.535535535535535,0.0019649001429275,49.75353998881164,4.579985645629808
DoE3_R3,10.548048048048049,0.0019644304334283,49.78699252549446,4.585065034887511
DoE3_R3,10.56056056056056,0.0019639607239291,49.82044506217728,4.590144424145212
DoE3_R3,10.573073073073074,0.0019634910144299,49.8538975988601,4.595223813402915
DoE3_R3,10.585585585585584,0.0019630213049306,49.88735013554292,4.6003032026606165
DoE3_R3,10.5980980980981,0.0019625515954314,49.92080267222574,4.6053825919183184
DoE3_R3,10.61061061061061,0.0019620818859322,49.95425520890856,4.61046198117602
DoE3_R3,10.623123123123124,0.001961612176433,49.98770774559138,4.615541370433723
DoE3_R3,10.635635635635635,0.0019611424669338,50.0211602822742,4.620620759691425
DoE3_R3,10.648148148148149,0.0019606727574346,50.05461281895702,4.625700148949127
DoE3_R3,10.66066066066066,0.0019602030479354,50.08806535563984,4.630779538206829
DoE3_R3,10.673173173173174,0.0019597333384362,50.12151789232266,4.635858927464531
DoE3_R3,10.685685685685687,0.0019592636289369,50.15497042900548,4.640938316722234
DoE3_R3,10.6981981981982,0.0019587939194377,50.1884229656883,4.646017705979936
DoE3_R3,10.710710710710712,0.0019583242099385,50.22187550237112,4.651097095237637
DoE3_R3,10.723223223223224,0.0019578545004393,50.255328039053936,4.656176484495339
DoE3_R3,10.735735735735735,0.0019573847909401,50.28878057573676,4.661255873753042
DoE3_R3,10.748248248248249,0.0019569150814409,50.322233112419575,4.666335263010744
DoE3_R3,10.760760760760762,0.0019564453719417,50.3556856491024,4.671414652268446
DoE3_R3,10.773273273273274,0.0019559756624425,50.38913818578522,4.676494041526148
DoE3_R3,10.785785785785787,0.0019555059529432,50.42259072246804,4.681573430783851
DoE3_R3,10.7982982982983,0.001955036243444,50.45604325915086,4.686652820041552
DoE3_R3,10.810810810810812,0.0019545665339448,50.48949579583368,4.691732209299254
DoE3_R3,10.823323323323324,0.0019540968244456,50.5229483325165,4.696811598556956
DoE3_R3,10.835835835835836,0.0019536271149464,50.55640086919932,4.701890987814658
DoE3_R3,10.848348348348347,0.0019531574054472,50.58985340588214,4.70697037707236
DoE3_R3,10.860860860860862,0.001952687695948,50.62330594256496,4.712049766330063
DoE3_R3,10.873373373373374,0.0019522179864488,50.65675847924778,4.717129155587764
DoE3_R3,10.885885885885887,0.0019517482769496,50.6902110159306,4.722208544845467
DoE3_R3,10.8983983983984,0.0019512785674503,50.72366355261342,4.727287934103169
DoE3_R3,10.910910910910912,0.0019508088579511,50.75711608929624,4.732367323360871
DoE3_R3,10.923423423423424,0.0019503391484519,50.790568625979056,4.737446712618572
DoE3_R3,10.935935935935936,0.0019498694389527,50.82402116266188,4.742526101876275
DoE3_R3,10.948448448448447,0.0019493997294535,50.857473699344695,4.747605491133977
DoE3_R3,10.960960960960962,0.0019489300199543,50.89092623602752,4.752684880391679
DoE3_R3,10.973473473473474,0.0019484603104551,50.924378772710334,4.757764269649381
DoE3_R3,10.985985985985987,0.0019479906009559,50.95783130939316,4.762843658907084
DoE3_R3,10.9984984984985,0.0019475208914566,50.99128384607597,4.767923048164785
DoE3_R3,11.011011011011012,0.0019470511819574,51.0247363827588,4.773002437422488
DoE3_R3,11.023523523523524,0.0019465814724582,51.05818891944161,4.778081826680189
DoE3_R3,11.036036036036036,0.001946111762959,51.09164145612444,4.783161215937891
DoE3_R3,11.048548548548547,0.0019456420534598,51.12509399280725,4.788240605195593
DoE3_R3,11.061061061061062,0.0019451723669402,51.158414610347805,4.793321248482446
DoE3_R3,11.073573573573574,0.0019447027260241,51.1914734311505,4.798404380420566
DoE3_R3,11.086086086086087,0.0019442330876896,51.22451743228856,4.803487653235069
DoE3_R3,11.0985985985986,0.0019437634519365,51.25754661376196,4.808571066925953
DoE3_R3,11.111111111111112,0.001943293818765,51.29056097557072,4.81365462149322
DoE3_R3,11.123623623623624,0.0019428241881749,51.32356051771483,4.8187383169368685
DoE3_R3,11.136136136136138,0.0019423545601664,51.3565452401943,4.823822153256899
DoE3_R3,11.14864864864865,0.0019418849347394,51.38951514300912,4.82890613045331
DoE3_R3,11.161161161161164,0.0019414153118938,51.4224702261593,4.833990248526105
DoE3_R3,11.173673673673674,0.0019409456916298,51.45541048964483,4.839074507475281
DoE3_R3,11.186186186186188,0.0019404760739473,51.488335933465706,4.844158907300838
DoE3_R3,11.1986986986987,0.0019400064588463,51.52124655762194,4.8492434480027775
DoE3_R3,11.211211211211213,0.0019395368463268,51.55414236211354,4.854328129581099
DoE3_R3,11.223723723723724,0.0019390672363887,51.58702334694048,4.859412952035802
DoE3_R3,11.236236236236238,0.0019385976290322,51.61988951210278,4.864497915366888
DoE3_R3,11.24874874874875,0.0019381280242572,51.65274085760044,4.869583019574355
DoE3_R3,11.261261261261264,0.0019376584220638,51.68557738343345,4.8746682646582045
DoE3_R3,11.273773773773774,0.0019371888224518,51.7183990896018,4.879753650618435
DoE3_R3,11.286286286286288,0.0019367192254213,51.75120597610552,4.884839177455048
DoE3_R3,11.2987987987988,0.0019362496309723,51.78399804294459,4.889924845168042
DoE3_R3,11.311311311311313,0.0019357800391048,51.81677529011902,4.895010653757419
DoE3_R3,11.323823823823824,0.0019353104498189,51.84953771762879,4.900096603223177
DoE3_R3,11.336336336336338,0.0019348408631144,51.88228532547392,4.905182693565318
DoE3_R3,11.34884884884885,0.0019343712789914,51.91501811365441,4.91026892478384
DoE3_R3,11.361361361361364,0.00193390169745,51.94773608217025,4.915355296878744
DoE3_R3,11.373873873873874,0.00193343211849,51.98043923102144,4.92044180985003
DoE3_R3,11.386386386386388,0.0019329625421116,52.01312756020799,4.925528463697698
DoE3_R3,11.3988988988989,0.0019324929683146,52.04580106972989,4.930615258421748
DoE3_R3,11.411411411411413,0.0019320233970992,52.07845975958715,4.93570219402218
DoE3_R3,11.423923923923924,0.0019315538284653,52.11110362977976,4.940789270498993
DoE3_R3,11.436436436436438,0.0019310842624128,52.14373268030772,4.945876487852188
DoE3_R3,11.44894894894895,0.0019306146989419,52.17634691117104,4.950963846081765
DoE3_R3,11.461461461461464,0.0019301451380525,52.20894632236971,4.956051345187725
DoE3_R3,11.473973973973974,0.0019296755797446,52.24153091390374,4.961138985170066
DoE3_R3,11.486486486486488,0.0019292060240182,52.27410068577312,4.966226766028789
DoE3_R3,11.498998998999,0.0019287364708733,52.306655637977855,4.971314687763893
DoE3_R3,11.511511511511513,0.0019282669203099,52.33919577051795,4.97640275037538
DoE3_R3,11.524024024024024,0.001927797372328,52.37172108339338,4.981490953863249
DoE3_R3,11.536536536536538,0.0019273278269276,52.40423157660418,4.9865792982275
DoE3_R3,11.54904904904905,0.0019268582841087,52.43672725015033,4.991667783468131
DoE3_R3,11.561561561561565,0.0019263887438713,52.46920810403184,4.996756409585146
DoE3_R3,11.574074074074074,0.0019259192062154,52.501674138248696,5.001845176578541
DoE3_R3,11.586586586586588,0.001925449671141,52.534125352800906,5.00693408444832
DoE3_R3,11.5990990990991,0.0019249801386482,52.56656174768848,5.01202313319448
DoE3_R3,11.611611611611613,0.0019245106087368,52.598983322911394,5.017112322817022
DoE3_R3,11.624124124124124,0.0019240410814069,52.631390078469664,5.022201653315945
DoE3_R3,11.636636636636638,0.0019235715566586,52.6637820143633,5.027291124691251
DoE3_R3,11.64914914914915,0.0019231020344917,52.69615913059228,5.032380736942938
DoE3_R3,11.661661661661665,0.0019226325149064,52.728521427156615,5.037470490071008
DoE3_R3,11.674174174174174,0.0019221629979025,52.7608689040563,5.0425603840754585
DoE3_R3,11.686686686686688,0.0019216934834802,52.79320156129136,5.047650418956292
DoE3_R3,11.6991991991992,0.0019212239716394,52.82551939886175,5.052740594713506
DoE3_R3,11.711711711711713,0.0019207709673216,52.857868874965625,5.057897160467468
DoE3_R3,11.724224224224224,0.0019203209231629,52.8902118564101,5.063065738506889
DoE3_R3,11.736736736736738,0.0019198720019713,52.922543171857015,5.068238954533613
DoE3_R3,11.74924924924925,0.0019194242037466,52.95486282130636,5.073416808547638
DoE3_R3,11.761761761761765,0.0019189775284889,52.987170804758144,5.078599300548965
DoE3_R3,11.774274274274276,0.0019185319761982,53.01946712221236,5.083786430537594
DoE3_R3,11.786786786786788,0.0019180875468745,53.05175177366902,5.088978198513525
DoE3_R3,11.7992992992993,0.0019176442405178,53.08402475912811,5.094174604476758
DoE3_R3,11.811811811811811,0.0019172020571281,53.11628607858964,5.099375648427293
DoE3_R3,11.824324324324325,0.0019167609967053,53.1485357320536,5.10458133036513
DoE3_R3,11.836836836836838,0.0019163210592496,53.18077371952,5.10979165029027
DoE3_R3,11.84934934934935,0.0019158822447608,53.21300004098883,5.115006608202711
DoE3_R3,11.861861861861865,0.0019154445532391,53.2452146964601,5.120226204102455
DoE3_R3,11.874374374374376,0.0019150079846843,53.27741768593381,5.1254504379895
DoE3_R3,11.886886886886888,0.0019145725390966,53.309609009409954,5.130679309863847
DoE3_R3,11.8993993993994,0.0019141382164758,53.34178866688853,5.135912819725497
DoE3_R3,11.911911911911911,0.001913705016822,53.37395665836954,5.141150967574448
DoE3_R3,11.924424424424425,0.0019132729401352,53.40611298385299,5.146393753410702
DoE3_R3,11.936936936936938,0.0019128419864154,53.43825764333888,5.151641177234257
DoE3_R3,11.94944944944945,0.0019124121556626,53.4703906368272,5.1568932390451145
DoE3_R3,11.961961961961965,0.0019119834478768,53.50251196431796,5.1621499388432746
DoE3_R3,11.974474474474476,0.0019115558630579,53.53462162581115,5.167411276628736
DoE3_R3,11.986986986986988,0.0019111294012061,53.56671962130678,5.172677252401499
DoE3_R3,11.9994994994995,0.0019107040623212,53.598805950804845,5.177947866161564
DoE3_R3,12.012012012012011,0.0019102798464034,53.63088061430535,5.183223117908933
DoE3_R3,12.024524524524525,0.0019098567534525,53.66294361180828,5.188503007643602
DoE3_R3,12.037037037037038,0.0019094347834687,53.69499494331365,5.193787535365575
DoE3_R3,12.04954954954955,0.0019090139364518,53.727034608821455,5.199076701074848
DoE3_R3,12.062062062062065,0.0019085942124019,53.7590626083317,5.204370504771424
DoE3_R3,12.074574574574577,0.001908175611319,53.79107894184438,5.209668946455301
DoE3_R3,12.087087087087088,0.0019077581332031,53.8230836093595,5.214972026126482
DoE3_R3,12.0995995995996,0.0019073417780542,53.85507661087705,5.220279743784963
DoE3_R3,12.112112112112111,0.0019069285633463,53.887056861933,5.225613268708687
DoE3_R3,12.124624624624625,0.0019065175813969,53.91902485043898,5.23096307661943
DoE3_R3,12.137137137137138,0.0019061087491164,53.950980621058655,5.236328295660519
DoE3_R3,12.14964964964965,0.0019057019079725,53.98292183675253,5.24170701220917
DoE3_R3,12.162162162162163,-1.6331830965041438e-07,53.98518366000839,5.24207079119432
DoE3_R3,12.174674674674677,-1.6034232790748438e-07,53.98518365895954,5.242070791038656
DoE3_R3,12.187187187187188,-1.5796721980310677e-07,53.98518365812247,5.242070790914421
DoE3_R3,12.1996996996997,-1.5750261505842993e-07,53.98518365795873,5.24207079089012
DoE3_R3,12.212212212212211,-1.5706004553757836e-07,53.98518365780274,5.24207079086697
DoE3_R3,12.224724724724725,-1.5698751230739673e-07,53.98518365777719,5.242070790863177
DoE3_R3,12.237237237237238,-1.569149790772151e-07,53.98518365775162,5.242070790859382
DoE3_R3,12.24974974974975,-1.568424458470335e-07,53.98518365772605,5.242070790855588
DoE3_R3,12.262262262262263,-1.567699126168519e-07,53.98518365770049,5.242070790851795
DoE3_R3,12.274774774774777,-1.5669737938667026e-07,53.98518365767493,5.242070790848
DoE3_R3,12.287287287287288,-1.5662484615648866e-07,53.985183657649365,5.242070790844206
DoE3_R3,12.2997997997998,-1.56552312926307e-07,53.9851836576238,5.242070790840413
DoE3_R3,12.312312312312311,-1.5647977969612537e-07,53.98518365759824,5.242070790836618
DoE3_R3,12.324824824824825,-1.5640724646594377e-07,53.98518365757268,5.242070790832825
DoE3_R3,12.337337337337338,-1.5633471323576217e-07,53.98518365754711,5.242070790829031
DoE3_R3,12.34984984984985,-1.5626218000558056e-07,53.985183657521546,5.242070790825236
DoE3_R3,12.362362362362363,-1.561896467753989e-07,53.98518365749599,5.242070790821443
DoE3_R3,12.374874874874877,-1.561171135452173e-07,53.98518365747042,5.242070790817649
DoE3_R3,12.387387387387388,-1.560445803150357e-07,53.98518365744486,5.242070790813854
DoE3_R3,12.3998998998999,-1.5597204708485404e-07,53.98518365741929,5.242070790810061
DoE3_R3,12.412412412412412,-1.558995138546724e-07,53.98518365739373,5.242070790806267
DoE3_R3,12.424924924924923,-1.558269806244908e-07,53.98518365736817,5.242070790802472
DoE3_R3,12.437437437437438,-1.557544473943092e-07,53.9851836573426,5.242070790798679
DoE3_R3,12.44994994994995,-1.5568191416412757e-07,53.98518365731704,5.242070790794885
DoE3_R3,12.462462462462463,-1.5560938093394594e-07,53.98518365729148,5.242070790791091
DoE3_R3,12.474974974974977,-1.5553684770376436e-07,53.98518365726592,5.242070790787297
DoE3_R3,12.487487487487488,-1.554781243289192e-07,53.98518365724522,5.242070790784226
DoE3_R3,12.5,-1.554668005756841e-07,53.98518365724123,5.242070790783633
DoE3_R4,0.0,0.0,22.2,0.0
DoE3_R4,0.0125125125125125,0.0013941707587164,22.23063672722484,0.0078336703625742
DoE3_R4,0.025025025025025,0.001392636432334,22.26192143447487,0.0157382130732886
DoE3_R4,0.0375375375375375,0.0013910883705568,22.293174490535016,0.0234108419514287
DoE3_R4,0.05005005005005,0.0013892866521026,22.324337126138893,0.0291640125970552
DoE3_R4,0.0625625625625625,0.0013872748082551,22.355429799307288,0.0333183602067889
DoE3_R4,0.075075075075075,0.0013851634423274,22.386492738749872,0.036751980468503
DoE3_R4,0.0875875875875876,0.001383336950052,22.417627940942243,0.0422026932797795
DoE3_R4,0.1001001001001001,0.0013817692859789,22.44880849756633,0.0492215625682253
DoE3_R4,0.1126126126126126,0.0013801446007638,22.479950849675344,0.0556932340021379
DoE3_R4,0.1251251251251251,0.0013783504951014,22.51102985017994,0.0608340544643838
DoE3_R4,0.1376376376376376,0.0013764009777114,22.54205653409096,0.0647586304398922
DoE3_R4,0.1501501501501501,0.0013744069304174,22.57306682785184,0.0682947051523029
DoE3_R4,0.1626626626626626,0.0013724467248555,22.604082235291408,0.0719895065922984
DoE3_R4,0.1751751751751752,0.0013706102534998,22.635124717359137,0.0764807205330022
DoE3_R4,0.1876876876876877,0.001368827018487,22.666170543609848,0.0812038786319823
DoE3_R4,0.2002002002002002,0.0013670653477756,22.69721126491502,0.0859555359612687
DoE3_R4,0.2127127127127127,0.0013654165786679,22.728272733873112,0.0914746671247101
DoE3_R4,0.2252252252252252,0.0013638851631662,22.75935188573571,0.0977490755384704
DoE3_R4,0.2377377377377377,0.0013623979268676,22.79042263295111,0.1041513900171425
DoE3_R4,0.2502502502502503,0.0013607192389214,22.821422907264104,0.1089791291282521
DoE3_R4,0.2627627627627628,0.0013589087004724,22.85238086904689,0.1128195639754362
DoE3_R4,0.2752752752752753,0.0013573205855264,22.88339845537752,0.1183514903041763
DoE3_R4,0.2877877877877878,0.0013559486595659,22.91445736902909,0.1252735228107536
DoE3_R4,0.3003003003003003,0.0013544977838,22.94546844220529,0.1313225521646658
DoE3_R4,0.3128128128128128,0.0013528244581876,22.976407360736506,0.1357117942970399
DoE3_R4,0.3253253253253253,0.0013510155115246,23.00730539608924,0.139053532854977
DoE3_R4,0.3378378378378379,0.0013494352680402,23.03826570274845,0.1440491605262294
DoE3_R4,0.3503503503503504,0.0013480923519252,23.06927977679466,0.1507065445420008
DoE3_R4,0.3628628628628629,0.0013467533764457,23.100271632539044,0.1571550695111479
DoE3_R4,0.3753753753753754,0.0013451484105905,23.13117293604221,0.1614727609734861
DoE3_R4,0.3878878878878879,0.0013433777479095,23.16202654583675,0.164548230915688
DoE3_R4,0.4004004004004004,0.0013417250190473,23.19291371993398,0.1684756655251839
DoE3_R4,0.4129129129129129,0.0013403273457352,23.2238675095952,0.1742452553277375
DoE3_R4,0.4254254254254254,0.0013390520797001,23.25483852031388,0.1807264075728409
DoE3_R4,0.4379379379379379,0.0013377431319283,23.28578580509675,0.1869094187259444
DoE3_R4,0.4504504504504504,0.0013361499602597,23.31663332593566,0.1906413537456501
DoE3_R4,0.4629629629629629,0.0013344599975534,23.34745862324494,0.1937621467860075
DoE3_R4,0.4754754754754755,0.0013330816700919,23.37837702181577,0.1993355202702571
DoE3_R4,0.487987987987988,0.0013318625026092,23.409312526839624,0.2056110117950946
DoE3_R4,0.5005005005005005,0.0013304544686545,23.44018899678304,0.2106053596986182
DoE3_R4,0.513013013013013,0.0013288378318323,23.47099447760016,0.213760454947142
DoE3_R4,0.5255255255255256,0.0013272152666452,23.50180120252503,0.2168287142952776
DoE3_R4,0.5380380380380381,0.0013257175585412,23.53264652573452,0.2208328605097588
DoE3_R4,0.5505505505505506,0.0013242549601943,23.563494118359408,0.2249073260921887
DoE3_R4,0.5630630630630631,0.0013227783649058,23.594337243716136,0.2288688247676964
DoE3_R4,0.5755755755755756,0.0013214282065403,23.62521299860381,0.2337520727905061
DoE3_R4,0.5880880880880881,0.0013201028632081,23.65608636938481,0.2386713807007601
DoE3_R4,0.6006006006006006,0.0013187025859375,23.68693136161353,0.2429075424310678
DoE3_R4,0.6131131131131131,0.0013173171795203,23.71777574565584,0.2471557468454049
DoE3_R4,0.6256256256256256,0.0013159360226868,23.748615452065323,0.2512944216587562
DoE3_R4,0.6381381381381381,0.0013145548658532,23.779455158474804,0.2554330964721076
DoE3_R4,0.6506506506506506,0.0013131737090197,23.81029486488428,0.259571771285459
DoE3_R4,0.6631631631631631,0.0013118310048664,23.841136829660165,0.2637933932046462
DoE3_R4,0.6756756756756758,0.0013105049183943,23.87197977040996,0.2680508614821233
DoE3_R4,0.6881881881881883,0.0013091788319222,23.90282271115975,0.2723083297596005
DoE3_R4,0.7007007007007008,0.0013078730320554,23.933666277668568,0.2766161298831314
DoE3_R4,0.7132132132132133,0.0013066206186776,23.964511490932804,0.2810563839338663
DoE3_R4,0.7257257257257258,0.0013053682052998,23.995356704197043,0.2854966379846013
DoE3_R4,0.7382382382382383,0.001304115791922,24.02620191746128,0.2899368920353362
DoE3_R4,0.7507507507507508,0.0013028633785442,24.057047130725515,0.2943771460860711
DoE3_R4,0.7632632632632633,0.0013016109651665,24.08789234398975,0.298817400136806
DoE3_R4,0.7757757757757758,0.0013004043703476,24.118741554218403,0.3034500292135728
DoE3_R4,0.7882882882882883,0.0012992400742117,24.14959445435644,0.3082602546710201
DoE3_R4,0.8008008008008008,0.0012980757780759,24.18044735449447,0.3130704801284674
DoE3_R4,0.8133133133133134,0.0012968256305474,24.21127505801616,0.3171700439759712
DoE3_R4,0.8258258258258259,0.0012955147840792,24.242084148741736,0.320720617673792
DoE3_R4,0.8383383383383384,0.0012942160158781,24.27289257729413,0.3241258988359523
DoE3_R4,0.8508508508508509,0.0012929456533542,24.303710437576907,0.3274926783534005
DoE3_R4,0.8633633633633634,0.0012916851599899,24.33453157478396,0.3308460810069188
DoE3_R4,0.8758758758758759,0.0012904246666256,24.36535271199101,0.3341994836604372
DoE3_R4,0.8883883883883884,0.0012891648525789,24.39617699120268,0.3375261173611464
DoE3_R4,0.9009009009009008,0.0012879066644392,24.427008790618427,0.3407886811406754
DoE3_R4,0.9134134134134134,0.0012866493719663,24.45784473270483,0.3440159505877543
DoE3_R4,0.925925925925926,0.0012853935802496,24.48868481059169,0.3472086713890518
DoE3_R4,0.9384384384384384,0.0012841490957894,24.519528912935577,0.3503789286623155
DoE3_R4,0.9509509509509512,0.0012829096076245,24.550377111391416,0.353518945044832
DoE3_R4,0.9634634634634636,0.0012816751157549,24.58122940595921,0.3566287205366013
DoE3_R4,0.975975975975976,0.0012804456201805,24.612085796638954,0.3597082551376233
DoE3_R4,0.9884884884884886,0.0012792131940965,24.642946553931083,0.3626710402800751
DoE3_R4,1.001001001001001,0.0012779807270847,24.673811579229262,0.3655486111903386
DoE3_R4,1.0135135135135136,0.0012767494992619,24.704680828849806,0.3683549383222421
DoE3_R4,1.026026026026026,0.001275519510628,24.735554302792707,0.3710900216757857
DoE3_R4,1.0385385385385386,0.0012743304221087,24.76644952752157,0.3739885932907235
DoE3_R4,1.0510510510510511,0.0012731684161608,24.797357462088407,0.3770315977975299
DoE3_R4,1.0635635635635636,0.0012720064102129,24.828265396655244,0.3800746023043363
DoE3_R4,1.076076076076076,0.001270844404265,24.85917333122208,0.3831176068111427
DoE3_R4,1.0885885885885886,0.0012696823587457,24.8900917613421,0.3861105695809738
DoE3_R4,1.1011011011011012,0.0012685202430042,24.921028816602032,0.3890147295657461
DoE3_R4,1.1136136136136137,0.0012673581272626,24.951965871861965,0.3919188895505183
DoE3_R4,1.1261261261261262,0.0012662511709079,24.98292071881641,0.3951881929314954
DoE3_R4,1.138638638638639,0.0012652561609819,25.01391167416096,0.399198557833845
DoE3_R4,1.1511511511511512,0.0012642610233223,25.04490290312328,0.4032074702499373
DoE3_R4,1.1636636636636637,0.0012632625856221,25.07590120109074,0.407178857204336
DoE3_R4,1.1761761761761762,0.0012622641479219,25.1068994990582,0.4111502441587347
DoE3_R4,1.1886886886886887,0.0012613376693162,25.137917787879115,0.4155871750721727
DoE3_R4,1.2012012012012012,0.0012604358933989,25.16894293931863,0.4201839216053009
DoE3_R4,1.2137137137137135,0.0012595591949701,25.19997358219279,0.4249563570416231
DoE3_R4,1.2262262262262262,0.0012587756190455,25.231024616907373,0.430381193955354
DoE3_R4,1.2387387387387387,0.0012580502960927,25.2620884077792,0.4362141419399677
DoE3_R4,1.2512512512512513,0.0012571922315545,25.293115574690308,0.4410308844312637
DoE3_R4,1.2637637637637638,0.0012562213612309,25.324111271882643,0.4449800900125044
DoE3_R4,1.2762762762762765,0.0012552665149752,25.35510157694947,0.4486259349478682
DoE3_R4,1.2887887887887888,0.0012542997360406,25.38608207600636,0.4518761541696615
DoE3_R4,1.3013013013013013,0.0012533578982234,25.41707936986826,0.4553300485158412
DoE3_R4,1.3138138138138138,0.001252414282003,25.44808048967496,0.4587765063945991
DoE3_R4,1.3263263263263263,0.001251460473636,25.4791035362246,0.4621803453861369
DoE3_R4,1.338838838838839,0.001250506665269,25.51012658277424,0.4655841843776748
DoE3_R4,1.3513513513513515,0.0012495528569021,25.541149629323883,0.4689880233692126
DoE3_R4,1.363863863863864,0.0012486134119354,25.57218064030315,0.4724759759559769
DoE3_R4,1.3763763763763766,0.0012477071632341,25.60323005843621,0.4761583293921818
DoE3_R4,1.388888888888889,0.0012468180445134,25.63428897505301,0.4799409978106504
DoE3_R4,1.4014014014014016,0.0012459460557732,25.66535739015356,0.4838239812113828
DoE3_R4,1.413913913913914,0.001245108119242,25.69643387311615,0.4878833002864521
DoE3_R4,1.4264264264264266,0.0012443040157834,25.72751844246681,0.4921179705968921
DoE3_R4,1.438938938938939,0.0012435266594876,25.758611697255247,0.4964961597055723
DoE3_R4,1.4514514514514516,0.0012427760503545,25.78971363748148,0.5010178676124926
DoE3_R4,1.463963963963964,0.0012420521883842,25.820824263145493,0.505683094317653
DoE3_R4,1.4764764764764766,0.0012412824709513,25.85192156561856,0.5098567832808741
DoE3_R4,1.4889889889889891,0.0012405127158309,25.883019434018287,0.5139397034498934
DoE3_R4,1.5015015015015016,0.0012397437135181,25.91411810797392,0.5179387692995627
DoE3_R4,1.514014014014014,0.0012389754640128,25.94521758748544,0.5218539808298822
DoE3_R4,1.5265265265265269,0.0012381956217066,25.97631778451233,0.525625578393635
DoE3_R4,1.5390390390390392,0.0012373792000391,26.007418520867347,0.5291326130707663
DoE3_R4,1.5515515515515517,0.0012365477628136,26.03851995032894,0.5324794657236898
DoE3_R4,1.5640640640640642,0.00123570131003,26.06962207289711,0.5356661363524051
DoE3_R4,1.576576576576577,0.0012348398416884,26.100724888571865,0.5386926249569126
DoE3_R4,1.5890890890890892,0.0012339696274577,26.13183592669556,0.5415439585119987
DoE3_R4,1.6016016016016017,0.0012330903428764,26.16295479761747,0.544220911886162
DoE3_R4,1.6141141141141142,0.0012321990096396,26.194077924645008,0.5467305977734088
DoE3_R4,1.6266266266266267,0.0012312956277472,26.225205307778168,0.5490730161737395
DoE3_R4,1.6391391391391392,0.0012303801971993,26.25633694701696,0.5512481670871539
DoE3_R4,1.6516516516516515,0.0012294527179957,26.28747284236137,0.5532560505136519
DoE3_R4,1.6641641641641642,0.00122856197137,26.31863183049631,0.5555194619244753
DoE3_R4,1.6766766766766767,0.0012277035766203,26.34981221983069,0.5580004330117794
DoE3_R4,1.6891891891891893,0.0012268596387109,26.381007100265546,0.5605438643744327
DoE3_R4,1.7017017017017018,0.0012260301576416,26.412216471800875,0.5631497560124353
DoE3_R4,1.7142142142142145,0.0012252139258991,26.44344002325688,0.5658072183469641
DoE3_R4,1.7267267267267268,0.0012243723434089,26.47466780728073,0.5681681488246638
DoE3_R4,1.7392392392392393,0.0012235308892625,26.50590638990933,0.5704623225672744
DoE3_R4,1.7517517517517518,0.0012226895634598,26.537155771142665,0.5726897395747956
DoE3_R4,1.7642642642642643,0.0012218483660009,26.56841595098074,0.5748503998472276
DoE3_R4,1.7767767767767768,0.0012210041933484,26.59968798430464,0.5769336927994733
DoE3_R4,1.789289289289289,0.0012201529205858,26.63097327315853,0.5789255158856873
DoE3_R4,1.8018018018018016,0.0012192985568818,26.662270454840524,0.5808395759251737
DoE3_R4,1.8143143143143143,0.0012184411022365,26.6935795293506,0.5826758729179323
DoE3_R4,1.8268268268268268,0.0012175805566497,26.72490049668877,0.5844344068639632
DoE3_R4,1.8393393393393396,0.0012167581917494,26.756245252186005,0.5864490413567146
DoE3_R4,1.851851851851852,0.0012159665011276,26.78761163234136,0.5886590538992389
DoE3_R4,1.8643643643643644,0.001215193090794,26.818996064952135,0.5909641842776593
DoE3_R4,1.876876876876877,0.0012144379607483,26.850398550018348,0.5933644324919761
DoE3_R4,1.8893893893893896,0.0012137002475191,26.8818190145628,0.595877886742821
DoE3_R4,1.901901901901902,0.0012129752366659,26.91325706013972,0.5986033062041062
DoE3_R4,1.9144144144144144,0.0012122663214388,26.94471297353312,0.6014696082984513
DoE3_R4,1.9269269269269271,0.0012115735018378,26.976186754743008,0.6044767930258563
DoE3_R4,1.93943943943944,0.0012108967778629,27.00767840376938,0.6076248603863211
DoE3_R4,1.951951951951952,0.0012101881844041,27.03918747826749,0.6105064185893695
DoE3_R4,1.9644644644644649,0.0012094513887476,27.07069979693536,0.6131492668949476
DoE3_R4,1.9769769769769767,0.0012087145930911,27.102212115603223,0.6157921152005257
DoE3_R4,1.9894894894894897,0.0012079777974346,27.13372443427109,0.6184349635061037
DoE3_R4,2.002002002002002,0.0012072457638812,27.16523928093629,0.6210958030754291
DoE3_R4,2.0145145145145147,0.001206622854566,27.196812057002813,0.6241689148911094
DoE3_R4,2.027027027027027,0.0012059999452508,27.228384833069327,0.6272420267067895
DoE3_R4,2.03953953953954,0.0012054631152397,27.259995614312988,0.6310365681533096
DoE3_R4,2.052052052052052,0.001205000585117,27.291639199962365,0.6354538160857238
DoE3_R4,2.0645645645645647,0.0012045005159739,27.32328208509798,0.6396903383278859
DoE3_R4,2.077077077077077,0.0012039565939309,27.354926301936423,0.6438610215927886
DoE3_R4,2.0895895895895897,0.0012035858631183,27.38664633209799,0.6500072164945909
DoE3_R4,2.1021021021021022,0.0013216610317652,27.419478043751965,0.6576254593022721
DoE3_R4,2.1146146146146148,0.0013213114753596,27.45257441597935,0.6653921971945009
DoE3_R4,2.1271271271271277,0.0013206733657649,27.48557210156072,0.670523115537965
DoE3_R4,2.13963963963964,0.0013198130752565,27.518501268180195,0.6736964824397101
DoE3_R4,2.1521521521521523,0.0013188700689586,27.55141324501546,0.6761422627034621
DoE3_R4,2.164664664664665,0.001317941907909,27.584340014293627,0.6786414186357089
DoE3_R4,2.1771771771771773,0.001317148168745,27.617323883306497,0.6823635100698645
DoE3_R4,2.18968968968969,0.0013163699749424,27.650316480341587,0.6860923041243735
DoE3_R4,2.2022022022022023,0.0013156835297951,27.683344412382198,0.6905563282211611
DoE3_R4,2.214714714714715,0.001314996862408,27.716378468062484,0.695026410017506
DoE3_R4,2.2272272272272278,0.0013143220983889,27.74942154700275,0.6996146984028901
DoE3_R4,2.23973973973974,0.0013136145721633,27.7824563819402,0.7038039807092814
DoE3_R4,2.2522522522522523,0.0013128542979061,27.81547557054624,0.7074213745181157
DoE3_R4,2.264764764764765,0.0013120750586727,27.84849651020169,0.7108281582564292
DoE3_R4,2.2772772772772774,0.0013112702061834,27.881515578338966,0.7139521374853143
DoE3_R4,2.28978978978979,0.0013104915460453,27.914556934434977,0.7172969626909469
DoE3_R4,2.3023023023023024,0.0013097132799428,27.94760853809125,0.7206109787385995
DoE3_R4,2.314814814814815,0.0013089266636029,27.980666308245592,0.7238088877657666
DoE3_R4,2.3273273273273274,0.0013081316970255,28.01373024489801,0.7268906897724481
DoE3_R4,2.33983983983984,0.0013073283802107,28.0468003480485,0.7298563847586439
DoE3_R4,2.3523523523523524,0.0013065254766004,28.079879210155116,0.7327839038597456
DoE3_R4,2.364864864864865,0.0013058000455385,28.112989627411093,0.7363585168810939
DoE3_R4,2.3773773773773774,0.0013050934820236,28.146114262906067,0.7400590639488815
DoE3_R4,2.38988988988989,0.0013044057860557,28.17925311664004,0.7438855450631083
DoE3_R4,2.4024024024024024,0.0013037369576348,28.21240618861301,0.7478379602237745
DoE3_R4,2.414914914914915,0.0013030869967608,28.24557347882497,0.7519163094308797
DoE3_R4,2.4274274274274275,0.0013024564000534,28.27875126642604,0.7560908969120858
DoE3_R4,2.43993993993994,0.0013018457744603,28.311935003948072,0.7603254297279919
DoE3_R4,2.4524524524524525,0.0013012544436587,28.34512975864178,0.7646603491564468
DoE3_R4,2.464964964964965,0.0013006824076486,28.37833553050716,0.7690956551974505
DoE3_R4,2.477477477477477,0.0013001296664299,28.41155231954422,0.773631347851003
DoE3_R4,2.48998998998999,0.0012995962200027,28.44478012575296,0.7782674271171043
DoE3_R4,2.5025025025025025,0.0012990403986912,28.47800544559033,0.7827176482032981
DoE3_R4,2.515015015015015,0.0012984719133916,28.511231425985244,0.7870487189360976
DoE3_R4,2.5275275275275275,0.0012979111066164,28.544464659165392,0.7914003797412354
DoE3_R4,2.54004004004004,0.0012973579783656,28.57770514513078,0.7957726306187118
DoE3_R4,2.5525525525525525,0.0012968125286391,28.610952883881406,0.8001654715685267
DoE3_R4,2.565065065065065,0.0012962747574371,28.64420787541727,0.80457890259068
DoE3_R4,2.5775775775775776,0.0012957446647594,28.677470119738373,0.8090129236851719
DoE3_R4,2.59009009009009,0.0012952222506061,28.71073961684472,0.8134675348520021
DoE3_R4,2.6026026026026026,0.0012947075149772,28.744016366736297,0.8179427360911707
DoE3_R4,2.615115115115115,0.0012942004578726,28.77730036941312,0.822438527402678
DoE3_R4,2.627627627627628,0.0012937030287621,28.81059107734315,0.8269908433415916
DoE3_R4,2.64014014014014,0.0012932192599159,28.843887358014687,0.831674010709423
DoE3_R4,2.6526526526526526,0.0012927444996758,28.87719051790196,0.8364022855348298
DoE3_R4,2.665165165165165,0.0012922787480419,28.910500557004983,0.8411756678178118
DoE3_R4,2.677677677677678,0.0012918220050142,28.943817475323748,0.8459941575583695
DoE3_R4,2.6901901901901906,0.0012913742705927,28.97714127285825,0.8508577547565022
DoE3_R4,2.702702702702703,0.0012909355447774,29.0104719496085,0.8557664594122102
DoE3_R4,2.715215215215216,0.0012905058275682,29.04380950557449,0.8607202715254935
DoE3_R4,2.727727727727728,0.0012900851189652,29.077153940756222,0.8657191910963521
DoE3_R4,2.7402402402402406,0.0012896734189684,29.110505255153697,0.8707632181247861
DoE3_R4,2.752752752752753,0.0012892707275777,29.143863448766915,0.8758523526107953
DoE3_R4,2.7652652652652656,0.0012887872017822,29.17720300671911,0.8800650718231349
DoE3_R4,2.777777777777778,0.0012882736373635,29.21053835470789,0.8839223897717365
DoE3_R4,2.79029029029029,0.0012877385089328,29.24387189947206,0.8875112308241215
DoE3_R4,2.802802802802803,0.0012871818164902,29.27720364101163,0.8908315949802901
DoE3_R4,2.815315315315316,0.0012866035600356,29.3105335793266,0.8938834822402419
DoE3_R4,2.827827827827828,0.0012860174825359,29.343870053016108,0.8968215306862858
DoE3_R4,2.8403403403403407,0.0012854584869324,29.377234239577287,0.9000384738559363
DoE3_R4,2.852852852852853,0.0012848953364056,29.41060718594685,0.9031828300067616
DoE3_R4,2.8653653653653657,0.0012843280309554,29.443988892124807,0.906254599138762
DoE3_R4,2.877877877877878,0.0012837565705817,29.477379358111147,0.9092537812519372
DoE3_R4,2.8903903903903907,0.0012831809552847,29.51077858390588,0.9121803763462872
DoE3_R4,2.902902902902903,0.001282592400901,29.544188840428987,0.9149215054062142
DoE3_R4,2.915415415415416,0.0012819910446854,29.57761009219676,0.9174789321956108
DoE3_R4,2.927927927927928,0.0012813811223137,29.61104124418393,0.919907086362006
DoE3_R4,2.9404404404404407,0.001280762633786,29.644482296390493,0.9222059679054
DoE3_R4,2.952952952952953,0.0012801355791021,29.677933248816448,0.9243755768257926
DoE3_R4,2.9654654654654657,0.0012795000741916,29.71139416067904,0.9264170810208192
DoE3_R4,2.9779779779779783,0.001278897406628,29.7448861218257,0.9287464198759084
DoE3_R4,2.9904904904904908,0.0012782979448339,29.77839399633558,0.9310650788742878
DoE3_R4,3.0030030030030037,0.0012777016888093,29.81191778420868,0.9333730580159576
DoE3_R4,3.015515515515516,0.0012771086385544,29.845457485445003,0.9356703573009182
DoE3_R4,3.0280280280280283,0.0012765187940691,29.879013100044546,0.937956976729169
DoE3_R4,3.040540540540541,0.0012759321553533,29.91258462800731,0.9402329163007104
DoE3_R4,3.0530530530530533,0.0012753445144254,29.9461738523512,0.9424766352838484
DoE3_R4,3.065565565565566,0.001274758655117,29.979779593503192,0.944702384161362
DoE3_R4,3.0780780780780783,0.0012741747442721,30.01340178076772,0.9469110170101108
DoE3_R4,3.090590590590591,0.0012735927818906,30.047040414144785,0.9491025338300944
DoE3_R4,3.1031031031031038,0.0012730127679726,30.080695493634384,0.9512769346213128
DoE3_R4,3.115615615615616,0.001272434702518,30.114367019236514,0.9534342193837664
DoE3_R4,3.1281281281281283,0.0012719265676044,30.148071952367896,0.9562922017792626
DoE3_R4,3.140640640640641,0.0012714603384878,30.18180330090094,0.9595549722861036
DoE3_R4,3.1531531531531534,0.0012710355570494,30.215560950535718,0.9632176936873784
DoE3_R4,3.165665665665666,0.0012706571881274,30.24934613999121,0.9673327890460957
DoE3_R4,3.1781781781781784,0.00127033019656,30.28316010798644,0.971952681425263
DoE3_R4,3.190690690690691,0.0012700595471855,30.31700409324037,0.9771297938878888
DoE3_R4,3.2032032032032034,0.0012697282598793,30.350834765929037,0.9816240260085268
DoE3_R4,3.215715715715716,0.0012693771319037,30.384666460834573,0.9858675971841838
DoE3_R4,3.2282282282282284,0.001269015360574,30.418501963565067,0.9899577915017486
DoE3_R4,3.240740740740741,0.0012686368874575,30.452338484045544,0.9938301937683732
DoE3_R4,3.253253253253253,0.0012682356541212,30.486173232201036,0.9974203887912092
DoE3_R4,3.265765765765766,0.0012678279253614,30.520013324620088,1.000906003526208
DoE3_R4,3.2782782782782784,0.001267465821304,30.553881789867216,1.0048534304149177
DoE3_R4,3.290790790790791,0.0012671094811301,30.587760836952345,1.0088317480517466
DoE3_R4,3.3033033033033035,0.0012667596530444,30.621650696468656,1.0128503429845097
DoE3_R4,3.315815815815816,0.0012664170852514,30.655551599009343,1.0169186017610206
DoE3_R4,3.3283283283283285,0.0012660825259561,30.689463775167592,1.0210459109290937
DoE3_R4,3.340840840840841,0.0012657280529789,30.72337839751404,1.024909091441853
DoE3_R4,3.353353353353353,0.001265354824581,30.75729582619367,1.0285222863456591
DoE3_R4,3.365865865865866,0.001264968721414,30.79121791332736,1.0319544166303805
DoE3_R4,3.3783783783783785,0.0012645673207854,30.825143887705867,1.035178087634851
DoE3_R4,3.390890890890891,0.0012641482000022,30.85907297811995,1.038165904697906
DoE3_R4,3.4034034034034035,0.0012637197702167,30.893009158214028,1.0410149635930137
DoE3_R4,3.415915915915916,0.001263342684715,30.926978905063237,1.0444220907682422
DoE3_R4,3.4284284284284285,0.0012629714844321,30.960962117270483,1.0478646273883132
DoE3_R4,3.440940940940941,0.001262606169368,30.99495879483577,1.0513425734532258
DoE3_R4,3.4534534534534536,0.0012622467395229,31.028968937759107,1.0548559289629806
DoE3_R4,3.465965965965966,0.0012618931948965,31.062992546040483,1.0584046939175773
DoE3_R4,3.4784784784784786,0.0012614989955473,31.0970172720216,1.061464448290595
DoE3_R4,3.490990990990991,0.0012610598828553,31.131041985834628,1.0639872052248538
DoE3_R4,3.503503503503504,0.0012606030420674,31.165073900082906,1.0662792927331195
DoE3_R4,3.516016016016016,0.0012601284731836,31.199113014766425,1.068340710815393
DoE3_R4,3.5285285285285286,0.0012596361762039,31.23315932988519,1.0701714594716736
DoE3_R4,3.541041041041041,0.0012591261511283,31.267212845439204,1.0717715387019613
DoE3_R4,3.5535535535535536,0.0012586514660208,31.30129677999072,1.073749113387099
DoE3_R4,3.566066066066066,0.0012582286105334,31.335418348161667,1.0762931564548728
DoE3_R4,3.578578578578578,0.001257818207954,31.36956032168744,1.0789524071693015
DoE3_R4,3.591091091091091,0.0012574202582825,31.403722700568046,1.0817268655303858
DoE3_R4,3.603603603603604,0.0012570347615189,31.43790548480348,1.0846165315381249
DoE3_R4,3.616116116116116,0.0012566617176633,31.47210867439373,1.0876214051925193
DoE3_R4,3.6286286286286287,0.0012562840230834,31.50634375503633,1.0904819779175603
DoE3_R4,3.641141141141141,0.0012558906410457,31.540596932745167,1.0930851456878423
DoE3_R4,3.6536536536536537,0.0012554972590079,31.574850110454005,1.095688313458124
DoE3_R4,3.666166166166166,0.0012551038769702,31.60910328816284,1.098291481228406
DoE3_R4,3.678678678678679,0.0012547104949325,31.64335646587168,1.1008946489986875
DoE3_R4,3.691191191191191,0.0012543171128948,31.677609643580517,1.1034978167689693
DoE3_R4,3.703703703703704,0.0012539469837979,31.711921393841617,1.1063327572972486
DoE3_R4,3.716216216216216,0.0012536096229562,31.7463156850754,1.109494314101361
DoE3_R4,3.7287287287287287,0.0012532722621145,31.780709976309183,1.1126558709054728
DoE3_R4,3.7412412412412417,0.0012529349012728,31.815104267542967,1.1158174277095851
DoE3_R4,3.753753753753754,0.0012525975404311,31.849498558776748,1.1189789845136973
DoE3_R4,3.7662662662662663,0.0012522601795894,31.883892850010533,1.1221405413178094
DoE3_R4,3.778778778778779,0.0012519228187478,31.91828714124432,1.1253020981219215
DoE3_R4,3.791291291291292,0.0012516041120413,31.952739483242336,1.1285564462138504
DoE3_R4,3.803803803803804,0.0012512987641707,31.987233397289582,1.1318772451791737
DoE3_R4,3.8163163163163167,0.0012509934163,32.02172731133683,1.135198044144497
DoE3_R4,3.828828828828829,0.0012506880684294,32.05622122538408,1.1385188431098203
DoE3_R4,3.8413413413413418,0.0012503827205587,32.09071513943133,1.1418396420751438
DoE3_R4,3.8538538538538543,0.001250077372688,32.12520905347858,1.145160441040467
DoE3_R4,3.866366366366367,0.0012497720248174,32.159702967525824,1.1484812400057904
DoE3_R4,3.8788788788788793,0.0012495118830999,32.19432043431435,1.1521059613793652
DoE3_R4,3.891391391391392,0.0012492667830225,32.22897901134393,1.155831808177902
DoE3_R4,3.903903903903904,0.001249021682945,32.263637588373506,1.1595576549764386
DoE3_R4,3.916416416416417,0.0012487765828676,32.29829616540309,1.1632835017749754
DoE3_R4,3.928928928928929,0.0012485314827901,32.33295474243267,1.167009348573512
DoE3_R4,3.941441441441442,0.0012482863827127,32.36761331946225,1.1707351953720488
DoE3_R4,3.9539539539539534,0.0012480412826352,32.40227189649183,1.1744610421705854
DoE3_R4,3.966466466466467,0.0012477961825578,32.436930473521414,1.178186888969122
DoE3_R4,3.9789789789789793,0.0012475510824803,32.471589050551,1.1819127357676589
DoE3_R4,3.991491491491492,0.0012473059824029,32.50624762758057,1.1856385825661957
DoE3_R4,4.004004004004004,0.0012470608823254,32.54090620461015,1.1893644293647323
DoE3_R4,4.016516516516517,0.001246815782248,32.575564781639734,1.193090276163269
DoE3_R4,4.029029029029029,0.0012465706821705,32.61022335866932,1.1968161229618055
DoE3_R4,4.041541541541542,0.0012463255820931,32.6448819356989,1.2005419697603423
DoE3_R4,4.054054054054054,0.0012460901452277,32.67955622757374,1.2042980202014606
DoE3_R4,4.066566566566567,0.0012458720870433,32.714255698693485,1.2080697621657872
DoE3_R4,4.079079079079079,0.0013700382403808,32.74938671105996,1.2119050315567026
DoE3_R4,4.091591591591592,0.0013687592727389,32.7855322346194,1.2149883358717244
DoE3_R4,4.104104104104104,0.0013681801206557,32.82167453030876,1.217213927629016
DoE3_R4,4.116616616616617,0.0013675903315171,32.85782419112888,1.2194419611527512
DoE3_R4,4.129129129129129,0.0013670074580824,32.894004346926266,1.221690993588129
DoE3_R4,4.141641641641642,0.0013664386603137,32.93019960630908,1.2240959926791497
DoE3_R4,4.1541541541541545,0.0013659699914229,32.96649020269109,1.2276396611667058
DoE3_R4,4.166666666666667,0.001365501322532,33.00278079907311,1.231183329654262
DoE3_R4,4.17917917917918,0.0013650326536412,33.03907139545512,1.2347269981418183
DoE3_R4,4.191691691691692,0.0013645639847504,33.075361991837134,1.2382706666293744
DoE3_R4,4.2042042042042045,0.0013640953158596,33.11165258821915,1.2418143351169306
DoE3_R4,4.216716716716717,0.0013636098452847,33.14797956416481,1.2450145985800405
DoE3_R4,4.2292292292292295,0.0013631155620365,33.18432562160317,1.2480347422228388
DoE3_R4,4.241741741741742,0.0013626212787882,33.22067167904153,1.2510548858656372
DoE3_R4,4.254254254254255,0.0013621269955399,33.257017736479895,1.2540750295084355
DoE3_R4,4.266766766766767,0.0013616327122917,33.29336379391826,1.257095173151234
DoE3_R4,4.27927927927928,0.0013611393475194,33.32972301097496,1.2600241388158822
DoE3_R4,4.291791791791792,0.0013606498370433,33.36613745110948,1.262570484828729
DoE3_R4,4.3043043043043046,0.0013601603265672,33.402551891244,1.2651168308415757
DoE3_R4,4.316816816816817,0.0013596708160911,33.43896633137852,1.2676631768544224
DoE3_R4,4.32932932932933,0.001359181305615,33.475380771513045,1.2702095228672692
DoE3_R4,4.341841841841842,0.0013586917951389,33.511795211647566,1.272755868880116
DoE3_R4,4.354354354354355,0.0013581973698027,33.54827837166409,1.2753209266245542
DoE3_R4,4.366866866866867,0.0013577015111549,33.584781572334585,1.2778914412371822
DoE3_R4,4.37937937937938,0.001357205652507,33.62128477300509,1.2804619558498105
DoE3_R4,4.391891891891892,0.0013567097938591,33.65778797367559,1.2830324704624383
DoE3_R4,4.404404404404405,0.0013562139352113,33.694291174346084,1.2856029850750663
DoE3_R4,4.416916916916917,0.001355719436715,33.73084967662302,1.288219451024823
DoE3_R4,4.42942942942943,0.0013552273987984,33.767508222169575,1.2909190451566523
DoE3_R4,4.441941941941942,0.0013547353608818,33.804166767716126,1.293618639288482
DoE3_R4,4.454454454454455,0.0013542433229652,33.840825313262684,1.2963182334203112
DoE3_R4,4.466966966966967,0.0013537512850486,33.877483858809235,1.2990178275521405
DoE3_R4,4.47947947947948,0.0013532592471319,33.914142404355786,1.30171742168397
DoE3_R4,4.491991991991992,0.0013527672092153,33.95080094990234,1.3044170158157993
DoE3_R4,4.504504504504505,0.0013522751712987,33.98745949544889,1.3071166099476286
DoE3_R4,4.517017017017017,0.0013517831333821,34.02411804099544,1.309816204079458
DoE3_R4,4.52952952952953,0.0013512910954655,34.06077658654199,1.3125157982112874
DoE3_R4,4.542042042042042,0.0013507990575489,34.09743513208854,1.315215392343117
DoE3_R4,4.554554554554555,0.0013503876297911,34.13421225341809,1.3186979542190589
DoE3_R4,4.567067067067067,0.0013499817609241,34.17099755175461,1.3222345096891388
DoE3_R4,4.57957957957958,0.0013495758920572,34.20778285009113,1.325771065159219
DoE3_R4,4.592092092092092,0.0013491700231902,34.244568148427646,1.3293076206292989
DoE3_R4,4.604604604604605,0.0013487641543232,34.281353446764165,1.332844176099379
DoE3_R4,4.617117117117117,0.0013483582854562,34.31813874510068,1.336380731569459
DoE3_R4,4.62962962962963,0.0013479524165893,34.3549240434372,1.3399172870395388
DoE3_R4,4.642142142142142,0.001347525031473,34.391730481482995,1.3430588913866317
DoE3_R4,4.654654654654655,0.0013470799306896,34.42855432516717,1.345875307892337
DoE3_R4,4.667167167167167,0.0013466348299062,34.465378168851345,1.3486917243980423
DoE3_R4,4.67967967967968,0.0013461897291228,34.50220201253552,1.351508140903748
DoE3_R4,4.692192192192192,0.0013457072799436,34.53903960595176,1.3537741659600482
DoE3_R4,4.704704704704705,0.0013451932310635,34.575888832730286,1.3555745162593351
DoE3_R4,4.717217217217217,0.0013446572888704,34.61274611948518,1.35705223175735
DoE3_R4,4.72972972972973,0.0013440994533643,34.64961146621643,1.3582073124540934
DoE3_R4,4.742242242242242,0.0013436640114652,34.68651880464061,1.360355503295081
DoE3_R4,4.754754754754755,0.0013432549221965,34.723445548959965,1.3626210115926498
DoE3_R4,4.767267267267267,0.0013428658888856,34.760390218396346,1.3649464183141504
DoE3_R4,4.77977977977978,0.0013424969115323,34.79735281294976,1.3673317234595828
DoE3_R4,4.792292292292292,0.0013421479901367,34.834333332620204,1.3697769270289466
DoE3_R4,4.804804804804805,0.0013418191246988,34.87133177740769,1.3722820290222424
DoE3_R4,4.817317317317317,0.0013414665782346,34.908349481060725,1.3749984108367486
DoE3_R4,4.82982982982983,0.0013410975335788,34.94538622454055,1.3779012114181617
DoE3_R4,4.842342342342342,0.0013407299328124,34.982441460707825,1.380928330066597
DoE3_R4,4.854854854854855,0.0013403637759355,35.01951518956256,1.384079766782056
DoE3_R4,4.867367367367367,0.001339999062948,35.05660741110475,1.3873555215645377
DoE3_R4,4.87987987987988,0.00133963579385,35.0937181253344,1.3907555944140422
DoE3_R4,4.892392392392392,0.001339290078214,35.1308590414231,1.3942691139978955
DoE3_R4,4.904904904904905,0.001338968926422,35.16802304169482,1.3978036239077285
DoE3_R4,4.9174174174174174,0.0013386477746299,35.205187041966546,1.4013381338175617
DoE3_R4,4.92992992992993,0.0013383266228379,35.24235104223826,1.4048726437273948
DoE3_R4,4.9424424424424425,0.0013380054710459,35.279515042509985,1.408407153637228
DoE3_R4,4.954954954954955,0.0013376843192538,35.31667904278171,1.4119416635470612
DoE3_R4,4.967467467467468,0.001337364804531,35.353858386921544,1.4154838866194028
DoE3_R4,4.97997997997998,0.0013370567911639,35.39114553058533,1.4190802991073468
DoE3_R4,4.9924924924924925,0.0013367487777969,35.42843267424911,1.4226767115952903
DoE3_R4,5.005005005005005,0.0013364407644298,35.46571981791289,1.4262731240832345
DoE3_R4,5.0175175175175175,0.0013361327510627,35.50300696157667,1.4298695365711784
DoE3_R4,5.03003003003003,0.0013358247376956,35.540294105240456,1.4334659490591222
DoE3_R4,5.042542542542543,0.0013355167243285,35.57758124890424,1.437062361547066
DoE3_R4,5.055055055055055,0.0013352087109615,35.61486839256802,1.44065877403501
DoE3_R4,5.067567567567568,0.0013349006975944,35.6521555362318,1.444255186522954
DoE3_R4,5.08008008008008,0.0013345926842273,35.689442679895585,1.4478515990108978
DoE3_R4,5.092592592592593,0.0013342927814051,35.72675515406336,1.451501210028064
DoE3_R4,5.105105105105105,0.001334006866426,35.764111314459285,1.4552425698348994
DoE3_R4,5.117617617617618,0.0013337209514469,35.8014674748552,1.4589839296417346
DoE3_R4,5.13013013013013,0.0013334350364677,35.83882363525112,1.46272528944857
DoE3_R4,5.142642642642643,0.0013331491214886,35.87617979564703,1.4664666492554057
DoE3_R4,5.155155155155155,0.0013328298711267,35.91353353421578,1.4698007713922856
DoE3_R4,5.167667667667668,0.0013323548154096,35.95087595347122,1.4712315162605187
DoE3_R4,5.18018018018018,0.0013318797596925,35.98821837272665,1.472662261128752
DoE3_R4,5.192692692692693,0.0013314047039754,36.02556079198209,1.474093005996985
DoE3_R4,5.205205205205205,0.0013309455765341,36.0629434999863,1.4756765723425596
DoE3_R4,5.217717717717718,0.001330503450445,36.10036921096313,1.4774232556377649
DoE3_R4,5.23023023023023,0.0013300613243558,36.13779492193997,1.4791699389329702
DoE3_R4,5.242742742742743,0.0013296191982667,36.1752206329168,1.4809166222281755
DoE3_R4,5.255255255255255,0.0013292226169965,36.21273724809472,1.483121022247385
DoE3_R4,5.267767767767768,0.001328838057568,36.25027785800879,1.4854462394773236
DoE3_R4,5.28028028028028,0.0013284534981394,36.28781846792286,1.4877714567072622
DoE3_R4,5.292792792792793,0.0013280689387109,36.32535907783693,1.490096673937201
DoE3_R4,5.305305305305305,0.0013276843792823,36.362899687751,1.4924218911671396
DoE3_R4,5.317817817817818,0.0013272998198538,36.40044029766506,1.4947471083970785
DoE3_R4,5.33033033033033,0.0013270379585785,36.4380767189032,1.498479238546215
DoE3_R4,5.342842842842844,0.0013267892758323,36.47572343086111,1.502362479712178
DoE3_R4,5.355355355355356,0.001326540593086,36.51337014281901,1.5062457208781408
DoE3_R4,5.367867867867869,0.0013262919103397,36.551016854776925,1.510128962044104
DoE3_R4,5.380380380380381,0.0013260014618769,36.58868165636778,1.513466357949112
DoE3_R4,5.392892892892894,0.0013256988808574,36.6263517128307,1.5166451908240586
DoE3_R4,5.405405405405406,0.0013253962998379,36.66402176929361,1.5198240236990053
DoE3_R4,5.417917917917919,0.0013250937188184,36.70169182575653,1.5230028565739515
DoE3_R4,5.430430430430431,0.0013247423020492,36.73939803206076,1.525536025237895
DoE3_R4,5.442942942942944,0.0013243642158604,36.777123979953735,1.5277165938115385
DoE3_R4,5.455455455455456,0.0013239861296715,36.81484992784672,1.5298971623851818
DoE3_R4,5.467967967967969,0.0013236080434827,36.85257587573969,1.5320777309588252
DoE3_R4,5.480480480480481,0.0013232299572938,36.89030182363266,1.5342582995324685
DoE3_R4,5.492992992992994,0.001322851871105,36.92802777152564,1.536438868106112
DoE3_R4,5.505505505505506,0.0013224655021757,36.96580707093241,1.538506987866311
DoE3_R4,5.518018018018019,0.0013220723237687,37.00363023214364,1.5404826602427877
DoE3_R4,5.530530530530531,0.0013216791453617,37.04145339335487,1.5424583326192642
DoE3_R4,5.543043043043044,0.0013212859669547,37.0792765545661,1.544434004995741
DoE3_R4,5.555555555555556,0.0013208927885477,37.117099715777336,1.5464096773722176
DoE3_R4,5.568068068068069,0.0013204996101407,37.15492287698856,1.5483853497486944
DoE3_R4,5.580580580580581,0.0013201428790845,37.19282131777948,1.5507769855816975
DoE3_R4,5.593093093093094,0.0013198305455794,37.230811458759945,1.553675318290206
DoE3_R4,5.605605605605606,0.0013195182120743,37.268801599740414,1.5565736509987138
DoE3_R4,5.618118118118119,0.0013192058785692,37.30679174072088,1.559471983707222
DoE3_R4,5.630630630630631,0.0013188935450641,37.34478188170135,1.56237031641573
DoE3_R4,5.643143143143144,0.001318581211559,37.38277202268181,1.5652686491242382
DoE3_R4,5.655655655655656,0.0013182688780539,37.42076216366228,1.5681669818327464
DoE3_R4,5.668168168168169,0.0013179565445488,37.45875230464275,1.5710653145412543
DoE3_R4,5.680680680680681,0.0013176442110437,37.49674244562322,1.573963647249763
DoE3_R4,5.693193193193194,0.0013173318775386,37.53473258660369,1.5768619799582706
DoE3_R4,5.705705705705706,0.0013170219669311,37.5727254133375,1.5797870796988311
DoE3_R4,5.718218218218219,0.0013168039862407,37.610820143295975,1.583727777869066
DoE3_R4,5.730730730730731,0.0013165860055502,37.64891487325445,1.587668476039301
DoE3_R4,5.743243243243244,0.0013163680248598,37.68700960321293,1.5916091742095355
DoE3_R4,5.755755755755756,0.0013161500441693,37.7251043331714,1.5955498723797708
DoE3_R4,5.768268268268269,0.0013159320634789,37.76319906312988,1.5994905705500055
DoE3_R4,5.780780780780781,0.0013157140827884,37.80129379308835,1.6034312687202406
DoE3_R4,5.793293293293294,0.0013153671195505,37.83936853188186,1.6058104897692336
DoE3_R4,5.805805805805806,0.001314935428355,37.87743013858416,1.6071639847029595
DoE3_R4,5.818318318318319,0.0013145037371594,37.91549174528645,1.608517479636686
DoE3_R4,5.830830830830831,0.0013140654646442,37.95357098199915,1.60973869190148
DoE3_R4,5.843343343343344,0.0013136136877423,37.99168639420361,1.610688469805727
DoE3_R4,5.855855855855856,0.0013131619108403,38.02980180640808,1.6116382477099749
DoE3_R4,5.868368368368369,0.0013127207268385,38.067924055352826,1.612700720388966
DoE3_R4,5.8808808808808815,0.0013124735050674,38.10617148903395,1.6158267006874742
DoE3_R4,5.893393393393394,0.0013122262832963,38.14441892271508,1.6189526809859822
DoE3_R4,5.9059059059059065,0.0013119790615252,38.1826663563962,1.6220786612844902
DoE3_R4,5.918418418418419,0.0013117327901079,38.22092135835425,1.625243543365803
DoE3_R4,5.930930930930932,0.0013114920398687,38.25922032899548,1.6286344293551676
DoE3_R4,5.943443443443444,0.0013112512896296,38.29751929963672,1.632025315344532
DoE3_R4,5.9559559559559565,0.0013110105393905,38.335818270277954,1.6354162013338964
DoE3_R4,5.968468468468469,0.0013107698073971,38.37412454532816,1.6388222011850542
DoE3_R4,5.9809809809809815,0.0013105291325794,38.412453709730514,1.642275562363653
DoE3_R4,5.993493493493494,0.0013102884577617,38.45078287413287,1.6457289235422516
DoE3_R4,6.006006006006007,0.00131002684061,38.4891222221135,1.6489286301073345
DoE3_R4,6.018518518518519,0.001309755380702,38.52746635630759,1.652009120706328
DoE3_R4,6.031031031031032,0.0013094843138123,38.5658127938054,1.6550820926641077
DoE3_R4,6.043543543543544,0.0013092161668084,38.60417634343524,1.6580992057356942
DoE3_R4,6.056056056056057,0.001308949813964,38.642547310176354,1.6611117425986597
DoE3_R4,6.068568568568569,0.0013086865671899,38.68093111750866,1.6641163570748485
DoE3_R4,6.081081081081082,0.0013084419567156,38.719320424052846,1.6671192400559511
DoE3_R4,6.093593593593594,0.0014389721299002,38.758957940981134,1.6701882687976306
DoE3_R4,6.106106106106107,0.0014384689373838,38.79894435352493,1.67295930749636
DoE3_R4,6.118618618618619,0.0014377830216882,38.83892929232916,1.6739623288747685
DoE3_R4,6.131131131131132,0.0014370971059927,38.87891423113339,1.6749653502531765
DoE3_R4,6.143643643643644,0.0014364111902971,38.91889916993763,1.6759683716315843
DoE3_R4,6.156156156156157,0.0014357252746016,38.95888410874187,1.6769713930099923
DoE3_R4,6.168668668668669,0.001435050105129,38.998944035333054,1.678225771352826
DoE3_R4,6.181181181181182,0.0014343774912729,39.03902179516917,1.6795399262339004
DoE3_R4,6.193693693693694,0.0014337048774168,39.079099555005286,1.6808540811149746
DoE3_R4,6.206206206206207,0.0014330322635608,39.11917731484141,1.682168235996049
DoE3_R4,6.218718718718719,0.0014323987288723,39.159312512697696,1.6838908138707152
DoE3_R4,6.231231231231232,0.0014318101434776,39.19951377640451,1.686083164421495
DoE3_R4,6.243743743743744,0.0014312215580829,39.23971504011132,1.6882755149722748
DoE3_R4,6.256256256256257,0.0014306329726883,39.27991630381813,1.6904678655230545
DoE3_R4,6.268768768768769,0.0014300443872936,39.32011756752495,1.6926602160738344
DoE3_R4,6.281281281281282,0.0014294558018989,39.36031883123176,1.694852566624614
DoE3_R4,6.293793793793794,0.0014288887039969,39.40053393361854,1.6972790814381875
DoE3_R4,6.306306306306307,0.0014284594328762,39.44083780116483,1.7012075912531366
DoE3_R4,6.318818818818819,0.0014280301617554,39.481141668711125,1.7051361010680857
DoE3_R4,6.331331331331332,0.0014276008906347,39.52144553625742,1.7090646108830347
DoE3_R4,6.343843843843844,0.0014271716195139,39.5617494038037,1.7129931206979838
DoE3_R4,6.356356356356357,0.0014267408925689,39.60207029793727,1.7166647887133892
DoE3_R4,6.368868868868869,0.0014263098447943,39.64239494433149,1.720279854817661
DoE3_R4,6.381381381381382,0.0014258787970196,39.68271959072572,1.7238949209219323
DoE3_R4,6.393893893893894,0.001425447749245,39.723044237119936,1.7275099870262045
DoE3_R4,6.406406406406407,0.0014249703197585,39.76340217537838,1.730588029373353
DoE3_R4,6.418918918918919,0.0014244472381231,39.80379288183543,1.7331374950985936
DoE3_R4,6.431431431431432,0.0014239241564876,39.84418358829248,1.735686960823834
DoE3_R4,6.443943943943944,0.0014234010748521,39.88457429474953,1.7382364265490742
DoE3_R4,6.456456456456457,0.0014228779932166,39.92496500120657,1.7407858922743142
DoE3_R4,6.468968968968969,0.0014223549115811,39.96535570766362,1.7433353579995543
DoE3_R4,6.481481481481482,0.0014218318299456,40.005746414120665,1.7458848237247948
DoE3_R4,6.493993993993994,0.0014213087483101,40.04613712057771,1.748434289450035
DoE3_R4,6.506506506506507,0.0014207856666746,40.086527827034764,1.7509837551752754
DoE3_R4,6.519019019019019,0.0014202625850392,40.12691853349181,1.7535332209005157
DoE3_R4,6.531531531531532,0.001419776191376,40.16737121321094,1.7564920929304924
DoE3_R4,6.544044044044044,0.0014193207226802,40.20787613133386,1.7597960610735774
DoE3_R4,6.556556556556557,0.0014188652539844,40.24838104945678,1.7631000292166623
DoE3_R4,6.569069069069069,0.0014184097852887,40.288885967579695,1.7664039973597474
DoE3_R4,6.581581581581582,0.0014179543165929,40.329390885702615,1.7697079655028325
DoE3_R4,6.594094094094094,0.0014174988478971,40.369895803825536,1.7730119336459176
DoE3_R4,6.606606606606607,0.0014170433792014,40.410400721948456,1.776315901789003
DoE3_R4,6.619119119119119,0.0014165879105056,40.450905640071376,1.7796198699320875
DoE3_R4,6.631631631631632,0.0014161324418098,40.491410558194296,1.7829238380751726
DoE3_R4,6.644144144144144,0.0014156769731141,40.53191547631722,1.7862278062182575
DoE3_R4,6.656656656656657,0.0014151700319251,40.572466390364426,1.7888633019771631
DoE3_R4,6.6691691691691695,0.0014146260117051,40.61305043830898,1.7910172529972628
DoE3_R4,6.681681681681682,0.0014140819914851,40.65363448625354,1.7931712040173622
DoE3_R4,6.6941941941941945,0.0014135379712651,40.694218534198086,1.7953251550374618
DoE3_R4,6.706706706706707,0.0014129939510451,40.73480258214264,1.7974791060575612
DoE3_R4,6.71921921921922,0.001412449930825,40.7753866300872,1.7996330570776606
DoE3_R4,6.731731731731732,0.001411905910605,40.81597067803175,1.8017870080977605
DoE3_R4,6.7442442442442445,0.001411361890385,40.8565547259763,1.80394095911786
DoE3_R4,6.756756756756757,0.001410817870165,40.89713877392086,1.8060949101379595
DoE3_R4,6.7692692692692695,0.001410273849945,40.93772282186541,1.8082488611580587
DoE3_R4,6.781781781781782,0.0014097890279759,40.9783909271978,1.8110461433124825
DoE3_R4,6.794294294294295,0.0014093327712026,41.01909959311622,1.814153854906842
DoE3_R4,6.806806806806807,0.0014088765144293,41.059808259034654,1.817261566501202
DoE3_R4,6.81931931931932,0.0014084202576561,41.10051692495308,1.8203692780955616
DoE3_R4,6.831831831831832,0.0014079640008828,41.14122559087151,1.8234769896899217
DoE3_R4,6.844344344344345,0.0014075077441095,41.18193425678993,1.8265847012842813
DoE3_R4,6.856856856856857,0.0014070514873363,41.22264292270836,1.8296924128786412
DoE3_R4,6.86936936936937,0.001406595230563,41.26335158862679,1.8328001244730008
DoE3_R4,6.881881881881882,0.0014061389737898,41.30406025454521,1.835907836067361
DoE3_R4,6.894394394394395,0.0014056827170165,41.34476892046364,1.839015547661721
DoE3_R4,6.906906906906907,0.001405241884562,41.38553366186734,1.8422247707889416
DoE3_R4,6.91941941941942,0.0014048057175673,41.42631536466323,1.845464698544258
DoE3_R4,6.931931931931932,0.0014043695505726,41.46709706745912,1.848704626299574
DoE3_R4,6.944444444444445,0.0014039333835779,41.507878770255004,1.85194455405489
DoE3_R4,6.956956956956957,0.0014034972165832,41.548660473050894,1.855184481810206
DoE3_R4,6.96946946946947,0.0014030610495884,41.589442175846784,1.858424409565522
DoE3_R4,6.981981981981982,0.0014026248825937,41.630223878642674,1.861664337320838
DoE3_R4,6.994494494494495,0.001402188715599,41.67100558143856,1.8649042650761545
DoE3_R4,7.007007007007007,0.0014017525486043,41.71178728423445,1.8681441928314704
DoE3_R4,7.01951951951952,0.0014012856229597,41.75259659478797,1.8709760584752684
DoE3_R4,7.032032032032032,0.0014008066296606,41.793416736794754,1.8736478276070407
DoE3_R4,7.044544544544545,0.0014003202667182,41.834243493504296,1.8762218267710835
DoE3_R4,7.057057057057057,0.0013998265341325,41.87507686491659,1.8786980559673947
DoE3_R4,7.06956956956957,0.0013993254319035,41.91591685103163,1.881076515195976
DoE3_R4,7.082082082082082,0.0013988169600312,41.95676345184943,1.8833572044568263
DoE3_R4,7.094594594594595,0.0013983011185156,41.99761666736997,1.8855401237499465
DoE3_R4,7.107107107107107,0.0013977779073567,42.03847649759327,1.887625273075336
DoE3_R4,7.11961961961962,0.0013972473265544,42.0793429425193,1.8896126524329944
DoE3_R4,7.132132132132132,0.0013967414999512,42.120224245007336,1.8918688328293911
DoE3_R4,7.144644644644645,0.0013962364488603,42.16111425221497,1.8941201891112267
DoE3_R4,7.157157157157157,0.00139573035918,42.20201249865038,1.8963460202322644
DoE3_R4,7.16966966966967,0.0013952232309103,42.242918984313576,1.8985463261925044
DoE3_R4,7.182182182182182,0.0013947150640511,42.28383370920454,1.9007211069919463
DoE3_R4,7.194694694694695,0.0013942058586024,42.324756673323286,1.9028703626305905
DoE3_R4,7.207207207207207,0.0013936956145643,42.3656878766698,1.9049940931084368
DoE3_R4,7.21971971971972,0.0013931843319368,42.4066273192441,1.9070922984254852
DoE3_R4,7.232232232232232,0.0013926720107198,42.44757500104617,1.909164978581736
DoE3_R4,7.244744744744745,0.0013921611332718,42.48853210941864,1.9112451248550464
DoE3_R4,7.257257257257257,0.0013916734839716,42.52950906409805,1.9136222580796904
DoE3_R4,7.26976976976977,0.0013911896399582,42.57049657489092,1.916038242691792
DoE3_R4,7.282282282282282,0.0013907096012318,42.61149464179723,1.9184930786913508
DoE3_R4,7.294794794794795,0.0013902333677922,42.652503264817,1.9209867660783675
DoE3_R4,7.307307307307307,0.0013897609396394,42.69352244395022,1.9235193048528407
DoE3_R4,7.31981981981982,0.0013892923167735,42.73455217919689,1.926090695014773
DoE3_R4,7.332332332332332,0.0013888274991945,42.775592470557015,1.928700936564162
DoE3_R4,7.344844844844845,0.0013883664869024,42.816643318030586,1.9313500295010089
DoE3_R4,7.357357357357357,0.0013879092798971,42.857704721617615,1.934037973825313
DoE3_R4,7.36986986986987,0.001387456448327,42.8987861039545,1.9367670160037176
DoE3_R4,7.382382382382382,0.0013870065985937,42.9398975285196,1.9395165772914729
DoE3_R4,7.394894894894895,0.0013865567488603,42.98100895308469,1.942266138579228
DoE3_R4,7.407407407407407,0.001386106899127,43.02212037764978,1.945015699866983
DoE3_R4,7.41991991991992,0.0013856570493936,43.06323180221488,1.947765261154738
DoE3_R4,7.432432432432432,0.0013852071996602,43.10434322677997,1.950514822442493
DoE3_R4,7.444944944944945,0.0013847573499269,43.14545465134507,1.953264383730248
DoE3_R4,7.4574574574574575,0.0013843075001935,43.18656607591016,1.956013945018003
DoE3_R4,7.46996996996997,0.0013838576504601,43.22767750047526,1.958763506305758
DoE3_R4,7.482482482482483,0.0013834078007268,43.268788925040354,1.9615130675935133
DoE3_R4,7.494994994994996,0.0013829549047119,43.30996219849166,1.964274479336471
DoE3_R4,7.507507507507508,0.0013824979123743,43.35121863989617,1.9670518263397725
DoE3_R4,7.520020020020021,0.0013820409200367,43.392475081300674,1.9698291733430735
DoE3_R4,7.532532532532533,0.0013815839276991,43.43373152270518,1.972606520346375
DoE3_R4,7.545045045045046,0.0013811269353614,43.47498796410969,1.975383867349676
DoE3_R4,7.557557557557558,0.0013806699430238,43.5162444055142,1.9781612143529776
DoE3_R4,7.570070070070071,0.0013802129506862,43.55750084691871,1.9809385613562789
DoE3_R4,7.582582582582583,0.0013797559583486,43.59875728832321,1.98371590835958
DoE3_R4,7.595095095095096,0.001379298966011,43.64001372972772,1.9864932553628811
DoE3_R4,7.607607607607608,0.0013788419736734,43.68127017113223,1.9892706023661824
DoE3_R4,7.620120120120121,0.0013783849813358,43.72252661253674,1.992047949369484
DoE3_R4,7.6326326326326335,0.0013779279889981,43.763783053941246,1.9948252963727853
DoE3_R4,7.645145145145146,0.0013774709966605,43.80503949534575,1.9976026433760865
DoE3_R4,7.657657657657658,0.0013770140043229,43.84629593675026,2.000379990379388
DoE3_R4,7.670170170170171,0.0013765570119853,43.887552378154766,2.003157337382689
DoE3_R4,7.6826826826826835,0.0013761000196477,43.92880881955928,2.0059346843859904
DoE3_R4,7.695195195195196,0.0013756430273101,43.970065260963786,2.008712031389292
DoE3_R4,7.7077077077077085,0.0013751860349725,44.01132170236829,2.011489378392593
DoE3_R4,7.720220220220221,0.0013747290426348,44.0525781437728,2.014266725395894
DoE3_R4,7.732732732732733,0.0013742720502972,44.093834585177305,2.017044072399196
DoE3_R4,7.745245245245246,0.0013738139330712,44.13516919301068,2.0197465204878884
DoE3_R4,7.7577577577577586,0.0013733552163914,44.17654545579094,2.0224090548904146
DoE3_R4,7.770270270270271,0.0013728964997116,44.2179217185712,2.0250715892929403
DoE3_R4,7.782782782782784,0.0013724377830318,44.25929798135146,2.0277341236954665
DoE3_R4,7.795295295295296,0.001371979066352,44.30067424413173,2.030396658097992
DoE3_R4,7.807807807807809,0.0013715203496721,44.34205050691199,2.0330591925005184
DoE3_R4,7.820320320320321,0.0013710616329923,44.38342676969225,2.035721726903044
DoE3_R4,7.832832832832834,0.0013706029163125,44.42480303247251,2.0383842613055703
DoE3_R4,7.845345345345346,0.0013701441996327,44.46617929525277,2.041046795708096
DoE3_R4,7.857857857857859,0.0013696854829529,44.50755555803303,2.0437093301106217
DoE3_R4,7.870370370370371,0.001369226766273,44.5489318208133,2.046371864513148
DoE3_R4,7.882882882882884,0.0013687680495932,44.59030808359356,2.0490343989156736
DoE3_R4,7.895395395395396,0.0013683093329134,44.631684346373824,2.0516969333182
DoE3_R4,7.907907907907909,0.0013678506162336,44.673060609154085,2.054359467720725
DoE3_R4,7.920420420420421,0.0013673918995538,44.714436871934346,2.057022002123252
DoE3_R4,7.932932932932934,0.0013669331828739,44.75581313471461,2.059684536525777
DoE3_R4,7.945445445445446,0.0013664744661941,44.79718939749488,2.062347070928304
DoE3_R4,7.957957957957959,0.0013660157495143,44.83856566027514,2.0650096053308293
DoE3_R4,7.970470470470471,0.0013655570328345,44.8799419230554,2.0676721397333555
DoE3_R4,7.982982982982984,0.0013650983161547,44.92131818583566,2.070334674135881
DoE3_R4,7.995495495495496,0.001364643140046,44.96272288159953,2.0730289396143355
DoE3_R4,8.008008008008009,0.0013641884548907,45.004131520023385,2.0757276050827693
DoE3_R4,8.02052052052052,0.0013637468045901,45.04554609072123,2.0784266620435523
DoE3_R4,8.033033033033034,0.0013633275805725,45.08697086781253,2.0811263925613828
DoE3_R4,8.045545545545545,0.001362908356555,45.12839564490383,2.0838261230792128
DoE3_R4,8.058058058058059,0.0013624798062898,45.16982927783152,2.0865229382810515
DoE3_R4,8.07057057057057,0.0013620489029995,45.21126457423431,2.089219237465391
DoE3_R4,8.083083083083084,0.0013616012711145,45.25270496308635,2.0919151134991822
DoE3_R4,8.095595595595595,0.0014959977926902,45.29570762879634,2.094684236117708
DoE3_R4,8.108108108108109,0.0014953260107756,45.33881919386175,2.097835263017702
DoE3_R4,8.12062062062062,0.0014946482950012,45.381933093913815,2.1010322747112595
DoE3_R4,8.133133133133134,0.0014939705792268,45.425046993965886,2.1042292864048173
DoE3_R4,8.145645645645645,0.0014932928634525,45.46816089401795,2.1074262980983742
DoE3_R4,8.158158158158159,0.0014925800663191,45.51126899544073,2.110162311736634
DoE3_R4,8.17067067067067,0.0014918657475204,45.55437684534608,2.112878329433649
DoE3_R4,8.183183183183184,0.0014911514287216,45.597484695251424,2.1155943471306644
DoE3_R4,8.195695695695695,0.0014904368741255,45.64059328484056,2.1183073920497275
DoE3_R4,8.208208208208209,0.0014897150659892,45.68372462840384,2.120928989091816
DoE3_R4,8.22072072072072,0.0014889932578529,45.72685597196712,2.1235505861339035
DoE3_R4,8.233233233233234,0.0014882714497165,45.7699873155304,2.126172183175991
DoE3_R4,8.245745745745745,0.0014875496415802,45.81311865909368,2.128793780218079
DoE3_R4,8.258258258258259,0.0014868278334439,45.85625000265696,2.1314153772601667
DoE3_R4,8.27077077077077,0.0014861060253075,45.899381346220245,2.1340369743022545
DoE3_R4,8.283283283283284,0.0014853842171712,45.94251268978353,2.1366585713443422
DoE3_R4,8.295795795795796,0.0014846624090349,45.98564403334681,2.13928016838643
DoE3_R4,8.308308308308309,0.0014839480621239,46.028789670147695,2.141945639428408
DoE3_R4,8.32082082082082,0.0014832397957571,46.071946955258426,2.14464686569669
DoE3_R4,8.333333333333334,0.0014825315293904,46.11510424036916,2.147348091964973
DoE3_R4,8.345845845845846,0.0014818232630236,46.1582615254799,2.1500493182332545
DoE3_R4,8.358358358358359,0.0014811149966569,46.20141881059064,2.152750544501537
DoE3_R4,8.37087087087087,0.0014804067302901,46.24457609570137,2.155451770769819
DoE3_R4,8.383383383383384,0.0014796984639234,46.28773338081211,2.1581529970381013
DoE3_R4,8.395895895895896,0.0014789901975566,46.33089066592285,2.160854223306383
DoE3_R4,8.408408408408409,0.0014782804691363,46.374051317930345,2.1635424779768018
DoE3_R4,8.42092092092092,0.0014775514564186,46.4172563788712,2.1660596389471856
DoE3_R4,8.433433433433434,0.0014768224437008,46.46046143981206,2.1685767999175694
DoE3_R4,8.445945945945946,0.0014760934309831,46.503666500752914,2.171093960887953
DoE3_R4,8.458458458458459,0.0014753644182653,46.54687156169378,2.1736111218583374
DoE3_R4,8.47097097097097,0.0014746354055476,46.59007662263463,2.176128282828721
DoE3_R4,8.483483483483484,0.0014739063928299,46.63328168357549,2.178645443799105
DoE3_R4,8.495995995995996,0.0014731773801121,46.676486744516346,2.1811626047694888
DoE3_R4,8.508508508508509,0.0014724483673944,46.71969180545721,2.183679765739873
DoE3_R4,8.52102102102102,0.0014717193546766,46.76289686639806,2.1861969267102563
DoE3_R4,8.533533533533534,0.0014709903419589,46.80610192733892,2.188714087680641
DoE3_R4,8.546046046046047,0.0014702613292411,46.849306988279785,2.191231248651025
DoE3_R4,8.558558558558559,0.0014695323165234,46.89251204922064,2.193748409621408
DoE3_R4,8.571071071071072,0.0014688033038056,46.9357171101615,2.1962655705917924
DoE3_R4,8.583583583583584,0.0014680742910879,46.978922171102354,2.198782731562176
DoE3_R4,8.596096096096097,0.0014673452783701,47.02212723204321,2.20129989253256
DoE3_R4,8.608608608608609,0.0014666162656524,47.06533229298407,2.203817053502944
DoE3_R4,8.621121121121122,0.0014658872529346,47.10853735392493,2.206334214473328
DoE3_R4,8.633633633633634,0.0014651582402169,47.15174241486578,2.208851375443712
DoE3_R4,8.646146146146148,0.0014644292274991,47.19494747580664,2.211368536414096
DoE3_R4,8.65865865865866,0.0014637002147814,47.2381525367475,2.2138856973844794
DoE3_R4,8.671171171171173,0.0014629712020636,47.28135759768836,2.216402858354864
DoE3_R4,8.683683683683684,0.0014622421893459,47.32456265862921,2.218920019325247
DoE3_R4,8.696196196196198,0.0014615131766282,47.36776771957008,2.221437180295631
DoE3_R4,8.70870870870871,0.0014607841639104,47.41097278051093,2.223954341266015
DoE3_R4,8.721221221221223,0.0014600551511927,47.45417784145179,2.226471502236399
DoE3_R4,8.733733733733734,0.0014593261384749,47.49738290239264,2.2289886632067826
DoE3_R4,8.746246246246248,0.0014585971257572,47.54058796333351,2.231505824177167
DoE3_R4,8.75875875875876,0.0014578681130394,47.58379302427436,2.2340229851475506
DoE3_R4,8.771271271271273,0.0014571391003217,47.62699808521522,2.2365401461179344
DoE3_R4,8.783783783783784,0.0014564100876039,47.67020314615608,2.239057307088318
DoE3_R4,8.796296296296298,0.00145568058957,47.71341860374056,2.2414795432610557
DoE3_R4,8.80880880880881,0.0014549504734102,47.756647303069336,2.243780877925358
DoE3_R4,8.821321321321323,0.0014542203572505,47.79987600239811,2.2460822125896613
DoE3_R4,8.833833833833834,0.0014534902410908,47.84310470172688,2.2483835472539644
DoE3_R4,8.846346346346348,0.001452760124931,47.88633340105566,2.250684881918268
DoE3_R4,8.85885885885886,0.0014520300087713,47.92956210038443,2.2529862165825705
DoE3_R4,8.871371371371373,0.0014512998926116,47.9727907997132,2.255287551246874
DoE3_R4,8.883883883883884,0.0014505697764518,48.01601949904197,2.257588885911177
DoE3_R4,8.896396396396398,0.0014498396602921,48.05924819837075,2.2598902205754805
DoE3_R4,8.90890890890891,0.0014491095441324,48.102476897699525,2.262191555239783
DoE3_R4,8.921421421421423,0.0014483794279726,48.1457055970283,2.2644928899040866
DoE3_R4,8.933933933933934,0.0014476493118129,48.18893429635707,2.2667942245683896
DoE3_R4,8.946446446446448,0.0014469191956532,48.23216299568585,2.269095559232693
DoE3_R4,8.95895895895896,0.0014461890794934,48.27539169501461,2.271396893896996
DoE3_R4,8.971471471471473,0.0014454589633337,48.31862039434339,2.273698228561299
DoE3_R4,8.983983983983984,0.001444728847174,48.36184909367216,2.2759995632256023
DoE3_R4,8.996496496496498,0.0014439987310142,48.405077793000935,2.2783008978899058
DoE3_R4,9.00900900900901,0.0014432686148545,48.448306492329706,2.2806022325542084
DoE3_R4,9.021521521521525,0.0014425582756178,48.49154083169049,2.282949338062731
DoE3_R4,9.034034034034034,0.0014418557778462,48.53477740729972,2.2853145915142523
DoE3_R4,9.046546546546548,0.0014411532800745,48.57801398290896,2.2876798449657736
DoE3_R4,9.05905905905906,0.0014404507823028,48.62125055851818,2.290045098417295
DoE3_R4,9.071571571571573,0.0014397482845312,48.66448713412742,2.2924103518688166
DoE3_R4,9.084084084084084,0.0014390457867595,48.70772370973665,2.2947756053203374
DoE3_R4,9.096596596596598,0.0014383432889878,48.75096028534588,2.297140858771859
DoE3_R4,9.10910910910911,0.0014376407912162,48.794196860955104,2.2995061122233804
DoE3_R4,9.121621621621625,0.0014369382934445,48.83743343656434,2.3018713656749017
DoE3_R4,9.134134134134134,0.0014362357956728,48.88067001217357,2.304236619126423
DoE3_R4,9.146646646646648,0.0014355332979012,48.9239065877828,2.3066018725779447
DoE3_R4,9.15915915915916,0.0014348308001295,48.96714316339203,2.308967126029466
DoE3_R4,9.171671671671673,0.0014341283023578,49.01037973900127,2.3113323794809872
DoE3_R4,9.184184184184184,0.0014334258045862,49.053616314610494,2.3136976329325085
DoE3_R4,9.196696696696698,0.0014327233068145,49.09685289021972,2.3160628863840302
DoE3_R4,9.20920920920921,0.0014320208090428,49.14008946582895,2.3184281398355515
DoE3_R4,9.221721721721725,0.0014313183112711,49.183326041438185,2.320793393287073
DoE3_R4,9.234234234234236,0.0014306158134995,49.22656261704741,2.323158646738594
DoE3_R4,9.246746746746748,0.0014299401611635,49.26974807607234,2.325884326016492
DoE3_R4,9.25925925925926,0.0014292647161631,49.31293314030811,2.328612788974239
DoE3_R4,9.271771771771771,0.0014285892711627,49.35611820454388,2.3313412519319865
DoE3_R4,9.284284284284285,0.0014279138261623,49.39930326877965,2.3340697148897336
DoE3_R4,9.296796796796798,0.001427238381162,49.44248833301543,2.336798177847481
DoE3_R4,9.30930930930931,0.0014265629361616,49.4856733972512,2.339526640805228
DoE3_R4,9.321821821821825,0.0014258874911612,49.52885846148697,2.342255103762976
DoE3_R4,9.334334334334336,0.0014252120461608,49.572043525722734,2.344983566720723
DoE3_R4,9.346846846846848,0.0014245366011604,49.61522858995851,2.3477120296784704
DoE3_R4,9.35935935935936,0.00142386115616,49.65841365419428,2.350440492636217
DoE3_R4,9.371871871871871,0.0014231857111596,49.701598718430056,2.353168955593965
DoE3_R4,9.384384384384385,0.0014225102661593,49.74478378266582,2.355897418551712
DoE3_R4,9.396896896896898,0.0014218348211589,49.7879688469016,2.358625881509459
DoE3_R4,9.40940940940941,0.0014211593761585,49.83115391113736,2.3613543444672067
DoE3_R4,9.421921921921925,0.0014204839311581,49.874338975373135,2.364082807424954
DoE3_R4,9.434434434434436,0.0014198084861577,49.91752403960891,2.366811270382701
DoE3_R4,9.446946946946948,0.0014191330411573,49.96070910384468,2.3695397333404484
DoE3_R4,9.45945945945946,0.0014184575961569,50.00389416808045,2.3722681962981955
DoE3_R4,9.471971971971971,0.0014177821511565,50.04707923231622,2.374996659255943
DoE3_R4,9.484484484484485,0.0014171067061562,50.09026429655199,2.37772512221369
DoE3_R4,9.496996996996998,0.0014164312611558,50.133449360787765,2.3804535851714377
DoE3_R4,9.50950950950951,0.0014157558161554,50.176634425023536,2.3831820481291848
DoE3_R4,9.522022022022025,0.001415080371155,50.21981948925931,2.3859105110869323
DoE3_R4,9.534534534534536,0.0014144049261546,50.26300455349507,2.3886389740446794
DoE3_R4,9.547047047047048,0.0014137393624385,50.30615282745666,2.391428632195981
DoE3_R4,9.55955955955956,0.0014130822933146,50.34926947411538,2.3942708976997165
DoE3_R4,9.572072072072071,0.0014124252241906,50.392386120774106,2.3971131632034526
DoE3_R4,9.584584584584585,0.0014117681550666,50.43550276743283,2.399955428707188
DoE3_R4,9.597097097097098,0.0014111110859426,50.478619414091554,2.402797694210924
DoE3_R4,9.60960960960961,0.0014104540168187,50.52173606075027,2.40563995971466
DoE3_R4,9.622122122122123,0.0014097969476947,50.564852707409,2.4084822252183957
DoE3_R4,9.634634634634637,0.0014091398785707,50.60796935406772,2.411324490722131
DoE3_R4,9.647147147147148,0.0014084828094467,50.65108600072645,2.414166756225866
DoE3_R4,9.65965965965966,0.0014078257403227,50.69420264738517,2.4170090217296023
DoE3_R4,9.672172172172171,0.0014071686711988,50.73731929404389,2.4198512872333384
DoE3_R4,9.684684684684685,0.0014065116020748,50.78043594070261,2.4226935527370737
DoE3_R4,9.697197197197198,0.0014058545329508,50.82355258736134,2.4255358182408098
DoE3_R4,9.70970970970971,0.0014051974638268,50.86666923402006,2.428378083744545
DoE3_R4,9.722222222222223,0.0014045403947029,50.90978588067878,2.431220349248281
DoE3_R4,9.734734734734737,0.0014038445531769,50.95287309138261,2.433411023464739
DoE3_R4,9.747247247247248,0.0014031157383413,50.99593526879471,2.435047563295053
DoE3_R4,9.75975975975976,0.0014023869235058,51.03899744620679,2.4366841031253665
DoE3_R4,9.772272272272271,0.0014016581086703,51.08205962361889,2.4383206429556807
DoE3_R4,9.784784784784785,0.0014009292938348,51.12512180103097,2.439957182785994
DoE3_R4,9.797297297297298,0.0014002004789992,51.16818397844307,2.441593722616308
DoE3_R4,9.80980980980981,0.0013994716641637,51.21124615585516,2.443230262446622
DoE3_R4,9.822322322322323,0.0013987428493282,51.25430833326725,2.444866802276936
DoE3_R4,9.834834834834837,0.0013980140344927,51.297370510679336,2.446503342107249
DoE3_R4,9.847347347347348,0.0013972852196572,51.34043268809143,2.4481398819375637
DoE3_R4,9.85985985985986,0.0013965564048216,51.38349486550352,2.449776421767877
DoE3_R4,9.872372372372372,0.0013958459321446,51.42655051485097,2.4515969806918867
DoE3_R4,9.884884884884883,0.0013951791771177,51.46959060487119,2.453856140251013
DoE3_R4,9.897397397397398,0.0013945124220908,51.51263069489141,2.4561152998101403
DoE3_R4,9.90990990990991,0.0013938456670639,51.555670784911634,2.4583744593692667
DoE3_R4,9.922422422422423,0.001393178912037,51.598710874931854,2.460633618928394
DoE3_R4,9.934934934934937,0.0013925121570101,51.64175096495208,2.4628927784875203
DoE3_R4,9.947447447447448,0.0013918454019832,51.68479105497229,2.465151938046648
DoE3_R4,9.95995995995996,0.0013911786469563,51.727831144992514,2.467411097605774
DoE3_R4,9.972472472472472,0.0013905118919294,51.770871235012734,2.469670257164901
DoE3_R4,9.984984984984983,0.0013898451369025,51.81391132503296,2.471929416724028
DoE3_R4,9.997497497497498,0.0013891783818756,51.856951415053175,2.474188576283155
DoE3_R4,10.01001001001001,0.0013885180933966,51.899991465432144,2.4764821113468107
DoE3_R4,10.022522522522523,0.0013879788884677,51.94303077354444,2.47941931412999
DoE3_R4,10.035035035035037,0.0013874396835387,51.986070081656734,2.4823565169131694
DoE3_R4,10.047547547547548,0.0013869004786098,52.02910938976903,2.485293719696349
DoE3_R4,10.06006006006006,0.0013863665225285,52.07213491745383,2.488297844409695
DoE3_R4,10.072572572572572,0.0013858364230493,52.115150319940085,2.491351140154323
DoE3_R4,10.085085085085083,0.00138530632357,52.15816572242633,2.4944044358989506
DoE3_R4,10.097597597597598,0.0013847737699962,52.201179876875,2.497459277660917
DoE3_R4,10.11011011011011,0.0013842196588731,52.244183068163366,2.5005277001323702
DoE3_R4,10.122622622622623,0.0015174487988143,52.287910372817166,2.5036310346469013
DoE3_R4,10.135135135135137,0.0015165767196171,52.33253954459566,2.506639436923972
DoE3_R4,10.147647647647648,0.0015156011182656,52.37711378069793,2.5088671023970224
DoE3_R4,10.16016016016016,0.0015146255169142,52.42168801680019,2.5110947678700724
DoE3_R4,10.172672672672672,0.0015136499155628,52.46626225290246,2.5133224333431228
DoE3_R4,10.185185185185183,0.0015126743142114,52.51083648900472,2.5155500988161728
DoE3_R4,10.1976976976977,0.0015117325421993,52.55540292536475,2.518222459627603
DoE3_R4,10.21021021021021,0.0015108223008971,52.59996209195792,2.521309299704411
DoE3_R4,10.222722722722724,0.0015099120595949,52.64452125855109,2.52439613978122
DoE3_R4,10.235235235235235,0.0015090018182927,52.68908042514426,2.527482979858027
DoE3_R4,10.247747747747749,0.0015080915769906,52.73363959173744,2.530569819934836
DoE3_R4,10.26026026026026,0.0015071624468035,52.77812355621896,2.5333091032787336
DoE3_R4,10.272772772772774,0.0015062309293915,52.82259801646821,2.5360044615274053
DoE3_R4,10.285285285285283,0.0015052994119795,52.86707247671746,2.5386998197760766
DoE3_R4,10.2977977977978,0.0015043678945676,52.91154693696672,2.5413951780247483
DoE3_R4,10.31031031031031,0.0015034363771556,52.95602139721596,2.54409053627342
DoE3_R4,10.322822822822824,0.0015025048597437,53.00049585746522,2.546785894522092
DoE3_R4,10.335335335335335,0.0015015733423317,53.04497031771447,2.549481252770763
DoE3_R4,10.347847847847849,0.0015006375395298,53.089429697277474,2.552097598047109
DoE3_R4,10.36036036036036,0.0014996920724872,53.13385506747806,2.55453575641818
DoE3_R4,10.372872872872874,0.0014987435886485,53.1782698212923,2.55691829184035
DoE3_R4,10.385385385385383,0.0014977920880138,53.222673958720186,2.5592452043136187
DoE3_R4,10.3978978978979,0.0014968375705829,53.267067479761735,2.561516493837986
DoE3_R4,10.41041041041041,0.0014958800363559,53.311450384416936,2.563732160413453
DoE3_R4,10.422922922922924,0.0014949194853327,53.3558226726858,2.5658922040400194
DoE3_R4,10.435435435435435,0.0014939559175135,53.4001843445683,2.567996624717684
DoE3_R4,10.447947947947949,0.0014930203840576,53.44455139439172,2.5704553788656703
DoE3_R4,10.46046046046046,0.0014920901349209,53.48891210369988,2.5729681064722394
DoE3_R4,10.472972972972974,0.0014911591131653,53.53326335258838,2.5754548401322106
DoE3_R4,10.485485485485484,0.0014902273187909,53.577605141057205,2.5779155798455844
DoE3_R4,10.497997997998,0.0014892947517976,53.62193746910636,2.5803503256123608
DoE3_R4,10.51051051051051,0.0014883614121855,53.666260336735846,2.58275907743254
DoE3_R4,10.523023023023024,0.0014874272999545,53.71057374394567,2.585141835306121
DoE3_R4,10.535535535535535,0.0014864924151047,53.75487769073581,2.5874985992331045
DoE3_R4,10.548048048048049,0.001485556757636,53.799172177106286,2.589829369213491
DoE3_R4,10.56056056056056,0.0014846203275485,53.84345720305709,2.5921341452472797
DoE3_R4,10.573073073073074,0.0014836831248421,53.88773276858823,2.5944129273344703
DoE3_R4,10.585585585585584,0.0014827451495169,53.93199887369969,2.596665715475064
DoE3_R4,10.5980980980981,0.0014818064015729,53.97625551839148,2.59889250966906
DoE3_R4,10.61061061061061,0.0014808668810099,54.020502702663606,2.601093309916458
DoE3_R4,10.623123123123124,0.0014799265878282,54.06474042651606,2.6032681162172597
DoE3_R4,10.635635635635635,0.0014789855220275,54.10896868994884,2.6054169285714623
DoE3_R4,10.648148148148149,0.001478043683608,54.15318749296195,2.607539746979068
DoE3_R4,10.66066066066066,0.0014771010725697,54.19739683555539,2.609636571440076
DoE3_R4,10.673173173173174,0.0014761576889125,54.24159671772916,2.611707401954487
DoE3_R4,10.685685685685687,0.0014752135326365,54.28578713948326,2.6137522385223004
DoE3_R4,10.6981981981982,0.0014742686037416,54.32996810081769,2.615771081143516
DoE3_R4,10.710710710710712,0.0014733229022279,54.37413960173245,2.617763929818134
DoE3_R4,10.723223223223224,0.0014723764280953,54.41830164222754,2.6197307845461544
DoE3_R4,10.735735735735735,0.0014714291813439,54.46245422230296,2.6216716453275777
DoE3_R4,10.748248248248249,0.0014704811619736,54.5065973419587,2.623586512162403
DoE3_R4,10.760760760760762,0.0014695323699844,54.550731001194784,2.625475385050631
DoE3_R4,10.773273273273274,0.0014685828053764,54.59485520001118,2.6273382639922613
DoE3_R4,10.785785785785787,0.0014676324681496,54.638969938407925,2.629175148987294
DoE3_R4,10.7982982982983,0.0014666813583039,54.683075216384985,2.630986040035729
DoE3_R4,10.810810810810812,0.0014657294758394,54.72717103394238,2.632770937137567
DoE3_R4,10.823323323323324,0.001464776820756,54.771257391080105,2.634529840292807
DoE3_R4,10.835835835835836,0.0014638233930537,54.81533428779816,2.63626274950145
DoE3_R4,10.848348348348347,0.0014628826261077,54.85939893042205,2.6381677591716377
DoE3_R4,10.860860860860862,0.001461961069864,54.903449956791,2.640341457664249
DoE3_R4,10.873373373373374,0.0014610414960187,54.94749094979255,2.6425297888968564
DoE3_R4,10.885885885885887,0.0014601239045718,54.99152190942674,2.6447327528694595
DoE3_R4,10.8983983983984,0.0014592082955234,55.03554283569353,2.6469503495820583
DoE3_R4,10.910910910910912,0.0014582946688734,55.07955372859295,2.6491825790346533
DoE3_R4,10.923423423423424,0.0014573830246218,55.12355458812498,2.6514294412272434
DoE3_R4,10.935935935935936,0.0014564733627687,55.16754541428964,2.65369093615983
DoE3_R4,10.948448448448447,0.001455565683314,55.21152620708691,2.655967063832412
DoE3_R4,10.960960960960962,0.0014546599862578,55.25549696651681,2.6582578242449904
DoE3_R4,10.973473473473474,0.0014537562716,55.29945769257932,2.660563217397564
DoE3_R4,10.985985985985987,0.0014528545393407,55.34340838527445,2.6628832432901337
DoE3_R4,10.9984984984985,0.0014519547894798,55.38734904460219,2.6652179019227
DoE3_R4,11.011011011011012,0.0014510570220173,55.43127967056256,2.6675671932952607
DoE3_R4,11.023523523523524,0.0014501612369532,55.47520026315555,2.6699311174078177
DoE3_R4,11.036036036036036,0.0014492674342877,55.51911082238116,2.672309674260371
DoE3_R4,11.048548548548547,0.0014483756140205,55.56301134823938,2.67470286385292
DoE3_R4,11.061061061061062,0.0014474857761518,55.606901840730224,2.6771106861854643
DoE3_R4,11.073573573573574,0.0014465979206815,55.65078229985368,2.679533141258005
DoE3_R4,11.086086086086087,0.0014457120476097,55.69465272560976,2.6819702290705414
DoE3_R4,11.0985985985986,0.0014448281569363,55.73851311799847,2.684421949623073
DoE3_R4,11.111111111111112,0.0014439462486613,55.782363477019786,2.6868883029156017
DoE3_R4,11.123623623623624,0.0014430655825431,55.826203325321366,2.6893584140591726
DoE3_R4,11.136136136136138,0.0014421533569726,55.87001151045193,2.6913503946624204
DoE3_R4,11.14864864864865,0.0014412401899174,55.913807776719295,2.69331405324196
DoE3_R4,11.161161161161164,0.0014403260813774,55.957592124123465,2.6952493897977936
DoE3_R4,11.173673673673674,0.0014394110313526,56.00136455266443,2.697156404329919
DoE3_R4,11.186186186186188,0.0014384950398431,56.0451250623422,2.6990350968383376
DoE3_R4,11.1986986986987,0.0014375781068489,56.08887365315677,2.700885467323049
DoE3_R4,11.211211211211213,0.0014366602323698,56.13261032510815,2.702707515784053
DoE3_R4,11.223723723723724,0.0014357414164061,56.17633507819632,2.70450124222135
DoE3_R4,11.236236236236238,0.0014348216589575,56.22004791242129,2.70626664663494
DoE3_R4,11.24874874874875,0.0014339009600242,56.26374882778306,2.708003729024823
DoE3_R4,11.261261261261264,0.0014329793196062,56.30743782428164,2.709712489390998
DoE3_R4,11.273773773773774,0.0014320567377034,56.351114901917015,2.7113929277334665
DoE3_R4,11.286286286286288,0.0014311332143158,56.3947800606892,2.713045044052228
DoE3_R4,11.2987987987988,0.0014302087494435,56.43843330059818,2.714668838347281
DoE3_R4,11.311311311311313,0.0014292833430865,56.48207462164396,2.716264310618628
DoE3_R4,11.323823823823824,0.0014283569952447,56.52570402382654,2.717831460866268
DoE3_R4,11.336336336336338,0.0014274297059181,56.56932150714593,2.7193702890902
DoE3_R4,11.34884884884885,0.0014265014751068,56.61292707160211,2.720880795290425
DoE3_R4,11.361361361361364,0.0014255723028107,56.6565207171951,2.722362979466943
DoE3_R4,11.373873873873874,0.0014246421890299,56.70010244392488,2.7238168416197537
DoE3_R4,11.386386386386388,0.0014237111337643,56.74367225179147,2.725242381748857
DoE3_R4,11.3988988988989,0.0014227791370139,56.78723014079486,2.7266395998542534
DoE3_R4,11.411411411411413,0.0014218759228997,56.83069383797415,2.728386180881204
DoE3_R4,11.423923923923924,0.0014209908997105,56.87410441074961,2.730360777734252
DoE3_R4,11.436436436436438,0.0014201058765213,56.91751498352507,2.732335374587299
DoE3_R4,11.44894894894895,0.0014192208533321,56.96092555630053,2.7343099714403465
DoE3_R4,11.461461461461464,0.0014183358301429,57.004336129076,2.7362845682933945
DoE3_R4,11.473973973973974,0.0014174508069538,57.047746701851445,2.738259165146442
DoE3_R4,11.486486486486488,0.0014165657837646,57.09115727462691,2.7402337619994896
DoE3_R4,11.498998998999,0.0014156807605754,57.134567847402366,2.742208358852537
DoE3_R4,11.511511511511513,0.0014147957373862,57.17797842017783,2.744182955705585
DoE3_R4,11.524024024024024,0.001413910714197,57.22138899295329,2.746157552558633
DoE3_R4,11.536536536536538,0.0014130256910078,57.26479956572874,2.748132149411681
DoE3_R4,11.54904904904905,0.0014121406678187,57.3082101385042,2.7501067462647284
DoE3_R4,11.561561561561565,0.0014112556446295,57.35162071127967,2.752081343117776
DoE3_R4,11.574074074074074,0.0014103706214403,57.39503128405512,2.7540559399708235
DoE3_R4,11.586586586586588,0.0014094855982511,57.43844185683058,2.756030536823872
DoE3_R4,11.5990990990991,0.0014086005750619,57.48185242960604,2.758005133676919
DoE3_R4,11.611611611611613,0.0014077155518727,57.5252630023815,2.7599797305299667
DoE3_R4,11.624124124124124,0.0014068305286836,57.56867357515696,2.7619543273830143
DoE3_R4,11.636636636636638,0.0014059455054944,57.61208414793242,2.7639289242360623
DoE3_R4,11.64914914914915,0.0014050604823052,57.65549472070787,2.76590352108911
DoE3_R4,11.661661661661665,0.001404175459116,57.698905293483335,2.767878117942158
DoE3_R4,11.674174174174174,0.0014032904359268,57.74231586625879,2.769852714795205
DoE3_R4,11.686686686686688,0.0014023982614707,57.78566245240503,2.7716858451314987
DoE3_R4,11.6991991991992,0.001401479740565,57.82877330123315,2.7729977894377527
DoE3_R4,11.711711711711713,0.0014005612196593,57.87188415006127,2.774309733744007
DoE3_R4,11.724224224224224,0.0013996426987536,57.91499499888939,2.775621678050261
DoE3_R4,11.736736736736738,0.0013987241778479,57.95810584771751,2.776933622356515
DoE3_R4,11.74924924924925,0.0013978056569422,58.001216696545626,2.778245566662769
DoE3_R4,11.761761761761765,0.0013968871360366,58.04432754537376,2.779557510969023
DoE3_R4,11.774274274274276,0.0013959686151309,58.08743839420187,2.780869455275277
DoE3_R4,11.786786786786788,0.0013950500942252,58.13054924303,2.782181399581531
DoE3_R4,11.7992992992993,0.0013941315733195,58.17366009185811,2.783493343887785
DoE3_R4,11.811811811811811,0.0013932130524138,58.21677094068623,2.7848052881940397
DoE3_R4,11.824324324324325,0.0013922945315081,58.25988178951435,2.786117232500293
DoE3_R4,11.836836836836838,0.0013913760106024,58.30299263834248,2.787429176806547
DoE3_R4,11.84934934934935,0.0013904574896968,58.3461034871706,2.788741121112801
DoE3_R4,11.861861861861865,0.0013895389687911,58.38921433599872,2.7900530654190554
DoE3_R4,11.874374374374376,0.0013886034172698,58.43228858162,2.791014263960504
DoE3_R4,11.886886886886888,0.0013876384177391,58.47529953583652,2.791368980335576
DoE3_R4,11.8993993993994,0.0013866734182084,58.51831049005304,2.791723696710649
DoE3_R4,11.911911911911911,0.0013857071005918,58.56130787133344,2.7920271319659937
DoE3_R4,11.924424424424425,0.001384738780986,58.604284637210384,2.7922526783280253
DoE3_R4,11.936936936936938,0.0013837704613801,58.64726140308733,2.792478224690057
DoE3_R4,11.94944944944945,0.001382803305234,58.69022663642168,2.792698114798622
DoE3_R4,11.961961961961965,0.0013818377065891,58.73317643135974,2.7929104329878167
DoE3_R4,11.974474474474476,0.0013808721079443,58.77612622629779,2.793122751177011
DoE3_R4,11.986986986986988,0.0013799184602051,58.81907908956507,2.793542040537249
DoE3_R4,11.9994994994995,0.0013790524052651,58.862054441801526,2.7954783014891578
DoE3_R4,12.012012012012011,0.00137822974052,58.9050409342317,2.798166013397787
DoE3_R4,12.024524524524525,0.0013774504659696,58.94803856685559,2.801605176263136
DoE3_R4,12.037037037037038,0.0013766666700568,58.99102434275972,2.805004388207764
DoE3_R4,12.04954954954955,-1.8373997243076557e-07,59.007498507860696,2.806404269498886
DoE3_R4,12.062062062062065,-1.7991941501289518e-07,59.0074985062622,2.806404269365693
DoE3_R4,12.074574574574577,-1.7709263768787208e-07,59.00749850507948,2.806404269267145
DoE3_R4,12.087087087087088,-1.764961793568122e-07,59.00749850482993,2.806404269246352
DoE3_R4,12.0995995995996,-1.761195502245547e-07,59.00749850467235,2.8064042692332216
DoE3_R4,12.112112112112111,-1.760264322572584e-07,59.00749850463339,2.8064042692299758
DoE3_R4,12.124624624624625,-1.7593331428996213e-07,59.00749850459443,2.806404269226729
DoE3_R4,12.137137137137138,-1.7584019632266589e-07,59.00749850455547,2.8064042692234827
DoE3_R4,12.14964964964965,-1.757470783553696e-07,59.00749850451651,2.8064042692202364
DoE3_R4,12.162162162162163,-1.7565396038807337e-07,59.007498504477546,2.80640426921699
DoE3_R4,12.174674674674677,-1.755608424207771e-07,59.00749850443859,2.806404269213744
DoE3_R4,12.187187187187188,-1.754677244534808e-07,59.00749850439963,2.8064042692104976
DoE3_R4,12.1996996996997,-1.7537460648618454e-07,59.00749850436067,2.8064042692072517
DoE3_R4,12.212212212212211,-1.7528148851888824e-07,59.00749850432171,2.806404269204005
DoE3_R4,12.224724724724725,-1.75188370551592e-07,59.00749850428275,2.8064042692007587
DoE3_R4,12.237237237237238,-1.750952525842957e-07,59.007498504243785,2.8064042691975124
DoE3_R4,12.24974974974975,-1.7500213461699945e-07,59.007498504204825,2.806404269194266
DoE3_R4,12.262262262262263,-1.749090166497032e-07,59.007498504165866,2.80640426919102
DoE3_R4,12.274774774774777,-1.748158986824069e-07,59.00749850412691,2.806404269187773
DoE3_R4,12.287287287287288,-1.7472278071511065e-07,59.00749850408795,2.8064042691845272
DoE3_R4,12.2997997997998,-1.7462966274781438e-07,59.00749850404899,2.806404269181281
DoE3_R4,12.312312312312311,-1.745365447805181e-07,59.00749850401003,2.806404269178034
DoE3_R4,12.324824824824825,-1.7444342681322186e-07,59.00749850397106,2.8064042691747884
DoE3_R4,12.337337337337338,-1.7440702809615902e-07,59.00749850395584,2.806404269173519
DoE3_R4,12.34984984984985,-1.7439249069198197e-07,59.00749850394976,2.8064042691730124
DoE3_R4,12.362362362362363,-1.743779532878049e-07,59.00749850394367,2.8064042691725053
DoE3_R4,12.374874874874877,-1.7436341588362785e-07,59.00749850393759,2.8064042691719986
DoE3_R4,12.387387387387388,-1.743488784794508e-07,59.00749850393151,2.806404269171492
DoE3_R4,12.3998998998999,-1.7433434107527378e-07,59.00749850392543,2.806404269170985
DoE3_R4,12.412412412412412,-1.743198036710967e-07,59.007498503919344,2.8064042691704785
DoE3_R4,12.424924924924923,-1.7430526626691965e-07,59.00749850391326,2.8064042691699718
DoE3_R4,12.437437437437438,-1.742907288627426e-07,59.00749850390718,2.8064042691694646
DoE3_R4,12.44994994994995,-1.7427619145856553e-07,59.0074985039011,2.806404269168958
DoE3_R4,12.462462462462463,-1.742616540543885e-07,59.007498503895015,2.806404269168451
DoE3_R4,12.474974974974977,-1.742471166502114e-07,59.00749850388893,2.806404269167944
DoE3_R4,12.487487487487488,-1.7423257924603438e-07,59.00749850388285,2.8064042691674373
DoE3_R4,12.5,-1.742180418418573e-07,59.00749850387677,2.80640426916693
