step,total_updates,epoch,batch_in_epoch,samples_seen,mean_loss,per_target_loss,per_process_loss,target_names,process_names,step_dt,rebuild_count,holdout_loss,holdout_label,epoch_mean_loss,epoch_time_seconds,grad_norm,n_failed_samples,failed_processes
1,400,1,1,26,0.0143906511,0.02045238961;0.01503949163;0.0124915155;0.009579207657,0.01194943286;0.01319869843;0.01012936217;0.03716093493;0.005525579719;0.01649061026;0.005804753706;0.03579415335;0.01408692039;0.005348508786;0.01809327223;0.02267903193;0.02234275805;0.005917823529;0.02085066818;0.01143348521;0.007043414739;0.00681519135;0.00767928905;0.01080474134;0.01008797244;0.008677936429;0.01953108841;0.02108814461;0.008429137466;0.01719401908,biomass;glucose;product;gp_nll,H4_run_2;H1_run_5;H2_run_5;H2_run_6;T_run_2;H1_run_3;T_run_1;H2_run_1;H3_run_5;H4_run_6;H1_run_4;H4_run_4;H2_run_3;H1_run_1;H4_run_3;H3_run_1;H4_run_1;H3_run_2;H2_run_2;H1_run_6;H3_run_6;H3_run_3;H4_run_5;H2_run_4;H1_run_2;H3_run_4,0.160263,0,,,0.0143906511,0.160263,0.00394542659,0,
2,400,2,1,52,0.0142468907,0.02031703964;0.01476086255;0.01240631838;0.009503342228,0.01320534157;0.007107804716;0.01636551731;0.005520048892;0.02216867898;0.007735133305;0.02049475098;0.03651490252;0.008404650295;0.01182966371;0.01010549059;0.01913969583;0.005801541889;0.03507006138;0.008604292543;0.01759093207;0.006787895793;0.01088080965;0.01405694689;0.01006153262;0.02089478559;0.005313754636;0.005960248816;0.02213667471;0.01142240668;0.01724559624,biomass;glucose;product;gp_nll,H1_run_5;H4_run_1;H1_run_3;T_run_2;H4_run_4;H2_run_2;H4_run_3;H2_run_6;H1_run_2;H4_run_2;H2_run_5;H4_run_5;T_run_1;H2_run_1;H3_run_3;H1_run_4;H3_run_2;H1_run_6;H3_run_5;H3_run_6;H2_run_4;H4_run_6;H1_run_1;H2_run_3;H3_run_1;H3_run_4,5.532562,0,,,0.0142468907,5.532562,0.003803922493,0,
3,400,3,1,78,0.01410748906,0.02018261176;0.01449821209;0.01232140508;0.009427727329,0.03436044901;0.02167147738;0.01875583577;0.02070204042;0.00551371848;0.01321428844;0.02192786511;0.006002577105;0.005279687003;0.007790710535;0.008381753732;0.01096152324;0.02014611199;0.008533037278;0.01171113944;0.01402822382;0.01008127511;0.01729808214;0.01625393953;0.01712285847;0.00579777216;0.006760328559;0.03588071645;0.01003532503;0.0114117119;0.007172267548,biomass;glucose;product;gp_nll,H2_run_1;H4_run_4;H4_run_5;H2_run_4;T_run_2;H1_run_5;H2_run_3;H1_run_1;H4_run_6;H2_run_2;H1_run_2;H1_run_6;H4_run_3;H3_run_3;H4_run_2;H3_run_5;H2_run_5;H3_run_4;H1_run_3;H1_run_4;T_run_1;H3_run_2;H2_run_6;H3_run_6;H3_run_1;H4_run_1,0.166731,0,,,0.01410748906,0.166731,0.003670612976,0,
4,400,4,1,104,0.01397235422,0.02004905942;0.01425120374;0.01223680286;0.00935235085,0.007845782874;0.01668669032;0.0198046158;0.01104647117;0.005506561768;0.01400073442;0.0132253433;0.008360411729;0.008464133214;0.01615471645;0.006044569165;0.006732508249;0.007236469021;0.02118764724;0.03525875921;0.01005675129;0.01000936842;0.02171690458;0.01140137333;0.02051024119;0.01735122241;0.005246349687;0.01838014718;0.01159401066;0.005793406351;0.03366602071,biomass;glucose;product;gp_nll,H2_run_2;H1_run_4;H4_run_3;H1_run_6;T_run_2;H3_run_5;H1_run_5;H1_run_2;H3_run_3;H1_run_3;H1_run_1;H3_run_2;H4_run_1;H4_run_4;H2_run_6;H2_run_5;H3_run_6;H2_run_3;H3_run_1;H2_run_4;H3_run_4;H4_run_6;H4_run_5;H4_run_2;T_run_1;H2_run_1,0.163150,0,,,0.01397235422,0.163150,0.003544983821,0,
5,400,5,1,130,0.01384137658,0.01991635497;0.01401938374;0.01215256544;0.009277202164,0.02031966224;0.009983675922;0.03298734756;0.01003194309;0.007300076144;0.02071727964;0.01323830854;0.01801309579;0.008397517324;0.01628013827;0.01606677247;0.02150435686;0.005498570754;0.008340583258;0.006704455163;0.006085993332;0.03464937136;0.005788423066;0.01397445742;0.01113523084;0.01947013256;0.01147838261;0.0174047717;0.007900114452;0.005213772856;0.01139135783,biomass;glucose;product;gp_nll,H2_run_4;H3_run_6;H2_run_1;H2_run_5;H4_run_1;H4_run_4;H1_run_5;H4_run_5;H3_run_3;H1_run_4;H1_run_3;H2_run_3;T_run_2;H1_run_2;H3_run_2;H1_run_1;H2_run_6;T_run_1;H3_run_5;H1_run_6;H4_run_3;H4_run_2;H3_run_4;H2_run_2;H4_run_6;H3_run_1,0.161577,0,,,0.01384137658,0.161577,0.003426583098,0,
6,400,6,1,156,0.01371443806,0.01978449764;0.01380219442;0.01206878766;0.009202272527,0.0113643112;0.005782818895;0.005489757228;0.01394936743;0.008322223647;0.01325299126;0.01914252639;0.00518197153;0.01000686006;0.007953473714;0.01598911867;0.01122737797;0.03232494349;0.01590099373;0.01765501594;0.0202603887;0.01745849626;0.02013051168;0.03405291884;0.01138162635;0.02129075774;0.00612663064;0.006676191196;0.008333099741;0.007362762846;0.009958254441,biomass;glucose;product;gp_nll,H4_run_2;T_run_1;T_run_2;H3_run_5;H1_run_2;H1_run_5;H4_run_3;H4_run_6;H2_run_5;H2_run_2;H1_run_3;H1_run_6;H2_run_1;H1_run_4;H4_run_5;H4_run_4;H3_run_4;H2_run_4;H2_run_6;H3_run_1;H2_run_3;H1_run_1;H3_run_2;H3_run_3;H4_run_1;H3_run_6,0.175667,0,,,0.01371443806,0.175667,0.003315037614,0,
7,400,7,1,182,0.01359138802,0.01965349234;0.01359892306;0.01198558058;0.009127556112,0.01751217791;0.009933105298;0.01592085972;0.005776607344;0.01981687538;0.01730610258;0.03167903056;0.01554714345;0.008305285996;0.0113224984;0.02107659608;0.008005637913;0.006647740388;0.005480152422;0.01882163356;0.0113721353;0.01392543532;0.009981495966;0.008270766925;0.01125180139;0.01994292477;0.03346942417;0.01326921371;0.007424217726;0.006166281758;0.005150944552,biomass;glucose;product;gp_nll,H3_run_4;H3_run_6;H1_run_3;T_run_1;H4_run_4;H4_run_5;H2_run_1;H1_run_4;H1_run_2;H1_run_6;H2_run_3;H2_run_2;H3_run_2;T_run_2;H4_run_3;H3_run_1;H3_run_5;H2_run_5;H3_run_3;H4_run_2;H2_run_4;H2_run_6;H1_run_5;H4_run_1;H1_run_1;H4_run_6,0.160330,0,,,0.01359138802,0.160330,0.003209981383,0,
8,400,8,1,208,0.01347206474,0.01952336799;0.01340875354;0.01190308558;0.009053051846,0.01696639559;0.01136284069;0.01390262871;0.01850725734;0.01328682815;0.0328989582;0.006204776032;0.01975696474;0.005469804186;0.0208622855;0.008289722187;0.008056401424;0.0051206752;0.01142020107;0.005769817885;0.01586120555;0.01521659883;0.008210393721;0.0310496412;0.01938651149;0.009908227013;0.00748415436;0.009955831259;0.01756562025;0.006619130625;0.01114081197,biomass;glucose;product;gp_nll,H4_run_5;H3_run_1;H3_run_5;H4_run_3;H1_run_5;H2_run_6;H1_run_1;H2_run_4;T_run_2;H2_run_3;H1_run_2;H2_run_2;H4_run_6;H1_run_6;T_run_1;H1_run_3;H1_run_4;H3_run_3;H2_run_1;H4_run_4;H3_run_6;H4_run_1;H2_run_5;H3_run_4;H3_run_2;H4_run_2,0.174784,0,,,0.01347206474,0.174784,0.00311109426,0,
9,400,9,1,234,0.01335628925,0.0193941713;0.01323077613;0.01182144326;0.008978766336,0.01761865835;0.01103126879;0.01819916621;0.005458772028;0.009929839791;0.008105588145;0.007542324358;0.03234136163;0.01663578246;0.01330573998;0.008275484169;0.01388091359;0.03043656744;0.005091133693;0.009883621143;0.008151863721;0.0206481472;0.01580948288;0.006241982043;0.01135370629;0.01490753488;0.01152013085;0.005762486681;0.01896893273;0.006590396778;0.01957263478,biomass;glucose;product;gp_nll,H3_run_4;H4_run_2;H4_run_3;T_run_2;H2_run_5;H2_run_2;H4_run_1;H2_run_6;H4_run_5;H1_run_5;H1_run_2;H3_run_5;H2_run_1;H4_run_6;H3_run_6;H3_run_3;H2_run_3;H1_run_3;H1_run_1;H3_run_1;H1_run_4;H1_run_6;T_run_1;H4_run_4;H3_run_2;H2_run_4,0.152872,0,,,0.01335628925,0.152872,0.003018046188,0,
10,400,10,1,260,0.01324387825,0.01926597202;0.01306404886;0.01174077536;0.008904716761,0.01461832254;0.008095090425;0.005754652481;0.01332590595;0.01789710699;0.01092308535;0.01386025741;0.02043440717;0.01134471299;0.01938990072;0.006277815451;0.008262525769;0.009903497422;0.006561583847;0.01631402696;0.005447121396;0.01767116955;0.01856370489;0.0298393873;0.01162197764;0.009859299294;0.008153063734;0.007598529091;0.01576513657;0.005062281279;0.03179627233,biomass;glucose;product;gp_nll,H1_run_4;H3_run_3;T_run_1;H1_run_5;H4_run_3;H4_run_2;H3_run_5;H2_run_3;H3_run_1;H2_run_4;H1_run_1;H1_run_2;H2_run_5;H3_run_2;H4_run_5;T_run_2;H3_run_4;H4_run_4;H2_run_1;H1_run_6;H3_run_6;H2_run_2;H4_run_1;H1_run_3;H4_run_6;H2_run_6,0.159343,0,,,0.01324387825,0.159343,0.002930489348,0,
11,400,11,1,286,0.01313466065,0.01913886654;0.0129076705;0.01166117346;0.00883093212,0.00983528744;0.01920871556;0.01772308005;0.008250805197;0.01081617804;0.008198740598;0.02925752675;0.01434752967;0.01172547839;0.006532747739;0.03126335354;0.005434919994;0.005746352583;0.01572771291;0.008040025943;0.01760082984;0.01600081963;0.005034073881;0.009876787111;0.01817030346;0.006312239202;0.01133586456;0.007652624787;0.02022121586;0.01384063318;0.01334733112,biomass;glucose;product;gp_nll,H3_run_6;H2_run_4;H3_run_4;H1_run_2;H4_run_2;H2_run_2;H2_run_1;H1_run_4;H1_run_6;H3_run_2;H2_run_6;T_run_2;T_run_1;H1_run_3;H3_run_3;H4_run_3;H4_run_5;H4_run_6;H2_run_5;H4_run_4;H1_run_1;H3_run_1;H4_run_1;H2_run_3;H3_run_5;H1_run_5,0.155358,0,,,0.01313466065,0.155358,0.002848052971,0,
12,400,12,1,312,0.01302847868,0.01901297058;0.01276079493;0.01158269717;0.008757452036,0.006503952654;0.007704518656;0.006345255345;0.01409388542;0.02869036528;0.01569583165;0.01337006226;0.01183041332;0.009849696896;0.007986651229;0.01132718651;0.01902903258;0.01071047112;0.005006463504;0.0307421037;0.005422237679;0.01778819041;0.008240287892;0.008242572271;0.01731011038;0.0138220231;0.01569682977;0.01777436408;0.005737623985;0.00981162516;0.02000869078,biomass;glucose;product;gp_nll,H3_run_2;H4_run_1;H1_run_1;H1_run_4;H2_run_1;H4_run_5;H1_run_5;H1_run_6;H2_run_5;H3_run_3;H3_run_1;H2_run_4;H4_run_2;H4_run_6;H2_run_6;T_run_2;H4_run_4;H1_run_2;H2_run_2;H4_run_3;H3_run_5;H1_run_3;H3_run_4;T_run_1;H3_run_6;H2_run_3,0.156323,0,,,0.01302847868,0.156323,0.002770348884,0,
13,400,13,1,338,0.01292519836,0.01888841805;0.01262265787;0.01150539374;0.008684323773,0.01060589257;0.01380442016;0.01702476056;0.01385623114;0.008284541085;0.006376887809;0.01979690976;0.01782503637;0.01193662345;0.009788360808;0.01885080716;0.01539875306;0.009822213463;0.004979397888;0.01339416021;0.01741689041;0.02813732025;0.01567214703;0.007934956613;0.03023209907;0.005409148256;0.005728506906;0.01131871961;0.008230948413;0.007754158971;0.006475266341,biomass;glucose;product;gp_nll,H4_run_2;H3_run_5;H4_run_3;H1_run_4;H2_run_2;H1_run_1;H2_run_3;H3_run_4;H1_run_6;H3_run_6;H2_run_4;H4_run_5;H2_run_5;H4_run_6;H1_run_5;H4_run_4;H2_run_1;H1_run_3;H3_run_3;H2_run_6;T_run_2;T_run_1;H3_run_1;H1_run_2;H4_run_1;H3_run_2,0.161804,0,,,0.01292519836,0.161804,0.002696997872,0,
14,400,14,1,364,0.0128247037,0.01876534801;0.01249256117;0.01142930654;0.008611599074,0.01131051248;0.01363348115;0.008324645794;0.005719047868;0.01565334763;0.01674462743;0.01050236702;0.01510930079;0.005395731076;0.007801524669;0.01787514282;0.02759788126;0.01341968411;0.01705597936;0.009765546102;0.009794315629;0.01867399138;0.01958598735;0.01378782808;0.01204391674;0.004952819618;0.02973297594;0.008222771258;0.006407190654;0.007884924321;0.006446755623,biomass;glucose;product;gp_nll,H3_run_1;H1_run_4;H2_run_2;T_run_1;H1_run_3;H4_run_3;H4_run_2;H4_run_5;T_run_2;H4_run_1;H3_run_4;H2_run_1;H1_run_5;H4_run_4;H3_run_6;H2_run_5;H2_run_4;H2_run_3;H3_run_5;H1_run_6;H4_run_6;H2_run_6;H1_run_2;H1_run_1;H3_run_3;H3_run_2,0.171359,0,,,0.0128247037,0.171359,0.002627639603,0,
15,400,15,1,390,0.01272689528,0.01864390218;0.01236986093;0.01135448648;0.00853933155,0.01377225986;0.01792475178;0.016469586;0.009743231928;0.00538207096;0.00783651946;0.01342460317;0.01344668348;0.01670508385;0.0156401292;0.01937603496;0.008215750398;0.01039981144;0.02707161934;0.007846617003;0.0121521908;0.006418483272;0.006436211409;0.008362892793;0.01130261596;0.01482723151;0.009765970956;0.005709300559;0.01849852936;0.004926666013;0.02924443189,biomass;glucose;product;gp_nll,H3_run_5;H3_run_4;H4_run_3;H3_run_6;T_run_2;H3_run_3;H1_run_4;H1_run_5;H4_run_4;H1_run_3;H2_run_3;H1_run_2;H4_run_2;H2_run_1;H4_run_1;H1_run_6;H3_run_2;H1_run_1;H2_run_2;H3_run_1;H4_run_5;H2_run_5;T_run_1;H2_run_4;H4_run_6;H2_run_6,0.156324,0,,,0.01272689528,0.156324,0.002561944019,0,
16,400,16,1,416,0.01263168409,0.01852421635;0.01225395487;0.01128099032;0.00846757484,0.01322861307;0.006390506292;0.00820988813;0.01563220214;0.008399291159;0.01619953108;0.02876623181;0.0179739473;0.01375773587;0.01129507967;0.007789688319;0.01455230917;0.01916716937;0.009721466045;0.01347519619;0.01636387133;0.007889453746;0.004900869842;0.0102981344;0.006464005304;0.01226135011;0.005699324932;0.02655817378;0.01832435528;0.009737135374;0.005368256745,biomass;glucose;product;gp_nll,H1_run_4;H3_run_2;H1_run_2;H1_run_3;H2_run_2;H4_run_3;H2_run_6;H3_run_4;H3_run_5;H3_run_1;H3_run_3;H4_run_5;H2_run_3;H3_run_6;H1_run_5;H4_run_4;H4_run_1;H4_run_6;H4_run_2;H1_run_1;H1_run_6;T_run_1;H2_run_1;H2_run_4;H2_run_5;T_run_2,0.159969,0,,,0.01263168409,0.159969,0.002499613579,0,
17,400,17,1,442,0.01253898703,0.01840641576;0.01214427426;0.01120887688;0.008396381227,0.008205193444;0.0063628751;0.008433850259;0.004875360715;0.01237126356;0.00568918493;0.005354378946;0.009700291616;0.01562930982;0.0112879501;0.02829814659;0.007744361149;0.01350524883;0.007930064927;0.01895950777;0.01374428186;0.006490627805;0.01815139461;0.02605724857;0.01428431753;0.01593437111;0.0160320397;0.00970775494;0.01019723814;0.0180228238;0.01304457698,biomass;glucose;product;gp_nll,H1_run_2;H3_run_2;H2_run_2;H4_run_6;H1_run_6;T_run_1;T_run_2;H3_run_6;H1_run_3;H3_run_1;H2_run_6;H3_run_3;H1_run_5;H4_run_1;H2_run_3;H3_run_5;H1_run_1;H2_run_4;H2_run_1;H4_run_5;H4_run_3;H4_run_4;H2_run_5;H4_run_2;H3_run_4;H1_run_4,0.139017,0,,,0.01253898703,0.139017,0.002440382026,0,
18,400,18,1,468,0.01244873167,0.01829061738;0.01204029842;0.01113821032;0.008325800559,0.01353685767;0.01373192687;0.01287161505;0.01563117033;0.006516132359;0.007700456674;0.005678945305;0.009677768618;0.01248200075;0.008201680207;0.01875316278;0.008466578749;0.01009702195;0.02783998676;0.01402305018;0.009679746623;0.006335633196;0.01797956707;0.005340527169;0.02556855463;0.01567402407;0.01570930908;0.01128126951;0.00485006675;0.0180714816;0.007968489451,biomass;glucose;product;gp_nll,H1_run_5;H3_run_5;H1_run_4;H1_run_3;H1_run_1;H3_run_3;T_run_1;H2_run_5;H1_run_6;H1_run_2;H2_run_3;H2_run_2;H4_run_2;H2_run_6;H4_run_5;H3_run_6;H3_run_2;H2_run_4;T_run_2;H2_run_1;H4_run_3;H4_run_4;H3_run_1;H4_run_6;H3_run_4;H4_run_1,0.191288,0,,,0.01244873167,0.191288,0.002384010008,0,
19,400,19,1,494,0.01236084428,0.01817691937;0.01194153243;0.01106904602;0.008255879301,0.009997385824;0.005326787558;0.0112750752;0.00965986332;0.009647111436;0.006308817094;0.008199365232;0.01539541627;0.008004772132;0.01854823895;0.01372070129;0.01259346513;0.007657886944;0.02739158106;0.02509186424;0.01357002935;0.006540568965;0.01541839929;0.01812002312;0.008497484259;0.0178087856;0.01563753014;0.004824916328;0.01376830808;0.005668669715;0.01270890474,biomass;glucose;product;gp_nll,H4_run_2;T_run_2;H3_run_1;H3_run_6;H2_run_5;H3_run_2;H1_run_2;H4_run_4;H4_run_1;H2_run_3;H3_run_5;H1_run_6;H3_run_3;H2_run_6;H2_run_1;H1_run_5;H1_run_1;H4_run_3;H3_run_4;H2_run_2;H2_run_4;H1_run_3;H4_run_6;H4_run_5;T_run_1;H1_run_4,0.202566,0,,,0.01236084428,0.202566,0.002330289268,0,
20,400,20,1,520,0.01227525658,0.01806541328;0.01184751676;0.01100143663;0.008186659674,0.00628245638;0.01371063493;0.01270563404;0.01351989884;0.005658417837;0.01564814794;0.007616561904;0.01126939885;0.009640667847;0.00803896092;0.02462686672;0.008198266295;0.01834483071;0.01509011551;0.01763900606;0.01360476089;0.006563982998;0.0085265734;0.01516745895;0.009615717722;0.005313235779;0.004799839801;0.009898234752;0.02695277033;0.01255568256;0.01816854922,biomass;glucose;product;gp_nll,H3_run_2;H3_run_5;H1_run_6;H4_run_5;T_run_1;H1_run_3;H3_run_3;H3_run_1;H3_run_6;H4_run_1;H2_run_1;H1_run_2;H2_run_3;H4_run_4;H2_run_4;H1_run_5;H1_run_1;H2_run_2;H4_run_3;H2_run_5;T_run_2;H4_run_6;H4_run_2;H2_run_6;H1_run_4;H3_run_4,0.141536,0,,,0.01227525658,0.141536,0.002279026357,0,
21,400,21,1,546,0.01219190411,0.01795617075;0.01175784139;0.01093542512;0.008118179194,0.0182171572;0.006256574056;0.01747014275;0.005648243527;0.01281849404;0.01327763697;0.005299953429;0.009622180333;0.01566279186;0.02417337551;0.01814302152;0.0112642665;0.007576392389;0.01370175587;0.00807110505;0.009799468356;0.008198400938;0.01479316761;0.02652340407;0.009583523248;0.008553851896;0.01241124316;0.004774770554;0.0136410404;0.006586414608;0.0149211311,biomass;glucose;product;gp_nll,H3_run_4;H3_run_2;H2_run_4;T_run_1;H1_run_6;H4_run_5;T_run_2;H3_run_6;H1_run_3;H2_run_1;H2_run_3;H3_run_1;H3_run_3;H3_run_5;H4_run_1;H4_run_2;H1_run_2;H4_run_4;H2_run_6;H2_run_5;H2_run_2;H1_run_4;H4_run_6;H1_run_5;H1_run_1;H4_run_3,0.143363,0,,,0.01219190411,0.143363,0.002230057165,0,
22,400,22,1,572,0.01211072419,0.01784925192;0.01167213054;0.01087104425;0.008050470053,0.0130413798;0.0122749384;0.0237311148;0.006231186801;0.01367884654;0.02610333922;0.005286999726;0.009604414645;0.009550467924;0.01794288374;0.01568123689;0.01293203674;0.009701034889;0.008579324877;0.008101252853;0.01450434097;0.007537293391;0.017302061;0.008199784706;0.01467942876;0.004749646366;0.01125969812;0.005638192771;0.006607898154;0.01826593801;0.01369408891,biomass;glucose;product;gp_nll,H4_run_5;H1_run_4;H2_run_1;H3_run_2;H1_run_5;H2_run_6;T_run_2;H3_run_6;H2_run_5;H2_run_3;H1_run_3;H1_run_6;H4_run_2;H2_run_2;H4_run_1;H4_run_4;H3_run_3;H2_run_4;H1_run_2;H4_run_3;H4_run_6;H3_run_1;T_run_1;H1_run_1;H3_run_4;H3_run_5,0.160609,0,,,0.01211072419,0.160609,0.002183234847,0,
23,400,23,1,598,0.0120316549,0.01774470223;0.01159004057;0.01080831782;0.007983558959,0.01422342655;0.0256924392;0.006628462208;0.01125570784;0.01570326382;0.007499185646;0.01444215025;0.01713475231;0.01371814902;0.008129450609;0.009587378699;0.01281086694;0.0130462561;0.004724410009;0.006206305506;0.01831497514;0.009516497163;0.01368765484;0.008602997198;0.008202430372;0.009602851794;0.005274428093;0.01774447905;0.01214617424;0.02330003224;0.005628302445,biomass;glucose;product;gp_nll,H4_run_4;H2_run_6;H1_run_1;H3_run_1;H1_run_3;H3_run_3;H4_run_3;H2_run_4;H1_run_5;H4_run_1;H3_run_6;H4_run_5;H1_run_6;H4_run_6;H3_run_2;H3_run_4;H2_run_5;H3_run_5;H2_run_2;H1_run_2;H4_run_2;T_run_2;H2_run_3;H1_run_4;H2_run_1;T_run_1,0.140627,0,,,0.0120316549,0.140627,0.002138424677,0,
24,400,24,1,624,0.01195463202,0.01764255224;0.01151125938;0.01074724944;0.007917467047,0.01368246989;0.0183643435;0.01420935567;0.01258598194;0.007461996968;0.00950486269;0.01696817133;0.01316114579;0.02287967049;0.006648129707;0.01572865784;0.00820634712;0.00526227968;0.01375890875;0.004699009819;0.009481563179;0.005618599163;0.01125230414;0.009571074725;0.02529057427;0.006181935806;0.01395016837;0.0175478591;0.008624873709;0.01202440746;0.008155741538,biomass;glucose;product;gp_nll,H3_run_5;H3_run_4;H4_run_3;H4_run_5;H3_run_3;H4_run_2;H2_run_4;H1_run_6;H2_run_1;H1_run_1;H1_run_3;H1_run_2;T_run_2;H1_run_5;H4_run_6;H2_run_5;T_run_1;H3_run_1;H3_run_6;H2_run_6;H3_run_2;H4_run_4;H2_run_3;H2_run_2;H1_run_4;H4_run_1,0.156470,0,,,0.01195463202,0.156470,0.00209549835,0,
25,400,25,1,650,0.01187960196,0.01754282896;0.01143552103;0.01068784787;0.007852209966,0.02489763225;0.0138010784;0.008180165174;0.01367854526;0.02246990304;0.01327669716;0.008211540058;0.01190914209;0.009407023053;0.01124949021;0.009555499691;0.006158078694;0.007425662959;0.00864495961;0.006666918316;0.01735306688;0.01398094124;0.009445625781;0.01575720782;0.01680228443;0.01368440165;0.01841410895;0.005250583971;0.01236659586;0.004673399994;0.005609098382,biomass;glucose;product;gp_nll,H2_run_6;H1_run_5;H4_run_1;H3_run_5;H2_run_1;H1_run_6;H1_run_2;H1_run_4;H4_run_2;H3_run_1;H3_run_6;H3_run_2;H3_run_3;H2_run_2;H1_run_1;H2_run_3;H4_run_3;H2_run_5;H1_run_3;H2_run_4;H4_run_4;H3_run_4;T_run_2;H4_run_5;H4_run_6;T_run_1,0.153255,0,,,0.01187960196,0.153255,0.002054350231,0,
26,400,26,1,676,0.01180650655,0.01744554581;0.01136257666;0.0106301054;0.007787798316,0.006684841086;0.0220705116;0.01663706874;0.02451345567;0.01578868502;0.007390126625;0.01342593358;0.01375690341;0.01339289851;0.006134731258;0.0046475404;0.01384460373;0.00866326075;0.008218010437;0.009540646095;0.009309299312;0.01716013783;0.005599804076;0.01215253831;0.008202757545;0.009408652257;0.01124726471;0.01367588758;0.01846432876;0.005239358098;0.0117999248,biomass;glucose;product;gp_nll,H1_run_1;H2_run_1;H2_run_4;H2_run_6;H1_run_3;H3_run_3;H4_run_4;H4_run_3;H1_run_6;H3_run_2;H4_run_6;H1_run_5;H2_run_2;H1_run_2;H3_run_6;H4_run_2;H2_run_3;T_run_1;H4_run_5;H4_run_1;H2_run_5;H3_run_1;H3_run_5;H3_run_4;T_run_2;H1_run_4,0.155242,0,,,0.01180650655,0.155242,0.002014874751,0,
27,400,27,1,702,0.01173529468,0.01735070967;0.01129221778;0.01057401322;0.007724238055,0.009526502615;0.008223551259;0.01851505205;0.02168127994;0.01582293513;0.007355338118;0.01647251161;0.01367449907;0.01353721021;0.01124562238;0.00867978388;0.01350973446;0.009211668173;0.006111887337;0.005228606505;0.02413795685;0.01317460178;0.01388942467;0.01194366889;0.004621396443;0.01169634113;0.006701907037;0.005590708293;0.008225755738;0.01696910087;0.009370617324,biomass;glucose;product;gp_nll,H3_run_6;H4_run_1;H3_run_4;H2_run_1;H1_run_3;H3_run_3;H2_run_4;H3_run_5;H4_run_3;H3_run_1;H2_run_2;H1_run_6;H4_run_2;H3_run_2;T_run_2;H2_run_6;H4_run_4;H1_run_5;H4_run_5;H4_run_6;H1_run_4;H1_run_1;T_run_1;H1_run_2;H2_run_3;H2_run_5,0.148383,0,,,0.01173529468,0.148383,0.001976989654,0,
28,400,28,1,728,0.01166590906,0.01725831523;0.01122424118;0.01051954873;0.007661531086,0.006089538191;0.007321253909;0.01173985411;0.02130199705;0.01677997957;0.008242576046;0.01630860934;0.01856632047;0.005218320892;0.01362718597;0.008694536912;0.01159801126;0.015859733;0.004594938752;0.005581791047;0.01124455484;0.01293018326;0.009331502739;0.006718121889;0.02377102063;0.008234770076;0.009114115489;0.01332183229;0.01367437805;0.009513054901;0.01393545485,biomass;glucose;product;gp_nll,H3_run_2;H3_run_3;H4_run_5;H2_run_1;H2_run_3;H4_run_1;H2_run_4;H3_run_4;T_run_2;H1_run_6;H2_run_2;H1_run_4;H1_run_3;H4_run_6;T_run_1;H3_run_1;H4_run_4;H2_run_5;H1_run_1;H2_run_6;H1_run_2;H4_run_2;H4_run_3;H3_run_5;H3_run_6;H1_run_5,0.145528,0,,,0.01166590906,0.145528,0.001940603073,0,
29,400,29,1,754,0.01159829971,0.01716835542;0.01115847516;0.01046669249;0.007599675764,0.007287836194;0.00557302002;0.01398267197;0.01311074203;0.005208479977;0.01269252456;0.0209324578;0.01614536631;0.006067673076;0.01374523034;0.01659279325;0.009500286219;0.01150458687;0.01861816881;0.01367551928;0.008707529017;0.02341253457;0.008245044482;0.006733488546;0.008259859039;0.009291297037;0.01589888687;0.01154096679;0.009016635332;0.01124405114;0.004568142908,biomass;glucose;product;gp_nll,H3_run_3;T_run_1;H1_run_5;H4_run_3;T_run_2;H4_run_4;H2_run_1;H2_run_4;H3_run_2;H1_run_6;H2_run_3;H3_run_6;H1_run_4;H3_run_4;H3_run_5;H2_run_2;H2_run_6;H1_run_2;H1_run_1;H4_run_1;H2_run_5;H1_run_3;H4_run_5;H4_run_2;H3_run_1;H4_run_6,0.139619,0,,,0.01159829971,0.139619,0.001905639111,0,
30,400,30,1,780,0.01153241437,0.01708081584;0.01109475743;0.0104154167;0.007538667495,0.009249994811;0.0159402117;0.008718770742;0.01403098178;0.02057246261;0.009488178146;0.01290391229;0.007255051945;0.008256567363;0.01134688517;0.01598279387;0.006046279785;0.006748007646;0.005199049514;0.01867062574;0.008275425381;0.00454098907;0.008919228857;0.02306238801;0.01124409846;0.005564350564;0.01141574778;0.01386384171;0.01367791455;0.01246145844;0.0164075576,biomass;glucose;product;gp_nll,H2_run_5;H1_run_3;H2_run_2;H1_run_5;H2_run_1;H3_run_6;H4_run_3;H3_run_3;H1_run_2;H4_run_5;H2_run_4;H3_run_2;H1_run_1;T_run_2;H3_run_4;H4_run_1;H4_run_6;H4_run_2;H2_run_6;H3_run_1;T_run_1;H1_run_4;H1_run_6;H3_run_5;H4_run_4;H2_run_3,0.124263,0,,,0.01153241437,0.124263,0.001872021312,0,
31,400,31,1,806,0.01146820268,0.01699567702;0.0110329419;0.01036569255;0.007478499251,0.008289298613;0.01223682232;0.006761677912;0.01598353007;0.01115749254;0.00947671112;0.01124468258;0.00555572564;0.013681553;0.01408031347;0.01872371433;0.01582090848;0.01133119935;0.0127013155;0.02022181596;0.008728274028;0.008821903382;0.01622428779;0.01398299145;0.009207596305;0.004513461674;0.008269324826;0.02272046982;0.006025345116;0.005189982228;0.007222872178,biomass;glucose;product;gp_nll,H4_run_1;H4_run_4;H1_run_1;H1_run_3;H4_run_5;H3_run_6;H3_run_1;T_run_1;H3_run_5;H1_run_5;H3_run_4;H2_run_4;H1_run_4;H4_run_3;H2_run_1;H2_run_2;H4_run_2;H2_run_3;H1_run_6;H2_run_5;H4_run_6;H1_run_2;H2_run_6;H3_run_2;T_run_2;H3_run_3,0.137004,0,,,0.01146820268,0.137004,0.001839680337,0,
32,400,32,1,832,0.01140561513,0.01691291503;0.01097289395;0.01031748952;0.00741916203,0.01602867284;0.01988032695;0.009164107013;0.008724671622;0.006774496408;0.004485549173;0.01565973193;0.007191271284;0.006004855218;0.008301500962;0.01124578826;0.005181217884;0.01097267655;0.009465864907;0.01250292412;0.0141026486;0.01604299528;0.005547075896;0.01201845768;0.01877745246;0.0141305963;0.0223866673;0.01368642147;0.008283300938;0.008736052169;0.0112506702,biomass;glucose;product;gp_nll,H1_run_3;H2_run_1;H2_run_5;H4_run_2;H1_run_1;H4_run_6;H2_run_4;H3_run_3;H3_run_2;H4_run_1;H3_run_1;T_run_2;H4_run_5;H3_run_6;H4_run_3;H1_run_6;H2_run_3;T_run_1;H4_run_4;H3_run_4;H1_run_5;H2_run_6;H3_run_5;H1_run_2;H2_run_2;H1_run_4,0.134803,0,,,0.01140561513,0.134803,0.00180855137,0,
33,400,33,1,858,0.01134460289,0.01683250177;0.01091448879;0.01027077574;0.007360645263,0.01607547977;0.01418176041;0.01586369167;0.01117391025;0.008312053517;0.01124739956;0.00911953732;0.008298477916;0.01079232871;0.0118062094;0.02206086534;0.01230870621;0.007160226467;0.01883185304;0.009455618984;0.005538319953;0.005984795927;0.004457243816;0.008742119709;0.008627551057;0.01954780869;0.01549929029;0.01369250474;0.00517268352;0.01422278017;0.006786458692,biomass;glucose;product;gp_nll,H1_run_3;H1_run_5;H2_run_3;H1_run_4;H4_run_1;H3_run_1;H2_run_5;H1_run_2;H4_run_5;H4_run_4;H2_run_6;H4_run_3;H3_run_3;H3_run_4;H3_run_6;T_run_1;H3_run_2;H4_run_6;H2_run_2;H4_run_2;H2_run_1;H2_run_4;H3_run_5;T_run_2;H1_run_6;H1_run_1,0.137841,0,,,0.01134460289,0.137841,0.00177857367,0,
34,400,34,1,884,0.01128511803,0.01675440552;0.01085761071;0.01022551873;0.007302937147,0.007129717293;0.01211862681;0.0136997857;0.01061634385;0.008314836251;0.02174294554;0.01124950006;0.006797558866;0.005164293973;0.01423373744;0.01612379991;0.008530563429;0.005965153022;0.008746492266;0.0156863886;0.009073902207;0.00944595285;0.004428548518;0.01110068908;0.01888692416;0.01533961341;0.005529364999;0.01434335157;0.01159992491;0.008320976254;0.01922407769,biomass;glucose;product;gp_nll,H3_run_3;H4_run_3;H3_run_5;H4_run_5;H1_run_2;H2_run_6;H3_run_1;H1_run_1;T_run_2;H1_run_5;H1_run_3;H4_run_2;H3_run_2;H2_run_2;H2_run_3;H2_run_5;H3_run_6;H4_run_6;H1_run_4;H3_run_4;H2_run_4;T_run_1;H1_run_6;H4_run_4;H4_run_1;H2_run_1,0.123348,0,,,0.01128511803,0.123348,0.001749690387,0,
35,400,35,1,910,0.01122711237,0.0166785907;0.01080214956;0.0101816843;0.007246024922,0.009436846278;0.005520107845;0.0104446197;0.008749186256;0.01446432696;0.005155952821;0.01103079456;0.008332354795;0.01193264862;0.01370824552;0.01617349194;0.01551109781;0.01894266909;0.008433734322;0.02143278539;0.01139945384;0.008328287908;0.004399448203;0.01518073447;0.007099725353;0.005945912454;0.01125207301;0.006807789533;0.009027220941;0.01890895288;0.0142864611,biomass;glucose;product;gp_nll,H3_run_6;T_run_1;H4_run_5;H2_run_2;H1_run_6;T_run_2;H1_run_4;H1_run_2;H4_run_3;H3_run_5;H1_run_3;H2_run_3;H3_run_4;H4_run_2;H2_run_6;H4_run_4;H4_run_1;H4_run_6;H2_run_4;H3_run_3;H3_run_2;H3_run_1;H1_run_1;H2_run_5;H2_run_1;H1_run_5,0.126477,0,,,0.01122711237,0.126477,0.001721848326,0,
36,400,36,1,936,0.01117053906,0.01660501891;0.01074800375;0.01013923847;0.0071898951,0.01860225459;0.00835101085;0.008337092786;0.008979516778;0.01096403158;0.007070233986;0.005147553887;0.01899908636;0.01433986755;0.008334005698;0.01533783157;0.006817141675;0.0112046477;0.005927060536;0.01125510146;0.01027705636;0.02113025749;0.00875021852;0.0150226896;0.01622442439;0.01371786384;0.0117507299;0.004369952731;0.005510436572;0.01458566957;0.009428279528,biomass;glucose;product;gp_nll,H2_run_1;H1_run_2;H4_run_2;H2_run_5;H1_run_4;H3_run_3;T_run_2;H3_run_4;H1_run_5;H4_run_1;H2_run_3;H1_run_1;H4_run_4;H3_run_2;H3_run_1;H4_run_5;H2_run_6;H2_run_2;H2_run_4;H1_run_3;H3_run_5;H4_run_3;H4_run_6;T_run_1;H1_run_6;H3_run_6,0.138644,0,,,0.01117053906,0.138644,0.001694997777,0,
37,400,37,1,962,0.01111535146,0.01653364873;0.01069507723;0.01009814624;0.00713453364,0.005500232903;0.01627647576;0.009420233574;0.01516660332;0.01372861898;0.01011355577;0.01439389579;0.01905616968;0.008338144908;0.01090022105;0.00874960584;0.00824067097;0.007041228085;0.01470734174;0.01101536075;0.004340067732;0.005138983419;0.01830380328;0.005908584118;0.006825604463;0.02083522861;0.01157282449;0.008930816611;0.01486551744;0.008370780269;0.01125856839,biomass;glucose;product;gp_nll,T_run_1;H1_run_3;H3_run_6;H2_run_3;H3_run_5;H4_run_5;H1_run_5;H3_run_4;H4_run_1;H1_run_4;H2_run_2;H4_run_2;H3_run_3;H1_run_6;H4_run_4;H4_run_6;T_run_2;H2_run_1;H3_run_2;H1_run_1;H2_run_6;H4_run_3;H2_run_5;H2_run_4;H1_run_2;H3_run_1,0.123651,0,,,0.01111535146,0.123651,0.001669092306,0,
38,400,38,1,988,0.01106150322,0.01646443585;0.01064327938;0.01005837155;0.0070799261,0.02054755887;0.004309801696;0.01470925869;0.008340718352;0.005489375338;0.01083919891;0.005130123001;0.01482930563;0.01444848806;0.01801341823;0.006833165002;0.01499742446;0.01083144597;0.008747364357;0.01139888122;0.005890470743;0.01126245683;0.009954021164;0.01374048822;0.009412690304;0.01632953474;0.007012693938;0.01911390808;0.008881150558;0.008144503751;0.008391637597,biomass;glucose;product;gp_nll,H2_run_6;H4_run_6;H2_run_4;H4_run_1;T_run_1;H1_run_4;T_run_2;H1_run_6;H1_run_5;H2_run_1;H1_run_1;H2_run_3;H4_run_4;H2_run_2;H4_run_3;H3_run_2;H3_run_1;H4_run_5;H3_run_5;H3_run_6;H1_run_3;H3_run_3;H3_run_4;H2_run_5;H4_run_2;H1_run_2,0.139741,0,,,0.01106150322,0.139741,0.00164408836,0,
39,400,39,1,1014,0.01100894838,0.01639733353;0.01059252493;0.01001987731;0.007026057756,0.00883055151;0.02026710082;0.01126674999;0.01065275568;0.006839808101;0.01450359004;0.009405632735;0.01917228593;0.008413556244;0.01495152374;0.01483030512;0.006984619108;0.009798356455;0.008048628352;0.005120853142;0.01455395563;0.01773091614;0.00587270879;0.005477742989;0.01078081522;0.008341735766;0.01638350018;0.004279165746;0.01122884339;0.01375344809;0.008743508917,biomass;glucose;product;gp_nll,H2_run_5;H2_run_6;H3_run_1;H4_run_4;H1_run_1;H1_run_5;H3_run_6;H3_run_4;H1_run_2;H1_run_6;H2_run_3;H3_run_3;H4_run_5;H4_run_2;T_run_2;H2_run_4;H2_run_1;H3_run_2;T_run_1;H1_run_4;H4_run_1;H1_run_3;H4_run_6;H4_run_3;H3_run_5;H2_run_2,0.127565,0,,,0.01100894838,0.127565,0.001619945065,0,
40,400,40,1,1040,0.01095764048,0.01633229127;0.01054273267;0.009982624274;0.006972913695,0.006845515865;0.01745611205;0.008436508671;0.01106264844;0.008341203196;0.01047914125;0.01999367046;0.00873805241;0.01923128309;0.0150739594;0.005465219912;0.01376747478;0.009646465759;0.007953083971;0.01643828122;0.005111057356;0.006956992313;0.01127143138;0.0146652538;0.01439965168;0.01072493335;0.009399045204;0.005855287596;0.008779054661;0.01455915121;0.004248173397,biomass;glucose;product;gp_nll,H1_run_1;H2_run_1;H1_run_2;H4_run_3;H4_run_1;H4_run_4;H2_run_6;H2_run_2;H3_run_4;H1_run_6;T_run_1;H3_run_5;H4_run_5;H4_run_2;H1_run_3;T_run_2;H3_run_3;H3_run_1;H2_run_3;H2_run_4;H1_run_4;H3_run_6;H3_run_2;H2_run_5;H1_run_5;H4_run_6,0.140564,0,,,0.01095764048,0.140564,0.001596623479,0,
41,400,41,1,1066,0.01090754053,0.01626926679;0.0104938354;0.009946581019;0.006920478899,0.01519657715;0.004216840349;0.01461512489;0.005451699547;0.008339122467;0.009498253008;0.007857911505;0.008460466525;0.01127648488;0.01649379712;0.01929087494;0.01378254434;0.01718881495;0.008731005201;0.005838197556;0.009392913512;0.006929803343;0.008726697121;0.0106714291;0.006850267575;0.01031054516;0.01972716152;0.01424639101;0.01090022775;0.01450227679;0.0051006264,biomass;glucose;product;gp_nll,H1_run_6;H4_run_6;H1_run_5;T_run_1;H4_run_1;H4_run_5;H4_run_2;H1_run_2;H3_run_1;H1_run_3;H3_run_4;H3_run_5;H2_run_1;H2_run_2;H3_run_2;H3_run_6;H3_run_3;H2_run_5;H1_run_4;H1_run_1;H4_run_4;H2_run_6;H2_run_4;H4_run_3;H2_run_3;T_run_2,0.131332,0,,,0.01090754053,0.131332,0.001574089785,0,
42,400,42,1,1092,0.01085859649,0.01620819811;0.01044575433;0.009911695214;0.00686873833,0.01379863305;0.0194673778;0.01467146854;0.005437088952;0.01531934326;0.006854039514;0.008335490887;0.01654997731;0.01434137779;0.01935103259;0.01062018981;0.01014663177;0.008673517503;0.01128189483;0.01409421821;0.00690304286;0.01692882578;0.004185184253;0.009387225056;0.005089462298;0.008722374679;0.008485400811;0.009353621472;0.007763153206;0.005821430173;0.01074150644,biomass;glucose;product;gp_nll,H3_run_5;H2_run_6;H1_run_5;T_run_1;H1_run_6;H1_run_1;H4_run_1;H1_run_3;H2_run_3;H3_run_4;H1_run_4;H4_run_4;H2_run_5;H3_run_1;H2_run_4;H3_run_3;H2_run_1;H4_run_6;H3_run_6;T_run_2;H2_run_2;H1_run_2;H4_run_5;H4_run_2;H3_run_2;H4_run_3,0.126478,0,,,0.01085859649,0.126478,0.001552306375,0,
43,400,43,1,1118,0.01081076878,0.01614903727;0.01039842945;0.009877931458;0.006817676958,0.0194117226;0.01418255793;0.01667593998;0.008619555918;0.006876702445;0.01058640392;0.004153224672;0.00685680497;0.008712165124;0.009212474279;0.008511281732;0.005077481443;0.00580497807;0.005421311955;0.009381968769;0.0154422254;0.01057111361;0.008330301046;0.01660676055;0.009987337722;0.01381571728;0.01394317857;0.01128764599;0.01921413829;0.0147281433;0.007668852804,biomass;glucose;product;gp_nll,H3_run_4;H2_run_3;H2_run_1;H2_run_5;H3_run_3;H4_run_3;H4_run_6;H1_run_1;H2_run_2;H4_run_5;H1_run_2;T_run_2;H3_run_2;T_run_1;H3_run_6;H1_run_6;H1_run_4;H4_run_1;H1_run_3;H4_run_4;H3_run_5;H2_run_4;H3_run_1;H2_run_6;H1_run_5;H4_run_2,0.128092,0,,,0.01081076878,0.128092,0.001531241667,0,
44,400,44,1,1144,0.01076401554,0.0160917318;0.01035180231;0.009845248209;0.006767279823,0.0138337734;0.01052410831;0.008700377857;0.01947290688;0.008538078544;0.01379331815;0.009377135043;0.005788834944;0.01129372336;0.01896725321;0.01666409442;0.007575055524;0.005404311296;0.006858534412;0.0155651924;0.01043483433;0.01478511375;0.008564853986;0.009074716178;0.009832508679;0.01642994785;0.006850774407;0.004120983016;0.005064616771;0.008323541121;0.01402581608,biomass;glucose;product;gp_nll,H3_run_5;H1_run_4;H2_run_2;H3_run_4;H1_run_2;H2_run_4;H3_run_6;H3_run_2;H3_run_1;H2_run_6;H1_run_3;H4_run_2;T_run_1;H1_run_1;H1_run_6;H4_run_3;H1_run_5;H2_run_5;H4_run_5;H4_run_4;H2_run_1;H3_run_3;H4_run_6;T_run_2;H4_run_1;H2_run_3,0.148692,0,,,0.01076401554,0.148692,0.00151086425,0,
45,400,45,1,1170,0.01071829624,0.01603622945;0.01030581964;0.009813603796;0.00671753208,0.005050818565;0.01619063559;0.005772995477;0.008509455103;0.008565759212;0.009372715502;0.01364468446;0.01484234739;0.01028670735;0.004088482589;0.01953454232;0.006825251647;0.007481808341;0.009681989928;0.006859195843;0.01672193439;0.008315195436;0.005386049319;0.01047909052;0.01130011207;0.01872652711;0.008687011709;0.01387114964;0.0156882136;0.008940251777;0.01385277742,biomass;glucose;product;gp_nll,T_run_2;H2_run_1;H3_run_2;H2_run_5;H1_run_2;H3_run_6;H2_run_4;H1_run_5;H4_run_3;H4_run_6;H3_run_4;H3_run_3;H4_run_2;H4_run_4;H1_run_1;H1_run_3;H4_run_1;T_run_1;H1_run_4;H3_run_1;H2_run_6;H2_run_2;H2_run_3;H1_run_6;H4_run_5;H3_run_5,0.154348,0,,,0.01071829624,0.154348,0.001491144076,0,
46,400,46,1,1196,0.01067357197,0.01598247866;0.01026043328;0.0097829569;0.006668419028,0.008594289934;0.01043598456;0.004055748682;0.00738916033;0.01595778666;0.0101419293;0.01581125783;0.00880898664;0.009368702703;0.005036054047;0.014899814;0.01130679702;0.005757455205;0.01849176238;0.0195965804;0.0095356273;0.01678024263;0.008305245292;0.006858755314;0.005366507302;0.01349732717;0.008453404857;0.006800127537;0.01371855555;0.008672064086;0.01387270443,biomass;glucose;product;gp_nll,H1_run_2;H1_run_4;H4_run_6;H4_run_2;H2_run_1;H4_run_3;H1_run_6;H4_run_5;H3_run_6;T_run_2;H1_run_5;H3_run_1;H3_run_2;H2_run_6;H3_run_4;H4_run_4;H1_run_3;H4_run_1;H1_run_1;T_run_1;H2_run_4;H2_run_5;H3_run_3;H2_run_3;H2_run_2;H3_run_5,0.128284,0,,,0.01067357197,0.128284,0.001472052468,0,
47,400,47,1,1222,0.01062980539,0.01593042866;0.01021559989;0.00975326684;0.006619926147,0.01389352799;0.0168389868;0.01573118337;0.01131376259;0.01593429227;0.01000040431;0.01356803153;0.005742210355;0.008655530934;0.00677539578;0.009393268075;0.005345683728;0.01826275687;0.004022808692;0.008680832665;0.00729716308;0.005020305825;0.01039472145;0.01335129896;0.01495748455;0.009365089774;0.01965896672;0.008396751518;0.008293670009;0.006857177557;0.008623634613,biomass;glucose;product;gp_nll,H3_run_5;H1_run_3;H2_run_1;H3_run_1;H1_run_6;H4_run_3;H2_run_3;H3_run_2;H2_run_2;H3_run_3;H4_run_4;T_run_1;H2_run_6;H4_run_6;H4_run_5;H4_run_2;T_run_2;H1_run_4;H2_run_4;H1_run_5;H3_run_6;H3_run_4;H2_run_5;H4_run_1;H1_run_1;H1_run_2,0.145357,0,,,0.01062980539,0.145357,0.001453562076,0,
48,400,48,1,1248,0.01058696041,0.0158800292;0.01017128017;0.009724493141;0.006572039116,0.0168981386;0.009361870021;0.005727257673;0.01341957715;0.005323591856;0.01803930791;0.008653754312;0.01972164055;0.0132066562;0.01551060862;0.003989692229;0.01132099235;0.008339546517;0.009862035572;0.008555695345;0.006854426695;0.005003569675;0.00720587102;0.006751050281;0.01501533037;0.0160572813;0.008637408625;0.00925476236;0.01035523784;0.008280448053;0.01391521945,biomass;glucose;product;gp_nll,H1_run_3;H3_run_6;H3_run_2;H2_run_3;T_run_1;H2_run_6;H1_run_2;H3_run_4;H2_run_4;H2_run_1;H4_run_6;H3_run_1;H2_run_5;H4_run_3;H4_run_5;H1_run_1;T_run_2;H4_run_2;H3_run_3;H1_run_5;H1_run_6;H2_run_2;H4_run_4;H1_run_4;H4_run_1;H3_run_5,0.123403,0,,,0.01058696041,0.123403,0.001435646508,0,
49,400,49,1,1274,0.01054500286,0.01583123136;0.0101274395;0.009696596753;0.006524743847,0.01529584853;0.009359036561;0.01327319493;0.0113284687;0.008617694671;0.01507332231;0.003956431167;0.01393774735;0.004985852275;0.01695767252;0.008433488491;0.008281844852;0.006850466963;0.005300257035;0.008684606774;0.01618018533;0.01978453454;0.006727085016;0.01782121724;0.007115341654;0.01031747509;0.009726726459;0.01306345962;0.008265558168;0.005712594248;0.009119963997,biomass;glucose;product;gp_nll,H2_run_1;H3_run_6;H2_run_3;H3_run_1;H2_run_2;H1_run_5;H4_run_6;H3_run_5;T_run_2;H1_run_3;H4_run_5;H2_run_5;H1_run_1;T_run_1;H1_run_2;H1_run_6;H3_run_4;H3_run_3;H2_run_6;H4_run_2;H1_run_4;H4_run_3;H2_run_4;H4_run_1;H3_run_2;H4_run_4,0.127652,0,,,0.01054500286,0.127652,0.001418280853,0,
50,400,50,1,1300,0.01050390023,0.01578398735;0.01008404737;0.009669539695;0.006478026501,0.01133617266;0.006703493914;0.01508669909;0.008716146022;0.008248980442;0.01630295917;0.005275714071;0.004967168747;0.006845263416;0.01513142997;0.008988731254;0.009356581973;0.01312889101;0.01028137827;0.0129217747;0.008223705353;0.01760828821;0.003923059644;0.01701756458;0.008314130178;0.009594380272;0.005698217349;0.00859638863;0.007025635658;0.01984757449;0.01396107689,biomass;glucose;product;gp_nll,H3_run_1;H3_run_3;H2_run_1;H1_run_2;H4_run_1;H1_run_6;T_run_1;T_run_2;H1_run_1;H1_run_5;H4_run_4;H3_run_6;H2_run_3;H1_run_4;H2_run_4;H2_run_5;H2_run_6;H4_run_6;H1_run_3;H4_run_5;H4_run_3;H3_run_2;H2_run_2;H4_run_2;H3_run_4;H3_run_5,0.130181,0,,,0.01050390023,0.130181,0.001401441524,0,
51,400,51,1,1326,0.01046362241,0.01573825198;0.01004107826;0.009643285875;0.006431873516,0.008165190793;0.01740032211;0.01134408368;0.01398516961;0.008748322101;0.006680270748;0.01278167179;0.008573492849;0.006838782588;0.00693681682;0.01707779122;0.01518962094;0.008197543165;0.01642555194;0.01024689537;0.003889613984;0.01298668038;0.00946490342;0.005250004901;0.005684124266;0.01991067941;0.009354498005;0.004947540524;0.01488298723;0.008230697266;0.008860927503,biomass;glucose;product;gp_nll,H2_run_5;H2_run_6;H3_run_1;H3_run_5;H1_run_2;H3_run_3;H2_run_4;H2_run_2;H1_run_1;H4_run_2;H1_run_3;H1_run_5;H4_run_5;H1_run_6;H1_run_4;H4_run_6;H2_run_3;H4_run_3;T_run_1;H3_run_2;H3_run_4;H3_run_6;T_run_2;H2_run_1;H4_run_1;H4_run_4,0.145739,0,,,0.01046362241,0.145739,0.001385106805,0,
52,400,52,1,1352,0.01042413863,0.0156939776;0.009998506726;0.009617798574;0.006386271627,0.01468447961;0.005670312175;0.01264322603;0.008781080926;0.01997376157;0.008736421317;0.009338206208;0.00683099308;0.008083655133;0.01654790875;0.0171383283;0.01021397635;0.01400998308;0.006657409044;0.00810636784;0.009352775339;0.01284658675;0.004926993601;0.008549013072;0.01719713134;0.01524786024;0.008210694141;0.01135217948;0.003856132545;0.006848951816;0.005223176676,biomass;glucose;product;gp_nll,H2_run_1;H3_run_2;H2_run_4;H1_run_2;H3_run_4;H4_run_4;H4_run_3;H1_run_1;H4_run_5;H1_run_6;H1_run_3;H1_run_4;H3_run_5;H3_run_3;H2_run_5;H3_run_6;H2_run_3;T_run_2;H2_run_2;H2_run_6;H1_run_5;H4_run_1;H3_run_1;H4_run_6;H4_run_2;T_run_1,0.112972,0,,,0.01042413863,0.112972,0.001369254607,0,
53,400,53,1,1378,0.01038542022,0.01565111832;0.009956311979;0.009593042679;0.006341207882,0.00852295891;0.005195280249;0.008814364263;0.009214202512;0.01449098507;0.01403547086;0.011360436;0.01018257256;0.003822655512;0.02003672688;0.006821866087;0.006634902002;0.01666996705;0.009351403383;0.01250651701;0.00676210985;0.01699853521;0.007972398695;0.01530611013;0.004905557165;0.008188960373;0.008047306868;0.008615087706;0.01270862295;0.005656778012;0.01719915033,biomass;glucose;product;gp_nll,H2_run_2;T_run_1;H1_run_2;H4_run_3;H2_run_1;H3_run_5;H3_run_1;H1_run_4;H4_run_6;H3_run_4;H1_run_1;H3_run_3;H1_run_6;H3_run_6;H2_run_4;H4_run_2;H2_run_6;H4_run_5;H1_run_5;T_run_2;H4_run_1;H2_run_5;H4_run_4;H2_run_3;H3_run_2;H1_run_3,0.126135,0,,,0.01038542022,0.126135,0.001353864781,0,
54,400,54,1,1404,0.01034744019,0.01560962959;0.009914477166;0.009568984362;0.006296669664,0.008495344177;0.0125728171;0.01430231982;0.008496807825;0.007863711439;0.006811375845;0.005643518364;0.0172602298;0.007988081638;0.01237162826;0.02009947532;0.003789224631;0.009092810245;0.008165489633;0.009350370132;0.01679165794;0.004883262607;0.01136882734;0.0153643297;0.00516636903;0.01406158245;0.01680436063;0.008848109814;0.006612742423;0.01015263672;0.00667636218,biomass;glucose;product;gp_nll,H2_run_2;H2_run_3;H2_run_1;H4_run_4;H4_run_5;H1_run_1;H3_run_2;H1_run_3;H2_run_5;H2_run_4;H3_run_4;H4_run_6;H4_run_3;H4_run_1;H3_run_6;H1_run_6;T_run_2;H3_run_1;H1_run_5;T_run_1;H3_run_5;H2_run_6;H1_run_2;H3_run_3;H1_run_4;H4_run_2,0.136703,0,,,0.01034744019,0.136703,0.00133891831,0,
55,400,55,1,1430,0.01031017257,0.01556946715;0.00987298803;0.009545590401;0.006252644708,0.01732153659;0.007757535739;0.008381469124;0.003755882914;0.004860142826;0.01408826345;0.01137732585;0.0089739517;0.01691290629;0.005630529369;0.01542247468;0.00679950003;0.01661444266;0.008140280398;0.02016190153;0.008466187114;0.00792876889;0.01012412152;0.0122386461;0.01411830787;0.005136498274;0.009349662055;0.0088822514;0.006591781554;0.006590922663;0.0124391963,biomass;glucose;product;gp_nll,H1_run_3;H4_run_5;H4_run_4;H4_run_6;T_run_2;H3_run_5;H3_run_1;H4_run_3;H1_run_6;H3_run_2;H1_run_5;H1_run_1;H2_run_6;H4_run_1;H3_run_4;H2_run_2;H2_run_5;H1_run_4;H2_run_4;H2_run_1;T_run_1;H3_run_6;H1_run_2;H4_run_2;H3_run_3;H2_run_3,0.125672,0,,,0.01031017257,0.125672,0.001324397084,0,
56,400,56,1,1456,0.01027359237,0.01553058721;0.009831832953;0.009522828208;0.006209121111,0.01393878126;0.006508441592;0.02022389546;0.00891671922;0.006786220086;0.01738303775;0.01548049736;0.01138590208;0.01411545573;0.004836231771;0.008268965389;0.00885755137;0.00786944782;0.008435510515;0.01210765906;0.008113336307;0.005617806636;0.01703363104;0.01230779086;0.006569434595;0.00372267431;0.01642862484;0.01009697952;0.007653818536;0.009349264015;0.005105724498,biomass;glucose;product;gp_nll,H2_run_1;H4_run_2;H3_run_4;H1_run_2;H1_run_1;H1_run_3;H1_run_5;H3_run_1;H3_run_5;T_run_2;H4_run_4;H4_run_3;H2_run_5;H2_run_2;H2_run_4;H4_run_1;H3_run_2;H1_run_6;H2_run_3;H3_run_3;H4_run_6;H2_run_6;H1_run_4;H4_run_5;H3_run_6;T_run_1,0.212226,0,,,0.01027359237,0.212226,0.001310283895,0,
57,400,57,1,1482,0.01023768103,0.0154929544;0.009791009431;0.009500672963;0.006166087347,0.006771521516;0.008743541147;0.01217863401;0.008403341793;0.005605345162;0.007552511065;0.006426415996;0.008951440163;0.01139452501;0.0174446973;0.0162467595;0.008159196667;0.006548269585;0.009349159221;0.01007116272;0.01414309766;0.01553834658;0.01715374567;0.003689643375;0.007810199541;0.01376371615;0.01197875828;0.02028534312;0.005074105091;0.008084666426;0.004811564152,biomass;glucose;product;gp_nll,H1_run_1;H4_run_3;H2_run_3;H2_run_2;H3_run_2;H4_run_5;H4_run_2;H1_run_2;H3_run_1;H1_run_3;H2_run_6;H4_run_4;H3_run_3;H3_run_6;H1_run_4;H3_run_5;H1_run_5;H1_run_6;H4_run_6;H2_run_5;H2_run_1;H2_run_4;H3_run_4;T_run_1;H4_run_1;T_run_2,0.133525,0,,,0.01023768103,0.133525,0.001296564826,0,
58,400,58,1,1508,0.0102024067,0.01545651223;0.009750501387;0.009479080895;0.006123532287,0.01140316202;0.008986338287;0.006755402358;0.005593139273;0.01750647529;0.006345777874;0.005041698068;0.006527418443;0.008052069132;0.007453568438;0.008631857637;0.01727315887;0.01359271736;0.00478617528;0.00365683487;0.01205176128;0.01417112453;0.01185203551;0.007751106514;0.01559596794;0.008054285454;0.009349329218;0.01004662224;0.008369712952;0.02034612759;0.01606870775,biomass;glucose;product;gp_nll,H3_run_1;H1_run_2;H1_run_1;H3_run_2;H1_run_3;H4_run_2;T_run_1;H3_run_3;H4_run_4;H4_run_5;H4_run_3;H1_run_6;H2_run_1;T_run_2;H4_run_6;H2_run_3;H3_run_5;H2_run_4;H2_run_5;H1_run_5;H4_run_1;H3_run_6;H1_run_4;H2_run_2;H3_run_4;H2_run_6,0.150800,0,,,0.0102024067,0.150800,0.001283219455,0,
59,400,59,1,1534,0.01016775069,0.0154212232;0.009710308161;0.009458026238;0.00608144518,0.007356949541;0.003624293561;0.00769225216;0.01141177906;0.0134257525;0.01739177476;0.01002330806;0.009021334994;0.006506871493;0.02040612945;0.01172758263;0.009349753843;0.01565330364;0.008334660574;0.00558118258;0.00476010088;0.00500856177;0.008022213804;0.008522441604;0.01192721012;0.01419945857;0.01589433984;0.006266599383;0.006737840157;0.007947495395;0.01756832768,biomass;glucose;product;gp_nll,H4_run_5;H4_run_6;H2_run_5;H3_run_1;H2_run_1;H1_run_6;H1_run_4;H1_run_2;H3_run_3;H3_run_4;H2_run_4;H3_run_6;H1_run_5;H2_run_2;H3_run_2;T_run_2;T_run_1;H4_run_1;H4_run_3;H2_run_3;H3_run_5;H2_run_6;H4_run_2;H1_run_1;H4_run_4;H1_run_3,0.123283,0,,,0.01016775069,0.123283,0.001270235694,0,
60,400,60,1,1560,0.01013369309,0.01538704677;0.009670430481;0.009437479424;0.006039815673,0.009056349554;0.006188951178;0.00829822572;0.007262616567;0.006486618533;0.007633720154;0.01142034079;0.004733377033;0.007845395064;0.0116054905;0.005569467931;0.008415238673;0.01422805;0.01326268508;0.007988477713;0.006718842387;0.01750949377;0.009350411254;0.01572353497;0.01571029279;0.004974754697;0.02046522794;0.01000116874;0.01763020645;0.01180501899;0.003592063821,biomass;glucose;product;gp_nll,H1_run_2;H4_run_2;H2_run_2;H4_run_5;H3_run_3;H2_run_5;H3_run_1;T_run_2;H4_run_4;H2_run_4;H3_run_2;H4_run_3;H3_run_5;H2_run_1;H4_run_1;H1_run_1;H1_run_6;H3_run_6;H2_run_6;H1_run_5;T_run_1;H3_run_4;H1_run_4;H1_run_3;H2_run_3;H4_run_6,0.127556,0,,,0.01013369309,0.127556,0.00125759836,0,
61,400,61,1,1586,0.01010021171,0.01535393962;0.009630861164;0.009417412236;0.005998633812,0.008310199295;0.009980151186;0.01168522663;0.0075755939;0.01576687162;0.01762621334;0.01555618127;0.005557987386;0.01769205946;0.01142881075;0.01425681609;0.008260453803;0.007745692268;0.02052330177;0.01148584817;0.00909129965;0.006466648852;0.004940335299;0.009351277967;0.004706040092;0.007953109269;0.007170496275;0.006698412792;0.003560189342;0.006112901602;0.01310338637,biomass;glucose;product;gp_nll,H4_run_3;H1_run_4;H2_run_3;H2_run_5;H1_run_5;H1_run_6;H2_run_6;H3_run_2;H1_run_3;H3_run_1;H3_run_5;H2_run_2;H4_run_4;H3_run_4;H2_run_4;H1_run_2;H3_run_3;T_run_1;H3_run_6;T_run_2;H4_run_1;H4_run_5;H1_run_1;H4_run_6;H4_run_2;H2_run_1,0.137827,0,,,0.01010021171,0.137827,0.001245292317,0,
62,400,62,1,1612,0.01006729158,0.01532186144;0.009591622006;0.009397792847;0.005957890033,0.006676560034;0.01539221662;0.009960200567;0.0142856826;0.005546732201;0.003528712881;0.004678126572;0.007648316235;0.02058022993;0.0158229736;0.007080635294;0.01156787138;0.01775383036;0.00935232888;0.006446951271;0.006038516194;0.01774182851;0.00912610171;0.01143715151;0.007916146382;0.01294773522;0.01136874215;0.008221394505;0.00751795606;0.008207278686;0.004905361744,biomass;glucose;product;gp_nll,H1_run_1;H2_run_6;H1_run_4;H3_run_5;H3_run_2;H4_run_6;T_run_2;H4_run_4;H3_run_4;H1_run_5;H4_run_5;H2_run_3;H1_run_3;H3_run_6;H3_run_3;H4_run_2;H1_run_6;H1_run_2;H3_run_1;H4_run_1;H2_run_1;H2_run_4;H2_run_2;H2_run_5;H4_run_3;T_run_1,0.132202,0,,,0.01006729158,0.132202,0.001233307824,0,
63,400,63,1,1638,0.01003490703,0.01529076761;0.00955269703;0.009378588294;0.005917575178,0.01145299049;0.008181101447;0.0206358928;0.006653297715;0.01431457393;0.007877632583;0.01781545865;0.01785623294;0.003497675934;0.005535692823;0.009941213952;0.007553201513;0.004649673114;0.01523145467;0.01144532488;0.009160671523;0.01125425548;0.009353537384;0.007460887899;0.006992965964;0.004869891749;0.01587852973;0.006427514084;0.008106436665;0.01279561774;0.005965857084,biomass;glucose;product;gp_nll,H2_run_3;H2_run_2;H3_run_4;H1_run_1;H3_run_5;H4_run_1;H1_run_3;H1_run_6;H4_run_6;H3_run_2;H1_run_4;H4_run_4;T_run_2;H2_run_6;H3_run_1;H1_run_2;H2_run_4;H3_run_6;H2_run_5;H4_run_5;T_run_1;H1_run_5;H3_run_3;H4_run_3;H2_run_1;H4_run_2,0.131986,0,,,0.01003490703,0.131986,0.001221627009,0,
64,400,64,1,1664,0.01000304556,0.01526061977;0.009514107388;0.009359774617;0.005877680469,0.01134061956;0.004620716255;0.005894982693;0.009354875421;0.003467118557;0.01434341341;0.01507386088;0.02069017277;0.009194924609;0.005524858904;0.007460287853;0.006408325217;0.008139632027;0.007837616896;0.009923230784;0.01593346881;0.007404468944;0.0178768796;0.0114532921;0.006628644389;0.006907461065;0.0111424672;0.004833982207;0.008007637627;0.01796931934;0.01264692746,biomass;glucose;product;gp_nll,H2_run_3;T_run_2;H4_run_2;H3_run_6;H4_run_6;H3_run_5;H2_run_6;H3_run_4;H1_run_2;H3_run_2;H4_run_4;H3_run_3;H2_run_2;H4_run_1;H1_run_4;H1_run_5;H2_run_5;H1_run_3;H3_run_1;H1_run_1;H4_run_5;H2_run_4;T_run_1;H4_run_3;H1_run_6;H2_run_1,0.123814,0,,,0.01000304556,0.123814,0.00121024118,0,
65,400,65,1,1690,0.009971689367,0.01523137831;0.009475857299;0.009341324342;0.005838197516,0.009906137536;0.006602623567;0.01598771772;0.007369519853;0.007348776498;0.007796153696;0.01103345173;0.02074295523;0.005825994859;0.004797689043;0.01146101402;0.005514219321;0.003437079145;0.01437212373;0.006389372133;0.01250156489;0.01793802445;0.009356313613;0.006824095204;0.01808098036;0.008097047237;0.007910850272;0.00922877676;0.01491935813;0.004591292415;0.01123079211,biomass;glucose;product;gp_nll,H1_run_4;H1_run_1;H1_run_5;H4_run_4;H2_run_5;H4_run_1;H2_run_4;H3_run_4;H4_run_2;T_run_1;H3_run_1;H3_run_2;H4_run_6;H3_run_5;H3_run_3;H2_run_1;H1_run_3;H3_run_6;H4_run_5;H1_run_6;H2_run_2;H4_run_3;H1_run_2;H2_run_6;T_run_2;H2_run_3,0.129825,0,,,0.009971689367,0.129825,0.001199136834,0,
66,400,66,1,1716,0.009940817568,0.01520299634;0.009437950674;0.009323204951;0.005799118307,0.007753302422;0.01799882045;0.005758843765;0.003407594261;0.009262144507;0.01235943729;0.009357821377;0.006742844566;0.007280846738;0.007816047437;0.01819110929;0.005503762219;0.01092727831;0.006575263655;0.008053411373;0.00456143772;0.01112353911;0.00729388526;0.02079412929;0.01476787737;0.009889871166;0.004761066905;0.006370641918;0.01604120172;0.01440062731;0.01146845135,biomass;glucose;product;gp_nll,H4_run_1;H1_run_3;H4_run_2;H4_run_6;H1_run_2;H2_run_1;H3_run_6;H4_run_5;H4_run_4;H4_run_3;H1_run_6;H3_run_2;H2_run_4;H1_run_1;H2_run_2;T_run_2;H2_run_3;H2_run_5;H3_run_4;H2_run_6;H1_run_4;T_run_1;H3_run_3;H1_run_5;H3_run_5;H3_run_1,0.128186,0,,,0.009940817568,0.128186,0.00118830109,0,
67,400,67,1,1742,0.00991041806,0.01517543974;0.009400401369;0.009305395934;0.005760435193,0.004724168855;0.007194222129;0.01101888854;0.01442884667;0.007239866979;0.02084358854;0.004531187831;0.006546597898;0.009294945569;0.006663686727;0.008008791774;0.01082401059;0.005693626774;0.0146193572;0.01805919094;0.006352121362;0.005493475054;0.009874366582;0.007709127278;0.01222052064;0.01609384469;0.003378698485;0.009359367048;0.01829960064;0.007723205915;0.01147556486,biomass;glucose;product;gp_nll,T_run_1;H4_run_4;H2_run_3;H3_run_5;H2_run_5;H3_run_4;T_run_2;H1_run_1;H1_run_2;H4_run_5;H2_run_2;H2_run_4;H4_run_2;H2_run_6;H1_run_3;H3_run_3;H3_run_2;H1_run_4;H4_run_1;H2_run_1;H1_run_5;H4_run_6;H3_run_6;H1_run_6;H4_run_3;H3_run_1,0.126998,0,,,0.00991041806,0.126998,0.001177723195,0,
68,400,68,1,1768,0.009880469821,0.01514866023;0.009363217392;0.009287860794;0.005722140869,0.01811905559;0.009360918066;0.01148231558;0.009327099242;0.006333796991;0.007632306188;0.004687046141;0.007963258532;0.007663696896;0.01447374356;0.00450057782;0.009859556698;0.01614556945;0.006586600443;0.006516664249;0.01091686515;0.01840635071;0.02089123169;0.005630384413;0.00335042434;0.01072370639;0.007186790216;0.01208460422;0.0144567047;0.005483344666;0.007109603406,biomass;glucose;product;gp_nll,H1_run_3;H3_run_6;H3_run_1;H1_run_2;H3_run_3;H4_run_3;T_run_1;H2_run_2;H4_run_1;H2_run_6;T_run_2;H1_run_4;H1_run_5;H4_run_5;H1_run_1;H2_run_3;H1_run_6;H3_run_4;H4_run_2;H4_run_6;H2_run_4;H2_run_5;H2_run_1;H3_run_5;H3_run_2;H4_run_4,0.136074,0,,,0.009880469821,0.136074,0.001167390338,0,
69,400,69,1,1794,0.009850957485,0.01512262231;0.009326404009;0.009270575231;0.005684228384,0.01148866516;0.006485505208;0.005473357349;0.0108174899;0.004469642007;0.006511565375;0.007134719836;0.01619629825;0.005569152081;0.02093696349;0.00754333215;0.01448412527;0.01062641701;0.009362441198;0.007026952309;0.01433098946;0.007617083901;0.007916884096;0.01817826366;0.009358527062;0.006315655157;0.003322802057;0.01195168357;0.009845372623;0.01851125853;0.004649747891,biomass;glucose;product;gp_nll,H3_run_1;H1_run_1;H3_run_2;H2_run_3;T_run_2;H4_run_5;H2_run_5;H1_run_5;H4_run_2;H3_run_4;H4_run_3;H3_run_5;H2_run_4;H3_run_6;H4_run_4;H2_run_6;H4_run_1;H2_run_2;H1_run_3;H1_run_2;H3_run_3;H4_run_6;H2_run_1;H1_run_4;H1_run_6;T_run_1,0.124838,0,,,0.009850957485,0.124838,0.001157291124,0,
70,400,70,1,1820,0.009821862362,0.01509727127;0.009289974764;0.009253512305;0.005646691112,0.01861399703;0.005463498945;0.004612320867;0.009363902733;0.005509960046;0.0209806953;0.007569364464;0.006453167628;0.009831743944;0.006297682155;0.01182169011;0.01419105447;0.006946233994;0.01053218713;0.007456270817;0.01451103352;0.007869742937;0.00938915317;0.01149457607;0.01624595311;0.01823686116;0.0044384138;0.01072077969;0.00329585954;0.007083716831;0.006438561951,biomass;glucose;product;gp_nll,H1_run_6;H3_run_2;T_run_1;H3_run_6;H4_run_2;H3_run_4;H4_run_1;H1_run_1;H1_run_4;H3_run_3;H2_run_1;H2_run_6;H4_run_4;H2_run_4;H4_run_3;H3_run_5;H2_run_2;H1_run_2;H3_run_1;H1_run_5;H1_run_3;T_run_2;H2_run_3;H4_run_6;H2_run_5;H4_run_5,0.136063,0,,,0.009821862362,0.136063,0.001147415658,0,
71,400,71,1,1846,0.00979318066,0.01507259435;0.009253946538;0.009236658998;0.005609522757,0.00457480932;0.009818598891;0.01062674701;0.006367571117;0.01044105448;0.009418904824;0.009365268737;0.005453754943;0.01629434747;0.01453735629;0.005452833329;0.01829469327;0.007821911194;0.0115000119;0.004406925639;0.007371107918;0.02102234578;0.007033838035;0.003269622261;0.01169456025;0.006419702533;0.01405390422;0.007520617884;0.006279864255;0.01871492883;0.006867416789,biomass;glucose;product;gp_nll,T_run_1;H1_run_4;H2_run_3;H4_run_5;H2_run_4;H1_run_2;H3_run_6;H3_run_2;H1_run_5;H3_run_5;H4_run_2;H1_run_3;H2_run_2;H3_run_1;T_run_2;H4_run_3;H3_run_4;H2_run_5;H4_run_6;H2_run_1;H1_run_1;H2_run_6;H4_run_1;H3_run_3;H1_run_6;H4_run_4,0.120762,0,,,0.00979318066,0.120762,0.001137751198,0,
72,400,72,1,1872,0.009764898182,0.01504854181;0.009218347546;0.009219986055;0.005572717314,0.009805864692;0.01881373755;0.005397791865;0.006385165268;0.01157023532;0.009447712636;0.007773466361;0.004537254768;0.003244113289;0.006298574394;0.009366505244;0.01456302233;0.007470926092;0.01634162176;0.006790472081;0.006985136079;0.01053539967;0.00544411064;0.01835166835;0.01391951009;0.0115049376;0.004375208825;0.007287838862;0.01035304997;0.006262187875;0.02106184113,biomass;glucose;product;gp_nll,H1_run_4;H1_run_6;H4_run_2;H1_run_1;H2_run_1;H1_run_2;H2_run_2;T_run_1;H4_run_6;H4_run_5;H3_run_6;H3_run_5;H4_run_1;H1_run_5;H4_run_4;H2_run_5;H2_run_3;H3_run_2;H1_run_3;H2_run_6;H3_run_1;T_run_2;H4_run_3;H2_run_4;H3_run_3;H3_run_4,0.120224,0,,,0.009764898182,0.120224,0.001128289329,0,
73,400,73,1,1898,0.009736997207,0.01502507464;0.009183175536;0.009203469567;0.005536269083,0.004343293596;0.006244636791;0.006349614267;0.0104467412;0.01891033828;0.005344850413;0.004499696032;0.01840769334;0.007420373107;0.02109911579;0.01378784833;0.003219353202;0.009475511117;0.01458796289;0.01026819743;0.01638759117;0.007206459045;0.009367578562;0.009793467903;0.01150931973;0.005434551205;0.006937659102;0.006715373764;0.01144866096;0.006231553398;0.007724486748,biomass;glucose;product;gp_nll,T_run_2;H3_run_3;H1_run_1;H2_run_3;H1_run_6;H4_run_2;T_run_1;H1_run_3;H4_run_1;H3_run_4;H2_run_6;H4_run_6;H1_run_2;H3_run_5;H2_run_4;H1_run_5;H4_run_3;H3_run_6;H1_run_4;H3_run_1;H3_run_2;H2_run_5;H4_run_4;H2_run_1;H4_run_5;H2_run_2,0.129793,0,,,0.009736997207,0.129793,0.001119018031,0,
74,400,74,1,1924,0.009709465411,0.01500215513;0.00914844432;0.009187089546;0.005500172649,0.004462169058;0.009502239088;0.01900465145;0.00529401853;0.02113411285;0.006166489797;0.01132978675;0.007675051099;0.009781335002;0.00631311094;0.006891450564;0.006642098031;0.007369044469;0.01643218136;0.01151312681;0.0101865134;0.01846267428;0.007126964312;0.01461211198;0.01036077022;0.006227203442;0.003195360027;0.01365891084;0.009368455568;0.005425061852;0.004311208986,biomass;glucose;product;gp_nll,T_run_1;H1_run_2;H1_run_6;H4_run_2;H3_run_4;H4_run_5;H2_run_1;H2_run_2;H1_run_4;H1_run_1;H2_run_5;H4_run_4;H4_run_1;H1_run_5;H3_run_1;H2_run_4;H1_run_3;H4_run_3;H3_run_5;H2_run_3;H3_run_3;H4_run_6;H2_run_6;H3_run_6;H3_run_2;T_run_2,0.128404,0,,,0.009709465411,0.128404,0.001109925852,0,
75,400,75,1,1950,0.009682289312,0.01497974871;0.009114162799;0.009170822872;0.005464422864,0.004278982792;0.009369104009;0.01010800703;0.009527840096;0.02116678453;0.01027748022;0.007317026675;0.00610336516;0.004424700762;0.005245300557;0.0164753203;0.01909660337;0.006570623032;0.01463540684;0.01353266319;0.007049351649;0.006275719966;0.00620987236;0.009769392993;0.01151632961;0.006846549058;0.01851651681;0.007625238164;0.01121356575;0.003172149193;0.005415627989,biomass;glucose;product;gp_nll,T_run_2;H3_run_6;H2_run_4;H1_run_2;H3_run_4;H2_run_3;H4_run_1;H4_run_5;T_run_1;H4_run_2;H1_run_5;H1_run_6;H4_run_4;H3_run_5;H2_run_6;H4_run_3;H1_run_1;H3_run_3;H1_run_4;H3_run_1;H2_run_5;H1_run_3;H2_run_2;H2_run_1;H4_run_6;H3_run_2,0.122373,0,,,0.009682289312,0.122373,0.001101004047,0,
76,400,76,1,1976,0.009655457833,0.01495781978;0.009080344805;0.009154651895;0.005429014849,0.006802988182;0.007575126235;0.006042160788;0.006500928559;0.01019685943;0.01651693887;0.01918612657;0.006237508598;0.003149733511;0.01003268005;0.005406235383;0.01340910015;0.01109995405;0.01856912766;0.006192631541;0.005198695694;0.009552262781;0.007264406614;0.01465778834;0.004387333556;0.009757569888;0.02119709253;0.00424664163;0.00697361877;0.01151890144;0.009369492828,biomass;glucose;product;gp_nll,H2_run_5;H2_run_2;H4_run_5;H4_run_4;H2_run_3;H1_run_5;H1_run_6;H1_run_1;H4_run_6;H2_run_4;H3_run_2;H2_run_6;H2_run_1;H1_run_3;H3_run_3;H4_run_2;H1_run_2;H4_run_1;H3_run_5;T_run_1;H1_run_4;H3_run_4;T_run_2;H4_run_3;H3_run_1;H3_run_6,0.134398,0,,,0.009655457833,0.134398,0.001092241114,0,
77,400,77,1,2002,0.0096289595,0.01493633434;0.009047000844;0.009138558837;0.005393943976,0.01011889066;0.01467920139;0.005396870331;0.006432995691;0.007524792699;0.01328821125;0.004214210929;0.006175469796;0.003128123137;0.009960526664;0.004350088651;0.02122500835;0.01655697153;0.009369592486;0.009745795467;0.005154198005;0.01098891023;0.009575461247;0.00689976363;0.005982857516;0.006198546267;0.01927316032;0.01862041491;0.006760796383;0.007211270975;0.01152081849,biomass;glucose;product;gp_nll,H2_run_3;H3_run_5;H3_run_2;H4_run_4;H2_run_2;H2_run_6;T_run_2;H3_run_3;H4_run_6;H2_run_4;T_run_1;H3_run_4;H1_run_5;H3_run_6;H1_run_4;H4_run_2;H2_run_1;H1_run_2;H4_run_3;H4_run_5;H1_run_1;H1_run_6;H1_run_3;H2_run_5;H4_run_1;H3_run_1,0.120106,0,,,0.0096289595,0.120106,0.001083626519,0,
78,400,78,1,2028,0.009602783263,0.01491525948;0.009014140693;0.009122527011;0.005359205864,0.01004355113;0.009891533439;0.007474313581;0.01316998749;0.00310732554;0.009369375296;0.01469959531;0.007157705787;0.01152206005;0.005387519834;0.004181703278;0.006827783943;0.01935765101;0.006719996829;0.006158904187;0.01867028914;0.005925435533;0.006366806444;0.01088039493;0.006158376926;0.02125051353;0.009597395411;0.01659535708;0.005111796436;0.009734001988;0.004312990711,biomass;glucose;product;gp_nll,H2_run_3;H2_run_4;H2_run_2;H2_run_6;H4_run_6;H3_run_6;H3_run_5;H4_run_1;H3_run_1;H3_run_2;T_run_2;H4_run_3;H1_run_6;H2_run_5;H1_run_1;H1_run_3;H4_run_5;H4_run_4;H2_run_1;H3_run_3;H3_run_4;H1_run_2;H1_run_5;H4_run_2;H1_run_4;T_run_1,0.127598,0,,,0.009602783263,0.127598,0.001075149735,0,
79,400,79,1,2054,0.009576923936,0.01489457317;0.008981777995;0.009106548211;0.005324796367,0.009368815752;0.006680649491;0.01471892425;0.00972212494;0.00982567929;0.01663203935;0.005869874198;0.02127359991;0.01305442056;0.003087345482;0.01871866449;0.006118654946;0.007103848268;0.01943955254;0.006757676702;0.005071474853;0.004276061868;0.009618031311;0.009970817323;0.004149165453;0.005378171782;0.006302343423;0.006141343898;0.01077437026;0.00742376312;0.01152260888,biomass;glucose;product;gp_nll,H3_run_6;H2_run_5;H3_run_5;H1_run_4;H2_run_4;H1_run_5;H4_run_5;H3_run_4;H2_run_6;H4_run_6;H1_run_3;H1_run_1;H4_run_1;H1_run_6;H4_run_3;H4_run_2;T_run_1;H1_run_2;H2_run_3;T_run_2;H3_run_2;H4_run_4;H3_run_3;H2_run_1;H2_run_2;H3_run_1,0.115771,0,,,0.009576923936,0.115771,0.001066800737,0,
80,400,80,1,2080,0.009551364157,0.01487422973;0.008949918741;0.009090596599;0.005290711556,0.003068185061;0.006124363064;0.01067079939;0.009710103906;0.005816151947;0.005033212226;0.00936789084;0.01473714741;0.004239321886;0.004116608003;0.006689437741;0.01876545969;0.009762934585;0.01294150604;0.0099006476;0.007049673264;0.009637341235;0.007373213315;0.006642679131;0.01666696789;0.006077872042;0.006239589513;0.005368815138;0.01152245134;0.02129426943;0.01951882639,biomass;glucose;product;gp_nll,H4_run_6;H3_run_3;H2_run_1;H1_run_4;H4_run_5;H4_run_2;H3_run_6;H3_run_5;T_run_1;T_run_2;H4_run_3;H1_run_3;H2_run_4;H2_run_6;H2_run_3;H4_run_1;H1_run_2;H2_run_2;H2_run_5;H1_run_5;H1_run_1;H4_run_4;H3_run_2;H3_run_1;H3_run_4;H1_run_6,0.130763,0,,,0.009551364157,0.130763,0.001058568596,0,
81,400,81,1,2106,0.009526095809,0.01485420413;0.00891856913;0.009074662238;0.005256947741,0.007322733452;0.005359404267;0.009833005117;0.006623061182;0.006107428257;0.01056964592;0.009697883172;0.004202788483;0.01959544252;0.009703262048;0.006036629505;0.009366580391;0.004996982286;0.006995316187;0.009655304314;0.01283123173;0.003049843528;0.0213125348;0.005764245914;0.004084052496;0.01152157778;0.00617852745;0.006606137861;0.01475417425;0.01670009891;0.01881059922,biomass;glucose;product;gp_nll,H2_run_2;H3_run_2;H2_run_3;H4_run_3;H3_run_3;H2_run_1;H1_run_4;T_run_1;H1_run_6;H2_run_4;H1_run_1;H3_run_6;H4_run_2;H4_run_1;H1_run_2;H2_run_6;H4_run_6;H3_run_4;H4_run_5;T_run_2;H3_run_1;H4_run_4;H2_run_5;H3_run_5;H1_run_5;H1_run_3,0.119608,0,,,0.009526095809,0.119608,0.001050443345,0,
82,400,82,1,2132,0.009501123105,0.01483449144;0.008887751207;0.009058748323;0.005223501449,0.01477008755;0.0104708735;0.004962753765;0.009685412569;0.01885401431;0.01272358566;0.006090535026;0.00727238977;0.009767844513;0.00655853906;0.003032317367;0.01151998273;0.009364867345;0.004051519803;0.005995001499;0.006571026734;0.005714255787;0.01673139582;0.009646618375;0.006119139568;0.006940854655;0.00967190652;0.01966937932;0.005350002804;0.004166477518;0.02132841916,biomass;glucose;product;gp_nll,H3_run_5;H2_run_1;H4_run_2;H1_run_4;H1_run_3;H2_run_6;H3_run_3;H2_run_2;H2_run_3;H4_run_3;H4_run_6;H3_run_1;H3_run_6;T_run_2;H1_run_1;H2_run_5;H4_run_5;H1_run_5;H2_run_4;H4_run_4;H4_run_1;H1_run_2;H1_run_6;H3_run_2;T_run_1;H3_run_4,0.126040,0,,,0.009501123105,0.126040,0.001042418324,0,
83,400,83,1,2158,0.009476426021,0.01481504327;0.008857459209;0.009042832192;0.005190369417,0.005665901448;0.01151766496;0.006886362928;0.00968714077;0.005340567722;0.006073680713;0.004019030281;0.009592951465;0.009672648223;0.006061407431;0.003015600307;0.009362738033;0.01261855423;0.01478480775;0.00649586083;0.007222244947;0.009705114129;0.01889564413;0.01037444535;0.01676082999;0.02134195581;0.005953066383;0.004130403355;0.01974062371;0.004930490507;0.006537341153,biomass;glucose;product;gp_nll,H4_run_5;H3_run_1;H4_run_1;H1_run_2;H3_run_2;H3_run_3;T_run_2;H2_run_4;H1_run_4;H4_run_4;H4_run_6;H3_run_6;H2_run_6;H3_run_5;H4_run_3;H2_run_2;H2_run_3;H1_run_3;H2_run_1;H1_run_5;H3_run_4;H1_run_1;T_run_1;H1_run_6;H4_run_2;H2_run_5,0.115903,0,,,0.009476426021,0.115903,0.001034475623,0,
84,400,84,1,2184,0.009452003247,0.01479584787;0.008827705513;0.009026911013;0.005157548592,0.002999683283;0.004900151428;0.006056864705;0.005619286672;0.007172357891;0.009542201482;0.00591088745;0.01151462776;0.003986603803;0.009360182435;0.01980917129;0.009644756474;0.0167883813;0.01028032399;0.006435013144;0.006831911639;0.01251612088;0.01479831817;0.009659553249;0.005331093917;0.02135318822;0.006005311699;0.00409457901;0.009701007085;0.01893543662;0.006505070815,biomass;glucose;product;gp_nll,H4_run_6;H4_run_2;H3_run_3;H4_run_5;H2_run_2;H2_run_4;H1_run_1;H3_run_1;T_run_2;H3_run_6;H1_run_6;H2_run_3;H1_run_5;H2_run_1;H4_run_3;H4_run_1;H2_run_6;H3_run_5;H1_run_4;H3_run_2;H3_run_4;H4_run_4;T_run_1;H1_run_2;H1_run_3;H2_run_5,0.136037,0,,,0.009452003247,0.136037,0.001026609275,0,
85,400,85,1,2210,0.009427849868,0.01477688601;0.008798497581;0.009010979765;0.005125036119,0.01241626536;0.01681403868;0.009646098341;0.009357194356;0.004059016493;0.00971351257;0.01481060874;0.0055743823;0.00958670844;0.005868541505;0.009494301009;0.003954259914;0.01018847084;0.02136216963;0.006777567422;0.004871690634;0.007122783403;0.01987502636;0.006474199769;0.01151087899;0.006375979467;0.006040088501;0.005321578114;0.01897334942;0.005950831828;0.00298455447,biomass;glucose;product;gp_nll,H2_run_6;H1_run_5;H1_run_4;H3_run_6;T_run_1;H1_run_2;H3_run_5;H4_run_5;H2_run_3;H1_run_1;H2_run_4;T_run_2;H2_run_1;H3_run_4;H4_run_1;H4_run_2;H2_run_2;H1_run_6;H2_run_5;H3_run_1;H4_run_3;H3_run_3;H3_run_2;H1_run_3;H4_run_4;H4_run_6,0.113714,0,,,0.009427849868,0.113714,0.001018809513,0,
86,400,86,1,2236,0.00940396172,0.0147581407;0.008769842301;0.008995034544;0.005092829337,0.005897945884;0.0123189632;0.005531157332;0.006318739814;0.01482167607;0.006723392626;0.007073571912;0.009449175244;0.009632262286;0.005826098759;0.0199382018;0.009353771594;0.004845057551;0.005312018972;0.00297019932;0.009530901524;0.0115064311;0.009724671338;0.01683780051;0.01009884596;0.006444706506;0.003922017922;0.0213689626;0.0190093507;0.004023728377;0.006023355807,biomass;glucose;product;gp_nll,H4_run_4;H2_run_6;H4_run_5;H4_run_3;H3_run_5;H4_run_1;H2_run_2;H2_run_4;H1_run_4;H1_run_1;H1_run_6;H3_run_6;H4_run_2;H3_run_2;H4_run_6;H2_run_3;H3_run_1;H1_run_2;H1_run_5;H2_run_1;H2_run_5;T_run_2;H3_run_4;H1_run_3;T_run_1;H3_run_3,0.112884,0,,,0.00940396172,0.112884,0.001011066836,0,
87,400,87,1,2262,0.009380334882,0.01473959563;0.008741745797;0.00897907233;0.005060925775,0.006263270562;0.009349916036;0.01150130112;0.0100114079;0.01999871893;0.005783627456;0.0060066726;0.01483152349;0.005489578877;0.002956600616;0.009734489311;0.00947726211;0.01904341984;0.00666944509;0.009618032371;0.009406742237;0.02137363847;0.005302417146;0.00584663084;0.01685967498;0.004820197066;0.01222418528;0.007024769267;0.006416564076;0.003988724292;0.003889896971,biomass;glucose;product;gp_nll,H4_run_3;H3_run_6;H3_run_1;H2_run_1;H1_run_6;H1_run_1;H3_run_3;H3_run_5;H4_run_5;H4_run_6;H1_run_2;H2_run_3;H1_run_3;H4_run_1;H1_run_4;H2_run_4;H3_run_4;H3_run_2;H4_run_4;H1_run_5;H4_run_2;H2_run_6;H2_run_2;H2_run_5;T_run_1;T_run_2,0.123069,0,,,0.009380334882,0.123069,0.001003371854,0,
88,400,88,1,2288,0.009356968292,0.01472124167;0.008714214856;0.008963093502;0.005029323139,0.005449612133;0.006615777995;0.01149551061;0.004797049735;0.02005660714;0.003857917132;0.006976416602;0.009926113503;0.009603404671;0.005796861283;0.005741193539;0.01484016104;0.00936691323;0.005292775324;0.009743028765;0.01687968022;0.006389740281;0.00294373855;0.009425711834;0.006209544318;0.009345633715;0.0213762767;0.003954014661;0.005990047156;0.01213189756;0.01907554791,biomass;glucose;product;gp_nll,H4_run_5;H4_run_1;H3_run_1;H4_run_2;H1_run_6;T_run_2;H2_run_2;H2_run_1;H1_run_4;H4_run_4;H1_run_1;H3_run_5;H2_run_4;H3_run_2;H1_run_2;H1_run_5;H2_run_5;H4_run_6;H2_run_3;H4_run_3;H3_run_6;H3_run_4;T_run_1;H3_run_3;H2_run_6;H1_run_3,0.121458,0,,,0.009356968292,0.121458,0.0009957163182,0,
89,400,89,1,2314,0.009333860071,0.01470306761;0.008687255252;0.00894709811;0.00499801931,0.01148908549;0.004775551966;0.009750304252;0.009376167997;0.009588384166;0.00541122039;0.005698860292;0.006562439746;0.00528309822;0.01204206083;0.009329592997;0.01910573801;0.01484760535;0.003826096335;0.002931590797;0.02011190361;0.003919609994;0.006157529876;0.009842917971;0.005973490022;0.0057486101;0.009340934797;0.006364209937;0.006928550212;0.01689784437;0.0213769641,biomass;glucose;product;gp_nll,H3_run_1;H4_run_2;H1_run_2;H2_run_3;H1_run_4;H4_run_5;H1_run_1;H4_run_1;H3_run_2;H2_run_6;H2_run_4;H1_run_3;H3_run_5;T_run_2;H4_run_6;H1_run_6;T_run_1;H4_run_3;H2_run_1;H3_run_3;H4_run_4;H3_run_6;H2_run_5;H2_run_2;H1_run_5;H3_run_4,0.117732,0,,,0.009333860071,0.117732,0.0009880919128,0,
90,400,90,1,2340,0.009311008589,0.01468506391;0.008660870703;0.008931087405;0.004967012335,0.01195463072;0.0114820559;0.005656688053;0.003794453419;0.009294680376;0.006107192239;0.01691420545;0.009328544101;0.004755636333;0.009572984759;0.006509473943;0.01913400546;0.006881201525;0.01485387945;0.00527339254;0.005957013972;0.009335833509;0.006339906752;0.02137579402;0.00975635571;0.02016465267;0.005374365096;0.009761774987;0.005701848762;0.002920132652;0.003885520923,biomass;glucose;product;gp_nll,H2_run_6;H3_run_1;H1_run_1;T_run_2;H2_run_4;H4_run_3;H1_run_5;H2_run_3;H4_run_2;H1_run_4;H4_run_1;H1_run_3;H2_run_2;H3_run_5;H3_run_2;H3_run_3;H3_run_6;H2_run_5;H3_run_4;H1_run_2;H1_run_6;H4_run_5;H2_run_1;H4_run_4;H4_run_6;T_run_1,0.121515,0,,,0.009311008589,0.121515,0.0009804904066,0,
91,400,91,1,2366,0.009288418779,0.01466723466;0.008635070995;0.008915069048;0.004936300415,0.005263666898;0.009761228606;0.006316796454;0.009262181801;0.005339005941;0.005614733983;0.02137286539;0.01692881106;0.006058492708;0.009282750392;0.003851758341;0.00565654705;0.01485901248;0.01186955766;0.006456919432;0.01147445589;0.009330348009;0.003763007106;0.004737231864;0.009557229089;0.009682636796;0.006834397157;0.0191603777;0.02021490537;0.002909337156;0.005940633921,biomass;glucose;product;gp_nll,H3_run_2;H1_run_2;H2_run_5;H2_run_4;H4_run_5;H1_run_1;H3_run_4;H1_run_5;H4_run_3;H2_run_3;T_run_1;H4_run_4;H3_run_5;H2_run_6;H4_run_1;H3_run_1;H3_run_6;T_run_2;H4_run_2;H1_run_4;H2_run_1;H2_run_2;H1_run_3;H1_run_6;H4_run_6;H3_run_3,0.119033,0,,,0.009288418779,0.119033,0.0009729074504,0,
92,400,92,1,2392,0.009266082489,0.0146495578;0.008609851193;0.008899039067;0.004905881899,0.009764973358;0.005305100958;0.005573051761;0.00932450017;0.006011389022;0.005253931691;0.01694171806;0.004720264462;0.009231749547;0.005612673722;0.006788158942;0.005924368732;0.01486303934;0.003731775966;0.009238694604;0.02026271868;0.009605453788;0.003818333542;0.01146632313;0.01918489411;0.02136828165;0.002899175294;0.01178678708;0.006294828547;0.009541148191;0.006404810358,biomass;glucose;product;gp_nll,H1_run_2;H4_run_5;H1_run_1;H3_run_6;H4_run_3;H3_run_2;H1_run_5;H4_run_2;H2_run_4;H4_run_4;H2_run_2;H3_run_3;H3_run_5;T_run_2;H2_run_3;H1_run_6;H2_run_1;T_run_1;H3_run_1;H1_run_3;H3_run_4;H4_run_6;H2_run_6;H2_run_5;H1_run_4;H4_run_1,0.126202,0,,,0.009266082489,0.126202,0.0009653314329,0,
93,400,93,1,2418,0.009244005916,0.01463204115;0.008585219886;0.008883007353;0.004875755274,0.00931831538;0.01170625978;0.01145769861;0.006353176354;0.009196282479;0.005244198972;0.005570196325;0.005272606743;0.003700778277;0.003785258172;0.00674250416;0.005965835666;0.002889616144;0.02030815481;0.01486600025;0.01920760546;0.02136214983;0.009203392202;0.005908233117;0.005531691562;0.009530175639;0.009524781105;0.009767644812;0.01695299187;0.00470465724;0.00627394887,biomass;glucose;product;gp_nll,H3_run_6;H2_run_6;H3_run_1;H4_run_1;H2_run_3;H3_run_2;H4_run_4;H4_run_5;T_run_2;T_run_1;H2_run_2;H4_run_3;H4_run_6;H1_run_6;H3_run_5;H1_run_3;H3_run_4;H2_run_4;H3_run_3;H1_run_1;H2_run_1;H1_run_4;H1_run_2;H1_run_5;H4_run_2;H2_run_5,0.136431,0,,,0.009244005916,0.136431,0.0009577592916,0,
94,400,94,1,2444,0.009222189204,0.0146146812;0.008561177899;0.008866978565;0.004845919151,0.006302042709;0.01486794026;0.005892249471;0.004690331019;0.005921784117;0.003670031968;0.01144862617;0.009155418607;0.005529078549;0.009311822203;0.01922857335;0.02135452631;0.009769301576;0.005234482248;0.00945675127;0.01162791227;0.006697445683;0.005241478606;0.009508174218;0.009176991078;0.0062541001;0.002880627111;0.003752544308;0.02035128039;0.01696270587;0.005490699838,biomass;glucose;product;gp_nll,H4_run_1;H3_run_5;H3_run_3;H4_run_2;H4_run_3;T_run_2;H3_run_1;H2_run_3;H4_run_4;H3_run_6;H1_run_3;H3_run_4;H1_run_2;H3_run_2;H2_run_1;H2_run_6;H2_run_2;H4_run_5;H1_run_4;H2_run_4;H2_run_5;H4_run_6;T_run_1;H1_run_6;H1_run_5;H1_run_1,0.119886,0,,,0.009222189204,0.119886,0.0009501856552,0,
95,400,95,1,2470,0.009200634847,0.01459748468;0.00853772031;0.008850962142;0.004816372254,0.009491380545;0.009305052027;0.00587918321;0.006251430352;0.003639554482;0.0062352223;0.02134563017;0.006652992253;0.005211670814;0.02039216563;0.004677204868;0.01486890863;0.01143915209;0.00545011925;0.01924786935;0.0097700053;0.009116007215;0.01697094053;0.005224796264;0.009152391927;0.01155159692;0.009385129189;0.005489284577;0.003720204404;0.005876439539;0.002872174189,biomass;glucose;product;gp_nll,H1_run_4;H3_run_6;H4_run_3;H4_run_1;T_run_2;H2_run_5;H3_run_4;H2_run_2;H4_run_5;H1_run_6;H4_run_2;H3_run_5;H3_run_1;H1_run_1;H1_run_3;H1_run_2;H2_run_3;H1_run_5;H3_run_2;H2_run_4;H2_run_6;H2_run_1;H4_run_4;T_run_1;H3_run_3;H4_run_6,0.147540,0,,,0.009200634847,0.147540,0.0009426048412,0,
96,400,96,1,2496,0.009179352581,0.01458045785;0.008514870062;0.008834968991;0.004787113421,0.005837978472;0.01147739911;0.002864222148;0.0090779528;0.006609148777;0.02133551719;0.009298038746;0.005860826227;0.009474458818;0.01486895827;0.0204308834;0.004665196539;0.005215156808;0.01142932472;0.01697778235;0.00545077773;0.00976982006;0.01926557254;0.006217253346;0.005183136874;0.005409988748;0.003688251208;0.006201356806;0.009129544792;0.003609362642;0.009315257979,biomass;glucose;product;gp_nll,H4_run_3;H2_run_6;H4_run_6;H2_run_3;H2_run_2;H3_run_4;H3_run_6;H3_run_3;H1_run_4;H3_run_5;H1_run_6;H4_run_2;H3_run_2;H3_run_1;H1_run_5;H4_run_4;H1_run_2;H1_run_3;H2_run_5;H4_run_5;H1_run_1;T_run_1;H4_run_1;H2_run_4;T_run_2;H2_run_1,0.114685,0,,,0.009179352581,0.114685,0.0009350177726,0,
97,400,97,1,2522,0.009158341901,0.01456360286;0.008492616477;0.008819006697;0.004758141575,0.006565916527;0.01140516983;0.02132429749;0.009108286259;0.01486814515;0.00515582964;0.01141919371;0.0097688116;0.006151835934;0.005845433107;0.006200129562;0.00945747253;0.005798115667;0.003579472665;0.01698332323;0.002856746817;0.00365669785;0.005205580352;0.02046750884;0.004654223055;0.009247086421;0.009041160714;0.005370343218;0.01928177069;0.005413520414;0.009290818155,biomass;glucose;product;gp_nll,H2_run_2;H2_run_6;H3_run_4;H2_run_4;H3_run_5;H4_run_5;H3_run_1;H1_run_2;H4_run_1;H3_run_3;H2_run_5;H1_run_4;H4_run_3;T_run_2;H1_run_5;H4_run_6;T_run_1;H3_run_2;H1_run_6;H4_run_2;H2_run_1;H2_run_3;H1_run_1;H1_run_3;H4_run_4;H3_run_6,0.204384,0,,,0.009158341901,0.204384,0.0009274199272,0,
98,400,98,1,2548,0.009137602547,0.01454691644;0.008470956548;0.00880308148;0.004729455719,0.002849687295;0.005331213735;0.009767046615;0.005830284212;0.006183786277;0.005196083837;0.003625557627;0.005759538401;0.005377474491;0.01486652752;0.00908849306;0.01929656112;0.02050211834;0.006102878304;0.006523293577;0.009283427576;0.01140880966;0.01698765916;0.02131207933;0.003549899967;0.004644201291;0.009005538662;0.01133483406;0.005129619209;0.009440488893;0.009180563998,biomass;glucose;product;gp_nll,H4_run_6;H1_run_1;H1_run_2;H3_run_3;H2_run_5;H3_run_2;T_run_1;H4_run_3;H4_run_4;H3_run_5;H2_run_4;H1_run_3;H1_run_6;H4_run_1;H2_run_2;H3_run_6;H3_run_1;H1_run_5;H3_run_4;T_run_2;H4_run_2;H2_run_3;H2_run_6;H4_run_5;H1_run_4;H2_run_1,0.127981,0,,,0.009137602547,0.127981,0.000919804838,0,
99,400,99,1,2574,0.009117145063,0.01453042;0.008449892892;0.008787212435;0.004701054927,0.01486416528;0.00911564136;0.005815403731;0.01139822358;0.01699088902;0.004635064819;0.009764592042;0.009070043049;0.003594843809;0.009275883551;0.02053478874;0.02129896821;0.005342601592;0.00648127528;0.005722189215;0.005104623048;0.003520659006;0.00616815841;0.006054491692;0.008970997312;0.002843018677;0.005292627948;0.01126631577;0.009423577667;0.01931004444;0.005186684385,biomass;glucose;product;gp_nll,H3_run_5;H2_run_1;H3_run_3;H3_run_1;H1_run_5;H4_run_2;H1_run_2;H2_run_4;T_run_1;H3_run_6;H1_run_6;H3_run_4;H4_run_4;H2_run_2;H4_run_3;H4_run_5;T_run_2;H2_run_5;H4_run_1;H2_run_3;H4_run_6;H1_run_1;H2_run_6;H1_run_4;H1_run_3;H3_run_2,0.118164,0,,,0.009117145063,0.118164,0.000912180565,0,
100,400,100,1,2600,0.009096970696,0.0145141174;0.008429424799;0.008771402257;0.004672938328,0.0046267;0.006439854499;0.009052270431;0.005800815619;0.003491763273;0.003564569604;0.01932232545;0.002836703839;0.009052816106;0.0113874864;0.005254609195;0.006006681272;0.02128506599;0.01119953837;0.009268269398;0.006153181043;0.02056559685;0.009761514379;0.005177399041;0.009406810099;0.008937450297;0.0169931136;0.005686010132;0.01486111925;0.005080710782;0.005308863176,biomass;glucose;product;gp_nll,H4_run_2;H2_run_2;H2_run_1;H3_run_3;T_run_2;T_run_1;H1_run_3;H4_run_6;H2_run_4;H3_run_1;H1_run_1;H4_run_1;H3_run_4;H2_run_6;H3_run_6;H2_run_5;H1_run_6;H1_run_2;H3_run_2;H1_run_4;H2_run_3;H1_run_5;H4_run_3;H3_run_5;H4_run_5;H4_run_4,0.115942,0,,,0.009096970696,0.115942,0.0009045444135,0,
101,400,101,1,2626,0.009077083139,0.01449801525;0.008409547247;0.008755664968;0.004645105095,0.0205946188;0.009036694962;0.01485745054;0.01113442565;0.003534747999;0.01137664838;0.009757879067;0.00505783547;0.005217178133;0.005786543248;0.02127047007;0.005650943245;0.01933351159;0.005276220831;0.01699443439;0.009260601539;0.002830705895;0.005959450018;0.009390257705;0.006399022039;0.008904815157;0.006138789949;0.004619042417;0.008990404834;0.003463225201;0.005168244489,biomass;glucose;product;gp_nll,H1_run_6;H2_run_4;H3_run_5;H2_run_6;T_run_1;H3_run_1;H1_run_2;H4_run_5;H1_run_1;H3_run_3;H3_run_4;H4_run_3;H1_run_3;H4_run_4;H1_run_5;H3_run_6;H4_run_6;H4_run_1;H1_run_4;H2_run_2;H2_run_3;H2_run_5;H4_run_2;H2_run_1;T_run_2;H3_run_2,0.116462,0,,,0.009077083139,0.116462,0.0008968967871,0,
102,400,102,1,2652,0.009057486193,0.01448212231;0.008390255984;0.008740012032;0.00461755444,0.005616931191;0.0148532199;0.005912799054;0.02125527289;0.002824988492;0.01136575874;0.01107090224;0.005035950814;0.01934371147;0.006358767074;0.006124922134;0.02062192959;0.004612014095;0.003435056095;0.009252918563;0.01699495182;0.009373991103;0.005244636482;0.008930000134;0.003505391575;0.008873013852;0.005180351892;0.005772609085;0.009753749911;0.005159236804;0.009021566009,biomass;glucose;product;gp_nll,H4_run_3;H3_run_5;H4_run_1;H3_run_4;H4_run_6;H3_run_1;H2_run_6;H4_run_5;H1_run_3;H2_run_2;H2_run_5;H1_run_6;H4_run_2;T_run_2;H3_run_6;H1_run_5;H1_run_4;H4_run_4;H2_run_1;T_run_1;H2_run_3;H1_run_1;H3_run_3;H1_run_2;H3_run_2;H2_run_4,0.126910,0,,,0.009057486193,0.126910,0.0008892396701,0,
103,400,103,1,2678,0.009038186977,0.01446645397;0.008371548783;0.008724459562;0.004590285596,0.008871014037;0.003476512358;0.005015011373;0.002819516078;0.009749188556;0.02123956141;0.003407266102;0.006111516336;0.005144144613;0.009007320043;0.006319140538;0.009245258196;0.01100889465;0.005759034364;0.008841973197;0.00935807888;0.01699476302;0.02064760269;0.005583917611;0.01484848711;0.004605539704;0.01935303348;0.005866758134;0.01135486512;0.00521407259;0.005150391223,biomass;glucose;product;gp_nll,H2_run_1;T_run_1;H4_run_5;H4_run_6;H1_run_2;H3_run_4;T_run_2;H2_run_5;H1_run_1;H2_run_4;H2_run_2;H3_run_6;H2_run_6;H3_run_3;H2_run_3;H1_run_4;H1_run_5;H1_run_6;H4_run_3;H3_run_5;H4_run_2;H1_run_3;H4_run_1;H3_run_1;H4_run_4;H3_run_2,0.113109,0,,,0.009038186977,0.113109,0.0008815770887,0,
104,400,104,1,2704,0.009019181732,0.01445100609;0.008353412898;0.008709010129;0.004563297806,0.008993853003;0.01134401325;0.002814254188;0.01094833171;0.005108567615;0.008813406542;0.006280001986;0.004599547086;0.01699396772;0.009744253993;0.02122341664;0.01484331042;0.009342586611;0.005745838796;0.009237656895;0.003379864169;0.01936158446;0.005141721959;0.005551847563;0.005184492324;0.003448121661;0.02067170965;0.004994972767;0.008811625277;0.005821265249;0.006098513506,biomass;glucose;product;gp_nll,H2_run_4;H3_run_1;H4_run_6;H2_run_6;H1_run_1;H2_run_1;H2_run_2;H4_run_2;H1_run_5;H1_run_2;H3_run_4;H3_run_5;H1_run_4;H3_run_3;H3_run_6;T_run_2;H1_run_3;H3_run_2;H4_run_3;H4_run_4;T_run_1;H1_run_6;H4_run_5;H2_run_3;H4_run_1;H2_run_5,0.113635,0,,,0.009019181732,0.113635,0.0008739101219,0,
105,400,105,1,2730,0.009000477108,0.01443579408;0.008335843975;0.00869368005;0.004536590325,0.004975791832;0.005776348047;0.01483774606;0.003352858116;0.009327575622;0.01699265917;0.002809169642;0.003420229968;0.0206943201;0.008781907564;0.01936946822;0.005073629817;0.00973900227;0.009230149411;0.006085857174;0.005733040247;0.0113332465;0.008981066402;0.005520667982;0.00624140231;0.008757140057;0.01088914534;0.02120691368;0.004593967586;0.005155859738;0.005133241976,biomass;glucose;product;gp_nll,H4_run_5;H4_run_1;H3_run_5;T_run_2;H1_run_4;H1_run_5;H4_run_6;T_run_1;H1_run_6;H2_run_3;H1_run_3;H1_run_1;H1_run_2;H3_run_6;H2_run_5;H3_run_3;H3_run_1;H2_run_4;H4_run_3;H2_run_2;H2_run_1;H2_run_6;H3_run_4;H4_run_2;H4_run_4;H3_run_2,0.119310,0,,,0.009000477108,0.119310,0.0008662442056,0,
106,400,106,1,2756,0.008982073885,0.01442082113;0.008318830531;0.008678481475;0.004510162402,0.009222768456;0.02071550137;0.01483184782;0.003392846798;0.005732003363;0.01083127096;0.004957426778;0.0193767844;0.006073493835;0.006203327869;0.009733486141;0.02119012144;0.003326254638;0.01699092617;0.002804230784;0.005720654493;0.009313102186;0.005128139903;0.01132260565;0.008968867902;0.008702131732;0.005124962867;0.005490328027;0.005039337909;0.008752763035;0.004588736493,biomass;glucose;product;gp_nll,H3_run_6;H1_run_6;H3_run_5;T_run_1;H4_run_1;H2_run_6;H4_run_5;H1_run_3;H2_run_5;H2_run_2;H1_run_2;H3_run_4;T_run_2;H1_run_5;H4_run_6;H3_run_3;H1_run_4;H4_run_4;H3_run_1;H2_run_4;H2_run_1;H3_run_2;H4_run_3;H1_run_1;H2_run_3;H4_run_2,0.119700,0,,,0.008982073885,0.119700,0.0008585793884,0,
107,400,107,1,2782,0.008963977981,0.0144061055;0.008302367837;0.008663425322;0.004484013269,0.004939837394;0.005101299121;0.005688227703;0.02117310277;0.008648442714;0.008957171774;0.008724140701;0.004583793401;0.00606137331;0.01077464819;0.009727754793;0.01482566661;0.00929921661;0.003365980483;0.01698885205;0.002799407701;0.005708695025;0.005005696751;0.005460779518;0.01131213217;0.01938362709;0.020735318;0.003300059284;0.006165765216;0.005116894736;0.009215544397,biomass;glucose;product;gp_nll,H4_run_5;H4_run_4;H4_run_1;H3_run_4;H2_run_1;H2_run_4;H2_run_3;H4_run_2;H2_run_5;H2_run_6;H1_run_2;H3_run_5;H1_run_4;T_run_1;H1_run_5;H4_run_6;H3_run_3;H1_run_1;H4_run_3;H3_run_1;H1_run_3;H1_run_6;T_run_2;H2_run_2;H3_run_2;H3_run_6,0.130365,0,,,0.008963977981,0.130365,0.000850930178,0,
108,400,108,1,2808,0.008946189034,0.01439164872;0.008286443164;0.008648522114;0.00445814214,0.009208505;0.005697172797;0.009285962697;0.02115591441;0.00972185376;0.005431977017;0.004972709349;0.0169865143;0.002794672343;0.006128701128;0.005109046116;0.01130185445;0.005645017262;0.008595996621;0.01939008432;0.004922985;0.01071922087;0.006049448896;0.00327427665;0.004579082399;0.003339638152;0.008945899081;0.008695995079;0.02075383209;0.005075304849;0.01481925028,biomass;glucose;product;gp_nll,H3_run_6;H3_run_3;H1_run_4;H3_run_4;H1_run_2;H4_run_3;H1_run_1;H1_run_5;H4_run_6;H2_run_2;H3_run_2;H3_run_1;H4_run_1;H2_run_1;H1_run_3;H4_run_5;H2_run_6;H2_run_5;T_run_2;H4_run_2;T_run_1;H2_run_4;H2_run_3;H1_run_6;H4_run_4;H3_run_5,0.118702,0,,,0.008946189034,0.118702,0.0008432981302,0,
109,400,109,1,2834,0.008928708392,0.01437745781;0.008271044409;0.008633783147;0.0044325482,0.005050125864;0.005101423922;0.009273377112;0.02077110597;0.009201675224;0.01066493748;0.006037677605;0.008934977929;0.01698398384;0.003313826017;0.005403878166;0.003248910387;0.002789998678;0.004906832604;0.005686096109;0.004574552297;0.009715824792;0.01939623698;0.01129180659;0.005602368183;0.008668286291;0.004940377231;0.00854476542;0.006092122927;0.01481264332;0.02113860726,biomass;glucose;product;gp_nll,H4_run_4;H3_run_2;H1_run_4;H1_run_6;H3_run_6;H2_run_6;H2_run_5;H2_run_4;H1_run_5;T_run_1;H4_run_3;T_run_2;H4_run_6;H4_run_5;H3_run_3;H4_run_2;H1_run_2;H1_run_3;H3_run_1;H4_run_1;H2_run_3;H1_run_1;H2_run_1;H2_run_2;H3_run_5;H3_run_4,0.118152,0,,,0.008928708392,0.118152,0.0008356894379,0,
110,400,110,1,2860,0.008911536697,0.01436353848;0.008256158828;0.008619218887;0.004407230597,0.01480588674;0.003288548812;0.00602602029;0.008640979899;0.009709705849;0.004908700659;0.02112122671;0.00849472331;0.00567547051;0.01061175141;0.02078719837;0.005025732315;0.009261488957;0.00537644387;0.005094033433;0.004570156754;0.01128201656;0.009195077083;0.01940215812;0.01698132458;0.005560276685;0.004891344953;0.006056018639;0.003223963279;0.002785362795;0.008924343561,biomass;glucose;product;gp_nll,H3_run_5;T_run_1;H2_run_5;H2_run_3;H1_run_2;H1_run_1;H3_run_4;H2_run_1;H3_run_3;H2_run_6;H1_run_6;H4_run_4;H1_run_4;H4_run_3;H3_run_2;H4_run_2;H3_run_1;H3_run_6;H1_run_3;H1_run_5;H4_run_1;H4_run_5;H2_run_2;T_run_2;H4_run_6;H2_run_4,0.126238,0,,,0.008911536697,0.126238,0.0008281106077,0,
111,400,111,1,2886,0.008894675351,0.01434989872;0.008241774004;0.008604840242;0.004382188435,0.005002095756;0.005665298727;0.006020377122;0.005086878309;0.003263809937;0.00601444171;0.008445846597;0.01697859307;0.009250319487;0.004565854338;0.02110381294;0.005349638427;0.01940791237;0.005518739166;0.02080216601;0.003199437323;0.004876488573;0.01055962105;0.002780742973;0.009188763405;0.008614046679;0.00970353113;0.01127250887;0.008913938354;0.01479901795;0.00487767883,biomass;glucose;product;gp_nll,H4_run_4;H3_run_3;H2_run_2;H3_run_2;T_run_1;H2_run_5;H2_run_1;H1_run_5;H1_run_4;H4_run_2;H3_run_4;H4_run_3;H1_run_3;H4_run_1;H1_run_6;T_run_2;H4_run_5;H2_run_6;H4_run_6;H3_run_6;H2_run_3;H1_run_2;H3_run_1;H2_run_4;H3_run_5;H1_run_1,0.124974,0,,,0.008894675351,0.124974,0.0008205685635,0,
112,400,112,1,2912,0.008878119423,0.01433653124;0.008227870722;0.008590654964;0.004357420772,0.004979189141;0.01050850977;0.01941355571;0.008398113527;0.004561608484;0.005323429577;0.008903711682;0.008587411221;0.01697584073;0.004862231751;0.003239611462;0.009239882022;0.02081606382;0.01126330457;0.009697331203;0.002776119695;0.005655580652;0.005985188101;0.01479207083;0.02108640133;0.005477752236;0.005079960634;0.009182682533;0.004847310006;0.006002910507;0.003175333823,biomass;glucose;product;gp_nll,H4_run_4;H2_run_6;H1_run_3;H2_run_1;H4_run_2;H4_run_3;H2_run_4;H2_run_3;H1_run_5;H4_run_5;T_run_1;H1_run_4;H1_run_6;H3_run_1;H1_run_2;H4_run_6;H3_run_3;H2_run_2;H3_run_5;H3_run_4;H4_run_1;H3_run_2;H3_run_6;H1_run_1;H2_run_5;T_run_2,0.112244,0,,,0.008878119423,0.112244,0.0008130667017,0,
113,400,113,1,2938,0.00886187339,0.01432345267;0.008214440266;0.008576674017;0.00433292661,0.009230181777;0.005991399215;0.02106902296;0.008351504201;0.005073280958;0.009691133119;0.004848544598;0.003151653421;0.005646313364;0.004817591797;0.003215954036;0.008561156339;0.005297788623;0.00595044237;0.01045838608;0.01941914079;0.008893619778;0.004956986846;0.02082894495;0.01478507562;0.01125442131;0.004557387457;0.005437312872;0.002771475684;0.01697310892;0.009176881076,biomass;glucose;product;gp_nll,H1_run_4;H2_run_5;H3_run_4;H2_run_1;H3_run_2;H1_run_2;H4_run_5;T_run_2;H3_run_3;H1_run_1;T_run_1;H2_run_3;H4_run_3;H2_run_2;H2_run_6;H1_run_3;H2_run_4;H4_run_4;H1_run_6;H3_run_5;H3_run_1;H4_run_2;H4_run_1;H4_run_6;H1_run_5;H3_run_6,0.114896,0,,,0.00886187339,0.114896,0.0008056180918,0,
114,400,114,1,2964,0.008845933543,0.01431065978;0.008201464202;0.008562905306;0.004308704887,0.004935464576;0.009684960512;0.003128396226;0.01942470223;0.009221216172;0.00591613171;0.01040922323;0.005397418803;0.02105170482;0.005637491176;0.005979884192;0.008535215604;0.008306000293;0.00319283702;0.005066838385;0.004835398971;0.008883625555;0.004788521089;0.009171368871;0.002766795898;0.005272690282;0.01124587331;0.01477805909;0.004553164275;0.02084086088;0.01697042896,biomass;glucose;product;gp_nll,H4_run_4;H1_run_2;T_run_2;H1_run_3;H1_run_4;H2_run_2;H2_run_6;H4_run_1;H3_run_4;H3_run_3;H2_run_5;H2_run_3;H2_run_1;T_run_1;H3_run_2;H4_run_5;H2_run_4;H1_run_1;H3_run_6;H4_run_6;H4_run_3;H3_run_1;H3_run_5;H4_run_2;H1_run_6;H1_run_5,0.110489,0,,,0.008845933543,0.110489,0.0007982265838,0,
115,400,115,1,2990,0.008830297713,0.01429815356;0.008188926081;0.008549356735;0.004284754476,0.01477104461;0.009678833868;0.019430266;0.01696782713;0.00317025847;0.00310556185;0.005968345489;0.008509577467;0.005060630676;0.008261584905;0.02103447034;0.02085186156;0.009166152866;0.00491459941;0.009212975051;0.005248112641;0.01036099911;0.004822768445;0.005629105754;0.008873698205;0.002762067455;0.005882248911;0.005358067815;0.004548916467;0.0112376716;0.004760094443,biomass;glucose;product;gp_nll,H3_run_5;H1_run_2;H1_run_3;H1_run_5;T_run_1;T_run_2;H2_run_5;H2_run_3;H3_run_2;H2_run_1;H3_run_4;H1_run_6;H3_run_6;H4_run_4;H1_run_4;H4_run_3;H2_run_6;H4_run_5;H3_run_3;H2_run_4;H4_run_6;H2_run_2;H4_run_1;H4_run_2;H3_run_1;H1_run_1,0.126149,0,,,0.008830297713,0.126149,0.0007908987709,0,
116,400,116,1,3016,0.008814963278,0.01428593421;0.008176809065;0.008536035665;0.004261074177,0.009161237268;0.02101733985;0.009672770741;0.01696532253;0.0208619955;0.005319256852;0.008863812813;0.0147640524;0.005054654367;0.009205441097;0.003148215182;0.004544625841;0.01943585227;0.005848787674;0.00848423385;0.008218242373;0.01122982413;0.005956766613;0.005621146265;0.004732307645;0.004810628256;0.003083149455;0.01031369597;0.004894369713;0.002757279547;0.005224037023,biomass;glucose;product;gp_nll,H3_run_6;H3_run_4;H1_run_2;H1_run_5;H1_run_6;H4_run_1;H2_run_4;H3_run_5;H3_run_2;H1_run_4;T_run_1;H4_run_2;H1_run_3;H2_run_2;H2_run_3;H2_run_1;H3_run_1;H2_run_5;H3_run_3;H1_run_1;H4_run_5;T_run_2;H2_run_6;H4_run_4;H4_run_6;H4_run_3,0.118814,0,,,0.008814963278,0.118814,0.0007836410547,0,
117,400,117,1,3042,0.008799927153,0.01427400111;0.008165095939;0.008522948842;0.004237662717,0.009666786005;0.008175958074;0.01026730002;0.008459179726;0.005945134236;0.002752423347;0.02087130985;0.005280983831;0.004540278201;0.005200447806;0.00312670275;0.005613599552;0.01122233602;0.0147570997;0.00504890489;0.008853949919;0.005815742488;0.003061157791;0.004798955237;0.009156623727;0.004874755073;0.01696292753;0.01944147301;0.004705155914;0.02100033095;0.009198590325,biomass;glucose;product;gp_nll,H1_run_2;H2_run_1;H2_run_6;H2_run_3;H2_run_5;H4_run_6;H1_run_6;H4_run_1;H4_run_2;H4_run_3;T_run_1;H3_run_3;H3_run_1;H3_run_5;H3_run_2;H2_run_4;H2_run_2;T_run_2;H4_run_5;H3_run_6;H4_run_4;H1_run_5;H1_run_3;H1_run_1;H3_run_4;H1_run_4,0.118372,0,,,0.008799927153,0.118372,0.0007764595428,0,
118,400,118,1,3068,0.008785184408,0.01426235033;0.008153770564;0.008510098;0.004214518743,0.005177332208;0.00578310855;0.008434412713;0.009192392675;0.005606450338;0.01022180111;0.0112152097;0.004678634181;0.01944713247;0.01475020098;0.00485573622;0.01696064814;0.005243246779;0.003105715632;0.008844095035;0.009152311534;0.009660892096;0.008134718236;0.005043376702;0.004535827072;0.02087985045;0.002747491875;0.005933438101;0.003039585184;0.00478772773;0.0209834589,biomass;glucose;product;gp_nll,H4_run_3;H2_run_2;H2_run_3;H1_run_4;H3_run_3;H2_run_6;H3_run_1;H1_run_1;H1_run_3;H3_run_5;H4_run_4;H1_run_5;H4_run_1;T_run_1;H2_run_4;H3_run_6;H1_run_2;H2_run_1;H3_run_2;H4_run_2;H1_run_6;H4_run_6;H2_run_5;T_run_2;H4_run_5;H3_run_4,0.115432,0,,,0.008785184408,0.115432,0.0007693610282,0,
119,400,119,1,3094,0.008770733771,0.01425098466;0.008142812417;0.008497497184;0.004191640818,0.009186812649;0.01945282787;0.0147433682;0.004531335666;0.004776925514;0.004652736902;0.005206043767;0.009148297821;0.005038063405;0.005750881658;0.01695848465;0.02088766179;0.005599681424;0.002742479895;0.005154680034;0.008409932743;0.01017719223;0.02096673686;0.008094509737;0.00301842966;0.009655099224;0.01120844519;0.004837294929;0.003085247268;0.005921670736;0.008834238216,biomass;glucose;product;gp_nll,H1_run_4;H1_run_3;H3_run_5;H4_run_2;H4_run_5;H1_run_1;H4_run_1;H3_run_6;H3_run_2;H2_run_2;H1_run_5;H1_run_6;H3_run_3;H4_run_6;H4_run_3;H2_run_3;H2_run_6;H3_run_4;H2_run_1;T_run_2;H1_run_2;H3_run_1;H4_run_4;T_run_1;H2_run_5;H2_run_4,0.118531,0,,,0.008770733771,0.118531,0.0007623487876,0,
120,400,120,1,3120,0.008756569545,0.0142398989;0.008132204999;0.008485146861;0.004169027421,0.008824373374;0.002997688975;0.00306529009;0.002737383703;0.005032957913;0.009649415717;0.005593273995;0.0147366111;0.004627458113;0.01120204035;0.008385741482;0.005169372803;0.005719058106;0.004526765419;0.005909827097;0.02089478722;0.01945855012;0.00481941393;0.009144577866;0.01695643219;0.008055319928;0.01013346907;0.005132483409;0.004766529684;0.02095017641;0.009181810113,biomass;glucose;product;gp_nll,H2_run_4;T_run_2;T_run_1;H4_run_6;H3_run_2;H1_run_2;H3_run_3;H3_run_5;H1_run_1;H3_run_1;H2_run_3;H4_run_1;H2_run_2;H4_run_2;H2_run_5;H1_run_6;H1_run_3;H4_run_4;H3_run_6;H1_run_5;H2_run_1;H2_run_6;H4_run_3;H4_run_5;H3_run_4;H1_run_4,0.145545,0,,,0.008756569545,0.145545,0.0007554287586,0,
121,400,121,1,3146,0.00874268314,0.01422908286;0.008121927174;0.008473045582;0.004146676941,0.005028052565;0.01946428462;0.01695448141;0.0209337877;0.008017136456;0.003045835651;0.01009062952;0.008361842037;0.009177341039;0.004602791436;0.005587207849;0.009643848214;0.004802076792;0.004756522556;0.002732200999;0.02090126886;0.005110736475;0.002977360471;0.005687634553;0.01119599115;0.008814397746;0.005897904323;0.004522114743;0.01472993741;0.009141145309;0.005133231751,biomass;glucose;product;gp_nll,H3_run_2;H1_run_3;H1_run_5;H3_run_4;H2_run_1;T_run_1;H2_run_6;H2_run_3;H1_run_4;H1_run_1;H3_run_3;H1_run_2;H4_run_4;H4_run_5;H4_run_6;H1_run_6;H4_run_3;T_run_2;H2_run_2;H3_run_1;H2_run_4;H2_run_5;H4_run_2;H3_run_5;H3_run_6;H4_run_1,0.114879,0,,,0.00874268314,0.114879,0.0007486050737,0,
122,400,122,1,3172,0.008729076829,0.01421854561;0.008111966869;0.008461207171;0.004124587671,0.02091757952;0.008804510127;0.005097618344;0.009137992293;0.005023339212;0.007979947158;0.01119029178;0.01472335301;0.01004867332;0.005656607981;0.004517384432;0.009173358163;0.003026874745;0.008338238802;0.004785267859;0.005581454335;0.005885901592;0.0027269308;0.01947001193;0.005089435163;0.009638401755;0.02090714741;0.00295744119;0.004578730021;0.004746887634;0.01695261899,biomass;glucose;product;gp_nll,H3_run_4;H2_run_4;H4_run_1;H3_run_6;H3_run_2;H2_run_1;H3_run_1;H3_run_5;H2_run_6;H2_run_2;H4_run_2;H1_run_4;T_run_1;H2_run_3;H4_run_4;H3_run_3;H2_run_5;H4_run_6;H1_run_3;H4_run_3;H1_run_2;H1_run_6;T_run_2;H1_run_1;H4_run_5;H1_run_5,0.134850,0,,,0.008729076829,0.134850,0.0007418821452,0,
123,400,123,1,3198,0.008715742024,0.01420827699;0.008102303841;0.008449629446;0.004102757819,0.00879461489;0.0147168624;0.01695082869;0.009633080299;0.00293792781;0.004512576961;0.02090155987;0.005873819524;0.005018809441;0.01118493515;0.003008397453;0.01000760125;0.004768972049;0.02091246262;0.01947570903;0.004555266549;0.0050625299;0.004737609347;0.002721573102;0.005068576728;0.00794373975;0.005625975405;0.009169812081;0.009135109934;0.005576005748;0.008314936646,biomass;glucose;product;gp_nll,H2_run_4;H3_run_5;H1_run_5;H1_run_2;T_run_2;H4_run_2;H3_run_4;H2_run_5;H3_run_2;H3_run_1;T_run_1;H2_run_6;H4_run_4;H1_run_6;H1_run_3;H1_run_1;H4_run_1;H4_run_5;H4_run_6;H4_run_3;H2_run_1;H2_run_2;H1_run_4;H3_run_6;H3_run_3;H2_run_3,0.124903,0,,,0.008715742024,0.124903,0.0007352631074,0,
124,400,124,1,3224,0.008702673264,0.01419827251;0.008092920759;0.008438314289;0.004081185499,0.002990393271;0.02088573597;0.01117991299;0.008784716415;0.009132488452;0.005595745913;0.0169490919;0.009967414844;0.009627886779;0.005014454647;0.005048159507;0.004532393193;0.005861660064;0.01948135007;0.005027963341;0.01471046797;0.004753174792;0.005570832176;0.007908502016;0.004507696286;0.009166651918;0.002716128801;0.002918816675;0.008291940823;0.004728673007;0.02091725305,biomass;glucose;product;gp_nll,T_run_1;H3_run_4;H3_run_1;H2_run_4;H3_run_6;H2_run_2;H1_run_5;H2_run_6;H1_run_2;H3_run_2;H4_run_3;H1_run_1;H2_run_5;H1_run_3;H4_run_1;H3_run_5;H4_run_4;H3_run_3;H2_run_1;H4_run_2;H1_run_4;H4_run_6;T_run_2;H2_run_3;H4_run_5;H1_run_6,0.116366,0,,,0.008702673264,0.116366,0.0007287509963,0,
125,400,125,1,3250,0.008689863732,0.01418852563;0.008083798682;0.008427261885;0.004059868728,0.0169473883;0.009130117389;0.002710599545;0.005028182621;0.005565910585;0.009622823255;0.007874221181;0.004720064716;0.0208701143;0.002972851191;0.009928115866;0.004737861941;0.01948690719;0.00916382611;0.005849426228;0.005010266141;0.00556589015;0.0082692567;0.00499391511;0.004502747523;0.02092155607;0.01470417295;0.008774820489;0.002900103779;0.004510101602;0.0111752161,biomass;glucose;product;gp_nll,H1_run_5;H3_run_6;H4_run_6;H4_run_3;H3_run_3;H1_run_2;H2_run_1;H4_run_5;H3_run_4;T_run_1;H2_run_6;H4_run_4;H1_run_3;H1_run_4;H2_run_5;H3_run_2;H2_run_2;H2_run_3;H4_run_1;H4_run_2;H1_run_6;H3_run_5;H2_run_4;T_run_2;H1_run_1;H3_run_1,0.118827,0,,,0.008689863732,0.118827,0.000722347711,0,
126,400,126,1,3276,0.008677306654,0.01417902974;0.008074919716;0.00841647173;0.00403880543,0.002881784791;0.009127985825;0.005536419267;0.01469797884;0.0209254079;0.004723019679;0.009889705914;0.005006235242;0.005008645676;0.01949235139;0.00961789114;0.002955759821;0.00916128311;0.002704987556;0.007840883824;0.005561217877;0.005837121817;0.004711771235;0.004497736572;0.01694569655;0.004488382907;0.008246889433;0.02085470086;0.01117083456;0.00876493379;0.004960347426,biomass;glucose;product;gp_nll,T_run_2;H3_run_6;H2_run_2;H3_run_5;H1_run_6;H4_run_4;H2_run_6;H3_run_2;H4_run_3;H1_run_3;H1_run_2;T_run_1;H1_run_4;H4_run_6;H2_run_1;H3_run_3;H2_run_5;H4_run_5;H4_run_2;H1_run_5;H1_run_1;H2_run_3;H3_run_4;H3_run_1;H2_run_4;H4_run_1,0.117013,0,,,0.008677306654,0.117013,0.0007160549051,0,
127,400,127,1,3302,0.008665001118,0.01416978874;0.008066272387;0.008405949902;0.00401799344,0.004703779896;0.009158972051;0.009852186044;0.009613091326;0.004467227734;0.0208395713;0.01116675793;0.009126082561;0.004927322403;0.01694399489;0.002863855056;0.0194976533;0.004708634442;0.005507329643;0.002939107467;0.00822484374;0.004989548509;0.02092884363;0.007808476092;0.005002353362;0.004492669823;0.00555673113;0.0058247512;0.002699295496;0.008755063504;0.01469188654,biomass;glucose;product;gp_nll,H4_run_5;H1_run_4;H2_run_6;H1_run_2;H1_run_1;H3_run_4;H3_run_1;H3_run_6;H4_run_1;H1_run_5;T_run_2;H1_run_3;H4_run_4;H2_run_2;T_run_1;H2_run_3;H4_run_3;H1_run_6;H2_run_1;H3_run_2;H4_run_2;H3_run_3;H2_run_5;H4_run_6;H2_run_4;H3_run_5,0.111308,0,,,0.008665001118,0.111308,0.0007098743017,0,
128,400,128,1,3328,0.008652934019,0.01416078458;0.008057837547;0.008395683453;0.003997430498,0.004696078449;0.004998612122;0.007776983432;0.002693526295;0.004694692824;0.004970890863;0.01116297545;0.004487553829;0.009815556309;0.02093189727;0.002922882241;0.008203143499;0.009608399277;0.002846309587;0.005552427841;0.009156843544;0.01950278408;0.005478617252;0.02082459178;0.00912439634;0.005812319043;0.01694226183;0.00874521689;0.01468589657;0.004446626138;0.004894801748,biomass;glucose;product;gp_nll,H4_run_5;H3_run_2;H2_run_1;H4_run_6;H4_run_4;H4_run_3;H3_run_1;H4_run_2;H2_run_6;H1_run_6;T_run_1;H2_run_3;H1_run_2;T_run_2;H3_run_3;H1_run_4;H1_run_3;H2_run_2;H3_run_4;H3_run_6;H2_run_5;H1_run_5;H2_run_4;H3_run_5;H1_run_1;H4_run_1,0.157437,0,,,0.008652934019,0.157437,0.0007038092717,0,
129,400,129,1,3354,0.008641101239,0.01415201981;0.008049587541;0.008385683345;0.003977114255,0.009779815396;0.01468000917;0.002907072088;0.01115947622;0.00774639046;0.008181750102;0.02093460176;0.01694047669;0.004995003431;0.004482395127;0.01950771614;0.002687683071;0.005548286169;0.002829143037;0.009122916023;0.005450277589;0.004681181499;0.009154832383;0.004426567632;0.004952672137;0.009603864456;0.008735401018;0.005799830155;0.02080983602;0.004862779445;0.004688655001,biomass;glucose;product;gp_nll,H2_run_6;H3_run_5;T_run_1;H3_run_1;H2_run_1;H2_run_3;H1_run_6;H1_run_5;H3_run_2;H4_run_2;H1_run_3;H4_run_6;H3_run_3;T_run_2;H3_run_6;H2_run_2;H4_run_4;H1_run_4;H1_run_1;H4_run_3;H1_run_2;H2_run_4;H2_run_5;H3_run_4;H4_run_1;H4_run_5,0.127732,0,,,0.008641101239,0.127732,0.0006978528182,0,
130,400,130,1,3380,0.008629497679,0.01414348378;0.008041523154;0.008375941521;0.003957042261,0.008725622795;0.01467422419;0.004407041338;0.01951242312;0.004991519427;0.01693861958;0.005422305934;0.004934891462;0.002891664845;0.005787289552;0.007716681261;0.002812349697;0.004681498153;0.009599462777;0.0207953083;0.002681769115;0.005544285018;0.009744960886;0.009121630505;0.009152929449;0.01115624914;0.004831249047;0.004477200197;0.00466808736;0.02093698848;0.008160688038,biomass;glucose;product;gp_nll,H2_run_4;H3_run_5;H1_run_1;H1_run_3;H3_run_2;H1_run_5;H2_run_2;H4_run_3;T_run_1;H2_run_5;H2_run_1;T_run_2;H4_run_5;H1_run_2;H3_run_4;H4_run_6;H3_run_3;H2_run_6;H3_run_6;H1_run_4;H3_run_1;H4_run_1;H4_run_2;H4_run_4;H1_run_6;H2_run_3,0.130966,0,,,0.008629497679,0.130966,0.0006920102004,0,
131,400,131,1,3406,0.008618116224,0.01413517339;0.008033623244;0.008366456283;0.003937211978,0.009151074364;0.02078101268;0.005394697114;0.01466854143;0.004988152604;0.01693667216;0.02093908781;0.008715888442;0.01115328321;0.004800203457;0.008139958692;0.009120528984;0.007687839053;0.005540404205;0.002675787718;0.005774702114;0.01951688081;0.004674596737;0.00447197512;0.004388035894;0.004655397297;0.009595194046;0.002795923606;0.004917547287;0.002876648387;0.009710988616,biomass;glucose;product;gp_nll,H1_run_4;H3_run_4;H2_run_2;H3_run_5;H3_run_2;H1_run_5;H1_run_6;H2_run_4;H3_run_1;H4_run_1;H2_run_3;H3_run_6;H2_run_1;H3_run_3;H4_run_6;H2_run_5;H1_run_3;H4_run_5;H4_run_2;H1_run_1;H4_run_4;H1_run_2;T_run_2;H4_run_3;T_run_1;H2_run_6,0.112824,0,,,0.008618116224,0.112824,0.0006862795898,0,
132,400,132,1,3432,0.008606950548,0.01412708336;0.008025873687;0.00835722436;0.003917620787,0.004369539518;0.002779858514;0.00576207252;0.01115056756;0.009119601012;0.002862010655;0.01693461793;0.002669742104;0.0207669529;0.009149228012;0.009591057971;0.007659846278;0.00870620338;0.01952106755;0.004466725464;0.004769634982;0.004667939803;0.008119563892;0.005536624624;0.004984895825;0.005367445956;0.004643098225;0.01466296066;0.009677892634;0.004900637303;0.020940929,biomass;glucose;product;gp_nll,H1_run_1;T_run_2;H2_run_5;H3_run_1;H3_run_6;T_run_1;H1_run_5;H4_run_6;H3_run_4;H1_run_4;H1_run_2;H2_run_1;H2_run_4;H1_run_3;H4_run_2;H4_run_1;H4_run_5;H2_run_3;H3_run_3;H3_run_2;H2_run_2;H4_run_4;H3_run_5;H2_run_6;H4_run_3;H1_run_6,0.117946,0,,,0.008606950548,0.117946,0.0006806601503,0,
133,400,133,1,3458,0.008595990292,0.01411919566;0.008018267372;0.008348232146;0.003898265984,0.004884158348;0.01693244239;0.01952496451;0.009587054198;0.002847739715;0.007632582781;0.004351540043;0.008696572094;0.005532928343;0.008099501204;0.004631177078;0.002764147904;0.009118836561;0.009147354723;0.01114809153;0.004461456175;0.005340545906;0.009645665104;0.00473953536;0.002663635375;0.02075313237;0.004981742352;0.02094254012;0.01465748164;0.004661516601;0.005749405161,biomass;glucose;product;gp_nll,H4_run_3;H1_run_5;H1_run_3;H1_run_2;T_run_1;H2_run_1;H1_run_1;H2_run_4;H3_run_3;H2_run_3;H4_run_4;T_run_2;H3_run_6;H1_run_4;H3_run_1;H4_run_2;H2_run_2;H2_run_6;H4_run_1;H4_run_6;H3_run_4;H3_run_2;H1_run_6;H3_run_5;H4_run_5;H2_run_5,0.110187,0,,,0.008595990292,0.110187,0.0006751531324,0,
134,400,134,1,3484,0.008585236782,0.01411152909;0.008010777894;0.008339495357;0.003879144793,0.004868106056;0.005736703932;0.004334024744;0.00461962062;0.004655317025;0.0146521044;0.02073955406;0.002748785045;0.008686997802;0.007606226834;0.01114584476;0.004709895596;0.004978685913;0.01693013392;0.009118226146;0.008079768328;0.002657470376;0.004456171323;0.005313990326;0.002833823911;0.0055292988;0.02094394838;0.009583182427;0.01952855684;0.009145423031;0.009614295748,biomass;glucose;product;gp_nll,H4_run_3;H2_run_5;H1_run_1;H4_run_4;H4_run_5;H3_run_5;H3_run_4;T_run_2;H2_run_4;H2_run_1;H3_run_1;H4_run_1;H3_run_2;H1_run_5;H3_run_6;H2_run_3;H4_run_6;H4_run_2;H2_run_2;T_run_1;H3_run_3;H1_run_6;H1_run_2;H1_run_3;H1_run_4;H2_run_6,0.112087,0,,,0.008585236782,0.112087,0.0006697514247,0,
135,400,135,1,3510,0.008574680153,0.01410406717;0.00800339881;0.008331000271;0.00386025436,0.002733762952;0.02072622067;0.01114381717;0.002820251677;0.002651249855;0.007580664402;0.008677482925;0.008060362121;0.0209451795;0.009579442217;0.01692768254;0.004450874436;0.005723972525;0.004649329844;0.009583772938;0.01953183191;0.009117760668;0.004852475426;0.004680706457;0.00497572057;0.005287772493;0.004608415801;0.01464682881;0.004316980859;0.005525720633;0.009143404583,biomass;glucose;product;gp_nll,T_run_2;H3_run_4;H3_run_1;T_run_1;H4_run_6;H2_run_1;H2_run_4;H2_run_3;H1_run_6;H1_run_2;H1_run_5;H4_run_2;H2_run_5;H4_run_5;H2_run_6;H1_run_3;H3_run_6;H4_run_3;H4_run_1;H3_run_2;H2_run_2;H4_run_4;H3_run_5;H1_run_1;H3_run_3;H1_run_4,0.119690,0,,,0.008574680153,0.119690,0.000664455586,0,
136,400,136,1,3536,0.008564314298,0.01409680496;0.007996118283;0.008322742192;0.003841591757,0.008041278376;0.004837260535;0.009575833065;0.002807011679;0.007555875194;0.01953478025;0.02094625801;0.002719074445;0.005261885417;0.002644976359;0.01464165474;0.005711214273;0.008668028854;0.004972840774;0.01692508054;0.00444556832;0.00459754961;0.005522179821;0.02071313449;0.009117431501;0.004643544768;0.004300395413;0.00955408324;0.004651958325;0.01114199901;0.009141274739,biomass;glucose;product;gp_nll,H2_run_3;H4_run_3;H1_run_2;T_run_1;H2_run_1;H1_run_3;H1_run_6;T_run_2;H2_run_2;H4_run_6;H3_run_5;H2_run_5;H2_run_4;H3_run_2;H1_run_5;H4_run_2;H4_run_4;H3_run_3;H3_run_4;H3_run_6;H4_run_5;H1_run_1;H2_run_6;H4_run_1;H3_run_1;H1_run_4,0.115938,0,,,0.008564314298,0.115938,0.0006592634125,0,
137,400,137,1,3562,0.008554132682,0.0140897369;0.007988924301;0.008314715538;0.003823153993,0.004284255276;0.00569843215;0.00957235439;0.009525211509;0.02070029741;0.01953739553;0.00463795166;0.01692232253;0.005518663693;0.002704712178;0.007531838358;0.004970041341;0.004587009243;0.00911723048;0.008022511892;0.002638652232;0.002794078399;0.008658635977;0.004440255065;0.004822454571;0.004623641264;0.01463658207;0.02094720721;0.005236321908;0.009139012544;0.01114038086,biomass;glucose;product;gp_nll,H1_run_1;H2_run_5;H1_run_2;H2_run_6;H3_run_4;H1_run_3;H4_run_5;H1_run_5;H3_run_3;T_run_2;H2_run_1;H3_run_2;H4_run_4;H3_run_6;H2_run_3;H4_run_6;T_run_1;H2_run_4;H4_run_2;H4_run_3;H4_run_1;H3_run_5;H1_run_6;H2_run_2;H1_run_4;H3_run_1,0.115854,0,,,0.008554132682,0.115854,0.0006541726179,0,
138,400,138,1,3588,0.008544130588,0.01408285983;0.007981808315;0.008306916194;0.003804938014,0.004595745098;0.004808049879;0.0027814699;0.008649303747;0.005211074714;0.00496731744;0.009136600618;0.009497141022;0.008004056562;0.02068771085;0.005515160917;0.004434936093;0.007508532564;0.002632279625;0.01113895361;0.01953967441;0.02094804911;0.009569005502;0.01691940523;0.004268547232;0.00457678264;0.002690668659;0.005685628802;0.00463254055;0.01463161064;0.009117149882,biomass;glucose;product;gp_nll,H4_run_1;H4_run_3;T_run_1;H2_run_4;H2_run_2;H3_run_2;H1_run_4;H2_run_6;H2_run_3;H3_run_4;H3_run_3;H4_run_2;H2_run_1;H4_run_6;H3_run_1;H1_run_3;H1_run_6;H1_run_2;H1_run_5;H1_run_1;H4_run_4;T_run_2;H2_run_5;H4_run_5;H3_run_5;H3_run_6,0.128248,0,,,0.008544130588,0.128248,0.0006491804581,0,
139,400,139,1,3614,0.008534301704,0.01407616841;0.007974759536;0.00829933816;0.003786940712,0.00946985363;0.004964664556;0.008640030758;0.02067537577;0.002625860506;0.01113770847;0.007485936111;0.009117182393;0.004253258023;0.01954161643;0.007985905476;0.009134025052;0.005672806576;0.004627301655;0.002676936287;0.009565785572;0.01691632749;0.01462674019;0.004566856168;0.004429612199;0.004568259484;0.005511661476;0.004794038028;0.002769161226;0.005186136341;0.02094880446,biomass;glucose;product;gp_nll,H2_run_6;H3_run_2;H2_run_4;H3_run_4;H4_run_6;H3_run_1;H2_run_1;H3_run_6;H1_run_1;H1_run_3;H2_run_3;H1_run_4;H2_run_5;H4_run_5;T_run_2;H1_run_2;H1_run_5;H3_run_5;H4_run_4;H4_run_2;H4_run_1;H3_run_3;H4_run_3;T_run_1;H2_run_2;H1_run_6,0.219296,0,,,0.008534301704,0.219296,0.0006442843026,0,
140,400,140,1,3640,0.008524642705,0.01406966309;0.007967772707;0.008291976101;0.003769158928,0.004557217257;0.008630814859;0.00496207846;0.004622225418;0.01954322376;0.00796805104;0.004424283636;0.02066329256;0.01113663694;0.009117321067;0.00550815663;0.009562766195;0.009443329943;0.009131275197;0.004541174005;0.005659967577;0.00275714216;0.007464012881;0.004780409898;0.01691309002;0.004238374423;0.02094949263;0.005161499405;0.002619396684;0.002663507371;0.01462197033,biomass;glucose;product;gp_nll,H4_run_4;H2_run_4;H3_run_2;H4_run_5;H1_run_3;H2_run_3;H4_run_2;H3_run_4;H3_run_1;H3_run_6;H3_run_3;H1_run_2;H2_run_6;H1_run_4;H4_run_1;H2_run_5;T_run_1;H2_run_1;H4_run_3;H1_run_5;H1_run_1;H1_run_6;H2_run_2;H4_run_6;T_run_2;H3_run_5,0.116251,0,,,0.008524642705,0.116251,0.0006394836887,0,
141,400,141,1,3666,0.008515138926,0.01406332229;0.007960827017;0.00828481693;0.003751589466,0.009417549024;0.020651461;0.009128344076;0.009117559338;0.002612889711;0.009559802271;0.004767155498;0.004514478134;0.007950484871;0.008621652916;0.004418949886;0.01113573075;0.01954450192;0.002650374231;0.02095013183;0.004547853389;0.01461730064;0.004223883098;0.01690969593;0.004617179688;0.00550463898;0.005137156462;0.007442766747;0.002745402953;0.004959555209;0.005647113526,biomass;glucose;product;gp_nll,H2_run_6;H3_run_4;H1_run_4;H3_run_6;H4_run_6;H1_run_2;H4_run_3;H4_run_1;H2_run_3;H2_run_4;H4_run_2;H3_run_1;H1_run_3;T_run_2;H1_run_6;H4_run_4;H3_run_5;H1_run_1;H1_run_5;H4_run_5;H3_run_3;H2_run_2;H2_run_1;T_run_1;H3_run_2;H2_run_5,0.127544,0,,,0.008515138926,0.127544,0.0006347702239,0,
142,400,142,1,3692,0.008505795895,0.01405716034;0.007953926799;0.008277867358;0.003734229083,0.007933198481;0.004754264648;0.002637515638;0.009125226908;0.005501102162;0.01954545756;0.01461273017;0.004538752472;0.004612389038;0.008612541732;0.00441361037;0.02095073932;0.005113100419;0.004488161599;0.009392489654;0.02063988028;0.005634246268;0.007422164098;0.009117890806;0.002606341189;0.004209771056;0.002733934004;0.004957091015;0.01113498183;0.009556963445;0.01690614912,biomass;glucose;product;gp_nll,H2_run_3;H4_run_3;T_run_2;H1_run_4;H3_run_3;H1_run_3;H3_run_5;H4_run_4;H4_run_5;H2_run_4;H4_run_2;H1_run_6;H2_run_2;H4_run_1;H2_run_6;H3_run_4;H2_run_5;H2_run_1;H3_run_6;H4_run_6;H1_run_1;T_run_1;H3_run_2;H3_run_1;H1_run_2;H1_run_5,0.121077,0,,,0.008505795895,0.121077,0.000630144959,0,
143,400,143,1,3718,0.008496605319,0.01405116788;0.007947062146;0.008271116748;0.003717074504,0.005497540885;0.01113438234;0.005621367556;0.002722725975;0.02095133019;0.01690245474;0.004529902679;0.00460773504;0.004462214236;0.00262495087;0.002599752645;0.01954609907;0.004741726767;0.009121921358;0.008603477694;0.01460825769;0.004954682285;0.004196025533;0.02062854911;0.009554247904;0.005089324385;0.007916183009;0.009118309337;0.007402182815;0.004408264195;0.009368129974,biomass;glucose;product;gp_nll,H3_run_3;H3_run_1;H2_run_5;T_run_1;H1_run_6;H1_run_5;H4_run_4;H4_run_5;H4_run_1;T_run_2;H4_run_6;H1_run_3;H4_run_3;H1_run_4;H2_run_4;H3_run_5;H3_run_2;H1_run_1;H3_run_4;H1_run_2;H2_run_2;H2_run_3;H3_run_6;H2_run_1;H4_run_2;H2_run_6,0.112887,0,,,0.008496605319,0.112887,0.0006256042423,0,
144,400,144,1,3744,0.008487554026,0.01404532589;0.007940217674;0.008264550111;0.003700122427,0.02061746563;0.01954643631;0.00261265854;0.00911842733;0.00259312558;0.004729530997;0.02095191762;0.00859445698;0.004436626102;0.005493950855;0.002711769814;0.007382800964;0.00495232557;0.01689861898;0.005608479146;0.00934444771;0.004603209466;0.01460388155;0.009551653485;0.007899429446;0.00418263402;0.009118808972;0.00506582175;0.004402910284;0.01113392463;0.004521092949,biomass;glucose;product;gp_nll,H3_run_4;H1_run_3;T_run_2;H1_run_4;H4_run_6;H4_run_3;H1_run_6;H2_run_4;H4_run_1;H3_run_3;T_run_1;H2_run_1;H3_run_2;H1_run_5;H2_run_5;H2_run_6;H4_run_5;H3_run_5;H1_run_2;H2_run_3;H1_run_1;H3_run_6;H2_run_2;H4_run_2;H3_run_1;H4_run_4,0.107082,0,,,0.008487554026,0.107082,0.00062114513,0,
145,400,145,1,3770,0.008478653262,0.01403965884;0.007933409318;0.008258175361;0.003683369526,0.00954917751;0.002701056859;0.009321420362;0.004950017453;0.01689464891;0.00260063101;0.004169584265;0.009114746807;0.007363996918;0.01459959952;0.004717666297;0.005042586341;0.005595582949;0.02060662711;0.004397547492;0.004411387672;0.02095251363;0.01954648048;0.009119383738;0.004512686026;0.00788292889;0.005490328694;0.004598847615;0.002586461533;0.008585475766;0.01113360097,biomass;glucose;product;gp_nll,H1_run_2;T_run_1;H2_run_6;H3_run_2;H1_run_5;T_run_2;H1_run_1;H1_run_4;H2_run_1;H3_run_5;H4_run_3;H2_run_2;H2_run_5;H3_run_4;H4_run_2;H4_run_1;H1_run_6;H1_run_3;H3_run_6;H4_run_4;H2_run_3;H3_run_3;H4_run_5;H4_run_6;H2_run_4;H3_run_1,0.128947,0,,,0.008478653262,0.128947,0.0006167678435,0,
146,400,146,1,3796,0.008469886347,0.01403414321;0.007926611407;0.008251978302;0.003666812467,0.004594555264;0.01689055252;0.02059603056;0.007345749159;0.004504497904;0.00501955876;0.007866672124;0.002588860561;0.01954624407;0.009299024993;0.02095312948;0.004386489348;0.005582680712;0.01113340408;0.009120028079;0.004392174456;0.009110883713;0.01459540927;0.00857652991;0.005486671938;0.004706121328;0.004947754787;0.002579761951;0.004156864273;0.009546817197;0.002690578588,biomass;glucose;product;gp_nll,H4_run_5;H1_run_5;H3_run_4;H2_run_1;H4_run_4;H2_run_2;H2_run_3;T_run_2;H1_run_3;H2_run_6;H1_run_6;H4_run_1;H2_run_5;H3_run_1;H3_run_6;H4_run_2;H1_run_4;H3_run_5;H2_run_4;H3_run_3;H4_run_3;H3_run_2;H4_run_6;H1_run_1;H1_run_2;T_run_1,0.115664,0,,,0.008469886347,0.115664,0.0006124633789,0,
147,400,147,1,3822,0.008461246578,0.01402875102;0.007919846286;0.008245941111;0.003650447899,0.009544569114;0.00927723923;0.0205856722;0.009106843078;0.002573028443;0.007850650345;0.01113332655;0.008567615666;0.009120736251;0.004496518592;0.005482978812;0.004694884992;0.01954573963;0.005569774566;0.004996839778;0.02095377444;0.004144462581;0.004361922255;0.004590368817;0.01459130763;0.002577339627;0.002680326773;0.004945534324;0.01688613043;0.007328036889;0.004386790029,biomass;glucose;product;gp_nll,H1_run_2;H2_run_6;H3_run_4;H1_run_4;H4_run_6;H2_run_3;H3_run_1;H2_run_4;H3_run_6;H4_run_4;H3_run_3;H4_run_3;H1_run_3;H2_run_5;H2_run_2;H1_run_6;H1_run_1;H4_run_1;H4_run_5;H3_run_5;T_run_2;T_run_1;H3_run_2;H1_run_5;H2_run_1;H4_run_2,0.117470,0,,,0.008461246578,0.117470,0.0006082352067,0,
148,400,148,1,3848,0.008452740472,0.01402353249;0.007913074881;0.008240082046;0.003634272471,0.007834776416;0.002566060808;0.004337677658;0.00855872894;0.004488738276;0.002566262534;0.005556866548;0.01113336109;0.004381392789;0.009102632012;0.00912150263;0.004683945781;0.009542429646;0.004974371297;0.002670293581;0.02057554784;0.004132367823;0.009256040106;0.005479248415;0.01688180451;0.007310839308;0.004586281565;0.004943352905;0.01954498147;0.01458729124;0.02095445709,biomass;glucose;product;gp_nll,H2_run_3;T_run_2;H4_run_1;H2_run_4;H4_run_4;H4_run_6;H2_run_5;H3_run_1;H4_run_2;H1_run_4;H3_run_6;H4_run_3;H1_run_2;H2_run_2;T_run_1;H3_run_4;H1_run_1;H2_run_6;H3_run_3;H1_run_5;H2_run_1;H4_run_5;H3_run_2;H1_run_3;H3_run_5;H1_run_6,0.118598,0,,,0.008452740472,0.118598,0.0006040761599,0,
149,400,149,1,3874,0.008444358115,0.01401846585;0.007906284948;0.008234398826;0.003618282833,0.002555016791;0.004313747531;0.002559466034;0.004952148819;0.004375981964;0.009122321489;0.004582287643;0.007294136725;0.004120569373;0.00854986661;0.005475480174;0.01954398257;0.009098257548;0.004941207324;0.01458335576;0.01687737787;0.02056565254;0.002660471305;0.004673292857;0.005543959235;0.02095508406;0.009540394471;0.01113350037;0.004481147929;0.009235405967;0.007819198031,biomass;glucose;product;gp_nll,T_run_2;H4_run_1;H4_run_6;H2_run_2;H4_run_2;H3_run_6;H4_run_5;H2_run_1;H1_run_1;H2_run_4;H3_run_3;H1_run_3;H1_run_4;H3_run_2;H3_run_5;H1_run_5;H3_run_4;T_run_1;H4_run_3;H2_run_5;H1_run_6;H1_run_2;H3_run_1;H4_run_4;H2_run_6;H2_run_3,0.112020,0,,,0.008444358115,0.112020,0.0005999807763,0,
150,400,150,1,3900,0.008436100768,0.01401354054;0.007899523049;0.008228863858;0.003602475629,0.007803830633;0.004578382166;0.008541026451;0.004662915903;0.005471673822;0.01457949594;0.0195427547;0.009538458619;0.005531055791;0.02095587494;0.004939094247;0.009093726627;0.009215316266;0.01687285783;0.002552641073;0.004109057274;0.00429012459;0.01113373697;0.02055598088;0.004930168592;0.002544200442;0.009123186872;0.007277910341;0.004473739189;0.002650852399;0.00437055742,biomass;glucose;product;gp_nll,H2_run_3;H4_run_5;H2_run_4;H4_run_3;H3_run_3;H3_run_5;H1_run_3;H1_run_2;H2_run_5;H1_run_6;H3_run_2;H1_run_4;H2_run_6;H1_run_5;H4_run_6;H1_run_1;H4_run_1;H3_run_1;H3_run_4;H2_run_2;T_run_2;H3_run_6;H2_run_1;H4_run_4;T_run_1;H4_run_2,0.117825,0,,,0.008436100768,0.117825,0.0005959574032,0,
151,400,151,1,3926,0.008427960058,0.01400875248;0.007892761222;0.00822347901;0.003586847527,0.007262141766;0.004365118871;0.004266801529;0.009536616919;0.005467829801;0.002533604612;0.01113406376;0.009195750449;0.004574560355;0.009089047693;0.004908426918;0.004652804564;0.008532206114;0.009124093114;0.02054652681;0.004937010519;0.005518159227;0.01686825224;0.004097821795;0.002545789667;0.007788666807;0.0195413106;0.01457570637;0.02095671741;0.004466504091;0.002641429527,biomass;glucose;product;gp_nll,H2_run_1;H4_run_2;H4_run_1;H1_run_2;H3_run_3;T_run_2;H3_run_1;H2_run_6;H4_run_5;H1_run_4;H2_run_2;H4_run_3;H2_run_4;H3_run_6;H3_run_4;H3_run_2;H2_run_5;H1_run_5;H1_run_1;H4_run_6;H2_run_3;H1_run_3;H3_run_5;H1_run_6;H4_run_4;T_run_1,0.120393,0,,,0.008427960058,0.120393,0.0005919981568,0,
152,400,152,1,3952,0.00841993221,0.01400409779;0.0078859974;0.008218238435;0.003571395209,0.005505272855;0.004886920578;0.01953966248;0.005463948909;0.01457198103;0.00724681334;0.02053728378;0.009084229487;0.004086853694;0.00435966638;0.01113447359;0.008523403783;0.009534863749;0.007773699677;0.002538913984;0.009125034485;0.004243771511;0.004642948839;0.002632195567;0.009176688713;0.004934952949;0.01686356857;0.002523222303;0.0044594351;0.02095761421;0.004570817881,biomass;glucose;product;gp_nll,H2_run_5;H2_run_2;H1_run_3;H3_run_3;H3_run_5;H2_run_1;H3_run_4;H1_run_4;H1_run_1;H4_run_2;H3_run_1;H2_run_4;H1_run_2;H2_run_3;H4_run_6;H3_run_6;H4_run_1;H4_run_3;T_run_1;H2_run_6;H3_run_2;H1_run_5;T_run_2;H4_run_4;H1_run_6;H4_run_5,0.113287,0,,,0.00841993221,0.113287,0.0005881010072,0,
153,400,153,1,3978,0.008412013568,0.01399957261;0.007879229924;0.008213136361;0.003556115381,0.02095856686;0.009126005191;0.002623143601;0.009533193048;0.004865646815;0.004221028163;0.01953782196;0.009079280882;0.00723190815;0.008514618216;0.01685881377;0.009158112071;0.004452525184;0.002513046686;0.005460032237;0.002532016344;0.005492400289;0.007758922934;0.004354200388;0.02052824476;0.004076144227;0.01113495933;0.00456715093;0.004633339114;0.004932918306;0.0145683133,biomass;glucose;product;gp_nll,H1_run_6;H3_run_6;T_run_1;H1_run_2;H2_run_2;H4_run_1;H1_run_3;H1_run_4;H2_run_1;H2_run_4;H1_run_5;H2_run_6;H4_run_4;T_run_2;H3_run_3;H4_run_6;H2_run_5;H2_run_3;H4_run_2;H3_run_4;H1_run_1;H3_run_1;H4_run_5;H4_run_3;H3_run_2;H3_run_5,0.119049,0,,,0.008412013568,0.119049,0.0005842640648,0,
154,400,154,1,4004,0.008404198767,0.01399516931;0.007872457671;0.008208163319;0.003541004774,0.004563556193;0.00434872173;0.004445767814;0.004198565556;0.009531534606;0.007217410036;0.009140002395;0.005456081108;0.00907421074;0.0195357999;0.002503071107;0.00547954544;0.004065685147;0.01113551387;0.002614266915;0.02095956997;0.01456469598;0.004930925302;0.002525099216;0.0168539942;0.004844603318;0.009126999368;0.007744330854;0.004623966195;0.008505848756;0.02051940224,biomass;glucose;product;gp_nll,H4_run_5;H4_run_2;H4_run_4;H4_run_1;H1_run_2;H2_run_1;H2_run_6;H3_run_3;H1_run_4;H1_run_3;T_run_2;H2_run_5;H1_run_1;H3_run_1;T_run_1;H1_run_6;H3_run_5;H3_run_2;H4_run_6;H1_run_5;H2_run_2;H3_run_6;H2_run_3;H4_run_3;H2_run_4;H3_run_4,0.128069,0,,,0.008404198767,0.128069,0.0005804866929,0,
155,400,155,1,4030,0.008396493832,0.01399092144;0.007865659149;0.008203334582;0.003526060151,0.007203303533;0.005466712455;0.009069027796;0.004560030819;0.02051074842;0.004343231605;0.01684921926;0.004055468696;0.005452097034;0.002605558961;0.01953360638;0.008497095272;0.002493289085;0.02096062642;0.007729918229;0.00492892737;0.009530009153;0.004439211356;0.004823788137;0.004176378129;0.00912234238;0.01113613016;0.009128011129;0.0025181652;0.01456112136;0.004614821288,biomass;glucose;product;gp_nll,H2_run_1;H2_run_5;H1_run_4;H4_run_5;H3_run_4;H4_run_2;H1_run_5;H1_run_1;H3_run_3;T_run_1;H1_run_3;H2_run_4;T_run_2;H1_run_6;H2_run_3;H3_run_2;H1_run_2;H4_run_4;H2_run_2;H4_run_1;H2_run_6;H3_run_1;H3_run_6;H4_run_6;H3_run_5;H4_run_3,0.125404,0,,,0.008396493832,0.125404,0.0005767664738,0,
156,400,156,1,4056,0.008388881824,0.01398676291;0.007858870439;0.008198615641;0.003511278307,0.007715680776;0.005453905904;0.004045487679;0.009063740116;0.00718957406;0.004337731836;0.00848835854;0.004605896197;0.009528545649;0.02096173765;0.002511217127;0.004432738701;0.005448081487;0.01684429059;0.004803199818;0.01455758104;0.002483694426;0.004926942415;0.01113680108;0.02050227498;0.004154460883;0.004556572538;0.00912903445;0.002597013475;0.009105115871;0.01953125014,biomass;glucose;product;gp_nll,H2_run_3;H2_run_5;H1_run_1;H1_run_4;H2_run_1;H4_run_2;H2_run_4;H4_run_3;H1_run_2;H1_run_6;H4_run_6;H4_run_4;H3_run_3;H1_run_5;H2_run_2;H3_run_5;T_run_2;H3_run_2;H3_run_1;H3_run_4;H4_run_1;H4_run_5;H3_run_6;T_run_1;H2_run_6;H1_run_3,0.113276,0,,,0.008388881824,0.113276,0.0005730995731,0,
157,400,157,1,4082,0.008381366756,0.01398272068;0.007852075173;0.008194015098;0.003496656072,0.002504257905;0.004553179483;0.004132809148;0.02049397327;0.0145540662;0.004035735349;0.007176207723;0.005444036172;0.007701614592;0.009088307492;0.00905835582;0.004782837257;0.01952873936;0.002474281059;0.002588624322;0.0168393117;0.004426401718;0.004924967026;0.004597183102;0.009130063266;0.009527136496;0.004332224494;0.02096290085;0.01113751956;0.00544116257;0.008479639725,biomass;glucose;product;gp_nll,H4_run_6;H4_run_5;H4_run_1;H3_run_4;H3_run_5;H1_run_1;H2_run_1;H3_run_3;H2_run_3;H2_run_6;H1_run_4;H2_run_2;H1_run_3;T_run_2;T_run_1;H1_run_5;H4_run_4;H3_run_2;H4_run_3;H3_run_6;H1_run_2;H4_run_2;H1_run_6;H3_run_1;H2_run_5;H2_run_4,0.110570,0,,,0.008381366756,0.110570,0.0005694867073,0,
158,400,158,1,4108,0.008373943032,0.01397878573;0.007845272891;0.008189523188;0.00348219032,0.002465043095;0.004762699629;0.0084709405;0.0168342862;0.007163191319;0.009525773846;0.01952608133;0.00454985019;0.004922997783;0.02048583438;0.005428423444;0.01113827861;0.009071902717;0.002580385551;0.007687716293;0.005439962843;0.002497290535;0.004026205414;0.009052882672;0.02096411244;0.004588674618;0.00442019572;0.009131091515;0.004326711992;0.004111418552;0.01455056764,biomass;glucose;product;gp_nll,T_run_2;H2_run_2;H2_run_4;H1_run_5;H2_run_1;H1_run_2;H1_run_3;H4_run_5;H3_run_2;H3_run_4;H2_run_5;H3_run_1;H2_run_6;T_run_1;H2_run_3;H3_run_3;H4_run_6;H1_run_1;H1_run_4;H1_run_6;H4_run_3;H4_run_4;H3_run_6;H4_run_2;H4_run_1;H3_run_5,0.112382,0,,,0.008373943032,0.112382,0.0005659267833,0,
159,400,159,1,4134,0.008366608804,0.01397495664;0.007838463627;0.008185136978;0.003467877966,0.005415725531;0.004090285035;0.007150511621;0.004546583585;0.008462263036;0.02047784912;0.004016892022;0.0025722914;0.004921031245;0.004580363773;0.01952328254;0.004742786395;0.00952444958;0.005435863296;0.02096536813;0.009047328099;0.01454707575;0.007673983008;0.002490318115;0.004414116409;0.009055887821;0.004321197082;0.009132113111;0.01113907129;0.01682921705;0.002455974853,biomass;glucose;product;gp_nll,H2_run_5;H4_run_1;H2_run_1;H4_run_5;H2_run_4;H3_run_4;H1_run_1;T_run_1;H3_run_2;H4_run_3;H1_run_3;H2_run_2;H1_run_2;H3_run_3;H1_run_6;H1_run_4;H3_run_5;H2_run_3;H4_run_6;H4_run_4;H2_run_6;H4_run_2;H3_run_6;H3_run_1;H1_run_5;T_run_2,0.122261,0,,,0.008366608804,0.122261,0.0005624186214,0,
160,400,160,1,4160,0.008359361128,0.01397122946;0.007831647764;0.008180851314;0.003453715977,0.002483343809;0.004723097241;0.009133121981;0.007660412325;0.009041699135;0.005403074065;0.00543173933;0.02096666302;0.007138157288;0.01682410663;0.004572243992;0.002447070853;0.002564336305;0.004069404788;0.02047000808;0.01113989075;0.004408159852;0.01952034868;0.009040249848;0.004543378944;0.00400778974;0.009523155378;0.01454358059;0.008453609943;0.004315682817;0.004919063966,biomass;glucose;product;gp_nll,H4_run_6;H2_run_2;H3_run_6;H2_run_3;H1_run_4;H2_run_5;H3_run_3;H1_run_6;H2_run_1;H1_run_5;H4_run_3;T_run_2;T_run_1;H4_run_1;H3_run_4;H3_run_1;H4_run_4;H1_run_3;H2_run_6;H4_run_5;H1_run_1;H1_run_2;H3_run_5;H2_run_4;H4_run_2;H3_run_2,0.109907,0,,,0.008359361128,0.109907,0.0005589612875,0,
161,400,161,1,4186,0.00835219712,0.01396760024;0.007824825725;0.008176661156;0.003439701365,0.00470363203;0.00440232244;0.009024976556;0.004540235834;0.009134112088;0.002556514891;0.008444984213;0.002476370825;0.009036002411;0.005427592724;0.005390474367;0.002438325813;0.003998893527;0.01114073023;0.01951728468;0.004917092515;0.009521882763;0.004310172505;0.01454007197;0.004564309083;0.007647002248;0.02096799174;0.004048774208;0.007126117124;0.01681895671;0.02046230164,biomass;glucose;product;gp_nll,H2_run_2;H4_run_4;H2_run_6;H4_run_5;H3_run_6;T_run_1;H2_run_4;H4_run_6;H1_run_4;H3_run_3;H2_run_5;T_run_2;H1_run_1;H3_run_1;H1_run_3;H3_run_2;H1_run_2;H4_run_2;H3_run_5;H4_run_3;H2_run_3;H1_run_6;H4_run_1;H2_run_1;H1_run_5;H3_run_4,0.112311,0,,,0.00835219712,0.112311,0.0005555539515,0,
162,400,162,1,4212,0.008345113969,0.01396406506;0.007817997955;0.00817256166;0.0034258312,0.002469402392;0.004028389855;0.004915113482;0.008436389165;0.009135077456;0.004396600866;0.005377931799;0.02096934857;0.009030244156;0.007114380312;0.01453653947;0.02045472009;0.01951409477;0.01114158314;0.004304669681;0.009010056361;0.00399019871;0.004684390758;0.005423425217;0.007633751227;0.00242973465;0.004537154207;0.01681376854;0.002548821974;0.009520623146;0.004556553202,biomass;glucose;product;gp_nll,H4_run_6;H4_run_1;H3_run_2;H2_run_4;H3_run_6;H4_run_4;H2_run_5;H1_run_6;H1_run_4;H2_run_1;H3_run_5;H3_run_4;H1_run_3;H3_run_1;H4_run_2;H2_run_6;H1_run_1;H2_run_2;H3_run_3;H2_run_3;T_run_2;H4_run_5;H1_run_5;T_run_1;H1_run_2;H4_run_3,0.138370,0,,,0.008345113969,0.138370,0.0005521958305,0,
163,400,163,1,4238,0.00833811079,0.01396062484;0.007811163699;0.008168552021;0.003412102603,0.005419238493;0.004534134183;0.002421292484;0.00398170096;0.01680854291;0.004008248415;0.007620658098;0.002541252565;0.009519416212;0.01114244298;0.004913123494;0.02044725359;0.008995478276;0.0209707275;0.009024430202;0.007102936521;0.009136012189;0.01453297254;0.008427828385;0.005365451731;0.004390992085;0.00246244174;0.004299178055;0.01951078258;0.004548970827;0.004665373516,biomass;glucose;product;gp_nll,H3_run_3;H4_run_5;T_run_2;H1_run_1;H1_run_5;H4_run_1;H2_run_3;T_run_1;H1_run_2;H3_run_1;H3_run_2;H3_run_4;H2_run_6;H1_run_6;H1_run_4;H2_run_1;H3_run_6;H3_run_5;H2_run_4;H2_run_5;H4_run_4;H4_run_6;H4_run_2;H1_run_3;H4_run_3;H2_run_2,0.117448,0,,,0.00833811079,0.117448,0.0005488846929,0,
164,400,164,1,4264,0.008331178665,0.01395726692;0.007804318482;0.008164616506;0.003398512752,0.004531176117;0.005353039543;0.004541556773;0.02043989214;0.008419305731;0.009518156163;0.002533801893;0.004385493324;0.01452936046;0.009018566007;0.02097212219;0.007091775932;0.009136910443;0.00241299464;0.01950735112;0.005415034164;0.004911119202;0.004293701509;0.004646580515;0.00245549209;0.008981231918;0.01680328012;0.007607721859;0.003988346735;0.0111433034;0.003973331298,biomass;glucose;product;gp_nll,H4_run_5;H2_run_5;H4_run_3;H3_run_4;H2_run_4;H1_run_2;T_run_1;H4_run_4;H3_run_5;H1_run_4;H1_run_6;H2_run_1;H3_run_6;T_run_2;H1_run_3;H3_run_3;H3_run_2;H4_run_2;H2_run_2;H4_run_6;H2_run_6;H1_run_5;H2_run_3;H4_run_1;H3_run_1;H1_run_1,0.114836,0,,,0.008331178665,0.114836,0.0005456216847,0,
165,400,165,1,4290,0.008324321794,0.01395399073;0.00779747657;0.008160760988;0.003385058888,0.004628012117;0.004909097221;0.00541081374;0.01950380232;0.009516882958;0.004528280528;0.002526465424;0.01452569241;0.003968681834;0.009137766411;0.009012656502;0.008967307405;0.002448556604;0.004534306134;0.002404836726;0.004380102015;0.02043262589;0.02097352639;0.004288243929;0.003965215566;0.01114415817;0.00534070052;0.01679798008;0.00759494158;0.008410825055;0.007080889099,biomass;glucose;product;gp_nll,H2_run_2;H3_run_2;H3_run_3;H1_run_3;H1_run_2;H4_run_5;T_run_1;H3_run_5;H4_run_1;H3_run_6;H1_run_4;H2_run_6;H4_run_6;H4_run_3;T_run_2;H4_run_4;H3_run_4;H1_run_6;H4_run_2;H1_run_1;H3_run_1;H2_run_5;H1_run_5;H2_run_3;H2_run_4;H2_run_1,0.124902,0,,,0.008324321794,0.124902,0.0005424074719,0,
166,400,166,1,4316,0.008317535086,0.01395079323;0.007790630897;0.008156977905;0.00337173831,0.004907054364;0.002519238748;0.009515587969;0.003957285892;0.01950013743;0.004527214171;0.009006706456;0.01452195771;0.02097493391;0.00460966844;0.002441638372;0.003949250512;0.005406578669;0.004525448053;0.004282809317;0.007070266884;0.007582316521;0.02042544492;0.005328439803;0.008953695131;0.004374815728;0.01679264246;0.01114500139;0.008402390384;0.009138574571;0.002396814435,biomass;glucose;product;gp_nll,H3_run_2;T_run_1;H1_run_2;H1_run_1;H1_run_3;H4_run_3;H1_run_4;H3_run_5;H1_run_6;H2_run_2;H4_run_6;H4_run_1;H3_run_3;H4_run_5;H4_run_2;H2_run_1;H2_run_3;H3_run_4;H2_run_5;H2_run_6;H4_run_4;H1_run_5;H3_run_1;H2_run_4;H3_run_6;T_run_2,0.107667,0,,,0.008317535086,0.107667,0.0005392402714,0,
167,400,167,1,4342,0.008310818662,0.01394768222;0.00778377818;0.008153265875;0.003358548376,0.009139329553;0.02041833931;0.0111458273;0.003930049555;0.02097633868;0.004522679439;0.009000720324;0.007569846035;0.004369632203;0.01678726669;0.009514262647;0.002434740402;0.004277401686;0.0145181457;0.00394953904;0.0054023303;0.004591549557;0.005316262387;0.008940385819;0.008394006344;0.004905012122;0.0194963598;0.004520276352;0.002388923664;0.007059942657;0.00251211766,biomass;glucose;product;gp_nll,H3_run_6;H3_run_4;H3_run_1;H4_run_1;H1_run_6;H4_run_5;H1_run_4;H2_run_3;H4_run_4;H1_run_5;H1_run_2;H4_run_6;H4_run_2;H3_run_5;H1_run_1;H3_run_3;H2_run_2;H2_run_5;H2_run_6;H2_run_4;H3_run_2;H1_run_3;H4_run_3;T_run_2;H2_run_1;T_run_1,0.120519,0,,,0.008310818662,0.120519,0.000536120042,0,
168,400,168,1,4368,0.008304164747,0.01394463082;0.007776926804;0.008149614854;0.003345486509,0.005304173069;0.002505098173;0.00451348834;0.004573655463;0.004364549511;0.004519975526;0.0194924709;0.00755752953;0.004902918305;0.008994702101;0.00238116053;0.005398069818;0.002427865588;0.008927370511;0.02041129928;0.003911075712;0.01451424582;0.008385675201;0.003941972016;0.0167818519;0.01114663044;0.009140026176;0.00951289859;0.02097773484;0.007049821043;0.004272025033,biomass;glucose;product;gp_nll,H2_run_5;T_run_1;H4_run_3;H2_run_2;H4_run_4;H4_run_5;H1_run_3;H2_run_3;H3_run_2;H1_run_4;T_run_2;H3_run_3;H4_run_6;H2_run_6;H3_run_4;H4_run_1;H3_run_5;H2_run_4;H1_run_1;H1_run_5;H3_run_1;H3_run_6;H1_run_2;H1_run_6;H2_run_1;H4_run_2,0.112350,0,,,0.008304164747,0.112350,0.000533045566,0,
169,400,169,1,4394,0.00829757325,0.01394164664;0.007770072367;0.008146023807;0.003332550191,0.00426669774;0.003892325643;0.00455598606;0.008988655712;0.005393798362;0.004900794532;0.009511487485;0.0111474055;0.02097911679;0.008914640418;0.004359565647;0.00754536639;0.008377402104;0.009140659413;0.007039938834;0.02040429082;0.002498176486;0.002421016716;0.01948847215;0.01677639716;0.01451024765;0.004506845925;0.003934581987;0.005292176472;0.002373521303;0.004517337203,biomass;glucose;product;gp_nll,H4_run_2;H4_run_1;H2_run_2;H1_run_4;H3_run_3;H3_run_2;H1_run_2;H3_run_1;H1_run_6;H2_run_6;H4_run_4;H2_run_3;H2_run_4;H3_run_6;H2_run_1;H3_run_4;T_run_1;H4_run_6;H1_run_3;H1_run_5;H3_run_5;H4_run_3;H1_run_1;H2_run_5;T_run_2;H4_run_5,0.129437,0,,,0.00829757325,0.129437,0.000530016943,0,
170,400,170,1,4420,0.008291042509,0.0139387276;0.007763216761;0.00814248871;0.003319736963,0.003927366296;0.0145061409;0.005389516957;0.004538541136;0.005280276997;0.009510021172;0.007030287837;0.008369190882;0.004261394642;0.002414196442;0.008982584835;0.02039735258;0.004500345028;0.00435467863;0.02098047929;0.01677090143;0.009141224423;0.002366002425;0.003873795904;0.008902186923;0.004898637962;0.007533355942;0.0045147654;0.002491348982;0.01114814742;0.01948436482,biomass;glucose;product;gp_nll,H1_run_1;H3_run_5;H3_run_3;H2_run_2;H2_run_5;H1_run_2;H2_run_1;H2_run_4;H4_run_2;H4_run_6;H1_run_4;H3_run_4;H4_run_3;H4_run_4;H1_run_6;H1_run_5;H3_run_6;T_run_2;H4_run_1;H2_run_6;H3_run_2;H2_run_3;H4_run_5;T_run_1;H3_run_1;H1_run_3,0.127080,0,,,0.008291042509,0.127080,0.0005270339517,0,
171,400,171,1,4446,0.00828457277,0.0139358751;0.007756361389;0.008139010162;0.003307044433,0.003920322429;0.02039045077;0.004896445854;0.007521497412;0.004521320336;0.008976492913;0.01948015009;0.005268478793;0.007020860018;0.002358600529;0.009141716569;0.003855428473;0.008890001513;0.002484612257;0.004349886533;0.0167653636;0.008361045189;0.004493981672;0.005385226493;0.004512261049;0.01114885135;0.01450204771;0.02098181752;0.002407407272;0.004256134005;0.00950849168,biomass;glucose;product;gp_nll,H1_run_1;H3_run_4;H3_run_2;H2_run_3;H2_run_2;H1_run_4;H1_run_3;H2_run_5;H2_run_1;T_run_2;H3_run_6;H4_run_1;H2_run_6;T_run_1;H4_run_4;H1_run_5;H2_run_4;H4_run_3;H3_run_3;H4_run_5;H3_run_1;H3_run_5;H1_run_6;H4_run_6;H4_run_2;H1_run_2,0.130417,0,,,0.00828457277,0.130417,0.0005240941855,0,
172,400,172,1,4472,0.008278154654,0.01393307266;0.007749500988;0.008135574692;0.003294470275,0.008878071193;0.004345187474;0.004487751963;0.009142109896;0.01449769556;0.005380927734;0.01947582924;0.009506891276;0.002351312475;0.01114951268;0.008970383257;0.01675978259;0.003837325516;0.004894215537;0.008352968339;0.007011647509;0.00425091927;0.002400651507;0.002477963182;0.005256785692;0.007509789819;0.004509825046;0.02038357588;0.02098312713;0.003913448001;0.004504323227,biomass;glucose;product;gp_nll,H2_run_6;H4_run_4;H4_run_3;H3_run_6;H3_run_5;H3_run_3;H1_run_3;H1_run_2;T_run_2;H3_run_1;H1_run_4;H1_run_5;H4_run_1;H3_run_2;H2_run_4;H2_run_1;H4_run_2;H4_run_6;T_run_1;H2_run_5;H2_run_3;H4_run_5;H3_run_4;H1_run_6;H1_run_1;H2_run_2,0.117895,0,,,0.008278154654,0.117895,0.0005212017462,0,
173,400,173,1,4498,0.008271791039,0.01393032229;0.007742652039;0.008132177607;0.003282012219,0.005376621289;0.004340579594;0.004487549151;0.004891944473;0.01115012707;0.02098440438;0.004481652077;0.008866389695;0.003906740768;0.02037671857;0.00524520131;0.003819431316;0.004507458296;0.004245753842;0.008344975234;0.009505212394;0.01449320523;0.009142442923;0.00896425886;0.007498232092;0.007002642504;0.002471398746;0.002393931341;0.01675415722;0.01947140338;0.002344135254,biomass;glucose;product;gp_nll,H3_run_3;H4_run_4;H2_run_2;H3_run_2;H3_run_1;H1_run_6;H4_run_3;H2_run_6;H1_run_1;H3_run_4;H2_run_5;H4_run_1;H4_run_5;H4_run_2;H2_run_4;H1_run_2;H3_run_5;H3_run_6;H1_run_4;H2_run_3;H2_run_1;T_run_1;H4_run_6;H1_run_5;H1_run_3;T_run_2,0.116756,0,,,0.008271791039,0.116756,0.0005183591663,0,
174,400,174,1,4524,0.008265478937,0.01392762904;0.007735787311;0.008128831324;0.003269668071,0.01674848705;0.00450516142;0.004889630309;0.0095034479;0.01448856766;0.006993836949;0.005372307779;0.01115069047;0.003900198321;0.002387272624;0.002464916267;0.02098564656;0.00380174148;0.008337045316;0.0044756779;0.004240640573;0.01946687476;0.008958123239;0.008854950455;0.002337066058;0.02036986958;0.004336060851;0.005233728708;0.007486822576;0.009142690508;0.004470997057,biomass;glucose;product;gp_nll,H1_run_5;H4_run_5;H3_run_2;H1_run_2;H3_run_5;H2_run_1;H3_run_3;H3_run_1;H1_run_1;H4_run_6;T_run_1;H1_run_6;H4_run_1;H2_run_4;H4_run_3;H4_run_2;H1_run_3;H1_run_4;H2_run_6;T_run_2;H3_run_4;H4_run_4;H2_run_5;H2_run_3;H3_run_6;H2_run_2,0.116258,0,,,0.008265478937,0.116258,0.0005155565619,0,
175,400,175,1,4550,0.008259214621,0.01392498206;0.007728919565;0.008125521169;0.003257435685,0.002330102202;0.002458513098;0.00238062931;0.003893818642;0.02098685119;0.01674277006;0.01448377372;0.005367987473;0.008843745108;0.02036301989;0.007475559773;0.01946224442;0.009501590698;0.003784251571;0.008951978895;0.004469825743;0.004454665944;0.004887270726;0.00450293525;0.006985223225;0.009142848857;0.01115119905;0.00433162942;0.004235582483;0.008329192484;0.005222370915,biomass;glucose;product;gp_nll,T_run_2;T_run_1;H4_run_6;H1_run_1;H1_run_6;H1_run_5;H3_run_5;H3_run_3;H2_run_6;H3_run_4;H2_run_3;H1_run_3;H1_run_2;H4_run_1;H1_run_4;H4_run_3;H2_run_2;H3_run_2;H4_run_5;H2_run_1;H3_run_6;H3_run_1;H4_run_4;H4_run_2;H2_run_4;H2_run_5,0.130848,0,,,0.008259214621,0.130848,0.0005127982193,0,
176,400,176,1,4576,0.008252996751,0.01392238044;0.0077220475;0.008122246098;0.003245312973,0.002323241185;0.002374027005;0.00832141915;0.006976793556;0.008945828111;0.003887599833;0.00914291433;0.008832765222;0.01115164916;0.007464442002;0.00376695694;0.01945751344;0.009499633844;0.005363660473;0.02098801641;0.004327283488;0.004230582437;0.0203561605;0.004884863486;0.01673700576;0.005211130736;0.004464091963;0.004500780589;0.004438554689;0.01447881444;0.002452186788,biomass;glucose;product;gp_nll,T_run_2;H4_run_6;H2_run_4;H2_run_1;H1_run_4;H1_run_1;H3_run_6;H2_run_6;H3_run_1;H2_run_3;H4_run_1;H1_run_3;H1_run_2;H3_run_3;H1_run_6;H4_run_4;H4_run_2;H3_run_4;H3_run_2;H1_run_5;H2_run_5;H4_run_3;H4_run_5;H2_run_2;H3_run_5;T_run_1,0.111155,0,,,0.008252996751,0.111155,0.0005100841292,0,
177,400,177,1,4602,0.008246823129,0.01391982138;0.007715170159;0.008119003072;0.003233297902,0.008822002277;0.002445935068;0.02034928256;0.003881540103;0.002367467259;0.01447368109;0.004458472954;0.01115203736;0.005200010714;0.004225643106;0.004882406438;0.00696854039;0.004323021238;0.007453467327;0.008313727436;0.02098914109;0.004498698192;0.00374985455;0.01673119293;0.005359326691;0.004422662022;0.009142883466;0.002316480667;0.008939672925;0.009497570597;0.01945268291,biomass;glucose;product;gp_nll,H2_run_6;T_run_1;H3_run_4;H1_run_1;H4_run_6;H3_run_5;H4_run_3;H3_run_1;H2_run_5;H4_run_2;H3_run_2;H2_run_1;H4_run_4;H2_run_3;H2_run_4;H1_run_6;H4_run_5;H4_run_1;H1_run_5;H3_run_3;H2_run_2;H3_run_6;T_run_2;H1_run_4;H1_run_2;H1_run_3,0.125726,0,,,0.008246823129,0.125726,0.0005074141022,0,
178,400,178,1,4628,0.008240691627,0.01391730229;0.007708286531;0.008115789181;0.0032213885,0.009142752971;0.005354985841;0.002360951466;0.004220766967;0.004406986537;0.01672533029;0.02099022467;0.01446836515;0.009495394407;0.002439755844;0.008811447643;0.003875637769;0.005189013138;0.007442633544;0.008933515124;0.002309818471;0.004879897519;0.004496688761;0.0111523604;0.008306119167;0.0203423773;0.004318840848;0.003732942863;0.004452965147;0.006960456516;0.01944775394,biomass;glucose;product;gp_nll,H3_run_6;H3_run_3;H4_run_6;H4_run_2;H2_run_2;H1_run_5;H1_run_6;H3_run_5;H1_run_2;T_run_1;H2_run_6;H1_run_1;H2_run_5;H2_run_3;H1_run_4;T_run_2;H3_run_2;H4_run_5;H3_run_1;H2_run_4;H3_run_4;H4_run_4;H4_run_1;H4_run_3;H2_run_1;H1_run_3,0.119772,0,,,0.008240691627,0.119772,0.0005047879657,0,
179,400,179,1,4654,0.00823459836,0.01391481629;0.007701396052;0.00811259825;0.003209582845,0.008298595875;0.003716213562;0.01671941655;0.00487733474;0.005350637432;0.003869891257;0.009493060106;0.006952534417;0.01115261522;0.02099126739;0.004391526705;0.002354480875;0.004494752951;0.009142519696;0.00517814006;0.004447565002;0.02033543605;0.00880109255;0.008927356237;0.01446285831;0.007431938154;0.01944272767;0.002433647193;0.004215956303;0.004314740492;0.002303252575,biomass;glucose;product;gp_nll,H2_run_4;H4_run_1;H1_run_5;H3_run_2;H3_run_3;H1_run_1;H1_run_2;H2_run_1;H3_run_1;H1_run_6;H2_run_2;H4_run_6;H4_run_5;H3_run_6;H2_run_5;H4_run_3;H3_run_4;H2_run_6;H1_run_4;H3_run_5;H2_run_3;H1_run_3;T_run_1;H4_run_2;H4_run_4;T_run_2,0.116350,0,,,0.00823459836,0.116350,0.0005022069616,0,
180,400,180,1,4680,0.008228544076,0.0139123685;0.007694495049;0.008109433683;0.003197879071,0.004442268976;0.01671345039;0.008921197511;0.00431071831;0.004211213214;0.007421378316;0.0023480566;0.01445715243;0.00949063976;0.008790928005;0.005346280758;0.003864299103;0.004874716192;0.02032845026;0.004376280846;0.008291158779;0.003699661577;0.02099227052;0.00242760734;0.005167393298;0.009142180646;0.002296781109;0.00449289135;0.01943760524;0.01115279895;0.006944766507,biomass;glucose;product;gp_nll,H4_run_3;H1_run_5;H1_run_4;H4_run_4;H4_run_2;H2_run_3;H4_run_6;H3_run_5;H1_run_2;H2_run_6;H3_run_3;H1_run_1;H3_run_2;H3_run_4;H2_run_2;H2_run_4;H4_run_1;H1_run_6;T_run_1;H2_run_5;H3_run_6;T_run_2;H4_run_5;H1_run_3;H3_run_1;H2_run_1,0.123957,0,,,0.008228544076,0.123957,0.0004996682369,0,
181,400,181,1,4706,0.008222523406,0.01390994961;0.007687580401;0.00810628825;0.003186275362,0.01943238777;0.008915039866;0.004206539621;0.002290402353;0.004872039887;0.005341914866;0.007410950889;0.01670743044;0.02099323604;0.009141732915;0.008780944942;0.004306772466;0.008283808837;0.002421634679;0.02032141137;0.006937145259;0.009488087771;0.01115286785;0.003858859979;0.01445123955;0.00368328174;0.00449110452;0.004361247236;0.005156774485;0.002341679625;0.004437073604,biomass;glucose;product;gp_nll,H1_run_3;H1_run_4;H4_run_2;T_run_2;H3_run_2;H3_run_3;H2_run_3;H1_run_5;H1_run_6;H3_run_6;H2_run_6;H4_run_4;H2_run_4;T_run_1;H3_run_4;H2_run_1;H1_run_2;H3_run_1;H1_run_1;H3_run_5;H4_run_1;H4_run_5;H2_run_2;H2_run_5;H4_run_6;H4_run_3,0.114750,0,,,0.008222523406,0.114750,0.0004971729343,0,
182,400,182,1,4732,0.008216537096,0.01390756283;0.007680652859;0.008103162747;0.003174769949,0.01670135516;0.02099416677;0.008276544074;0.009141173667;0.01115290078;0.0194270762;0.004346424098;0.02031431087;0.002335350846;0.01444511177;0.00443197548;0.006929663135;0.008908883807;0.007400652425;0.005337538537;0.002284114734;0.002415727735;0.00948539812;0.003667068741;0.004302901131;0.005146285112;0.004201937332;0.004489393004;0.003853572729;0.008771134178;0.004869304071,biomass;glucose;product;gp_nll,H1_run_5;H1_run_6;H2_run_4;H3_run_6;H3_run_1;H1_run_3;H2_run_2;H3_run_4;H4_run_6;H3_run_5;H4_run_3;H2_run_1;H1_run_4;H2_run_3;H3_run_3;T_run_2;T_run_1;H1_run_2;H4_run_1;H4_run_4;H2_run_5;H4_run_2;H4_run_5;H1_run_1;H2_run_6;H3_run_2,0.159655,0,,,0.008216537096,0.159655,0.000494720508,0,
183,400,183,1,4758,0.008210581389,0.01390520248;0.007673709702;0.008100052265;0.003163361111,0.004331809618;0.004866507011;0.004426971255;0.02099506638;0.002277916818;0.005333150285;0.00513592651;0.004197407987;0.003848436348;0.01443876131;0.003651017147;0.004487757316;0.0194216714;0.004299102487;0.008761486425;0.01669522291;0.01115285467;0.002329071053;0.006922312597;0.02030714026;0.002409885174;0.007390479117;0.009482564876;0.008269367553;0.009140500126;0.008902729468,biomass;glucose;product;gp_nll,H2_run_2;H3_run_2;H4_run_3;H1_run_6;T_run_2;H3_run_3;H2_run_5;H4_run_2;H1_run_1;H3_run_5;H4_run_1;H4_run_5;H1_run_3;H4_run_4;H2_run_6;H1_run_5;H3_run_1;H4_run_6;H2_run_1;H3_run_4;T_run_1;H2_run_3;H1_run_2;H2_run_4;H3_run_6;H1_run_4,0.168944,0,,,0.008210581389,0.168944,0.0004923114869,0,
184,400,184,1,4784,0.00820465248,0.01390286346;0.007666746502;0.008096952786;0.003152047171,0.01115272706;0.00240410579;0.002322840946;0.005125699883;0.003635121387;0.004422057622;0.009479582163;0.002271807306;0.01668903197;0.005328748348;0.007380426813;0.006915086067;0.020299891;0.004863646949;0.008262279593;0.00384344999;0.01443218049;0.008896576603;0.02099593946;0.01941617415;0.009139709558;0.004317363344;0.004192953084;0.004486197936;0.008751992249;0.004295374717,biomass;glucose;product;gp_nll,H3_run_1;T_run_1;H4_run_6;H2_run_5;H4_run_1;H4_run_3;H1_run_2;T_run_2;H1_run_5;H3_run_3;H2_run_3;H2_run_1;H3_run_4;H3_run_2;H2_run_4;H1_run_1;H3_run_5;H1_run_4;H1_run_6;H1_run_3;H3_run_6;H2_run_2;H4_run_2;H4_run_5;H2_run_6;H4_run_4,0.129798,0,,,0.00820465248,0.129798,0.000489945871,0,
185,400,185,1,4810,0.008198751183,0.01390054852;0.00765976513;0.008093864587;0.003140826498,0.02099679153;0.004291716023;0.004417231349;0.02029255452;0.008255280094;0.0043031587;0.008890424443;0.01442536162;0.003619382818;0.01668278039;0.004860722128;0.01941058503;0.004188574013;0.007370491086;0.01115251551;0.003838613047;0.008742642155;0.009476444123;0.00511560635;0.002398388488;0.002316661161;0.005324330642;0.009138799218;0.002265785037;0.004484715339;0.006907975933,biomass;glucose;product;gp_nll,H1_run_6;H4_run_4;H4_run_3;H3_run_4;H2_run_4;H2_run_2;H1_run_4;H3_run_5;H4_run_1;H1_run_5;H3_run_2;H1_run_3;H4_run_2;H2_run_3;H3_run_1;H1_run_1;H2_run_6;H1_run_2;H2_run_5;T_run_1;H4_run_6;H3_run_3;H3_run_6;T_run_2;H4_run_5;H2_run_1,0.137555,0,,,0.008198751183,0.137555,0.0004876236274,0,
186,400,186,1,4836,0.008192873703,0.0138982526;0.007652760974;0.008090783745;0.003129697496,0.0144182966;0.003603795845;0.004483309959;0.00913776635;0.003833925027;0.006900974503;0.008884271981;0.002310532275;0.005105646947;0.007360667249;0.02099762906;0.004857730808;0.004412489203;0.004288124604;0.008733426449;0.004289157121;0.002259848951;0.00418427202;0.01940490469;0.01115221761;0.008248368703;0.005319894841;0.02028512211;0.01667646621;0.002392732288;0.009473144874,biomass;glucose;product;gp_nll,H3_run_5;H4_run_1;H4_run_5;H3_run_6;H1_run_1;H2_run_1;H1_run_4;H4_run_6;H2_run_5;H2_run_3;H1_run_6;H3_run_2;H4_run_3;H4_run_4;H2_run_6;H2_run_2;T_run_2;H4_run_2;H1_run_3;H3_run_1;H2_run_4;H3_run_3;H3_run_4;H1_run_5;T_run_1;H1_run_2,0.128525,0,,,0.008192873703,0.128525,0.000485344865,0,
187,400,187,1,4862,0.008187024572,0.0138959464;0.007645790794;0.008087702485;0.003118658608,0.004275356837;0.01441097804;0.00230445483;0.004180048253;0.006894074011;0.02027758487;0.005315438325;0.009469678465;0.01115183087;0.01667008735;0.01939913372;0.004284598677;0.008724472573;0.003588345798;0.009136608134;0.005095822691;0.008241544866;0.004407899828;0.008878117822;0.02099845948;0.003829385461;0.004481982224;0.002387136299;0.002253998087;0.004854671235;0.00735093013,biomass;glucose;product;gp_nll,H2_run_2;H3_run_5;H4_run_6;H4_run_2;H2_run_1;H3_run_4;H3_run_3;H1_run_2;H3_run_1;H1_run_5;H1_run_3;H4_run_4;H2_run_6;H4_run_1;H3_run_6;H2_run_5;H2_run_4;H4_run_3;H1_run_4;H1_run_6;H1_run_1;H4_run_5;T_run_1;T_run_2;H3_run_2;H2_run_3,0.139159,0,,,0.008187024572,0.139159,0.0004831248243,0,
188,400,188,1,4888,0.008181171266,0.01389370274;0.007638654714;0.008084619242;0.003107708365,0.01440340033;0.003824992312;0.004480731182;0.002381600399;0.009466039892;0.004281135529;0.006887264868;0.002298428464;0.02026993352;0.002248231642;0.009135322221;0.004261755309;0.01115135298;0.02099929317;0.007341310456;0.008871964973;0.0193932792;0.004851541833;0.003573025835;0.005086133229;0.008715090083;0.008234804985;0.005310959472;0.004175901554;0.01666364624;0.004403313247,biomass;glucose;product;gp_nll,H3_run_5;H1_run_1;H4_run_5;T_run_1;H1_run_2;H4_run_4;H2_run_1;H4_run_6;H3_run_4;T_run_2;H3_run_6;H2_run_2;H3_run_1;H1_run_6;H2_run_3;H1_run_4;H1_run_3;H3_run_2;H4_run_1;H2_run_5;H2_run_6;H2_run_4;H3_run_3;H4_run_2;H1_run_5;H4_run_3,0.124373,0,,,0.008181171266,0.124373,0.0004809163909,0,
189,400,189,1,4914,0.008175349369,0.01389144724;0.007631559847;0.00808154517;0.003096845218,0.005306453054;0.0143955527;0.00507658156;0.007331790826;0.0038207483;0.00424835239;0.002242549033;0.008706207825;0.008865803976;0.009133904636;0.006880541808;0.004848340347;0.004171836058;0.02026215879;0.01115078092;0.0166571336;0.009462221393;0.003557831371;0.01938733179;0.004277734882;0.002292454931;0.004479559328;0.0043988023;0.02100013638;0.008228152221;0.002376123168,biomass;glucose;product;gp_nll,H3_run_3;H3_run_5;H2_run_5;H2_run_3;H1_run_1;H2_run_2;T_run_2;H2_run_6;H1_run_4;H3_run_6;H2_run_1;H3_run_2;H4_run_2;H3_run_4;H3_run_1;H1_run_5;H1_run_2;H4_run_1;H1_run_3;H4_run_4;H4_run_6;H4_run_5;H4_run_3;H1_run_6;H2_run_4;T_run_1,0.130707,0,,,0.008175349369,0.130707,0.0004787679051,0,
190,400,190,1,4940,0.008169541235,0.01388920017;0.007624428577;0.008078468487;0.003086067704,0.02025425102;0.002236949553;0.01938129189;0.008859632198;0.007322365429;0.004845064938;0.003816653737;0.01438742725;0.009132352165;0.0111501119;0.01665054696;0.005301915512;0.004478467055;0.004394363883;0.006873896723;0.004235146655;0.0210009998;0.008221585436;0.003542756385;0.00427439501;0.002370703915;0.009458216615;0.005067168797;0.004167852667;0.008697421855;0.002286534777,biomass;glucose;product;gp_nll,H3_run_4;T_run_2;H1_run_3;H1_run_4;H2_run_3;H3_run_2;H1_run_1;H3_run_5;H3_run_6;H3_run_1;H1_run_5;H3_run_3;H4_run_5;H4_run_3;H2_run_1;H2_run_2;H1_run_6;H2_run_4;H4_run_1;H4_run_4;T_run_1;H1_run_2;H2_run_5;H4_run_2;H2_run_6;H4_run_6,0.117839,0,,,0.008169541235,0.117839,0.0004766632523,0,
191,400,191,1,4966,0.008163744304,0.01388695896;0.007617257144;0.008075386724;0.003075374386,0.005297342975;0.009130661391;0.004389994933;0.01437901594;0.02100189525;0.004477454766;0.008688721607;0.01114934292;0.02024620021;0.003812709161;0.007313027864;0.00352779477;0.008853446614;0.002280668585;0.01664388368;0.002365341978;0.01937515986;0.004841713703;0.004222136874;0.004163952218;0.005057896153;0.004271114214;0.006867321387;0.008215103313;0.002231432541;0.009454018986,biomass;glucose;product;gp_nll,H3_run_3;H3_run_6;H4_run_3;H3_run_5;H1_run_6;H4_run_5;H2_run_6;H3_run_1;H3_run_4;H1_run_1;H2_run_3;H4_run_1;H1_run_4;H4_run_6;H1_run_5;T_run_1;H1_run_3;H3_run_2;H2_run_2;H4_run_2;H2_run_5;H4_run_4;H2_run_1;H2_run_4;T_run_2;H1_run_2,0.135850,0,,,0.008163744304,0.135850,0.000474602572,0,
192,400,192,1,4992,0.008157955937,0.01388472094;0.007610041724;0.008072297233;0.003064763851,0.008208704378;0.003512940336;0.008680096288;0.01114847075;0.01663714099;0.004385692433;0.02100283572;0.002225997371;0.002360036714;0.002274856999;0.005048764992;0.009449621656;0.007303771241;0.004476522876;0.003808915343;0.01936893602;0.004267890385;0.005292731263;0.006860807445;0.02023799592;0.008847243814;0.009128828641;0.004160135498;0.004838284667;0.01437031054;0.004209322065,biomass;glucose;product;gp_nll,H2_run_4;H4_run_1;H2_run_6;H3_run_1;H1_run_5;H4_run_3;H1_run_6;T_run_2;T_run_1;H4_run_6;H2_run_5;H1_run_2;H2_run_3;H4_run_5;H1_run_1;H1_run_3;H4_run_4;H3_run_3;H2_run_1;H3_run_4;H1_run_4;H3_run_6;H4_run_2;H3_run_2;H3_run_5;H2_run_2,0.134670,0,,,0.008157955937,0.134670,0.0004725861122,0,
193,400,193,1,5018,0.008152172929,0.01388248195;0.007602779104;0.008069195957;0.003054234707,0.002269086888;0.01114749187;0.003498186751;0.004381453411;0.005039776863;0.004156403258;0.004475671823;0.02100383535;0.002220643431;0.004196701567;0.002354787476;0.008841020014;0.009126849947;0.003805273297;0.01936262067;0.0202296272;0.00944501745;0.004264722215;0.008671534864;0.008202387008;0.01663031597;0.005288075886;0.004834775762;0.006854346404;0.007294588165;0.01436130261,biomass;glucose;product;gp_nll,H4_run_6;H3_run_1;H4_run_1;H4_run_3;H2_run_5;H4_run_2;H4_run_5;H1_run_6;T_run_2;H2_run_2;T_run_1;H1_run_4;H3_run_6;H1_run_1;H1_run_3;H3_run_4;H1_run_2;H4_run_4;H2_run_6;H2_run_4;H1_run_5;H3_run_3;H3_run_2;H2_run_1;H2_run_3;H3_run_5,0.124312,0,,,0.008152172929,0.124312,0.0004706136653,0,
194,400,194,1,5044,0.008146404836,0.01388026038;0.007595482805;0.008066090584;0.003043785576,0.005030933214;0.007285470724;0.002263387037;0.004184499307;0.003483527402;0.004474902079;0.006847929594;0.008196149482;0.002215370127;0.004831184798;0.02100490951;0.02022108246;0.008834771104;0.004377343315;0.01114640235;0.003801784281;0.009440198779;0.005283372061;0.008663026037;0.004261608175;0.01662340557;0.00234959362;0.01935621417;0.004152756244;0.01435198334;0.009124720951,biomass;glucose;product;gp_nll,H2_run_5;H2_run_3;H4_run_6;H2_run_2;H4_run_1;H4_run_5;H2_run_1;H2_run_4;T_run_2;H3_run_2;H1_run_6;H3_run_4;H1_run_4;H4_run_3;H3_run_1;H1_run_1;H1_run_2;H3_run_3;H2_run_6;H4_run_4;H1_run_5;T_run_1;H1_run_3;H4_run_2;H3_run_5;H3_run_6,0.113440,0,,,0.008146404836,0.113440,0.0004686880354,0,
195,400,195,1,5070,0.008140622054,0.01387802016;0.007588086534;0.008062966435;0.003033415087,0.005022236021;0.008189989998;0.004258546846;0.008654558192;0.009122437121;0.01934971711;0.01661640668;0.008828492954;0.005278614796;0.007276410417;0.004373218228;0.02021234927;0.002257744366;0.002344454345;0.002210176647;0.003468955606;0.004827509608;0.0210059893;0.004149195206;0.011145198;0.009435157631;0.004474214162;0.003798449636;0.01434234384;0.006841548234;0.004172259182,biomass;glucose;product;gp_nll,H2_run_5;H2_run_4;H4_run_4;H2_run_6;H3_run_6;H1_run_3;H1_run_5;H1_run_4;H3_run_3;H2_run_3;H4_run_3;H3_run_4;H4_run_6;T_run_1;T_run_2;H4_run_1;H3_run_2;H1_run_6;H4_run_2;H3_run_1;H1_run_2;H4_run_5;H1_run_1;H3_run_5;H2_run_1;H2_run_2,0.116907,0,,,0.008140622054,0.116907,0.0004668047006,0,
196,400,196,1,5096,0.008134839873,0.01387576472;0.007580652813;0.008059820065;0.003023121888,0.002339368784;0.004473608835;0.008183907246;0.01660931492;0.00501368829;0.01433237444;0.003454465016;0.004160211167;0.003795271652;0.0088221792;0.0111438741;0.004255536939;0.004823747795;0.009429885469;0.0202034151;0.005273798168;0.004145721436;0.009119993226;0.002205062433;0.008646120092;0.0210072624;0.002252160232;0.004369148632;0.007267399328;0.006835193456;0.01934312833,biomass;glucose;product;gp_nll,T_run_1;H4_run_5;H2_run_4;H1_run_5;H2_run_5;H3_run_5;H4_run_1;H2_run_2;H1_run_1;H1_run_4;H3_run_1;H4_run_4;H3_run_2;H1_run_2;H3_run_4;H3_run_3;H4_run_2;H3_run_6;T_run_2;H2_run_6;H1_run_6;H4_run_6;H4_run_3;H2_run_3;H2_run_1;H1_run_3,0.118220,0,,,0.008134839873,0.118220,0.0004649668489,0,
197,400,197,1,5122,0.008129052237,0.01387349761;0.007573153433;0.00805665327;0.00301290464,0.007258429587;0.01114242525;0.01933644869;0.02019426616;0.004252577223;0.006828856202;0.01660212706;0.00911738353;0.004473086646;0.02100866577;0.009424373272;0.008177899087;0.00414233558;0.002334336139;0.004365131708;0.008637699586;0.01432206552;0.002200026766;0.004148355681;0.002246635963;0.008815825029;0.005268916605;0.005005292799;0.003792252278;0.004819896741;0.0034400493,biomass;glucose;product;gp_nll,H2_run_3;H3_run_1;H1_run_3;H3_run_4;H4_run_4;H2_run_1;H1_run_5;H3_run_6;H4_run_5;H1_run_6;H1_run_2;H2_run_4;H4_run_2;T_run_1;H4_run_3;H2_run_6;H3_run_5;T_run_2;H2_run_2;H4_run_6;H1_run_4;H3_run_3;H2_run_5;H1_run_1;H3_run_2;H4_run_1,0.119973,0,,,0.008129052237,0.119973,0.0004631739988,0,
198,400,198,1,5148,0.008123256513,0.01387121604;0.007565584393;0.008053463613;0.003002762006,0.004472648186;0.006822527043;0.003425702179;0.002241173116;0.002195068842;0.02101022053;0.0165948399;0.004139038302;0.004249666606;0.005263964306;0.01114084545;0.00941861141;0.003789393671;0.00862928425;0.004997052776;0.004361164687;0.004136693582;0.007249491755;0.008171963325;0.01431140703;0.02018488775;0.009114601714;0.008809425477;0.01932967929;0.004815962658;0.002329355518,biomass;glucose;product;gp_nll,H4_run_5;H2_run_1;H4_run_1;H4_run_6;T_run_2;H1_run_6;H1_run_5;H4_run_2;H4_run_4;H3_run_3;H3_run_1;H1_run_2;H1_run_1;H2_run_6;H2_run_5;H4_run_3;H2_run_2;H2_run_3;H2_run_4;H3_run_5;H3_run_4;H3_run_6;H1_run_4;H1_run_3;H3_run_2;T_run_1,0.128430,0,,,0.008123256513,0.128430,0.0004614262781,0,
199,400,199,1,5174,0.008117450585,0.01386891449;0.007557945915;0.008050249277;0.002992692654,0.01932282161;0.009412589602;0.008620861382;0.00378669816;0.008802975529;0.004472335399;0.01113912796;0.00424680415;0.006816196282;0.01430038857;0.004988971942;0.02101194922;0.008166097707;0.004125226203;0.004811925138;0.004135830285;0.002324425913;0.01658745025;0.003411417449;0.007240576125;0.002190187735;0.005258935286;0.002235773507;0.00911164083;0.02017526411;0.004357244851,biomass;glucose;product;gp_nll,H1_run_3;H1_run_2;H2_run_6;H1_run_1;H1_run_4;H4_run_5;H3_run_1;H4_run_4;H2_run_1;H3_run_5;H2_run_5;H1_run_6;H2_run_4;H2_run_2;H3_run_2;H4_run_2;T_run_1;H1_run_5;H4_run_1;H2_run_3;T_run_2;H3_run_3;H4_run_6;H3_run_6;H3_run_4;H4_run_3,0.124073,0,,,0.008117450585,0.124073,0.0004597241583,0,
200,400,200,1,5200,0.00811163019,0.01386659433;0.007550225495;0.008047005679;0.002982695251,0.02101387285;0.01113731073;0.004132712061;0.008612417824;0.004353369424;0.004243989052;0.01931587799;0.01428899942;0.006809853882;0.02016537845;0.005253823507;0.004981055048;0.01657995533;0.002319546267;0.003784168082;0.002230439181;0.007231671535;0.009108493227;0.002185382436;0.004807789432;0.004113955403;0.003397189043;0.009406296932;0.008160299725;0.004472067608;0.008796470497,biomass;glucose;product;gp_nll,H1_run_6;H3_run_1;H4_run_2;H2_run_6;H4_run_3;H4_run_4;H1_run_3;H3_run_5;H2_run_1;H3_run_4;H3_run_3;H2_run_5;H1_run_5;T_run_1;H1_run_1;H4_run_6;H2_run_3;H3_run_6;T_run_2;H3_run_2;H2_run_2;H4_run_1;H1_run_2;H2_run_4;H4_run_5;H1_run_4,0.130506,0,,,0.00811163019,0.130506,0.0004580666725,0,
201,400,201,1,5226,0.008105790809,0.01386424651;0.0075424184;0.00804372987;0.00297276846,0.009105150486;0.00410288363;0.01930885099;0.004129684356;0.01113529607;0.008789905595;0.02101601896;0.007222766253;0.00338301106;0.002225172572;0.008154567078;0.01427722834;0.005248622763;0.00939972165;0.004471885842;0.004803552129;0.002180651729;0.006803489704;0.004349535791;0.02015521271;0.01657235227;0.002314727036;0.003781805986;0.004973306934;0.008603940355;0.00424122075,biomass;glucose;product;gp_nll,H3_run_6;H2_run_2;H1_run_3;H4_run_2;H3_run_1;H1_run_4;H1_run_6;H2_run_3;H4_run_1;H4_run_6;H2_run_4;H3_run_5;H3_run_3;H1_run_2;H4_run_5;H3_run_2;T_run_2;H2_run_1;H4_run_3;H3_run_4;H1_run_5;T_run_1;H1_run_1;H2_run_5;H2_run_6;H4_run_4,0.118734,0,,,0.008105790809,0.118734,0.0004564543391,0,
202,400,202,1,5252,0.008099928555,0.01386186561;0.007534522051;0.008040415622;0.002962910935,0.004092013971;0.004345741445;0.01113311852;0.002175994232;0.002219976504;0.004965732758;0.00230994395;0.004126747997;0.006797093383;0.0165646383;0.02014474755;0.02101841467;0.009392851177;0.008783276118;0.004471790742;0.009101603356;0.008595415606;0.01930174367;0.005243326751;0.00721380964;0.003779614541;0.01426506366;0.004238498922;0.004799209577;0.003368877828;0.008148897549,biomass;glucose;product;gp_nll,H2_run_2;H4_run_3;H3_run_1;T_run_2;H4_run_6;H2_run_5;T_run_1;H4_run_2;H2_run_1;H1_run_5;H3_run_4;H1_run_6;H1_run_2;H1_run_4;H4_run_5;H3_run_6;H2_run_6;H1_run_3;H3_run_3;H2_run_3;H1_run_1;H3_run_5;H4_run_4;H3_run_2;H4_run_1;H2_run_4,0.115016,0,,,0.008099928555,0.115016,0.0004548872368,0,
203,400,203,1,5278,0.008094044133,0.01385945235;0.007526535836;0.008037067027;0.002953121322,0.02102108781;0.003777596522;0.004123903844;0.02013396237;0.008586830078;0.002305223271;0.004081350139;0.002214854183;0.008143288952;0.004471782932;0.01655681095;0.007204866196;0.004235823496;0.004794757899;0.008776577698;0.01113076776;0.004958338802;0.00335478389;0.004341983977;0.005237929179;0.002171408308;0.01929455986;0.01425249332;0.009385669929;0.00909784176;0.006790654317,biomass;glucose;product;gp_nll,H1_run_6;H1_run_1;H4_run_2;H3_run_4;H2_run_6;T_run_1;H2_run_2;H4_run_6;H2_run_4;H4_run_5;H1_run_5;H2_run_3;H4_run_4;H3_run_2;H1_run_4;H3_run_1;H2_run_5;H4_run_1;H4_run_3;H3_run_3;T_run_2;H1_run_3;H3_run_5;H1_run_2;H3_run_6;H2_run_1,0.123183,0,,,0.008094044133,0.123183,0.0004533650884,0,
204,400,204,1,5304,0.008088135674,0.01385700063;0.007518468448;0.008033675358;0.002943398258,0.004790192871;0.004338261017;0.009378216068;0.004233251521;0.008578169977;0.01423950488;0.00407089657;0.01654886828;0.00230052953;0.006784161586;0.002209809245;0.004471862991;0.00909385466;0.02102406734;0.02012283504;0.01928730449;0.004951132129;0.005232423881;0.00412115277;0.008137739138;0.007195883991;0.01112823234;0.008769806585;0.003340724101;0.002166892144;0.003775754375,biomass;glucose;product;gp_nll,H3_run_2;H4_run_3;H1_run_2;H4_run_4;H2_run_6;H3_run_5;H2_run_2;H1_run_5;T_run_1;H2_run_1;H4_run_6;H4_run_5;H3_run_6;H1_run_6;H3_run_4;H1_run_3;H2_run_5;H3_run_3;H4_run_2;H2_run_4;H2_run_3;H3_run_1;H1_run_4;H4_run_1;T_run_2;H1_run_1,0.112551,0,,,0.008088135674,0.112551,0.0004518896087,0,
205,400,205,1,5330,0.008082194447,0.01385449014;0.007510310504;0.008030236755;0.002933740386,0.01422608586;0.009370377064;0.002162443685;0.008762960216;0.003326693417;0.007186848162;0.01927998427;0.004118495287;0.008569420345;0.02011134209;0.00229587753;0.009089650966;0.008132245556;0.004944120317;0.004334570128;0.004472031278;0.006777603926;0.002204845589;0.01654084043;0.02102738339;0.00478551;0.003774090119;0.01112549977;0.004230672917;0.004060658322;0.005226804993,biomass;glucose;product;gp_nll,H3_run_5;H1_run_2;T_run_2;H1_run_4;H4_run_1;H2_run_3;H1_run_3;H4_run_2;H2_run_6;H3_run_4;T_run_1;H3_run_6;H2_run_4;H2_run_5;H4_run_3;H4_run_5;H2_run_1;H4_run_6;H1_run_5;H1_run_6;H3_run_2;H1_run_1;H3_run_1;H4_run_4;H2_run_2;H3_run_3,0.121023,0,,,0.008082194447,0.121023,0.0004504558368,0,
206,400,206,1,5356,0.00807621711,0.01385194264;0.007502024849;0.008026754628;0.00292414632,0.00219996771;0.002158060581;0.01927260748;0.004330908942;0.006770969762;0.00405064134;0.02103106667;0.01112255613;0.008756037292;0.01653266642;0.009362184195;0.01421222336;0.004472288063;0.007177743135;0.008126805944;0.008560566477;0.005221067134;0.02009945827;0.003312687567;0.004115931176;0.002291265112;0.004780704495;0.009085177164;0.004228143018;0.004937311992;0.003772605424,biomass;glucose;product;gp_nll,H4_run_6;T_run_2;H1_run_3;H4_run_3;H2_run_1;H2_run_2;H1_run_6;H3_run_1;H1_run_4;H1_run_5;H1_run_2;H3_run_5;H4_run_5;H2_run_3;H2_run_4;H2_run_6;H3_run_3;H3_run_4;H4_run_1;H4_run_2;T_run_1;H3_run_2;H3_run_6;H4_run_4;H2_run_5;H1_run_1,0.127979,0,,,0.00807621711,0.127979,0.0004490657987,0,
207,400,207,1,5382,0.008070202864,0.01384934093;0.007493633848;0.008023222012;0.002914614663,0.00404085238;0.00411346106;0.008121418587;0.01111938631;0.004472633658;0.01419790406;0.008749036544;0.003771301907;0.002286689827;0.009080438981;0.02103514848;0.007168552878;0.002153756572;0.003298703612;0.009353620584;0.004327275491;0.00493071677;0.01926518273;0.00422566284;0.020087157;0.006764247416;0.004775771279;0.005215204945;0.002195180716;0.01652437553;0.008551594312,biomass;glucose;product;gp_nll,H2_run_2;H4_run_2;H2_run_4;H3_run_1;H4_run_5;H3_run_5;H1_run_4;H1_run_1;T_run_1;H3_run_6;H1_run_6;H2_run_3;T_run_2;H4_run_1;H1_run_2;H4_run_3;H2_run_5;H1_run_3;H4_run_4;H3_run_4;H2_run_1;H3_run_2;H3_run_3;H4_run_6;H1_run_5;H2_run_6,0.120092,0,,,0.008070202864,0.120092,0.0004477178308,0,
208,400,208,1,5408,0.008064148529,0.01384667344;0.007485140833;0.008019635829;0.002905144011,0.01418311451;0.00432366798;0.004031299076;0.004111086446;0.01111597388;0.008116081869;0.002190490217;0.009075421336;0.02103966039;0.003284738256;0.003770180569;0.00874195801;0.005209213579;0.004473068165;0.004223233736;0.004924345135;0.01651596862;0.002149496133;0.007159260456;0.02007441014;0.008542525287;0.01925772031;0.004770704985;0.00934466857;0.002282149107;0.006757424989,biomass;glucose;product;gp_nll,H3_run_5;H4_run_3;H2_run_2;H4_run_2;H3_run_1;H2_run_4;H4_run_6;H3_run_6;H1_run_6;H4_run_1;H1_run_1;H1_run_4;H3_run_3;H4_run_5;H4_run_4;H2_run_5;H1_run_5;T_run_2;H2_run_3;H3_run_4;H2_run_6;H1_run_3;H3_run_2;H1_run_2;T_run_1;H2_run_1,0.127563,0,,,0.008064148529,0.127563,0.0004464100513,0,
209,400,209,1,5434,0.008058049837,0.01384394085;0.007476537187;0.00801598837;0.002895732936,0.004108808015;0.00214529242;0.01925023368;0.004918208487;0.008533292483;0.005203089183;0.002185902382;0.004220857133;0.02104463416;0.009070108046;0.004765499966;0.01650744868;0.009335309829;0.01111230097;0.003769241279;0.002277640247;0.007149847861;0.008110794158;0.02006118809;0.00447359114;0.004021989842;0.004320084346;0.008734804277;0.006750498366;0.003270789121;0.0141678416,biomass;glucose;product;gp_nll,H4_run_2;T_run_2;H1_run_3;H2_run_5;H2_run_6;H3_run_3;H4_run_6;H4_run_4;H1_run_6;H3_run_6;H3_run_2;H1_run_5;H1_run_2;H3_run_1;H1_run_1;T_run_1;H2_run_3;H2_run_4;H3_run_4;H4_run_5;H2_run_2;H4_run_3;H1_run_4;H2_run_1;H4_run_1;H3_run_5,0.112054,0,,,0.008058049837,0.112054,0.0004451437795,0,
210,400,210,1,5460,0.008051903715,0.01384113186;0.007467825482;0.008012277502;0.002886380015,0.01415207169;0.009325525284;0.00491231912;0.003256854836;0.00410662664;0.004218535077;0.01110834855;0.004474202108;0.02004745969;0.006743434947;0.007140296433;0.002181423938;0.002141141882;0.003768483221;0.01649881894;0.002273160193;0.009064482081;0.004760150325;0.008523905153;0.004316523201;0.02105010064;0.01924273701;0.00810555441;0.008727578851;0.004012933927;0.005196828434,biomass;glucose;product;gp_nll,H3_run_5;H1_run_2;H2_run_5;H4_run_1;H4_run_2;H4_run_4;H3_run_1;H4_run_5;H3_run_4;H2_run_1;H2_run_3;H4_run_6;T_run_2;H1_run_1;H1_run_5;T_run_1;H3_run_6;H3_run_2;H2_run_6;H4_run_3;H1_run_6;H1_run_3;H2_run_4;H1_run_4;H2_run_2;H3_run_3,0.115247,0,,,0.008051903715,0.115247,0.0004439167739,0,
211,400,211,1,5486,0.008045707129,0.01383823705;0.007459011375;0.008008496258;0.002877083833,0.002177062102;0.002137040806;0.0141357915;0.003767904386;0.009315295343;0.008514351711;0.005190428908;0.004216269992;0.004104543013;0.008720287172;0.02105608959;0.004312983464;0.0192352466;0.02003319246;0.008100361752;0.004474900203;0.007130586605;0.009058525398;0.004906677963;0.01649008403;0.00475464978;0.004004141404;0.002268705873;0.006736233888;0.003242935167;0.01110409625,biomass;glucose;product;gp_nll,H4_run_6;T_run_2;H3_run_5;H1_run_1;H1_run_2;H2_run_6;H3_run_3;H4_run_4;H4_run_2;H1_run_4;H1_run_6;H4_run_3;H1_run_3;H3_run_4;H2_run_4;H4_run_5;H2_run_3;H3_run_6;H2_run_5;H1_run_5;H3_run_2;H2_run_2;T_run_1;H2_run_1;H4_run_1;H3_run_1,0.118391,0,,,0.008045707129,0.118391,0.0004427255587,0,
212,400,212,1,5512,0.008039458194,0.01383525646;0.00745008463;0.008004648706;0.002867842975,0.01648125026;0.004901323795;0.008712937198;0.008504621436;0.02001835259;0.005183889392;0.01109952235;0.003995622715;0.00672888258;0.009052218987;0.008095216665;0.0192277812;0.02106262889;0.002264274172;0.003767501251;0.002172824639;0.004214064654;0.002132985258;0.01411898813;0.004309464342;0.009304599957;0.004748991706;0.004102557712;0.007120697941;0.003229031167;0.004475684053,biomass;glucose;product;gp_nll,H1_run_5;H2_run_5;H1_run_4;H2_run_6;H3_run_4;H3_run_3;H3_run_1;H2_run_2;H2_run_1;H3_run_6;H2_run_4;H1_run_3;H1_run_6;T_run_1;H1_run_1;H4_run_6;H4_run_4;T_run_2;H3_run_5;H4_run_3;H1_run_2;H3_run_2;H4_run_2;H2_run_3;H4_run_1;H4_run_5,0.117367,0,,,0.008039458194,0.117367,0.0004415707471,0,
213,400,213,1,5538,0.008033153626,0.01383217875;0.007441052752;0.008000726953;0.002858656047,0.008705538996;0.004896259059;0.009045543068;0.02106974413;0.01922036153;0.01647232529;0.002259861905;0.008494704893;0.004211922205;0.002168719821;0.004743167883;0.008090117923;0.011094604;0.007110609205;0.003987389371;0.004100671237;0.003767268745;0.0021289711;0.004305965542;0.003215145133;0.009293418882;0.006721368406;0.02000290535;0.004476551742;0.01410164909;0.005177209782,biomass;glucose;product;gp_nll,H1_run_4;H2_run_5;H3_run_6;H1_run_6;H1_run_3;H1_run_5;T_run_1;H2_run_6;H4_run_4;H4_run_6;H3_run_2;H2_run_4;H3_run_1;H2_run_3;H2_run_2;H4_run_2;H1_run_1;T_run_2;H4_run_3;H4_run_1;H1_run_2;H2_run_1;H3_run_4;H4_run_5;H3_run_5;H3_run_3,0.128178,0,,,0.008033153626,0.128178,0.0004404490846,0,
214,400,214,1,5564,0.008026791013,0.01382899631;0.007431917598;0.007996728473;0.00284952167,0.01646331846;0.003201280781;0.002255465924;0.004209846111;0.003979453679;0.00869810524;0.004737174139;0.006713678738;0.004302487265;0.01921301057;0.009281731818;0.007100298402;0.01408376255;0.02107745768;0.008484594028;0.004477500683;0.008085065727;0.004891499248;0.00212499406;0.01998681518;0.009038477129;0.00517039136;0.003767199912;0.01108931726;0.004098883984;0.002164756412,biomass;glucose;product;gp_nll,H1_run_5;H4_run_1;T_run_1;H4_run_4;H2_run_2;H1_run_4;H3_run_2;H2_run_1;H4_run_3;H1_run_3;H1_run_2;H2_run_3;H3_run_5;H1_run_6;H2_run_6;H4_run_5;H2_run_4;H2_run_5;T_run_2;H3_run_4;H3_run_6;H3_run_3;H1_run_1;H3_run_1;H4_run_2;H4_run_6,0.112801,0,,,0.008026791013,0.112801,0.00043935843,0,
215,400,215,1,5590,0.008020359842,0.0138257113;0.007422653074;0.007992636496;0.0028404385,0.019970046;0.006705801047;0.008080061031;0.002251083178;0.002160943631;0.01645424072;0.02108578788;0.01108363721;0.009269518635;0.004207840144;0.01406531748;0.00847417363;0.01920575344;0.004731001302;0.00212104979;0.007089640199;0.004478527528;0.004299030315;0.00488706048;0.008690651317;0.003971828629;0.004097196234;0.009031000078;0.003187443415;0.005163436904;0.003767285687,biomass;glucose;product;gp_nll,H3_run_4;H2_run_1;H2_run_4;T_run_1;H4_run_6;H1_run_5;H1_run_6;H3_run_1;H1_run_2;H4_run_4;H3_run_5;H2_run_6;H1_run_3;H3_run_2;T_run_2;H2_run_3;H4_run_5;H4_run_3;H2_run_5;H1_run_4;H2_run_2;H4_run_2;H3_run_6;H4_run_1;H3_run_3;H1_run_1,0.119784,0,,,0.008020359842,0.119784,0.0004383090078,0,
216,400,216,1,5616,0.008013871611,0.01382229603;0.00741331181;0.007988473347;0.002831405261,0.003767515993;0.002157291228;0.01995256127;0.007078817409;0.01644510187;0.003173639817;0.004479628864;0.00224671045;0.003964527766;0.004205908854;0.008463557563;0.004882959514;0.01404630293;0.02109474817;0.01107753864;0.008683192094;0.002117133812;0.006697723938;0.009023090677;0.004095609085;0.004295597248;0.004724641857;0.00807510648;0.00515634953;0.009256759238;0.01919864758,biomass;glucose;product;gp_nll,H1_run_1;H4_run_6;H3_run_4;H2_run_3;H1_run_5;H4_run_1;H4_run_5;T_run_1;H2_run_2;H4_run_4;H2_run_6;H2_run_5;H3_run_5;H1_run_6;H3_run_1;H1_run_4;T_run_2;H2_run_1;H3_run_6;H4_run_2;H4_run_3;H3_run_2;H2_run_4;H3_run_3;H1_run_2;H1_run_3,0.130923,0,,,0.008013871611,0.130923,0.0004372693879,0,
217,400,217,1,5642,0.008007318408,0.01381875143;0.007403879996;0.007984221514;0.002822420688,0.01993432504;0.00668943513;0.02110434606;0.008452721243;0.008675748278;0.004879213602;0.005149135245;0.01107099497;0.01402673571;0.01643591603;0.003957565388;0.004480799469;0.002113242036;0.01919165714;0.00471808777;0.004094122958;0.003767877156;0.004292190309;0.009014726898;0.008070204742;0.002153809318;0.003159879062;0.0022423452;0.007067708969;0.004204056367;0.009243434508,biomass;glucose;product;gp_nll,H3_run_4;H2_run_1;H1_run_6;H2_run_6;H1_run_4;H2_run_5;H3_run_3;H3_run_1;H3_run_5;H1_run_5;H2_run_2;H4_run_5;T_run_2;H1_run_3;H3_run_2;H4_run_2;H1_run_1;H4_run_3;H3_run_6;H2_run_4;H4_run_6;H4_run_1;T_run_1;H2_run_3;H4_run_4;H1_run_2,0.116672,0,,,0.008007318408,0.116672,0.0004362589531,0,
218,400,218,1,5668,0.00800069869,0.01381506778;0.007394363342;0.007979880045;0.002813483594,0.008065358984;0.01918484294;0.00420228703;0.002237985205;0.002150508195;0.01106397948;0.00705629117;0.009005886828;0.008441663674;0.01642669855;0.003768359292;0.02111458213;0.006680922887;0.004711330826;0.01991530179;0.003950956109;0.0092295263;0.002109370495;0.005141801733;0.00448203584;0.004092738186;0.008668343237;0.004875840103;0.01400656016;0.004288812733;0.003146182078,biomass;glucose;product;gp_nll,H2_run_4;H1_run_3;H4_run_4;T_run_1;H4_run_6;H3_run_1;H2_run_3;H3_run_6;H2_run_6;H1_run_5;H1_run_1;H1_run_6;H2_run_1;H3_run_2;H3_run_4;H2_run_2;H1_run_2;T_run_2;H3_run_3;H4_run_5;H4_run_2;H1_run_4;H2_run_5;H3_run_5;H4_run_3;H4_run_1,0.123804,0,,,0.00800069869,0.123804,0.0004352690734,0,
219,400,219,1,5694,0.007994012089,0.01381123973;0.007384766629;0.007975449114;0.002804592881,0.004200605216;0.01398579196;0.003944714772;0.009215059248;0.004704362643;0.004285468708;0.01989545718;0.002105515524;0.008430386683;0.008661003098;0.005134358497;0.003768929623;0.01917823611;0.008996548815;0.002233628698;0.0044833294;0.00806057151;0.01641746613;0.003132541112;0.004872856361;0.007044537212;0.01105646538;0.004091458008;0.02112544818;0.002147398279;0.006672175968,biomass;glucose;product;gp_nll,H4_run_4;H3_run_5;H2_run_2;H1_run_2;H3_run_2;H4_run_3;H3_run_4;T_run_2;H2_run_6;H1_run_4;H3_run_3;H1_run_1;H1_run_3;H3_run_6;T_run_1;H4_run_5;H2_run_4;H1_run_5;H4_run_1;H2_run_5;H2_run_3;H3_run_1;H4_run_2;H1_run_6;H4_run_6;H2_run_1,0.134616,0,,,0.007994012089,0.134616,0.000434297892,0,
220,400,220,1,5720,0.00798725762,0.01380725636;0.007375101489;0.007970925077;0.002795747554,0.004484669676;0.009199932319;0.003118981531;0.004282163278;0.01104842615;0.01987483957;0.01396442645;0.003769571532;0.002229274504;0.004090278843;0.01917186837;0.008653756483;0.008986691687;0.006663183818;0.003938856363;0.004199015264;0.02113692758;0.01640823649;0.008418895261;0.004870279533;0.002101673923;0.004697174679;0.007032420263;0.005126816819;0.002144490011;0.008055847713,biomass;glucose;product;gp_nll,H4_run_5;H1_run_2;H4_run_1;H4_run_3;H3_run_1;H3_run_4;H3_run_5;H1_run_1;T_run_1;H4_run_2;H1_run_3;H1_run_4;H3_run_6;H2_run_1;H2_run_2;H4_run_4;H1_run_6;H1_run_5;H2_run_6;H2_run_5;T_run_2;H3_run_2;H2_run_3;H3_run_3;H4_run_6;H2_run_4,0.126081,0,,,0.00798725762,0.126081,0.0004333447874,0,
221,400,221,1,5746,0.00798043211,0.01380311376;0.007365358494;0.007966309449;0.002786946741,0.002224922162;0.01394246067;0.003770260065;0.004197521335;0.008051192456;0.002097843119;0.00408920046;0.003105520545;0.002141793768;0.006653936569;0.0086466342;0.01985326858;0.004868126414;0.007019918993;0.01103983583;0.01639902811;0.008407197676;0.02114899919;0.004689758304;0.005119189682;0.009184176256;0.004278972296;0.004486015933;0.003933395819;0.008976294999;0.01916577144,biomass;glucose;product;gp_nll,T_run_1;H3_run_5;H1_run_1;H4_run_4;H2_run_4;T_run_2;H4_run_2;H4_run_1;H4_run_6;H2_run_1;H1_run_4;H3_run_4;H2_run_5;H2_run_3;H3_run_1;H1_run_5;H2_run_6;H1_run_6;H3_run_2;H3_run_3;H1_run_2;H4_run_3;H4_run_5;H2_run_2;H3_run_6;H1_run_3,0.128510,0,,,0.00798043211,0.128510,0.0004324069391,0,
222,400,222,1,5772,0.007973534833,0.01379879967;0.007355553262;0.007961596705;0.002778189695,0.004487417639;0.008046612681;0.002139319831;0.004682104887;0.004196127173;0.01638985977;0.008965339287;0.01103066931;0.003770967636;0.009167780396;0.02116163152;0.005111491464;0.006644424897;0.003092169477;0.008639668402;0.01391989356;0.002220573089;0.01983078523;0.002094021379;0.008395305516;0.004866413313;0.003928349089;0.004088222816;0.007007010879;0.01915997621;0.004275770201,biomass;glucose;product;gp_nll,H4_run_5;H2_run_4;H4_run_6;H3_run_2;H4_run_4;H1_run_5;H3_run_6;H3_run_1;H1_run_1;H1_run_2;H1_run_6;H3_run_3;H2_run_1;H4_run_1;H1_run_4;H3_run_5;T_run_1;H3_run_4;T_run_2;H2_run_6;H2_run_5;H2_run_2;H4_run_2;H2_run_3;H1_run_3;H4_run_3,0.132360,0,,,0.007973534833,0.132360,0.0004314871841,0,
223,400,223,1,5798,0.007966567774,0.01379431135;0.007345692891;0.007956791013;0.002769475841,0.004865155674;0.02117477975;0.002090207877;0.01389672586;0.004272629392;0.003771664205;0.00221622848;0.00408734586;0.00510373772;0.01915451161;0.01638074982;0.004674205906;0.009150736706;0.01980736521;0.003078970112;0.008953806412;0.008383234277;0.004194836305;0.0021370781;0.008632892022;0.006993674613;0.01102090283;0.003923733928;0.004488832303;0.008042116419;0.006634640734,biomass;glucose;product;gp_nll,H2_run_5;H1_run_6;T_run_2;H3_run_5;H4_run_3;H1_run_1;T_run_1;H4_run_2;H3_run_3;H1_run_3;H1_run_5;H3_run_2;H1_run_2;H3_run_4;H4_run_1;H3_run_6;H2_run_6;H4_run_4;H4_run_6;H1_run_4;H2_run_3;H3_run_1;H2_run_2;H4_run_5;H2_run_4;H2_run_1,0.153558,0,,,0.007966567774,0.153558,0.0004305804523,0,
224,400,224,1,5824,0.007959525749,0.01378963934;0.007335770279;0.007951888605;0.002760804778,0.02118838819;0.002211890059;0.004086569629;0.004269495876;0.006979906889;0.008626338352;0.004666052831;0.004193651847;0.008037712894;0.00213507801;0.004490246655;0.008941679831;0.004864367908;0.01978298817;0.003919560747;0.006624577239;0.01387296013;0.00306593177;0.01101051425;0.008371003298;0.003772317515;0.002086402825;0.005095945024;0.01914933493;0.009133038742;0.01637171587,biomass;glucose;product;gp_nll,H1_run_6;T_run_1;H4_run_2;H4_run_3;H2_run_3;H1_run_4;H3_run_2;H4_run_4;H2_run_4;H4_run_6;H4_run_5;H3_run_6;H2_run_5;H3_run_4;H2_run_2;H2_run_1;H3_run_5;H4_run_1;H3_run_1;H2_run_6;H1_run_1;T_run_2;H3_run_3;H1_run_3;H1_run_2;H1_run_5,0.228978,0,,,0.007959525749,0.228978,0.0004296893134,0,
225,400,225,1,5850,0.007952413599,0.01378477724;0.007325802635;0.007946898203;0.002752176316,0.006965651249;0.008620039894;0.004085894195;0.00449164668;0.002082607506;0.01975763828;0.002133306968;0.003915749978;0.02120239056;0.008358635936;0.008033412393;0.005088130445;0.006614229152;0.0191446011;0.004266511286;0.004657637333;0.01636277408;0.008928945005;0.002207561052;0.003772893569;0.004192576541;0.004864063024;0.009114686639;0.003053079902;0.0138486072;0.01099948361,biomass;glucose;product;gp_nll,H2_run_3;H1_run_4;H4_run_2;H4_run_5;T_run_2;H3_run_4;H4_run_6;H2_run_2;H1_run_6;H2_run_6;H2_run_4;H3_run_3;H2_run_1;H1_run_3;H4_run_3;H3_run_2;H1_run_5;H3_run_6;T_run_1;H1_run_1;H4_run_4;H2_run_5;H1_run_2;H4_run_1;H3_run_5;H3_run_1,0.140425,0,,,0.007952413599,0.140425,0.000428804505,0,
226,400,226,1,5876,0.007945237256,0.01377973105;0.007315803289;0.007941824204;0.00274359048,0.00304044218;0.008346159473;0.003912515454;0.005080311314;0.00660359278;0.02121670985;0.004864252608;0.003773357092;0.01382366193;0.002131813211;0.01635393873;0.002203245907;0.008915589367;0.004191612609;0.006950915288;0.004493017796;0.004263622952;0.01973130498;0.004648951341;0.01098779315;0.004085319766;0.009095682492;0.01914026565;0.008614027668;0.002078838697;0.00802922638,biomass;glucose;product;gp_nll,H4_run_1;H2_run_6;H2_run_2;H3_run_3;H2_run_1;H1_run_6;H2_run_5;H1_run_1;H3_run_5;H4_run_6;H1_run_5;T_run_1;H3_run_6;H4_run_4;H2_run_3;H4_run_5;H4_run_3;H3_run_4;H3_run_2;H3_run_1;H4_run_2;H1_run_2;H1_run_3;H1_run_4;T_run_2;H2_run_4,0.161517,0,,,0.007945237256,0.161517,0.0004279269341,0,
227,400,227,1,5902,0.007937991923,0.01377449165;0.007305760187;0.007936668341;0.002735047516,0.01379813962;0.003773669224;0.008608330806;0.004639987168;0.004864946707;0.00802516769;0.01097542759;0.01970398295;0.005072504987;0.004084846891;0.01913634228;0.0163452209;0.009076031897;0.004190761818;0.004494345245;0.00213058478;0.004260845007;0.002075076183;0.00693568844;0.008333604933;0.008901602626;0.002198950206;0.003028048059;0.02123125857;0.006592666245;0.003909759182,biomass;glucose;product;gp_nll,H3_run_5;H1_run_1;H1_run_4;H3_run_2;H2_run_5;H2_run_4;H3_run_1;H3_run_4;H3_run_3;H4_run_2;H1_run_3;H1_run_5;H1_run_2;H4_run_4;H4_run_5;H4_run_6;H4_run_3;T_run_2;H2_run_3;H2_run_6;H3_run_6;T_run_1;H4_run_1;H1_run_6;H2_run_1;H2_run_2,0.145150,0,,,0.007937991923,0.145150,0.0004270550716,0,
228,400,228,1,5928,0.007930681164,0.01376905938;0.007295676862;0.007931440496;0.002726547917,0.008886976993;0.008321007189;0.02124591726;0.002194680701;0.003015928656;0.009055744316;0.004084476354;0.005064728112;0.004258192935;0.003907491954;0.003773791219;0.00691996436;0.01377205132;0.00419003107;0.00212962779;0.004630739055;0.004495614517;0.006581516746;0.004866153527;0.01913283846;0.01096237455;0.008602974919;0.002071336125;0.008021250295;0.01967567279;0.01633662906,biomass;glucose;product;gp_nll,H3_run_6;H2_run_6;H1_run_6;T_run_1;H4_run_1;H1_run_2;H4_run_2;H3_run_3;H4_run_3;H2_run_2;H1_run_1;H2_run_3;H3_run_5;H4_run_4;H4_run_6;H3_run_2;H4_run_5;H2_run_1;H2_run_5;H1_run_3;H3_run_1;H1_run_4;T_run_2;H2_run_4;H3_run_4;H1_run_5,0.132195,0,,,0.007930681164,0.132195,0.0004261844912,0,
229,400,229,1,5954,0.007923297321,0.01376342198;0.007285544764;0.007926130098;0.002718092438,0.005056996145;0.01094862477;0.01632816827;0.006903741591;0.003773685767;0.003004116512;0.02126058059;0.01912975458;0.004255683477;0.002190445249;0.00903483322;0.004189417107;0.008017432947;0.006570016441;0.002128947204;0.002067625608;0.01964638145;0.008597981067;0.008871707377;0.004496811797;0.00486787927;0.008308404798;0.004621197423;0.004084163907;0.00390572361;0.01374541016,biomass;glucose;product;gp_nll,H3_run_3;H3_run_1;H1_run_5;H2_run_3;H1_run_1;H4_run_1;H1_run_6;H1_run_3;H4_run_3;T_run_1;H1_run_2;H4_run_4;H2_run_4;H2_run_1;H4_run_6;T_run_2;H3_run_4;H1_run_4;H3_run_6;H4_run_5;H2_run_5;H2_run_6;H3_run_2;H4_run_2;H2_run_2;H3_run_5,0.145373,0,,,0.007923297321,0.145373,0.0004253078821,0,
230,400,230,1,5980,0.007915853054,0.01375759578;0.007275372097;0.007920762226;0.002709682116,0.006558234144;0.01961612271;0.004611357689;0.002186252752;0.008295840309;0.004253334876;0.003773316889;0.02127515939;0.006887024263;0.01912708265;0.00859336429;0.009013316221;0.008013836426;0.002992645318;0.002128546649;0.01093417234;0.003904463225;0.004870127925;0.004083999652;0.004497924545;0.002063953235;0.01371823131;0.004188919364;0.01631983902;0.008855791467;0.005049322744,biomass;glucose;product;gp_nll,H2_run_1;H3_run_4;H3_run_2;T_run_1;H2_run_6;H4_run_3;H1_run_1;H1_run_6;H2_run_3;H1_run_3;H1_run_4;H1_run_2;H2_run_4;H4_run_1;H4_run_6;H3_run_1;H2_run_2;H2_run_5;H4_run_2;H4_run_5;T_run_2;H3_run_5;H4_run_4;H1_run_5;H3_run_6;H3_run_3,0.146501,0,,,0.007915853054,0.146501,0.0004244276824,0,
231,400,231,1,6006,0.007908349536,0.01375157777;0.00726516186;0.007915340247;0.002701318268,0.008991214749;0.0212895355;0.01091901475;0.01631163695;0.004084008335;0.002060329016;0.00801042931;0.004188539256;0.01958491663;0.006546178874;0.008839229834;0.006869822708;0.002182112748;0.00828335862;0.005041719448;0.004498942083;0.003903717032;0.003772650308;0.0085891332;0.002981549634;0.004601214647;0.002128428419;0.01912480624;0.004872901321;0.01369053168;0.004251166647,biomass;glucose;product;gp_nll,H1_run_2;H1_run_6;H3_run_1;H1_run_5;H4_run_2;T_run_2;H2_run_4;H4_run_4;H3_run_4;H2_run_1;H3_run_6;H2_run_3;T_run_1;H2_run_6;H3_run_3;H4_run_5;H2_run_2;H1_run_1;H1_run_4;H4_run_1;H3_run_2;H4_run_6;H1_run_3;H2_run_5;H3_run_5;H4_run_3,0.140601,0,,,0.007908349536,0.140601,0.0004235339872,0,
232,400,232,1,6032,0.007900784575,0.01374536982;0.007254894509;0.007909871463;0.002693002501,0.004084064514;0.01912289983;0.003903493995;0.002128592403;0.01630355247;0.004590763936;0.02130358646;0.005034195247;0.008822025999;0.002178035487;0.008585288983;0.008007229416;0.004249199545;0.004876198923;0.01955278995;0.003771654843;0.01366233011;0.01090315299;0.004188278739;0.006533863379;0.002970865006;0.00205676433;0.006852153947;0.008271008143;0.008968554184;0.004499856103,biomass;glucose;product;gp_nll,H4_run_2;H1_run_3;H2_run_2;H4_run_6;H1_run_5;H3_run_2;H1_run_6;H3_run_3;H3_run_6;T_run_1;H1_run_4;H2_run_4;H4_run_3;H2_run_5;H3_run_4;H1_run_1;H3_run_5;H3_run_1;H4_run_4;H2_run_1;H4_run_1;T_run_2;H2_run_3;H2_run_6;H1_run_2;H4_run_5,0.141792,0,,,0.007900784575,0.141792,0.0004226186834,0,
233,400,233,1,6058,0.007893153161,0.01373897053;0.007244542671;0.007904362737;0.002684736711,0.01951977613;0.01912132661;0.0213171871;0.002053271691;0.00880418646;0.01363364721;0.005026756091;0.003770302999;0.002128988981;0.004247455709;0.006834042257;0.004500661337;0.008945363704;0.004188140698;0.003903800736;0.006521304713;0.00458000217;0.01088659167;0.004879777153;0.008004263692;0.002174032344;0.004084231513;0.00296062772;0.008581824201;0.01629556999;0.008258849301,biomass;glucose;product;gp_nll,H3_run_4;H1_run_3;H1_run_6;T_run_2;H3_run_6;H3_run_5;H3_run_3;H1_run_1;H4_run_6;H4_run_3;H2_run_3;H4_run_5;H1_run_2;H4_run_4;H2_run_2;H2_run_1;H3_run_2;H3_run_1;H2_run_5;H2_run_4;T_run_1;H4_run_2;H4_run_1;H1_run_4;H1_run_5;H2_run_6,0.144846,0,,,0.007893153161,0.144846,0.0004216843191,0,
234,400,234,1,6084,0.007885479358,0.01373240025;0.007234161244;0.00789883286;0.002676523081,0.006508524385;0.01086933889;0.01912004073;0.0021297161;0.002170115225;0.01628766744;0.003768571833;0.006815519564;0.00501940427;0.004568927039;0.00857872151;0.00450135615;0.00418812923;0.002049864661;0.004884088411;0.008785720587;0.008921675924;0.004245958631;0.008001531936;0.008246928577;0.002950874594;0.01948591496;0.003904643999;0.02133021174;0.004084511838;0.01360450507,biomass;glucose;product;gp_nll,H2_run_1;H3_run_1;H1_run_3;H4_run_6;T_run_1;H1_run_5;H1_run_1;H2_run_3;H3_run_3;H3_run_2;H1_run_4;H4_run_5;H4_run_4;T_run_2;H2_run_5;H3_run_6;H1_run_2;H4_run_3;H2_run_4;H2_run_6;H4_run_1;H3_run_4;H2_run_2;H1_run_6;H4_run_2;H3_run_5,0.136217,0,,,0.007885479358,0.136217,0.0004207006063,0,
235,400,235,1,6110,0.007877754307,0.01372566057;0.007223702105;0.007893290466;0.002668364086,0.006495549111;0.002046475694;0.004888907503;0.008766640873;0.004188249805;0.003766442547;0.005012139003;0.01911898664;0.01357492803;0.01085140246;0.004501942791;0.004084907676;0.0082353045;0.002166296415;0.006796625319;0.008575954775;0.00294164288;0.00799906362;0.02134253489;0.01945125301;0.004557537275;0.008897527291;0.003906030506;0.01627981687;0.00424473295;0.002130719535,biomass;glucose;product;gp_nll,H2_run_1;T_run_2;H2_run_5;H3_run_6;H4_run_4;H1_run_1;H3_run_3;H1_run_3;H3_run_5;H3_run_1;H4_run_5;H4_run_2;H2_run_6;T_run_1;H2_run_3;H1_run_4;H4_run_1;H2_run_4;H1_run_6;H3_run_4;H3_run_2;H1_run_2;H2_run_2;H1_run_5;H4_run_3;H4_run_6,0.131811,0,,,0.007877754307,0.131811,0.0004196706767,0,
236,400,236,1,6136,0.007869992561,0.01371876091;0.007213200306;0.007887746546;0.002660262486,0.005004955653;0.008746962803;0.002162588362;0.01354494236;0.008872957455;0.004188509812;0.002131993459;0.01911809796;0.006777413679;0.004085421154;0.01941584327;0.004243804493;0.008224039338;0.004502427915;0.002932969537;0.003907965335;0.00454583293;0.008573487311;0.004894304221;0.02135403391;0.006482410764;0.003763901612;0.007996877749;0.01083280576;0.0162719838;0.002043275958,biomass;glucose;product;gp_nll,H3_run_3;H3_run_6;T_run_1;H3_run_5;H1_run_2;H4_run_4;H4_run_6;H1_run_3;H2_run_3;H4_run_2;H3_run_4;H4_run_3;H2_run_6;H4_run_5;H4_run_1;H2_run_2;H3_run_2;H1_run_4;H2_run_5;H1_run_6;H2_run_1;H1_run_1;H2_run_4;H3_run_1;H1_run_5;T_run_2,0.142614,0,,,0.007869992561,0.142614,0.0004185668221,0,
237,400,237,1,6162,0.00786219023,0.01371171182;0.007202613235;0.007882214531;0.002652221329,0.004086053427;0.00376094018;0.004243200281;0.002133529909;0.006757918796;0.006469147514;0.004997846605;0.01911729876;0.008848008946;0.004502822769;0.008726705062;0.002159003433;0.003910453025;0.01937974518;0.0135145769;0.002924890396;0.004900121846;0.002040205441;0.02136458922;0.01626412777;0.008213196338;0.007994992242;0.01081356432;0.004533815064;0.00857127351;0.004188919028,biomass;glucose;product;gp_nll,H4_run_2;H1_run_1;H4_run_3;H4_run_6;H2_run_3;H2_run_1;H3_run_3;H1_run_3;H1_run_2;H4_run_5;H3_run_6;T_run_1;H2_run_2;H3_run_4;H3_run_5;H4_run_1;H2_run_5;T_run_2;H1_run_6;H1_run_5;H2_run_6;H2_run_4;H3_run_1;H3_run_2;H1_run_4;H4_run_4,0.157967,0,,,0.00786219023,0.157967,0.0004173993388,0,
238,400,238,1,6188,0.007854361457,0.01370453007;0.007191959239;0.007876712623;0.002644243901,0.004906412802;0.003757555541;0.01625619994;0.002917442334;0.004189489178;0.006455802815;0.00424294828;0.007993424811;0.004521485728;0.01911650298;0.003913498442;0.01079370087;0.008705889058;0.008822727657;0.002135319339;0.004503143594;0.002155553752;0.02137421622;0.008202839865;0.01934302366;0.01348386216;0.00499080042;0.004086805675;0.00856925694;0.002037277991;0.006738217834,biomass;glucose;product;gp_nll,H2_run_5;H1_run_1;H1_run_5;H4_run_1;H4_run_4;H2_run_1;H4_run_3;H2_run_4;H3_run_2;H1_run_3;H2_run_2;H3_run_1;H3_run_6;H1_run_2;H4_run_6;H4_run_5;T_run_1;H1_run_6;H2_run_6;H3_run_4;H3_run_5;H3_run_3;H4_run_2;H1_run_4;T_run_2;H2_run_3,0.140778,0,,,0.007854361457,0.140778,0.0004161500673,0,
239,400,239,1,6214,0.007846502555,0.01369722269;0.007181206854;0.007871246942;0.002636333733,0.02138254749;0.004983802538;0.008684568657;0.004243077247;0.008797128775;0.004508848148;0.01345283104;0.008567371705;0.01930574918;0.01911561561;0.003753750178;0.002034507846;0.002910658014;0.006442425849;0.007992191814;0.008193035227;0.002137350253;0.004087677394;0.003917105834;0.01624814858;0.006718378045;0.002152251016;0.004190234289;0.004503411495;0.004913158538;0.01077324168,biomass;glucose;product;gp_nll,H1_run_6;H3_run_3;H3_run_6;H4_run_3;H1_run_2;H3_run_2;H3_run_5;H1_run_4;H3_run_4;H1_run_3;H1_run_1;T_run_2;H4_run_1;H2_run_1;H2_run_4;H2_run_6;H4_run_6;H4_run_2;H2_run_2;H1_run_5;H2_run_3;T_run_1;H4_run_4;H4_run_5;H2_run_5;H3_run_1,0.151786,0,,,0.007846502555,0.151786,0.0004148086563,0,
240,400,240,1,6240,0.007838634368,0.01368981338;0.007170393236;0.007865836265;0.002628494589,0.007991307873;0.008771321479;0.002139609144;0.01623991532;0.004976835152;0.003749529383;0.004243616669;0.01075221677;0.01926799791;0.002904573677;0.004503652326;0.008183848797;0.01911453267;0.004920508564;0.004191170621;0.00642907138;0.003921279836;0.00203199859;0.0213896165;0.0134215226;0.008662717172;0.002149064732;0.006698472042;0.008565541835;0.004495906303;0.004088666232,biomass;glucose;product;gp_nll,H2_run_4;H1_run_2;H4_run_6;H1_run_5;H3_run_3;H1_run_1;H4_run_3;H3_run_1;H3_run_4;H4_run_1;H4_run_5;H2_run_6;H1_run_3;H2_run_5;H4_run_4;H2_run_1;H2_run_2;T_run_2;H1_run_6;H3_run_5;H3_run_6;T_run_1;H2_run_3;H1_run_4;H3_run_2;H4_run_2,0.149919,0,,,0.007838634368,0.149919,0.0004133685715,0,
241,400,241,1,6266,0.007830747614,0.0136823043;0.007159463359;0.007860492366;0.002620730429,0.00374490511;0.006678577371;0.01623143648;0.004089769605;0.008745337937;0.007990785352;0.004482666218;0.006415799272;0.01922985096;0.004969878082;0.002899221552;0.008175346864;0.00856368317;0.02139533536;0.004192316509;0.01338997791;0.00392602412;0.004244596261;0.008640389148;0.004928066231;0.002142080614;0.01073065972;0.002146084629;0.002029610095;0.00450389635;0.01911314303,biomass;glucose;product;gp_nll,H1_run_1;H2_run_3;H1_run_5;H4_run_2;H1_run_2;H2_run_4;H3_run_2;H2_run_1;H3_run_4;H3_run_3;H4_run_1;H2_run_6;H1_run_4;H1_run_6;H4_run_4;H3_run_5;H2_run_2;H4_run_3;H3_run_6;H2_run_5;H4_run_6;H3_run_1;T_run_1;T_run_2;H4_run_5;H1_run_3,0.139239,0,,,0.007830747614,0.139239,0.0004118240291,0,
242,400,242,1,6292,0.007822862151,0.01367472158;0.007148448524;0.007855233103;0.002613045403,0.02139962848;0.008719234961;0.004936016544;0.01070860789;0.01919139477;0.0133582388;0.004469133885;0.004504246222;0.003931341669;0.004962908735;0.007990633547;0.01911132843;0.00214328196;0.008561702863;0.002027410539;0.002894631741;0.008617617744;0.008167595219;0.004090983107;0.002144747139;0.003739900637;0.004193692118;0.006402673991;0.01622264357;0.004246045913;0.006658775442,biomass;glucose;product;gp_nll,H1_run_6;H1_run_2;H2_run_5;H3_run_1;H3_run_4;H3_run_5;H3_run_2;H4_run_5;H2_run_2;H3_run_3;H2_run_4;H1_run_3;T_run_1;H1_run_4;T_run_2;H4_run_1;H3_run_6;H2_run_6;H4_run_2;H4_run_6;H1_run_1;H4_run_4;H2_run_1;H1_run_5;H4_run_3;H2_run_3,0.139328,0,,,0.007822862151,0.139328,0.0004101702642,0,
243,400,243,1,6318,0.007814973375,0.01366709123;0.007137294539;0.007850063909;0.002605443819,0.01915272063;0.01621317986;0.006639150938;0.004092300134;0.02140243356;0.007990863712;0.01332635059;0.003734532386;0.004955902974;0.008559501274;0.002140665059;0.006389763523;0.004504601758;0.00289082983;0.00816065796;0.004455317856;0.004944333042;0.008594439042;0.002025420146;0.008693137861;0.002147589094;0.004195318995;0.003937234532;0.01068610238;0.01910896554;0.004247995076,biomass;glucose;product;gp_nll,H3_run_4;H1_run_5;H2_run_3;H4_run_2;H1_run_6;H2_run_4;H3_run_5;H1_run_1;H3_run_3;H1_run_4;T_run_1;H2_run_1;H4_run_5;H4_run_1;H2_run_6;H3_run_2;H2_run_5;H3_run_6;T_run_2;H1_run_2;H4_run_6;H4_run_4;H2_run_2;H3_run_1;H1_run_3;H4_run_3,0.165001,0,,,0.007814973375,0.165001,0.0004084110527,0,
244,400,244,1,6344,0.007807110063,0.01365941838;0.007126077;0.007845014755;0.002597930112,0.003943703155;0.007991475829;0.004505071589;0.004093711821;0.004948835406;0.002023647742;0.008666982421;0.0106631885;0.002150584765;0.008570892432;0.008556972454;0.01620353829;0.01910592651;0.01329435429;0.00213824065;0.006377138177;0.004197219721;0.008154596875;0.01911392422;0.004952986344;0.006619787418;0.02140370356;0.003728826279;0.004250472638;0.004441227636;0.002887852903,biomass;glucose;product;gp_nll,H2_run_2;H2_run_4;H4_run_5;H4_run_2;H3_run_3;T_run_2;H1_run_2;H3_run_1;H4_run_6;H3_run_6;H1_run_4;H1_run_5;H1_run_3;H3_run_5;T_run_1;H2_run_1;H4_run_4;H2_run_6;H3_run_4;H2_run_5;H2_run_3;H1_run_6;H1_run_1;H4_run_3;H3_run_2;H4_run_1,0.145697,0,,,0.007807110063,0.145697,0.0004065438286,0,
245,400,245,1,6370,0.007799272804,0.01365172923;0.007114759334;0.007840093847;0.002590508806,0.006364868536;0.0190751062;0.003950746723;0.007992460414;0.00409520611;0.003722811558;0.004941680318;0.01619336001;0.008554006463;0.008149469529;0.01326230675;0.002136014847;0.006600766614;0.004199416774;0.02140341785;0.008547020274;0.002885711873;0.004505696885;0.01063991545;0.00442687359;0.01910208238;0.008640892942;0.004253505607;0.0021537102;0.004961943902;0.002022101091,biomass;glucose;product;gp_nll,H2_run_1;H3_run_4;H2_run_2;H2_run_4;H4_run_2;H1_run_1;H3_run_3;H1_run_5;H1_run_4;H2_run_6;H3_run_5;T_run_1;H2_run_3;H4_run_4;H1_run_6;H3_run_6;H4_run_1;H4_run_5;H3_run_1;H3_run_2;H1_run_3;H1_run_2;H4_run_3;H4_run_6;H2_run_5;T_run_2,0.138011,0,,,0.007799272804,0.138011,0.0004045712461,0,
246,400,246,1,6396,0.007791469899,0.0136440469;0.007103335692;0.007835312529;0.002583184475,0.004506519048;0.01618256843;0.006582166857;0.01061633673;0.01909730398;0.006353019143;0.007993806583;0.004934412182;0.008550490348;0.004096767871;0.003716520638;0.003958362583;0.004971169778;0.01903637188;0.002020786358;0.008522868312;0.002884422119;0.004257118863;0.002156939239;0.02140154044;0.004412267464;0.004201931981;0.008614936662;0.01323026895;0.008145328264;0.002133992662,biomass;glucose;product;gp_nll,H4_run_5;H1_run_5;H2_run_3;H3_run_1;H1_run_3;H2_run_1;H2_run_4;H3_run_3;H1_run_4;H4_run_2;H1_run_1;H2_run_2;H2_run_5;H3_run_4;T_run_2;H3_run_6;H4_run_1;H4_run_3;H4_run_6;H1_run_6;H3_run_2;H4_run_4;H1_run_2;H3_run_5;H2_run_6;T_run_1,0.147112,0,,,0.007791469899,0.147112,0.0004025120826,0,
247,400,247,1,6422,0.007783709607,0.01363639282;0.007091796998;0.0078306869;0.002575961712,0.006564060863;0.00213217821;0.004397422277;0.004507578408;0.008589183176;0.0105925103;0.01617108841;0.008142217972;0.008498485616;0.004927006394;0.004204785703;0.004098341792;0.006341659409;0.004980624383;0.01899783064;0.004261334394;0.0190914645;0.003709988049;0.01319830033;0.007995496266;0.002019708136;0.008546310369;0.002883993572;0.003966545605;0.002160243476;0.02139809153,biomass;glucose;product;gp_nll,H2_run_3;T_run_1;H3_run_2;H4_run_5;H1_run_2;H3_run_1;H1_run_5;H2_run_6;H3_run_6;H3_run_3;H4_run_4;H4_run_2;H2_run_1;H2_run_5;H3_run_4;H4_run_3;H1_run_3;H1_run_1;H3_run_5;H2_run_4;T_run_2;H1_run_4;H4_run_1;H2_run_2;H4_run_6;H1_run_6,0.156883,0,,,0.007783709607,0.156883,0.0004003769323,0,
248,400,248,1,6448,0.007776004427,0.01362878908;0.007080155935;0.007826227625;0.002568845072,0.00499026424;0.008541353647;0.01908444144;0.008563704373;0.01615884777;0.002130574648;0.006330864021;0.002884434722;0.004266170619;0.002163592343;0.004508913142;0.004382352704;0.008140175845;0.007997503565;0.02139309881;0.006546513916;0.004919439865;0.01316646632;0.004099980383;0.008473924721;0.004207995885;0.01895959583;0.01056849885;0.003703250492;0.003975287458;0.002018869502,biomass;glucose;product;gp_nll,H2_run_5;H1_run_4;H1_run_3;H1_run_2;H1_run_5;T_run_1;H2_run_1;H4_run_1;H4_run_3;H4_run_6;H4_run_5;H3_run_2;H2_run_6;H2_run_4;H1_run_6;H2_run_3;H3_run_3;H3_run_5;H4_run_2;H3_run_6;H4_run_4;H3_run_4;H3_run_1;H1_run_1;H2_run_2;T_run_2,0.149311,0,,,0.007776004427,0.149311,0.0003981740286,0,
249,400,249,1,6474,0.007768367912,0.01362124697;0.007068437987;0.007821947651;0.002561839041,0.008535370782;0.002885744373;0.007999793414;0.008139229526;0.004211577092;0.005000041379;0.0105443702;0.008449241892;0.002018272177;0.01614604702;0.004271642469;0.004510557142;0.0131348385;0.004367073796;0.002129184431;0.004101616179;0.01892178521;0.01907612057;0.003696345877;0.003984575759;0.004911691831;0.02138661224;0.00652958166;0.008538574771;0.006320702904;0.002166974522,biomass;glucose;product;gp_nll,H1_run_4;H4_run_1;H2_run_4;H2_run_6;H4_run_4;H2_run_5;H3_run_1;H3_run_6;T_run_2;H1_run_5;H4_run_3;H4_run_5;H3_run_5;H3_run_2;T_run_1;H4_run_2;H3_run_4;H1_run_3;H1_run_1;H2_run_2;H3_run_3;H1_run_6;H2_run_3;H1_run_2;H2_run_1;H4_run_6,0.147705,0,,,0.007768367912,0.147705,0.0003959459156,0,
250,400,250,1,6500,0.007760795558,0.01361382076;0.007056551583;0.007817861894;0.002554947997,0.004277616174;0.006311233308;0.01888452;0.008002333443;0.00842449696;0.003689311051;0.008513975669;0.01310349343;0.02137870588;0.003994393749;0.01906639968;0.004903744693;0.004351603706;0.002170306899;0.008139394853;0.004103215059;0.004512538218;0.008528528957;0.002017917042;0.005009902917;0.01052019737;0.002887915257;0.01613208312;0.006513307498;0.002128010007;0.004215539557,biomass;glucose;product;gp_nll,H4_run_3;H2_run_1;H3_run_4;H2_run_4;H3_run_6;H1_run_1;H1_run_2;H3_run_5;H1_run_6;H2_run_2;H1_run_3;H3_run_3;H3_run_2;H4_run_6;H2_run_6;H4_run_2;H4_run_5;H1_run_4;T_run_2;H2_run_5;H3_run_1;H4_run_1;H1_run_5;H2_run_3;T_run_1;H4_run_4,0.156291,0,,,0.007760795558,0.156291,0.0003936507808,0,
251,400,251,1,6526,0.007753302679,0.01360651004;0.007044548742;0.007813975833;0.002548176094,0.01307251235;0.01905518686;0.008399754216;0.01611717838;0.004104735918;0.00433596164;0.003682189146;0.00217357569;0.01884792548;0.008005043312;0.008140676892;0.004219888417;0.002890931019;0.008489790483;0.004895584254;0.008520599758;0.002127052542;0.004004717442;0.004284337748;0.004514878206;0.006497723244;0.002017803342;0.02136947333;0.00630249945;0.01049605921;0.005019791306,biomass;glucose;product;gp_nll,H3_run_5;H1_run_3;H3_run_6;H1_run_5;H4_run_2;H3_run_2;H1_run_1;H4_run_6;H3_run_4;H2_run_4;H2_run_6;H4_run_4;H4_run_1;H1_run_2;H3_run_3;H1_run_4;T_run_1;H2_run_2;H4_run_3;H4_run_5;H2_run_3;T_run_2;H1_run_6;H2_run_1;H3_run_1;H2_run_5,0.142996,0,,,0.007753302679,0.142996,0.000391334998,0,
252,400,252,1,6552,0.007745897526,0.01359934972;0.007032405839;0.007810307306;0.002541527234,0.004517590501;0.01881213116;0.004224621904;0.002126313327;0.008375082086;0.02135903134;0.006482846048;0.01904240789;0.008466190063;0.01304198142;0.004106141333;0.005029643355;0.003675016223;0.00800786732;0.004320169266;0.004291692462;0.01047203376;0.002017929875;0.004015518158;0.008511497034;0.016101293;0.002176740272;0.004887200853;0.002894768111;0.008143066482;0.006294562429,biomass;glucose;product;gp_nll,H4_run_5;H3_run_4;H4_run_4;T_run_1;H3_run_6;H1_run_6;H2_run_3;H1_run_3;H1_run_2;H3_run_5;H4_run_2;H2_run_5;H1_run_1;H2_run_4;H3_run_2;H4_run_3;H3_run_1;T_run_2;H2_run_2;H1_run_4;H1_run_5;H4_run_6;H3_run_3;H4_run_1;H2_run_6;H2_run_1,0.150291,0,,,0.007745897526,0.150291,0.000389016371,0,
253,400,253,1,6578,0.007738584078,0.01359236645;0.00702010085;0.007806864028;0.002535004985,0.01902800861;0.004304251033;0.002018295013;0.01044822494;0.008350553217;0.01608440097;0.00487858981;0.008443256218;0.00814653947;0.01301199073;0.00422973682;0.006287260023;0.003667831171;0.002125793716;0.004520676667;0.002899394513;0.008010728556;0.005039391524;0.02134751899;0.004107377082;0.004299665772;0.006468677778;0.004026761239;0.00850114986;0.01877735451;0.002179757795,biomass;glucose;product;gp_nll,H1_run_3;H3_run_2;T_run_2;H3_run_1;H3_run_6;H1_run_5;H3_run_3;H1_run_2;H2_run_6;H3_run_5;H4_run_4;H2_run_1;H1_run_1;T_run_1;H4_run_5;H4_run_1;H2_run_4;H2_run_5;H1_run_6;H4_run_2;H4_run_3;H2_run_3;H2_run_2;H1_run_4;H3_run_4;H4_run_6,0.156931,0,,,0.007738584078,0.156931,0.0003866747945,0,
254,400,254,1,6604,0.007731375389,0.01358557196;0.007007666718;0.007803650385;0.002528612492,0.01298263421;0.002182622853;0.002904767328;0.004288233729;0.004108387536;0.008151056534;0.004235201085;0.005048968237;0.004869752256;0.003660672595;0.01606649076;0.002125495003;0.004524135774;0.004308233789;0.006280880353;0.00848951513;0.008326244671;0.008013538938;0.01901195799;0.008421077695;0.006455203902;0.02133509662;0.01042472276;0.004038404901;0.01874356868;0.002018896783,biomass;glucose;product;gp_nll,H3_run_5;H4_run_6;H4_run_1;H3_run_2;H4_run_2;H2_run_6;H4_run_4;H2_run_5;H3_run_3;H1_run_1;H1_run_5;T_run_1;H4_run_5;H4_run_3;H2_run_1;H1_run_4;H3_run_6;H2_run_4;H1_run_3;H1_run_2;H2_run_3;H1_run_6;H3_run_1;H2_run_2;H3_run_4;T_run_2,0.145746,0,,,0.007731375389,0.145746,0.0003843393662,0,
255,400,255,1,6630,0.007724300077,0.01357898105;0.006995190938;0.007800675878;0.002522352441,0.004272148369;0.01604756632;0.003653577934;0.002185214551;0.02132194428;0.004240988358;0.008016198989;0.002910836385;0.01899492762;0.01040162974;0.008156561944;0.004860695547;0.006442394267;0.005058284797;0.004317362181;0.008476540646;0.00410911121;0.002125420468;0.006275329054;0.004050399828;0.008399743059;0.008302238038;0.002019733299;0.004527956286;0.01871099001;0.01295400881,biomass;glucose;product;gp_nll,H3_run_2;H1_run_5;H1_run_1;H4_run_6;H1_run_6;H4_run_4;H2_run_4;H4_run_1;H1_run_3;H3_run_1;H2_run_6;H3_run_3;H2_run_3;H2_run_5;H4_run_3;H1_run_4;H4_run_2;T_run_1;H2_run_1;H2_run_2;H1_run_2;H3_run_6;T_run_2;H4_run_5;H3_run_4;H3_run_5,0.141363,0,,,0.007724300077,0.141363,0.0003820561439,0,
256,400,256,1,6656,0.007717308266,0.01357263725;0.006982430134;0.007797938678;0.002516227,0.002020802912;0.0103790591;0.0084622106;0.008379340609;0.002125575474;0.006430202332;0.006270596839;0.004247080124;0.004327005938;0.01867975713;0.002187516251;0.01292621297;0.01602766122;0.01897574956;0.008162983722;0.02130825818;0.008278618451;0.004531786829;0.003646580656;0.004851433989;0.004256025939;0.008018598113;0.005067255339;0.004109480717;0.002917544141;0.004062677782,biomass;glucose;product;gp_nll,T_run_2;H3_run_1;H1_run_4;H1_run_2;T_run_1;H2_run_3;H2_run_1;H4_run_4;H4_run_3;H3_run_4;H4_run_6;H3_run_5;H1_run_5;H1_run_3;H2_run_6;H1_run_6;H3_run_6;H4_run_5;H1_run_1;H3_run_3;H3_run_2;H2_run_4;H2_run_5;H4_run_2;H4_run_1;H2_run_2,0.169456,0,,,0.007717308266,0.169456,0.0003797129588,0,
257,400,257,1,6682,0.007710454684,0.01356656891;0.006969544318;0.007795467823;0.002510237687,0.002125963489;0.004536244909;0.008170234993;0.005075684238;0.00202210378;0.003639713688;0.004253438978;0.008255475721;0.02129424961;0.004239903007;0.00410942608;0.00292482433;0.0186500108;0.006266819088;0.008446530392;0.01035711914;0.008359959789;0.004337109754;0.002189476963;0.004841988688;0.00641856783;0.0160068248;0.01895498733;0.01289934691;0.0040752006;0.008020616891,biomass;glucose;product;gp_nll,T_run_1;H4_run_5;H2_run_6;H2_run_5;T_run_2;H1_run_1;H4_run_4;H3_run_6;H1_run_6;H3_run_2;H4_run_2;H4_run_1;H3_run_4;H2_run_1;H1_run_4;H3_run_1;H1_run_2;H4_run_3;H4_run_6;H3_run_3;H2_run_3;H1_run_5;H1_run_3;H3_run_5;H2_run_2;H2_run_4,0.163065,0,,,0.007710454684,0.163065,0.000377378659,0,
258,400,258,1,6708,0.007703712069,0.01356077111;0.006956447668;0.007793244169;0.002504385328,0.002932602465;0.004108870241;0.004223819519;0.01287351122;0.00508368381;0.004087879829;0.01893226913;0.004832387801;0.002126588603;0.0186218904;0.003633008991;0.006263667681;0.008429530639;0.01598512935;0.002023634309;0.004260030439;0.00802212788;0.002191044701;0.006407416658;0.02128014106;0.004540953879;0.008341689496;0.004347592371;0.008232902875;0.008178214366;0.01033592608,biomass;glucose;product;gp_nll,H4_run_1;H4_run_2;H3_run_2;H3_run_5;H2_run_5;H2_run_2;H1_run_3;H3_run_3;T_run_1;H3_run_4;H1_run_1;H2_run_1;H1_run_4;H1_run_5;T_run_2;H4_run_4;H2_run_4;H4_run_6;H2_run_3;H1_run_6;H4_run_5;H1_run_2;H4_run_3;H3_run_6;H2_run_6;H3_run_1,0.153816,0,,,0.007703712069,0.153816,0.0003750635615,0,
259,400,259,1,6734,0.007697112872,0.01355527615;0.006943261586;0.007791243645;0.002498670113,0.01031560018;0.002025392445;0.008186807079;0.004266631208;0.01859544224;0.008022996807;0.004100635751;0.008210995962;0.004358438233;0.005091048681;0.00482266637;0.004107733413;0.02126616085;0.01890854485;0.003626493923;0.00219216657;0.01284880656;0.004207818304;0.00639666194;0.002127455075;0.006261229917;0.002940796699;0.004545856491;0.01596266919;0.008324617631;0.008411268321,biomass;glucose;product;gp_nll,H3_run_1;T_run_2;H2_run_6;H4_run_4;H3_run_4;H2_run_4;H2_run_2;H3_run_6;H4_run_3;H2_run_5;H3_run_3;H4_run_2;H1_run_6;H1_run_3;H1_run_1;H4_run_6;H3_run_5;H3_run_2;H2_run_3;T_run_1;H2_run_1;H4_run_1;H4_run_5;H1_run_5;H1_run_2;H1_run_4,0.235999,0,,,0.007697112872,0.235999,0.0003726735542,0,
260,400,260,1,6760,0.007690667403,0.01355011803;0.006929935376;0.007789524838;0.002493091366,0.004369525036;0.004812865494;0.008391824043;0.004191946619;0.004273471836;0.01029626323;0.008189852816;0.01888358493;0.008023086201;0.002128566531;0.0063862081;0.002949319278;0.008195888172;0.003620193013;0.01857100016;0.008308830005;0.005097675052;0.01593956022;0.004105935403;0.006259456139;0.02125254089;0.004550880488;0.002027377248;0.01282532908;0.002192790074;0.004113382418,biomass;glucose;product;gp_nll,H4_run_3;H3_run_3;H1_run_4;H3_run_2;H4_run_4;H3_run_1;H3_run_6;H1_run_3;H2_run_4;T_run_1;H2_run_3;H4_run_1;H2_run_6;H1_run_1;H3_run_4;H1_run_2;H2_run_5;H1_run_5;H4_run_2;H2_run_1;H1_run_6;H4_run_5;T_run_2;H3_run_5;H4_run_6;H2_run_2,0.146424,0,,,0.007690667403,0.146424,0.0003702206215,0,
261,400,261,1,6786,0.007684372689,0.01354530756;0.006916474279;0.007788061368;0.002487647547,0.002192864222;0.01280317027;0.01885756216;0.004126029025;0.008205310699;0.002958077858;0.004555992701;0.006258237418;0.004176252006;0.005103463008;0.008022258453;0.003614127824;0.008371303593;0.01027803606;0.004280369739;0.01854858057;0.004103396735;0.01591593874;0.008294408108;0.006375953065;0.004803032254;0.002129926262;0.008169571258;0.002029586901;0.02123951;0.004380730971,biomass;glucose;product;gp_nll,H4_run_6;H3_run_5;H1_run_3;H2_run_2;H2_run_6;H4_run_1;H4_run_5;H2_run_1;H3_run_2;H2_run_5;H2_run_4;H1_run_1;H1_run_4;H3_run_1;H4_run_4;H3_run_4;H4_run_2;H1_run_5;H1_run_2;H2_run_3;H3_run_3;T_run_1;H3_run_6;T_run_2;H1_run_6;H4_run_3,0.163892,0,,,0.007684372689,0.163892,0.0003676835966,0,
262,400,262,1,6812,0.007678232469,0.0135408501;0.006902871907;0.007786871642;0.002482336229,0.004793218464;0.01026103618;0.008150247014;0.004100040912;0.004392002605;0.004561085343;0.008349835515;0.008281427344;0.0042872198;0.02122728833;0.002032017663;0.006365849691;0.006257549309;0.01278241674;0.004160785069;0.01852829877;0.003608315961;0.008214731834;0.01589195835;0.008020379336;0.00219234369;0.002131536208;0.005108314693;0.01883067448;0.004138481099;0.002966989788,biomass;glucose;product;gp_nll,H3_run_3;H3_run_1;H3_run_6;H4_run_2;H4_run_3;H4_run_5;H1_run_4;H1_run_2;H4_run_4;H1_run_6;T_run_2;H2_run_3;H2_run_1;H3_run_5;H3_run_2;H3_run_4;H1_run_1;H2_run_6;H1_run_5;H2_run_4;H4_run_6;T_run_1;H2_run_5;H1_run_3;H2_run_2;H4_run_1,0.157875,0,,,0.007678232469,0.157875,0.0003650747688,0,
263,400,263,1,6838,0.007672258014,0.0135368047;0.006889131269;0.00778594203;0.002477154056,0.008224366401;0.00203466384;0.004150642997;0.002191185439;0.00429399681;0.008017321743;0.004095796739;0.01586778818;0.01851025658;0.004566061597;0.00511213677;0.004145597897;0.003602770203;0.0083275697;0.002975935717;0.002133396299;0.01024537508;0.004403216861;0.01880314173;0.006257174258;0.006355675342;0.004783479685;0.008269954325;0.0127631506;0.02121608388;0.008131969689,biomass;glucose;product;gp_nll,H2_run_6;T_run_2;H2_run_2;H4_run_6;H4_run_4;H2_run_4;H4_run_2;H1_run_5;H3_run_4;H4_run_5;H2_run_5;H3_run_2;H1_run_1;H1_run_4;H4_run_1;T_run_1;H3_run_1;H4_run_3;H1_run_3;H2_run_1;H2_run_3;H3_run_3;H1_run_2;H3_run_5;H1_run_6;H3_run_6,0.173760,0,,,0.007672258014,0.173760,0.0003622910457,0,
264,400,264,1,6864,0.007666462479,0.01353313915;0.006875351353;0.007785262724;0.002472096683,0.004090601664;0.006257264251;0.01877519269;0.004300597964;0.008233898792;0.008260046802;0.002189349463;0.00634538804;0.01274543905;0.008304670838;0.004570877108;0.003597510712;0.01584360768;0.008012970499;0.002135552218;0.002984828884;0.02120608689;0.008114825139;0.01849453977;0.004162419038;0.01023115523;0.004773830508;0.004414267377;0.002037517538;0.005114843409;0.004130742892,biomass;glucose;product;gp_nll,H4_run_2;H2_run_1;H1_run_3;H4_run_4;H2_run_6;H1_run_2;H4_run_6;H2_run_3;H3_run_5;H1_run_4;H4_run_5;H1_run_1;H1_run_5;H2_run_4;T_run_1;H4_run_1;H1_run_6;H3_run_6;H3_run_4;H2_run_2;H3_run_1;H3_run_3;H4_run_3;T_run_2;H2_run_5;H3_run_2,0.162217,0,,,0.007666462479,0.162217,0.0003594097242,0,
265,400,265,1,6890,0.007660846221,0.01352987658;0.006861518815;0.007784830537;0.002467158953,0.00417371432;0.002137902696;0.01021846781;0.004575407303;0.00824318376;0.006257630779;0.01848121547;0.002993574903;0.003592519058;0.02119746463;0.004306955587;0.01581960135;0.0187470857;0.008251752392;0.005116358478;0.006334890676;0.008098892685;0.004425047938;0.004116271898;0.004084403115;0.00476441;0.008007225015;0.002040566807;0.008281316436;0.01272933861;0.002186804319,biomass;glucose;product;gp_nll,H2_run_2;T_run_1;H3_run_1;H4_run_5;H2_run_6;H2_run_1;H3_run_4;H4_run_1;H1_run_1;H1_run_6;H4_run_4;H1_run_5;H1_run_3;H1_run_2;H2_run_5;H2_run_3;H3_run_6;H4_run_3;H3_run_2;H4_run_2;H3_run_3;H2_run_4;T_run_2;H1_run_4;H3_run_5;H4_run_6,0.164907,0,,,0.007660846221,0.164907,0.0003564106962,0,
266,400,266,1,6916,0.007655420534,0.0135270106;0.006847693183;0.007784643462;0.002462334887,0.006324096851;0.004184437493;0.00431299716;0.004077161602;0.008084241497;0.01271489342;0.002043795712;0.008000003679;0.002140483086;0.005116618883;0.00457957713;0.003587811046;0.008252084648;0.01020738956;0.01871907008;0.008245102766;0.00410223734;0.004435509118;0.01847032977;0.008257690022;0.004755233801;0.002183527089;0.01579595367;0.003002083692;0.02119035893;0.006258245822,biomass;glucose;product;gp_nll,H2_run_3;H2_run_2;H4_run_4;H4_run_2;H3_run_6;H3_run_5;T_run_2;H2_run_4;T_run_1;H2_run_5;H4_run_5;H1_run_1;H2_run_6;H3_run_1;H1_run_3;H1_run_2;H3_run_2;H4_run_3;H3_run_4;H1_run_4;H3_run_3;H4_run_6;H1_run_5;H4_run_1;H1_run_6;H2_run_1,0.172197,0,,,0.007655420534,0.172197,0.0003533201544,0,
267,400,267,1,6942,0.007650179899,0.01352457491;0.00683383513;0.007784691754;0.002457617802,0.01846190336;0.004746353279;0.004445397224;0.007991248158;0.003583373679;0.002143276281;0.008260473296;0.002179504489;0.004088687153;0.008070929103;0.02118488225;0.00458330533;0.00406885178;0.01577284337;0.005115576981;0.01869138932;0.01019797982;0.006258919772;0.006312930953;0.003010271601;0.004318668817;0.01270213456;0.008240112188;0.002047183138;0.008233977033;0.004194504446,biomass;glucose;product;gp_nll,H3_run_4;H3_run_3;H4_run_3;H2_run_4;H1_run_1;T_run_1;H2_run_6;H4_run_6;H3_run_2;H3_run_6;H1_run_6;H4_run_5;H4_run_2;H1_run_5;H2_run_5;H1_run_3;H3_run_1;H2_run_1;H2_run_3;H4_run_1;H4_run_4;H3_run_5;H1_run_2;T_run_2;H1_run_4;H2_run_2,0.193753,0,,,0.007650179899,0.193753,0.0003500982261,0,
268,400,268,1,6968,0.00764513512,0.01352255685;0.006820021025;0.007784962348;0.002453000253,0.01269107785;0.008210357741;0.006259608815;0.004454781226;0.002146260229;0.006301332241;0.005113203842;0.02118111629;0.004323905357;0.004075666066;0.008236778525;0.008058998481;0.004203839262;0.004586528635;0.004737813926;0.002174734656;0.01019027674;0.01866427437;0.003018061978;0.007980926775;0.008268234851;0.003579199212;0.01575043894;0.01845593006;0.002050703218;0.004059463824,biomass;glucose;product;gp_nll,H3_run_5;H1_run_4;H2_run_1;H4_run_3;T_run_1;H2_run_3;H2_run_5;H1_run_6;H4_run_4;H3_run_2;H1_run_2;H3_run_6;H2_run_2;H4_run_5;H3_run_3;H4_run_6;H3_run_1;H1_run_3;H4_run_1;H2_run_4;H2_run_6;H1_run_1;H1_run_5;H3_run_4;T_run_2;H4_run_2,0.161365,0,,,0.00764513512,0.161365,0.0003467843916,0,
269,400,269,1,6994,0.007640288431,0.01352095538;0.0068062676;0.007785456506;0.002448474234,0.007969035841;0.01018429626;0.002169227644;0.004328679235;0.02117911063;0.0184523749;0.004063213722;0.004049007837;0.004463529869;0.008187002683;0.003575271164;0.004212376064;0.002054320115;0.006260281488;0.00823508176;0.01863793791;0.003025386502;0.00510949015;0.006289255547;0.008275270701;0.01572889314;0.002149407608;0.00472965374;0.004589193335;0.01268172416;0.008048477198,biomass;glucose;product;gp_nll,H2_run_4;H3_run_1;H4_run_6;H4_run_4;H1_run_6;H3_run_4;H3_run_2;H4_run_2;H4_run_3;H1_run_4;H1_run_1;H2_run_2;T_run_2;H2_run_1;H1_run_2;H1_run_3;H4_run_1;H2_run_5;H2_run_3;H2_run_6;H1_run_5;T_run_1;H3_run_3;H4_run_5;H3_run_5;H3_run_6,0.226153,0,,,0.007640288431,0.226153,0.0003434126951,0,
270,400,270,1,7020,0.007635640335,0.01351976472;0.006792592802;0.007786172534;0.002444031281,0.004332938584;0.003032186377;0.008234983335;0.01861257048;0.007955600708;0.004220059924;0.003571550372;0.01845115933;0.00803937577;0.02117888277;0.004721902151;0.01267405876;0.005104448282;0.008164068623;0.0157083393;0.002058003114;0.006276672013;0.008281499984;0.002163005966;0.01018003041;0.004037512999;0.002152685871;0.004591234675;0.006260878571;0.004471636557;0.004051363789,biomass;glucose;product;gp_nll,H4_run_4;H4_run_1;H1_run_2;H1_run_3;H2_run_4;H2_run_2;H1_run_1;H3_run_4;H3_run_6;H1_run_6;H3_run_3;H3_run_5;H2_run_5;H1_run_4;H1_run_5;T_run_2;H2_run_3;H2_run_6;H4_run_6;H3_run_1;H4_run_2;T_run_1;H4_run_5;H2_run_1;H4_run_3;H3_run_2,0.163937,0,,,0.007635640335,0.163937,0.0003400039086,0,
271,400,271,1,7046,0.00763118516,0.01351896973;0.006779026421;0.007787081924;0.002439662566,0.005098113148;0.004714579228;0.02118041928;0.004592617277;0.006261336503;0.01568888677;0.01017744657;0.007940676184;0.00626356999;0.008141695381;0.008236426076;0.01858833766;0.002156104714;0.004336650464;0.01266805141;0.004226848406;0.00803168702;0.002061708363;0.008286860149;0.002156057296;0.01845220125;0.003038413;0.003568023958;0.004478933115;0.004025027697;0.004040143252,biomass;glucose;product;gp_nll,H2_run_5;H3_run_3;H1_run_6;H4_run_5;H2_run_1;H1_run_5;H3_run_1;H2_run_4;H2_run_3;H1_run_4;H1_run_2;H1_run_3;H4_run_6;H4_run_4;H3_run_5;H2_run_2;H3_run_6;T_run_2;H2_run_6;T_run_1;H3_run_4;H4_run_1;H1_run_1;H4_run_3;H4_run_2;H3_run_2,0.164661,0,,,0.00763118516,0.164661,0.0003365934548,0,
272,400,272,1,7072,0.007626921001,0.01351855749;0.006765591754;0.007788175702;0.002435359051,0.008120002806;0.003044028391;0.02118367049;0.008291307667;0.007924346516;0.006261611414;0.004707695142;0.004029571446;0.004485438362;0.006249954558;0.00509054154;0.004232712431;0.0020653895;0.01567062123;0.01856537629;0.004011618837;0.00823933471;0.008025385924;0.00433979149;0.002148571065;0.003564661416;0.004593312246;0.01845537838;0.01017648777;0.002159479671;0.01266365673,biomass;glucose;product;gp_nll,H1_run_4;H4_run_1;H1_run_6;H2_run_6;H2_run_4;H2_run_1;H3_run_3;H3_run_2;H4_run_3;H2_run_3;H2_run_5;H2_run_2;T_run_2;H1_run_5;H1_run_3;H4_run_2;H1_run_2;H3_run_6;H4_run_4;H4_run_6;H1_run_1;H4_run_5;H3_run_4;H3_run_1;T_run_1;H3_run_5,0.162469,0,,,0.007626921001,0.162469,0.0003332091357,0,
273,400,273,1,7098,0.007622841168,0.01351851048;0.006752295439;0.007789447134;0.002431111616,0.003561434054;0.01017707394;0.003997370436;0.004701250357;0.003049004687;0.006235846081;0.008099084915;0.004019660034;0.002140463346;0.004237636329;0.01266081572;0.002162907156;0.01846054197;0.02118857543;0.008020430162;0.008243617418;0.006261672343;0.01565360762;0.004593279575;0.004491129626;0.007906722707;0.018543794;0.002068996424;0.004342327969;0.00829481719;0.005081810881,biomass;glucose;product;gp_nll,H1_run_1;H3_run_1;H4_run_2;H3_run_3;H4_run_1;H2_run_3;H1_run_4;H3_run_2;H4_run_6;H2_run_2;H3_run_5;T_run_1;H3_run_4;H1_run_6;H3_run_6;H1_run_2;H2_run_1;H1_run_5;H4_run_5;H4_run_3;H2_run_4;H1_run_3;T_run_2;H4_run_4;H2_run_6;H2_run_5,0.172567,0,,,0.007622841168,0.172567,0.0003298726849,0,
274,400,274,1,7124,0.007618941426,0.01351880818;0.006739176644;0.007790869719;0.002426911159,0.006221279137;0.007887938625;0.01846751962;0.006261492409;0.003982381861;0.01017910346;0.008016760758;0.004592564139;0.002072476657;0.003053324285;0.01852367039;0.002131849828;0.01563788317;0.008249167177;0.021195042;0.008079013956;0.003558310544;0.004241617984;0.004344290645;0.004495996867;0.004695236164;0.005072017549;0.002166291535;0.008297380277;0.01265945505;0.004010412986,biomass;glucose;product;gp_nll,H2_run_3;H2_run_4;H3_run_4;H2_run_1;H4_run_2;H3_run_1;H3_run_6;H4_run_5;T_run_2;H4_run_1;H1_run_3;H4_run_6;H1_run_5;H1_run_2;H1_run_6;H1_run_4;H1_run_1;H2_run_2;H4_run_4;H4_run_3;H3_run_3;H2_run_5;T_run_1;H2_run_6;H3_run_5;H3_run_2,0.239686,0,,,0.007618941426,0.239686,0.0003266208268,0,
275,400,275,1,7150,0.007615232521,0.01351943624;0.006726299306;0.007792445753;0.002422748782,0.004500041801;0.01850505745;0.01265948906;0.02120295729;0.003056979239;0.00424466771;0.01562346215;0.006261056242;0.01847611887;0.002169583121;0.003555260532;0.008014304476;0.01018245646;0.002075776113;0.008299003515;0.004345667153;0.004001826865;0.004689635666;0.003966764972;0.002122806743;0.00506127384;0.008255864774;0.004591152262;0.007868147715;0.006206300931;0.008060390604,biomass;glucose;product;gp_nll,H4_run_3;H1_run_3;H3_run_5;H1_run_6;H4_run_1;H2_run_2;H1_run_5;H2_run_1;H3_run_4;T_run_1;H1_run_1;H3_run_6;H3_run_1;T_run_2;H2_run_6;H4_run_4;H3_run_2;H3_run_3;H4_run_2;H4_run_6;H2_run_5;H1_run_2;H4_run_5;H2_run_4;H2_run_3;H1_run_4,0.177459,0,,,0.007615232521,0.177459,0.0003234483922,0,
276,400,276,1,7176,0.007611667557,0.01352034987;0.006713564445;0.007794140113;0.002418615801,0.01848798346;0.003993891799;0.004346467014;0.002172732198;0.004246807739;0.005049705459;0.002113416718;0.004589060284;0.008263582954;0.008012975202;0.00395064169;0.01561033931;0.00468450039;0.006190969693;0.002078840854;0.003552235678;0.01018699717;0.02121219436;0.008042236038;0.004503275595;0.008299704853;0.003059971055;0.006260354104;0.01266082173;0.01848613231;0.007847518818,biomass;glucose;product;gp_nll,H1_run_3;H3_run_2;H4_run_4;T_run_1;H2_run_2;H2_run_5;H4_run_6;H4_run_5;H1_run_2;H3_run_6;H4_run_2;H1_run_5;H3_run_3;H2_run_3;T_run_2;H1_run_1;H3_run_1;H1_run_6;H1_run_4;H4_run_3;H2_run_6;H4_run_1;H2_run_1;H3_run_5;H3_run_4;H2_run_4,0.159081,0,,,0.007611667557,0.159081,0.0003204084332,0,
277,400,277,1,7202,0.007608237615,0.01352152315;0.006700983478;0.007795939866;0.00241450397,0.004505719457;0.008299514109;0.012663348;0.003549213175;0.01019257807;0.004346707601;0.003934140569;0.003062308383;0.01559849148;0.006259384547;0.006175352219;0.0082721841;0.002175691593;0.00503744795;0.0184973394;0.02122261189;0.004679652907;0.008024778471;0.003986590966;0.008012676435;0.002081615885;0.01847245334;0.002103766314;0.004586312955;0.007826231443;0.004248066727,biomass;glucose;product;gp_nll,H4_run_3;H2_run_6;H3_run_5;H1_run_1;H3_run_1;H4_run_4;H4_run_2;H4_run_1;H1_run_5;H2_run_1;H2_run_3;H1_run_2;T_run_1;H2_run_5;H3_run_4;H1_run_6;H3_run_3;H1_run_4;H3_run_2;H3_run_6;T_run_2;H1_run_3;H4_run_6;H4_run_5;H2_run_4;H2_run_2,0.161350,0,,,0.007608237615,0.161350,0.0003174949425,0,
278,400,278,1,7228,0.007604954102,0.01352293515;0.006688638808;0.0077978369;0.002410405551,0.002093943609;0.008298471085;0.002084054302;0.01266695645;0.00424849494;0.004582945454;0.01845845209;0.00397990151;0.004507403275;0.006159521818;0.007804470767;0.00217841631;0.004346413095;0.01850951218;0.008008558487;0.004675133056;0.02123405852;0.003546160004;0.003064005992;0.01558787918;0.003917393431;0.006258145994;0.01019904377;0.008281524629;0.008013303794;0.005024642904,biomass;glucose;product;gp_nll,H4_run_6;H2_run_6;T_run_2;H3_run_5;H2_run_2;H4_run_5;H1_run_3;H3_run_2;H4_run_3;H2_run_3;H2_run_4;T_run_1;H4_run_4;H3_run_4;H1_run_4;H3_run_3;H1_run_6;H1_run_1;H4_run_1;H1_run_5;H4_run_2;H2_run_1;H3_run_1;H1_run_2;H3_run_6;H2_run_5,0.182178,0,,,0.007604954102,0.182178,0.0003147015815,0,
279,400,279,1,7254,0.007601794788,0.01352455081;0.006676505922;0.007799809137;0.002406313278,0.007782426532;0.01852242022;0.00467090639;0.002084036679;0.003065080326;0.002086110989;0.008014747874;0.005011435046;0.02124637848;0.007993318373;0.003900533274;0.006143556676;0.003973796668;0.003543046464;0.01844595389;0.008296619967;0.006256640612;0.004345611748;0.002180864022;0.008291457692;0.01020623445;0.004248139446;0.004508361914;0.01267152995;0.01557845283;0.004579003982,biomass;glucose;product;gp_nll,H2_run_4;H3_run_4;H3_run_3;H4_run_6;H4_run_1;T_run_2;H3_run_6;H2_run_5;H1_run_6;H1_run_4;H4_run_2;H2_run_3;H3_run_2;H1_run_1;H1_run_3;H2_run_6;H2_run_1;H4_run_4;T_run_1;H1_run_2;H3_run_1;H2_run_2;H4_run_3;H3_run_5;H1_run_5;H4_run_5,0.171260,0,,,0.007601794788,0.171260,0.0003120312368,0,
280,400,280,1,7280,0.00759874904,0.01352634088;0.006664593787;0.007801841036;0.00240222046,0.002074131414;0.003539848068;0.01843494241;0.007979047779;0.007760282872;0.004574538814;0.00499796861;0.004508634644;0.003883692047;0.003968252828;0.008294008815;0.01557015428;0.01021398985;0.00424705698;0.006254871824;0.002087746167;0.008016896803;0.01267694755;0.006127537797;0.004344335424;0.00466693824;0.002182996922;0.02125941353;0.008301835903;0.01853583483;0.003065570637,biomass;glucose;product;gp_nll,H4_run_6;H1_run_1;H1_run_3;H1_run_4;H2_run_4;H4_run_5;H2_run_5;H4_run_3;H4_run_2;H3_run_2;H2_run_6;H1_run_5;H3_run_1;H2_run_2;H2_run_1;T_run_2;H3_run_6;H3_run_5;H2_run_3;H4_run_4;H3_run_3;T_run_1;H1_run_6;H1_run_2;H3_run_4;H4_run_1,0.175977,0,,,0.00759874904,0.175977,0.0003094780558,0,
281,400,281,1,7306,0.007595801519,0.0135282617;0.00665291387;0.007803909492;0.00239812101,0.01022215266;0.004663195166;0.002064309802;0.002184782491;0.003963224386;0.002088926333;0.008290687577;0.004984384295;0.004508266838;0.004569604024;0.01268308597;0.007965730761;0.003536546007;0.006111467367;0.008019638688;0.00306551539;0.003866996288;0.006252841395;0.007738216231;0.004245308593;0.01854953143;0.01556291987;0.02127300584;0.004342617004;0.01842537134;0.008312513752,biomass;glucose;product;gp_nll,H3_run_1;H3_run_3;H4_run_6;T_run_1;H3_run_2;T_run_2;H2_run_6;H2_run_5;H4_run_3;H4_run_5;H3_run_5;H1_run_4;H1_run_1;H2_run_3;H3_run_6;H4_run_1;H4_run_2;H2_run_1;H2_run_4;H2_run_2;H3_run_4;H1_run_5;H1_run_6;H4_run_4;H1_run_3;H1_run_2,0.165706,0,,,0.007595801519,0.165706,0.0003070344332,0,
282,400,282,1,7332,0.007592944892,0.01353030662;0.006641457207;0.007806006272;0.002394009468,0.003533127486;0.004340490937;0.006095592562;0.004659646475;0.01856329463;0.01841715741;0.007953348031;0.003064910383;0.004970816716;0.008022864006;0.002186194122;0.002089624956;0.003958683345;0.004507300477;0.004564256507;0.003850565014;0.01023057172;0.01555668907;0.0212869997;0.007716396018;0.002054648527;0.008286706527;0.0126898206;0.006250553671;0.008323349469;0.004242958835,biomass;glucose;product;gp_nll,H1_run_1;H4_run_4;H2_run_3;H3_run_3;H3_run_4;H1_run_3;H1_run_4;H4_run_1;H2_run_5;H3_run_6;T_run_1;T_run_2;H3_run_2;H4_run_3;H4_run_5;H4_run_2;H3_run_1;H1_run_5;H1_run_6;H2_run_4;H4_run_6;H2_run_6;H3_run_5;H2_run_1;H1_run_2;H2_run_2,0.179000,0,,,0.007592944892,0.179000,0.0003046882593,0,
283,400,283,1,7358,0.007590166872,0.01353243354;0.006630246573;0.007808106349;0.002389881023,0.004957391945;0.003954594707;0.002089822913;0.00624801499;0.004505776851;0.003529583893;0.007941878131;0.007694979487;0.01841024019;0.002045217718;0.004337991526;0.004240074241;0.01857692173;0.003834508496;0.006079908786;0.004558554002;0.004656264475;0.008334207642;0.003063847297;0.008282115339;0.002187211405;0.02130124468;0.01269702784;0.00802646726;0.0155513887;0.01023910442,biomass;glucose;product;gp_nll,H2_run_5;H3_run_2;T_run_2;H2_run_1;H4_run_3;H1_run_1;H1_run_4;H2_run_4;H1_run_3;H4_run_6;H4_run_4;H2_run_2;H3_run_4;H4_run_2;H2_run_3;H4_run_5;H3_run_3;H1_run_2;H4_run_1;H2_run_6;T_run_1;H1_run_6;H3_run_5;H3_run_6;H1_run_5;H3_run_1,0.197657,0,,,0.007590166872,0.197657,0.0003024291493,0,
284,400,284,1,7384,0.00758748199,0.01353463507;0.006619349402;0.007810211973;0.002385731519,0.004335157678;0.008030348847;0.007674110179;0.004653025523;0.02131559651;0.004236721894;0.01270458608;0.002187820253;0.002036080141;0.003950923458;0.004552554436;0.006064492517;0.01859022443;0.003818926817;0.01554694819;0.01024761905;0.01840455631;0.004944226098;0.008276961006;0.003525911264;0.008344960589;0.007931711979;0.002089508476;0.003062346124;0.004503739579;0.006245474317,biomass;glucose;product;gp_nll,H4_run_4;H3_run_6;H2_run_4;H3_run_3;H1_run_6;H2_run_2;H3_run_5;T_run_1;H4_run_6;H3_run_2;H4_run_5;H2_run_3;H3_run_4;H4_run_2;H1_run_5;H3_run_1;H1_run_3;H2_run_5;H2_run_6;H1_run_1;H1_run_2;H1_run_4;T_run_2;H4_run_1;H4_run_3;H2_run_1,0.208031,0,,,0.00758748199,0.208031,0.0003002517228,0,
285,400,285,1,7410,0.007584832286,0.0135368451;0.006608655996;0.007812270722;0.00238155733,0.008355489265;0.002088677236;0.01271237718;0.02132992185;0.008034415903;0.004232968196;0.00218801251;0.004649908747;0.01554330521;0.007922017427;0.01025599522;0.006242456628;0.004501229048;0.003060450024;0.01860303134;0.003947635975;0.004931424548;0.007653917411;0.006049416272;0.003803909599;0.01840004537;0.002027291423;0.004332025357;0.00352211657;0.008271286862;0.004546314266,biomass;glucose;product;gp_nll,H1_run_2;T_run_2;H3_run_5;H1_run_6;H3_run_6;H2_run_2;T_run_1;H3_run_3;H1_run_5;H1_run_4;H3_run_1;H2_run_1;H4_run_3;H4_run_1;H3_run_4;H3_run_2;H2_run_5;H2_run_4;H2_run_3;H4_run_2;H1_run_3;H4_run_6;H4_run_4;H1_run_1;H2_run_6;H4_run_5,0.189472,0,,,0.007584832286,0.189472,0.0002981323837,0,
286,400,286,1,7436,0.007582234378,0.01353905957;0.006598235828;0.007814286523;0.00237735559,0.01026412696;0.003789534279;0.003518196453;0.02134409203;0.004539889077;0.00803858597;0.004328632037;0.004919079376;0.006034747922;0.007913167909;0.004646899505;0.007634514132;0.01554039518;0.008365684909;0.01272028669;0.01839664146;0.00449828688;0.008265138028;0.0186151875;0.003058203355;0.002018898608;0.004228878389;0.006239209855;0.003944698634;0.002087331938;0.002187786757,biomass;glucose;product;gp_nll,H3_run_1;H4_run_2;H1_run_1;H1_run_6;H4_run_5;H3_run_6;H4_run_4;H2_run_5;H2_run_3;H1_run_4;H3_run_3;H2_run_4;H1_run_5;H1_run_2;H3_run_5;H1_run_3;H4_run_3;H2_run_6;H3_run_4;H4_run_1;H4_run_6;H2_run_2;H2_run_1;H3_run_2;T_run_2;T_run_1,0.184063,0,,,0.007582234378,0.184063,0.000296065299,0,
287,400,287,1,7462,0.007579682249,0.01354125694;0.006588101946;0.007816246059;0.002373124047,0.002187147438;0.008042782248;0.004224515465;0.00623574337;0.0127282053;0.008375449471;0.002010940158;0.003775866597;0.006020550029;0.02135798738;0.01839427857;0.004494952754;0.01027192224;0.004907270327;0.007905142382;0.008258556671;0.00761599729;0.003055650583;0.004325014058;0.002085482001;0.004643987557;0.01553815601;0.003514172818;0.01862655614;0.004533332388;0.003942079223,biomass;glucose;product;gp_nll,T_run_1;H3_run_6;H2_run_2;H2_run_1;H3_run_5;H1_run_2;H4_run_6;H4_run_2;H2_run_3;H1_run_6;H1_run_3;H4_run_3;H3_run_1;H2_run_5;H1_run_4;H2_run_6;H2_run_4;H4_run_1;H4_run_4;T_run_2;H3_run_3;H1_run_5;H1_run_1;H3_run_4;H4_run_5;H3_run_2,0.179657,0,,,0.007579682249,0.179657,0.0002940414546,0,
288,400,288,1,7488,0.007577169814,0.01354341874;0.006578261577;0.007818137894;0.00236886104,0.006006879213;0.007598447847;0.01027930312;0.003762960655;0.003052835687;0.002003446829;0.01863701911;0.004641166744;0.006232066853;0.004526696001;0.008046935871;0.01273602973;0.004896064557;0.004219939514;0.007897920112;0.0155365284;0.003510042037;0.008251582594;0.02137149793;0.01839289092;0.004491264685;0.002083142931;0.003939747137;0.002186104325;0.008384696091;0.004321206264,biomass;glucose;product;gp_nll,H2_run_3;H2_run_4;H3_run_1;H4_run_2;H4_run_1;H4_run_6;H3_run_4;H3_run_3;H2_run_1;H4_run_5;H3_run_6;H3_run_5;H2_run_5;H2_run_2;H1_run_4;H1_run_5;H1_run_1;H2_run_6;H1_run_6;H1_run_3;H4_run_3;T_run_2;H3_run_2;T_run_1;H1_run_2;H4_run_4,0.201403,0,,,0.007577169814,0.201403,0.0002920541352,0,
289,400,289,1,7514,0.007574692731,0.01354552845;0.006568726379;0.007819950631;0.002364565466,0.003750859317;0.003505828252;0.005993785911;0.002184671842;0.0046384344;0.01553545578;0.00805098852;0.02138452383;0.01274366344;0.01864647679;0.004317241711;0.007581931253;0.008244253275;0.004215207253;0.007891480145;0.01028619979;0.003937673552;0.004885516967;0.001996441887;0.006228190101;0.003049801891;0.002080335634;0.01839241324;0.004487258086;0.004520028894;0.008393349242,biomass;glucose;product;gp_nll,H4_run_2;H1_run_1;H2_run_3;T_run_1;H3_run_3;H1_run_5;H3_run_6;H1_run_6;H3_run_5;H3_run_4;H4_run_4;H2_run_4;H2_run_6;H2_run_2;H1_run_4;H3_run_1;H3_run_2;H2_run_5;H4_run_6;H2_run_1;H4_run_1;T_run_2;H1_run_3;H4_run_3;H4_run_5;H1_run_2,0.312501,0,,,0.007574692731,0.312501,0.0002900970187,0,
290,400,290,1,7540,0.007572252651,0.01354757257;0.006559520956;0.007821680323;0.002360236749,0.00350154964;0.004482965947;0.008236603892;0.006224122899;0.004210371708;0.004635790872;0.004513376907;0.003046590836;0.00207708567;0.02139697563;0.0155348844;0.005981314107;0.004313151506;0.01865484751;0.007885801075;0.003739594761;0.01275101718;0.01839278091;0.003935831414;0.00218286839;0.008054890348;0.004875796147;0.001989941613;0.007566498113;0.01029257281;0.008401344628,biomass;glucose;product;gp_nll,H1_run_1;H4_run_3;H2_run_6;H2_run_1;H2_run_2;H3_run_3;H4_run_5;H4_run_1;T_run_2;H1_run_6;H1_run_5;H2_run_3;H4_run_4;H3_run_4;H1_run_4;H4_run_2;H3_run_5;H1_run_3;H3_run_2;T_run_1;H3_run_6;H2_run_5;H4_run_6;H2_run_4;H3_run_1;H1_run_2,0.221071,0,,,0.007572252651,0.221071,0.0002881721445,0,
291,400,291,1,7566,0.007569836439,0.01354953675;0.006550622606;0.007823311576;0.002355874823,0.007880859934;0.003497225825;0.002073422208;0.003043241961;0.004308964509;0.01275801029;0.008228667772;0.02140877519;0.003729188808;0.008058599798;0.008408629549;0.006219875194;0.01839392998;0.01866206781;0.002180715513;0.005969500715;0.004866674748;0.0042054817;0.001983955735;0.007552184703;0.003934195494;0.01029837732;0.01553476313;0.004478419158;0.004506782046;0.004633238325,biomass;glucose;product;gp_nll,H1_run_4;H1_run_1;T_run_2;H4_run_1;H4_run_4;H3_run_5;H2_run_6;H1_run_6;H4_run_2;H3_run_6;H1_run_2;H2_run_1;H1_run_3;H3_run_4;T_run_1;H2_run_3;H2_run_5;H2_run_2;H4_run_6;H2_run_4;H3_run_2;H3_run_1;H1_run_5;H4_run_3;H4_run_5;H3_run_3,0.189957,0,,,0.007569836439,0.189957,0.0002862703379,0,
292,400,292,1,7592,0.007567446987,0.01355141295;0.006542053106;0.007824841826;0.002351480068,0.004858310143;0.002069377582;0.004630780787;0.002178237507;0.01866809032;0.006215456508;0.0183957972;0.00450028299;0.007539014533;0.005958376167;0.004304707508;0.01276456979;0.02141985498;0.01553504332;0.01030358585;0.004200582072;0.00787663228;0.003719654196;0.00841516169;0.008220475892;0.004473646361;0.003492877691;0.008062082839;0.003932742394;0.001978488208;0.003039792863,biomass;glucose;product;gp_nll,H2_run_5;T_run_2;H3_run_3;T_run_1;H3_run_4;H2_run_1;H1_run_3;H4_run_5;H2_run_4;H2_run_3;H4_run_4;H3_run_5;H1_run_6;H1_run_5;H3_run_1;H2_run_2;H1_run_4;H4_run_2;H1_run_2;H2_run_6;H4_run_3;H1_run_1;H3_run_6;H3_run_2;H4_run_6;H4_run_1,0.194336,0,,,0.007567446987,0.194336,0.0002843942815,0,
293,400,293,1,7618,0.007565082458,0.01355319232;0.00653381833;0.0078262659;0.002347053284,0.004850714701;0.01030818119;0.007526999066;0.001973537783;0.01277063134;0.004628423164;0.00348852653;0.02143015855;0.003710995097;0.00787309164;0.005947964044;0.00821205732;0.008065312327;0.008420909072;0.006210876159;0.0183983202;0.01867288341;0.003931450402;0.004468674224;0.003036278962;0.002175460637;0.004493914587;0.01553567868;0.004300405043;0.002064986322;0.004195713471,biomass;glucose;product;gp_nll,H2_run_5;H3_run_1;H2_run_4;H4_run_6;H3_run_5;H3_run_3;H1_run_1;H1_run_6;H4_run_2;H1_run_4;H2_run_3;H2_run_6;H3_run_6;H1_run_2;H2_run_1;H1_run_3;H3_run_4;H3_run_2;H4_run_3;H4_run_1;T_run_1;H4_run_5;H1_run_5;H4_run_4;T_run_2;H2_run_2,0.210786,0,,,0.007565082458,0.210786,0.0002825445042,0,
294,400,294,1,7644,0.007562741391,0.01355486931;0.006525920344;0.007827580261;0.002342595654,0.004487707741;0.008203439327;0.00751613875;0.002060284394;0.004190912329;0.004843892334;0.003484193498;0.02143964056;0.008068267509;0.01277613943;0.001969098626;0.007870209247;0.01031215518;0.00842584954;0.004463527586;0.002172412529;0.004296079391;0.01840143756;0.01867643007;0.003930299403;0.005938281111;0.004626170655;0.003703207903;0.006206143078;0.01553662522;0.003032733197,biomass;glucose;product;gp_nll,H4_run_5;H2_run_6;H2_run_4;T_run_2;H2_run_2;H2_run_5;H1_run_1;H1_run_6;H3_run_6;H3_run_5;H4_run_6;H1_run_4;H3_run_1;H1_run_2;H4_run_3;T_run_1;H4_run_4;H1_run_3;H3_run_4;H3_run_2;H2_run_3;H3_run_3;H4_run_2;H2_run_1;H1_run_5;H4_run_1,0.196590,0,,,0.007562741391,0.196590,0.0002807221482,0,
295,400,295,1,7670,0.007560422611,0.01355643955;0.006518359718;0.007828782476;0.002338108701,0.003029185791;0.01553784118;0.02144826665;0.007506424074;0.003479899144;0.01867872681;0.004481689384;0.001965160921;0.0127810475;0.004291750572;0.003696282012;0.004837839405;0.002169121621;0.004624028224;0.004458229581;0.004186210917;0.008070933259;0.008194647483;0.002055308525;0.006201265854;0.01840508904;0.0078679539;0.005929337441;0.01031550761;0.003929270809;0.008429970167,biomass;glucose;product;gp_nll,H4_run_1;H1_run_5;H1_run_6;H2_run_4;H1_run_1;H3_run_4;H4_run_5;H4_run_6;H3_run_5;H4_run_4;H4_run_2;H2_run_5;T_run_1;H3_run_3;H4_run_3;H2_run_2;H3_run_6;H2_run_6;T_run_2;H2_run_1;H1_run_3;H1_run_4;H2_run_3;H3_run_1;H3_run_2;H1_run_2,0.193591,0,,,0.007560422611,0.193591,0.0002789287653,0,
296,400,296,1,7696,0.00755812514,0.01355790019;0.006511134867;0.007829871249;0.002333594252,0.00347566301;0.002050095596;0.007866291961;0.004832545592;0.003025664175;0.004452801749;0.004287436385;0.004475882473;0.008433266628;0.004181637448;0.007497836581;0.02145601304;0.003690200588;0.01867978251;0.001961711432;0.01553928708;0.006196252724;0.01031824509;0.008073299418;0.00818570573;0.002165616665;0.01840921572;0.005921136606;0.01278531789;0.004622000181;0.003928347363,biomass;glucose;product;gp_nll,H1_run_1;T_run_2;H1_run_4;H2_run_5;H4_run_1;H4_run_3;H4_run_4;H4_run_5;H1_run_2;H2_run_2;H2_run_4;H1_run_6;H4_run_2;H3_run_4;H4_run_6;H1_run_5;H2_run_1;H3_run_1;H3_run_6;H2_run_6;T_run_1;H1_run_3;H2_run_3;H3_run_5;H3_run_3;H3_run_2,0.187852,0,,,0.00755812514,0.187852,0.00027716604,0,
297,400,297,1,7722,0.007555848146,0.01355924974;0.006504242091;0.007830846361;0.002329054391,0.00786518748;0.007490349842;0.01278892176;0.01032038001;0.00195873403;0.004283152453;0.003927513098;0.002161926284;0.004447264132;0.004827994719;0.004620089852;0.01867961727;0.006191111582;0.003471503285;0.008075360167;0.002044682113;0.01554092565;0.005913675923;0.004470306037;0.01841376031;0.008435742555;0.00817663645;0.003684941275;0.003022192936;0.004177216193;0.02146286639,biomass;glucose;product;gp_nll,H1_run_4;H2_run_4;H3_run_5;H3_run_1;H4_run_6;H4_run_4;H3_run_2;T_run_1;H4_run_3;H2_run_5;H3_run_3;H3_run_4;H2_run_1;H1_run_1;H3_run_6;T_run_2;H1_run_5;H2_run_3;H4_run_5;H1_run_3;H1_run_2;H2_run_6;H4_run_2;H4_run_1;H2_run_2;H1_run_6,0.183368,0,,,0.007555848146,0.183368,0.000275435585,0,
298,400,298,1,7748,0.007553590902,0.01356048793;0.006497675659;0.007831708592;0.002324491426,0.01841866741;0.004618299354;0.008077113447;0.004172967631;0.005906946751;0.007864602445;0.002158078592;0.003926753281;0.01032192963;0.02146882339;0.004278912299;0.008167460516;0.004824165528;0.003680476874;0.001956210165;0.004441635345;0.008437408884;0.003018793797;0.006185849986;0.015542722;0.007483930376;0.003467436537;0.01279183891;0.01867826131;0.002039103743;0.004464975259,biomass;glucose;product;gp_nll,H1_run_3;H3_run_3;H3_run_6;H2_run_2;H2_run_3;H1_run_4;T_run_1;H3_run_2;H3_run_1;H1_run_6;H4_run_4;H2_run_6;H2_run_5;H4_run_2;H4_run_6;H4_run_3;H1_run_2;H4_run_1;H2_run_1;H1_run_5;H2_run_4;H1_run_1;H3_run_5;H3_run_4;T_run_2;H4_run_5,0.356519,0,,,0.007553590902,0.356519,0.0002737387899,0,
299,400,299,1,7774,0.007551352752,0.01356161558;0.006491427939;0.007832459643;0.002319907843,0.01554464363;0.01279405752;0.003926054303;0.0044599016;0.003463477495;0.01842388381;0.004435932634;0.01867575385;0.007864497118;0.003676775973;0.005900934844;0.004168908615;0.01032291515;0.008158197344;0.004274727454;0.001954119287;0.004616629458;0.008078560426;0.007478538516;0.0084382832;0.004821032391;0.02147389032;0.003015485629;0.002033394936;0.002154100866;0.006180475188,biomass;glucose;product;gp_nll,H1_run_5;H3_run_5;H3_run_2;H4_run_5;H1_run_1;H1_run_3;H4_run_3;H3_run_4;H1_run_4;H4_run_2;H2_run_3;H2_run_2;H3_run_1;H2_run_6;H4_run_4;H4_run_6;H3_run_3;H3_run_6;H2_run_4;H1_run_2;H2_run_5;H1_run_6;H4_run_1;T_run_2;T_run_1;H2_run_1,0.186579,0,,,0.007551352752,0.186579,0.0002720767182,0,
300,400,300,1,7800,0.007549133112,0.01356263454;0.006485489546;0.00783310209;0.002315306273,0.004165052546;0.003459638903;0.006174994167;0.008438389075;0.01842935876;0.002150019288;0.008148864937;0.007474129223;0.004430171922;0.004818565969;0.003925403615;0.003673803534;0.004270608106;0.003012284501;0.01279557381;0.01032336098;0.005895620742;0.002027588609;0.004615079542;0.001952439231;0.004455092946;0.01867214207;0.008079705027;0.01554666057;0.0214780824;0.007864830455,biomass;glucose;product;gp_nll,H2_run_2;H1_run_1;H2_run_1;H1_run_2;H1_run_3;T_run_1;H2_run_6;H2_run_4;H4_run_3;H2_run_5;H3_run_2;H4_run_2;H4_run_4;H4_run_1;H3_run_5;H3_run_1;H2_run_3;T_run_2;H3_run_3;H4_run_6;H4_run_5;H3_run_4;H3_run_6;H1_run_5;H1_run_6;H1_run_4,0.198225,0,,,0.007549133112,0.198225,0.0002704500411,0,
301,400,301,1,7826,0.007546931391,0.01356354736;0.006479849585;0.007833639164;0.002310689455,0.007865560577;0.008139479928;0.004613647613;0.01843504429;0.01554874541;0.004816733806;0.007470652848;0.008080553503;0.003671521436;0.01279639157;0.004161409558;0.002021715893;0.004450553793;0.002145858726;0.003924789667;0.02148142316;0.005890980204;0.001951146553;0.00843775543;0.01866748009;0.006169413675;0.004266561378;0.004424367842;0.003009203747;0.003455931412;0.01032329406,biomass;glucose;product;gp_nll,H1_run_4;H2_run_6;H3_run_3;H1_run_3;H1_run_5;H2_run_5;H2_run_4;H3_run_6;H4_run_2;H3_run_5;H2_run_2;T_run_2;H4_run_5;T_run_1;H3_run_2;H1_run_6;H2_run_3;H4_run_6;H1_run_2;H3_run_4;H2_run_1;H4_run_4;H4_run_3;H4_run_1;H1_run_1;H3_run_1,0.172893,0,,,0.007546931391,0.172893,0.0002688590631,0,
302,400,302,1,7852,0.007544747059,0.01356435742;0.006474495806;0.007834074814;0.0023060602,0.003669888992;0.003452363531;0.01555087346;0.01866182794;0.02148394373;0.004157986716;0.00214164258;0.01032274323;0.004418533772;0.008130057628;0.01279652175;0.008081114065;0.00588698467;0.00426259334;0.001950216828;0.008436415888;0.004815500876;0.003924201847;0.003006254064;0.01844089543;0.007468055856;0.007866645267;0.00201580594;0.004612330386;0.004446285449;0.006163740289,biomass;glucose;product;gp_nll,H4_run_2;H1_run_1;H1_run_5;H3_run_4;H1_run_6;H2_run_2;T_run_1;H3_run_1;H4_run_3;H2_run_6;H3_run_5;H3_run_6;H2_run_3;H4_run_4;H4_run_6;H1_run_2;H2_run_5;H3_run_2;H4_run_1;H1_run_3;H2_run_4;H1_run_4;T_run_2;H3_run_3;H4_run_5;H2_run_1,0.193376,0,,,0.007544747059,0.193376,0.0002673037012,0,
303,400,303,1,7878,0.007542579624,0.01356506873;0.006469414835;0.007834413569;0.002301421358,0.01279598187;0.008434408148;0.003003443624;0.008081396553;0.004412681861;0.00366886342;0.008120612087;0.007466281505;0.004611123411;0.004258708496;0.004814830085;0.002009885786;0.001949624918;0.005883601751;0.007868042472;0.003923630435;0.01555302271;0.00444228626;0.00615798046;0.003448941611;0.01844687045;0.004154788216;0.01865525067;0.002137392657;0.02148568197;0.01032173879,biomass;glucose;product;gp_nll,H3_run_5;H1_run_2;H4_run_1;H3_run_6;H4_run_3;H4_run_2;H2_run_6;H2_run_4;H3_run_3;H4_run_4;H2_run_5;T_run_2;H4_run_6;H2_run_3;H1_run_4;H3_run_2;H1_run_5;H4_run_5;H2_run_1;H1_run_1;H1_run_3;H2_run_2;H3_run_4;T_run_1;H1_run_6;H3_run_1,0.189162,0,,,0.007542579624,0.189162,0.0002657835433,0,
304,400,304,1,7904,0.007540428635,0.01356568589;0.006464592394;0.007834660464;0.002296775792,0.00588079574;0.01864781736;0.004438551858;0.01279479544;0.02148668173;0.00425490991;0.002133129094;0.01032031195;0.01555517391;0.003668400308;0.00481468273;0.008081412151;0.001949345211;0.008431773359;0.003000778214;0.008111156143;0.006152140574;0.003923066549;0.004406823069;0.002003980257;0.003445669871;0.004151815588;0.00786971079;0.007465270502;0.01845293097;0.004610021231,biomass;glucose;product;gp_nll,H2_run_3;H3_run_4;H4_run_5;H3_run_5;H1_run_6;H4_run_4;T_run_1;H3_run_1;H1_run_5;H4_run_2;H2_run_5;H3_run_6;H4_run_6;H1_run_2;H4_run_1;H2_run_6;H2_run_1;H3_run_2;H4_run_3;T_run_2;H1_run_1;H2_run_2;H1_run_4;H2_run_4;H1_run_3;H3_run_3,0.179677,0,,,0.007540428635,0.179677,0.0002642979063,0,
305,400,305,1,7930,0.007538293687,0.01356621394;0.006460013504;0.007834820952;0.002292126349,0.001949351837;0.002998261381;0.0044009672;0.008428555517;0.01555731051;0.003442550453;0.004251199342;0.001998111916;0.01031849454;0.004815018921;0.01845904212;0.004149067911;0.02148699187;0.005878528136;0.008081173126;0.004609017557;0.003668454037;0.01863960026;0.003922502098;0.006146226992;0.002128870312;0.008101701495;0.007464961631;0.01279299135;0.004435075416;0.007871609929,biomass;glucose;product;gp_nll,H4_run_6;H4_run_1;H4_run_3;H1_run_2;H1_run_5;H1_run_1;H4_run_4;T_run_2;H3_run_1;H2_run_5;H1_run_3;H2_run_2;H1_run_6;H2_run_3;H3_run_6;H3_run_3;H4_run_2;H3_run_4;H3_run_2;H2_run_1;T_run_1;H2_run_6;H2_run_4;H3_run_5;H4_run_5;H1_run_4,0.177921,0,,,0.007538293687,0.177921,0.0002628459007,0,
306,400,306,1,7956,0.007536174424,0.01356665834;0.006455662687;0.007834900835;0.002287475835,0.004395122949;0.007873701116;0.003439583501;0.004247577384;0.003921929736;0.007465292353;0.00194961886;0.01863067393;0.002995894595;0.005876758176;0.00809225877;0.02148666544;0.004815797981;0.01031631862;0.01279060316;0.002124632999;0.008080692608;0.004146542031;0.001992301053;0.01555941862;0.006140246099;0.01846517259;0.008424800862;0.003668978204;0.004608105452;0.004431847923,biomass;glucose;product;gp_nll,H4_run_3;H1_run_4;H1_run_1;H4_run_4;H3_run_2;H2_run_4;H4_run_6;H3_run_4;H4_run_1;H2_run_3;H2_run_6;H1_run_6;H2_run_5;H3_run_1;H3_run_5;T_run_1;H3_run_6;H2_run_2;T_run_2;H1_run_5;H2_run_1;H1_run_3;H1_run_2;H4_run_2;H3_run_3;H4_run_5,0.179512,0,,,0.007536174424,0.179512,0.0002614264946,0,
307,400,307,1,7982,0.00753407054,0.01356702485;0.006451524146;0.007834906175;0.002282826994,0.01862111438;0.001950120467;0.001986565695;0.02148575874;0.004816978815;0.0127876685;0.007875947448;0.003921342814;0.01556148691;0.002993677427;0.004428858456;0.01031381623;0.008079984388;0.00366992602;0.00343676727;0.008082837603;0.008420557299;0.004144232773;0.002120432112;0.004244043587;0.004389297957;0.004607277508;0.006134204338;0.007466199392;0.005875443368;0.01847129455,biomass;glucose;product;gp_nll,H3_run_4;H4_run_6;T_run_2;H1_run_6;H2_run_5;H3_run_5;H1_run_4;H3_run_2;H1_run_5;H4_run_1;H4_run_5;H3_run_1;H3_run_6;H4_run_2;H1_run_1;H2_run_6;H1_run_2;H2_run_2;T_run_1;H4_run_4;H4_run_3;H3_run_3;H2_run_1;H2_run_4;H2_run_3;H1_run_3,0.177699,0,,,0.00753407054,0.177699,0.0002600385712,0,
308,400,308,1,8008,0.007531981781,0.01356731947;0.006447581933;0.007834843231;0.00227818249,0.007878314186;0.002116280913;0.001950831129;0.00367125069;0.008073446708;0.007467619299;0.004426094461;0.004240596599;0.004383498872;0.01861099829;0.008079062732;0.01031101909;0.02148433045;0.00587454002;0.004142133173;0.008415873836;0.004818520255;0.01556350644;0.003920735333;0.01278422826;0.004606526025;0.002991607722;0.003434098251;0.01847738369;0.006128108234;0.00198092165,biomass;glucose;product;gp_nll,H1_run_4;T_run_1;H4_run_6;H4_run_2;H2_run_6;H2_run_4;H4_run_5;H4_run_4;H4_run_3;H3_run_4;H3_run_6;H3_run_1;H1_run_6;H2_run_3;H2_run_2;H1_run_2;H2_run_5;H1_run_5;H3_run_2;H3_run_5;H3_run_3;H4_run_1;H1_run_1;H1_run_3;H2_run_1;T_run_2,0.226066,0,,,0.007531981781,0.226066,0.0002586809761,0,
309,400,309,1,8034,0.007529907936,0.01356754838;0.006443820096;0.007834718379;0.002273544891,0.01030795841;0.01556547054;0.0214824407;0.003672905787;0.01848341902;0.004237234285;0.008410800039;0.006121964404;0.008064093962;0.002989681791;0.012780326;0.003920101901;0.00442354203;0.007880768976;0.004820381392;0.001975382566;0.005874003751;0.004140234695;0.004377731415;0.007469488989;0.008077942222;0.002112190991;0.01860040225;0.001951725759;0.00460584316;0.003431571311,biomass;glucose;product;gp_nll,H3_run_1;H1_run_5;H1_run_6;H4_run_2;H1_run_3;H4_run_4;H1_run_2;H2_run_1;H2_run_6;H4_run_1;H3_run_5;H3_run_2;H4_run_5;H1_run_4;H2_run_5;T_run_2;H2_run_3;H2_run_2;H4_run_3;H2_run_4;H3_run_6;T_run_1;H3_run_4;H4_run_6;H3_run_3;H1_run_1,0.174410,0,,,0.007529907936,0.174410,0.0002573525527,0,
310,400,310,1,8060,0.007527848838,0.01356771785;0.006440222811;0.007834538045;0.002268916652,0.0214801503;0.005873789995;0.00482252188;0.00195277986;0.01858940202;0.01848938274;0.004605221068;0.007471746259;0.00413852746;0.008405385517;0.003674845599;0.001969960012;0.004233953854;0.004372000453;0.004421186178;0.008054786481;0.007883282007;0.00391943769;0.01556737456;0.0127760072;0.01030466471;0.002987894602;0.003429179857;0.006115779562;0.0080766376;0.002108172335,biomass;glucose;product;gp_nll,H1_run_6;H2_run_3;H2_run_5;H4_run_6;H3_run_4;H1_run_3;H3_run_3;H2_run_4;H2_run_2;H1_run_2;H4_run_2;T_run_2;H4_run_4;H4_run_3;H4_run_5;H2_run_6;H1_run_4;H3_run_2;H1_run_5;H3_run_5;H3_run_1;H4_run_1;H1_run_1;H2_run_1;H3_run_6;T_run_1,0.176511,0,,,0.007527848838,0.176511,0.0002560521654,0,
311,400,311,1,8086,0.007525804357,0.01356783417;0.006436774504;0.007834308647;0.002264300109,0.002104233396;0.007474330278;0.008399679435;0.002986240016;0.003918738397;0.02147751992;0.01030116759;0.01849526005;0.01277131863;0.003426916006;0.008045530691;0.006109560507;0.007885826101;0.004824902226;0.00195396966;0.003677025467;0.01556921571;0.004137000465;0.008075163638;0.004366310078;0.004230751974;0.01857807188;0.005873854466;0.00441901111;0.004604652016;0.001964663573,biomass;glucose;product;gp_nll,T_run_1;H2_run_4;H1_run_2;H4_run_1;H3_run_2;H1_run_6;H3_run_1;H1_run_3;H3_run_5;H1_run_1;H2_run_6;H2_run_1;H1_run_4;H2_run_5;H4_run_6;H4_run_2;H1_run_5;H2_run_2;H3_run_6;H4_run_3;H4_run_4;H3_run_4;H2_run_3;H4_run_5;H3_run_3;T_run_2,0.181673,0,,,0.007525804357,0.181673,0.0002547787094,0,
312,400,312,1,8112,0.007523774373,0.01356790363;0.006433459959;0.007834036436;0.002259697467,0.008073535011;0.004604128479;0.001959500951;0.006103314098;0.004827484054;0.00839373006;0.003679402093;0.01557099278;0.007888376745;0.01850103894;0.02147460934;0.01276630767;0.004135641805;0.008036332401;0.004417000475;0.01029749564;0.004360663685;0.003424770767;0.005874153611;0.003917999815;0.002100381167;0.001955272238;0.002984710933;0.01856648401;0.004227624878;0.007477182038,biomass;glucose;product;gp_nll,H3_run_6;H3_run_3;T_run_2;H2_run_1;H2_run_5;H1_run_2;H4_run_2;H1_run_5;H1_run_4;H1_run_3;H1_run_6;H3_run_5;H2_run_2;H2_run_6;H4_run_5;H3_run_1;H4_run_3;H1_run_1;H2_run_3;H3_run_2;T_run_1;H4_run_6;H4_run_1;H3_run_4;H4_run_4;H2_run_4,0.184017,0,,,0.007523774373,0.184017,0.0002535310786,0,
313,400,313,1,8138,0.007521758821,0.01356793237;0.006430264348;0.007833727777;0.002255110792,0.007890912069;0.01276102174;0.004603643219;0.004134438888;0.00483023035;0.006097047223;0.01029367626;0.01850670991;0.003681933827;0.003917219331;0.008027196859;0.004415137612;0.004224568468;0.007480244772;0.002983299356;0.003422734231;0.01557270591;0.01855470792;0.005874645008;0.008071766184;0.004355064048;0.001956665636;0.008387584345;0.001954478091;0.002096621268;0.02147147682,biomass;glucose;product;gp_nll,H1_run_4;H3_run_5;H3_run_3;H2_run_2;H2_run_5;H2_run_1;H3_run_1;H1_run_3;H4_run_2;H3_run_2;H2_run_6;H4_run_5;H4_run_4;H2_run_4;H4_run_1;H1_run_1;H1_run_5;H3_run_4;H2_run_3;H3_run_6;H4_run_3;H4_run_6;H1_run_2;T_run_2;T_run_1;H1_run_6,0.193918,0,,,0.007521758821,0.193918,0.0002523083016,0,
314,400,314,1,8164,0.007519757606,0.01356792641;0.006427173401;0.007833388598;0.00225054201,0.002092958033;0.01851226571;0.008381287544;0.001958128971;0.01854280993;0.005875287756;0.004133378638;0.003684580939;0.01028973557;0.007483464342;0.00194959929;0.008018128813;0.0127555077;0.006090766758;0.004349513398;0.00483310569;0.003420795778;0.003916393657;0.004413405781;0.008069871315;0.002981996774;0.0155743564;0.007893412764;0.004603189325;0.004221578406;0.02146817846,biomass;glucose;product;gp_nll,T_run_1;H1_run_3;H1_run_2;H4_run_6;H3_run_4;H2_run_3;H2_run_2;H4_run_2;H3_run_1;H2_run_4;T_run_2;H2_run_6;H3_run_5;H2_run_1;H4_run_3;H2_run_5;H1_run_1;H3_run_2;H4_run_5;H3_run_6;H4_run_1;H1_run_5;H1_run_4;H3_run_3;H4_run_4;H1_run_6,0.174294,0,,,0.007519757606,0.174294,0.000251109315,0,
315,400,315,1,8190,0.007517770644,0.01356789159;0.006424173411;0.00783302468;0.002245992899,0.002980794264;0.004411788368;0.01028569832;0.01853085278;0.01274981136;0.01851770113;0.00789586198;0.003418944274;0.006084479514;0.005876042799;0.008067864162;0.003915520273;0.00195964252;0.008009132547;0.004836076432;0.004218650199;0.008374882882;0.003687305845;0.002089394604;0.004132447703;0.001944867336;0.004602760258;0.02146476772;0.00748678957;0.01557594642;0.004344013493,biomass;glucose;product;gp_nll,H4_run_1;H4_run_5;H3_run_1;H3_run_4;H3_run_5;H1_run_3;H1_run_4;H1_run_1;H2_run_1;H2_run_3;H3_run_6;H3_run_2;H4_run_6;H2_run_6;H2_run_5;H4_run_4;H1_run_2;H4_run_2;T_run_1;H2_run_2;T_run_2;H3_run_3;H1_run_6;H2_run_4;H1_run_5;H4_run_3,0.217274,0,,,0.007517770644,0.217274,0.0002499330912,0,
316,400,316,1,8216,0.007515797846,0.01356783346;0.006421251309;0.007832641527;0.002241465088,0.001961187804;0.01851889523;0.007490172525;0.004215779277;0.007898245172;0.01852301269;0.004410269086;0.01274397698;0.008000211929;0.004839110891;0.002979682659;0.006078192189;0.002085933034;0.01557747886;0.02146129494;0.004338565691;0.005876873218;0.008368411261;0.001940283634;0.004131632636;0.01028158776;0.008065758013;0.003417168275;0.004602349866;0.003690073309;0.003914597057,biomass;glucose;product;gp_nll,H4_run_6;H3_run_4;H2_run_4;H4_run_4;H1_run_4;H1_run_3;H4_run_5;H3_run_5;H2_run_6;H2_run_5;H4_run_1;H2_run_1;T_run_1;H1_run_5;H1_run_6;H4_run_3;H2_run_3;H1_run_2;T_run_2;H2_run_2;H3_run_1;H3_run_6;H1_run_1;H3_run_3;H4_run_2;H3_run_2,0.206537,0,,,0.007515797846,0.206537,0.00024877859,0,
317,400,317,1,8242,0.007513839106,0.01356775731;0.006418394717;0.007832244333;0.00223696006,0.004130920075;0.001962747651;0.008361911016;0.00421296106;0.007493568759;0.008063565613;0.004601952397;0.01027742565;0.01850699176;0.005877744482;0.003913622274;0.004408832141;0.003415456235;0.007991370433;0.01273804689;0.01557895709;0.002082574379;0.001935848345;0.007900549936;0.004333171003;0.02145780703;0.00297865271;0.004842179478;0.006071911307;0.01852819843;0.003692850613,biomass;glucose;product;gp_nll,H2_run_2;H4_run_6;H1_run_2;H4_run_4;H2_run_4;H3_run_6;H3_run_3;H3_run_1;H3_run_4;H2_run_3;H3_run_2;H4_run_5;H1_run_1;H2_run_6;H3_run_5;H1_run_5;T_run_1;T_run_2;H1_run_4;H4_run_3;H1_run_6;H4_run_1;H2_run_5;H2_run_1;H1_run_3;H4_run_2,0.179370,0,,,0.007513839106,0.179370,0.0002476447463,0,
318,400,318,1,8268,0.007511894301,0.01356766812;0.006415591987;0.007831837952;0.00223247915,0.01273206109;0.00835541771;0.01849519236;0.002977695236;0.0155803848;0.008061299117;0.004327830153;0.00790276582;0.002079318803;0.02145434713;0.004601562489;0.006065643161;0.005878624643;0.01027323216;0.001964306246;0.007496937497;0.004845254823;0.007982611162;0.004210191019;0.004407462393;0.001931560516;0.01853325763;0.003695607694;0.003912594565;0.003413796698;0.004130296904,biomass;glucose;product;gp_nll,H3_run_5;H1_run_2;H3_run_4;H4_run_1;H1_run_5;H3_run_6;H4_run_3;H1_run_4;T_run_1;H1_run_6;H3_run_3;H2_run_1;H2_run_3;H3_run_1;H4_run_6;H2_run_4;H2_run_5;H2_run_6;H4_run_4;H4_run_5;T_run_2;H1_run_3;H4_run_2;H3_run_2;H1_run_1;H2_run_2,0.199357,0,,,0.007511894301,0.199357,0.0002465304621,0,
319,400,319,1,8294,0.007509963286,0.01356757048;0.006412832245;0.007831426871;0.002228023544,0.007973936868;0.001927418218;0.003698317235;0.008348963986;0.005879484504;0.006059393756;0.00341217849;0.002976801257;0.008058970045;0.004601175167;0.01848354234;0.004207464727;0.02145095447;0.01272605699;0.007904884133;0.001965849167;0.01558176583;0.01853819063;0.004129750404;0.002076165675;0.003911512952;0.01026902586;0.004406145481;0.004848311852;0.007500241771;0.004322543626,biomass;glucose;product;gp_nll,H2_run_6;T_run_2;H4_run_2;H1_run_2;H2_run_3;H2_run_1;H1_run_1;H4_run_1;H3_run_6;H3_run_3;H3_run_4;H4_run_4;H1_run_6;H3_run_5;H1_run_4;H4_run_6;H1_run_5;H1_run_3;H2_run_2;T_run_1;H3_run_2;H3_run_1;H4_run_5;H2_run_5;H2_run_4;H4_run_3,0.182378,0,,,0.007509963286,0.182378,0.0002454346028,0,
320,400,320,1,8320,0.007508045896,0.01356746868;0.00641010542;0.007831015196;0.002223594289,0.00412926838;0.004317311704;0.001967363406;0.004600785822;0.01026482371;0.008342579449;0.01558310408;0.001923418675;0.007906897743;0.004404867935;0.004204777908;0.002975962117;0.007965349955;0.007503448506;0.01272006913;0.003410590896;0.005880297726;0.004851327859;0.002073113663;0.01847208227;0.003910376832;0.008056589251;0.003700954742;0.006053168758;0.01854299861;0.02144766417,biomass;glucose;product;gp_nll,H2_run_2;H4_run_3;H4_run_6;H3_run_3;H3_run_1;H1_run_2;H1_run_5;T_run_2;H1_run_4;H4_run_5;H4_run_4;H4_run_1;H2_run_6;H2_run_4;H3_run_5;H1_run_1;H2_run_3;H2_run_5;T_run_1;H3_run_4;H3_run_2;H3_run_6;H4_run_2;H2_run_1;H1_run_3;H1_run_6,0.177278,0,,,0.007508045896,0.177278,0.0002443559985,0,
321,400,321,1,8346,0.007506141944,0.01356736658;0.006407402269;0.007830606637;0.002219192291,0.004600390194;0.003703498564;0.006046973446;0.004312134507;0.01026064104;0.01558440334;0.008054166904;0.008336290605;0.01854768339;0.003909185985;0.003409023818;0.00750652856;0.004202126471;0.004128839275;0.005881040903;0.01271412902;0.007956852495;0.002975169595;0.004854282526;0.004403617269;0.007908800889;0.001968837377;0.01846084792;0.002070160832;0.001919558388;0.02144450722,biomass;glucose;product;gp_nll,H3_run_3;H4_run_2;H2_run_1;H4_run_3;H3_run_1;H1_run_5;H3_run_6;H1_run_2;H1_run_3;H3_run_2;H1_run_1;H2_run_4;H4_run_4;H2_run_2;H2_run_3;H3_run_5;H2_run_6;H4_run_1;H2_run_5;H4_run_5;H1_run_4;H4_run_6;H3_run_4;T_run_1;T_run_2;H1_run_6,0.162989,0,,,0.007506141944,0.162989,0.0002432934504,0,
322,400,322,1,8372,0.007504252306,0.01356726835;0.006404717817;0.007830204737;0.002214818319,0.004128452271;0.004857157936;0.004307012016;0.006040812669;0.01844987027;0.02144151044;0.004402382049;0.005881693595;0.003907940569;0.01270826498;0.003705929899;0.01558566726;0.002974415989;0.004599984356;0.01025649161;0.003407467922;0.001915833258;0.002067304727;0.007509456708;0.001970260911;0.008051740619;0.007910588994;0.007948446224;0.004199506544;0.01855224731;0.008330120828,biomass;glucose;product;gp_nll,H2_run_2;H2_run_5;H4_run_3;H2_run_1;H3_run_4;H1_run_6;H4_run_5;H2_run_3;H3_run_2;H3_run_5;H4_run_2;H1_run_5;H4_run_1;H3_run_3;H3_run_1;H1_run_1;T_run_2;T_run_1;H2_run_4;H4_run_6;H3_run_6;H1_run_4;H2_run_6;H4_run_4;H1_run_3;H1_run_2,0.174428,0,,,0.007504252306,0.174428,0.0002422451955,0,
323,400,323,1,8398,0.007502374606,0.01356717575;0.00640203773;0.007829811932;0.002210473013,0.00370823277;0.00340591473;0.01558689927;0.004128097378;0.007912258594;0.001912238707;0.007940132542;0.004859938581;0.00459956474;0.01855669313;0.004401151957;0.008324090336;0.006034690802;0.01025238753;0.02143869653;0.002064542474;0.004301944087;0.001971625248;0.002973694197;0.003906641093;0.01843917554;0.004196914504;0.005882238336;0.00751221161;0.008049263054;0.01270250202,biomass;glucose;product;gp_nll,H4_run_2;H1_run_1;H1_run_5;H2_run_2;H1_run_4;T_run_2;H2_run_6;H2_run_5;H3_run_3;H1_run_3;H4_run_5;H1_run_2;H2_run_1;H3_run_1;H1_run_6;T_run_1;H4_run_3;H4_run_6;H4_run_1;H3_run_2;H3_run_4;H4_run_4;H2_run_3;H2_run_4;H3_run_6;H3_run_5,0.195995,0,,,0.007502374606,0.195995,0.0002412111053,0,
324,400,324,1,8424,0.007500509685,0.01356709217;0.006399358728;0.007829430956;0.002206156888,0.004862611253;0.0042969305;0.002972997774;0.004599128015;0.004194346989;0.007514775687;0.006028611748;0.007913806967;0.003905288476;0.007931912537;0.005882660565;0.01842878544;0.008046770183;0.008318216315;0.002061870832;0.001972922972;0.00439991779;0.003710393941;0.003404356773;0.01856102376;0.02143608417;0.01269686194;0.001908769762;0.01558810249;0.01024833947;0.00412776546,biomass;glucose;product;gp_nll,H2_run_5;H4_run_3;H4_run_1;H3_run_3;H4_run_4;H2_run_4;H2_run_1;H1_run_4;H3_run_2;H2_run_6;H2_run_3;H3_run_4;H3_run_6;H1_run_2;T_run_1;H4_run_6;H4_run_5;H4_run_2;H1_run_1;H1_run_3;H1_run_6;H3_run_5;T_run_2;H1_run_5;H3_run_1;H2_run_2,0.171335,0,,,0.007500509685,0.171335,0.0002401894298,0,
325,400,325,1,8450,0.007498657304,0.01356701996;0.006396674998;0.007829063918;0.002201870344,0.005882948569;0.007923786986;0.007915232106;0.003402787637;0.0214336882;0.004865165017;0.0102443566;0.004398671494;0.002972320975;0.01856524231;0.01269136322;0.006022578907;0.01558927971;0.004598671123;0.01841871723;0.002059286279;0.004291970958;0.008312512953;0.003903884012;0.001905421161;0.004127448296;0.001974147987;0.007517135011;0.00371240284;0.008044269398;0.004191800914,biomass;glucose;product;gp_nll,H2_run_3;H2_run_6;H1_run_4;H1_run_1;H1_run_6;H2_run_5;H3_run_1;H4_run_5;H4_run_1;H1_run_3;H3_run_5;H2_run_1;H1_run_5;H3_run_3;H3_run_4;T_run_1;H4_run_3;H1_run_2;H3_run_2;T_run_2;H2_run_2;H4_run_6;H2_run_4;H4_run_2;H3_run_6;H4_run_4,0.187389,0,,,0.007498657304,0.187389,0.0002391789926,0,
326,400,326,1,8476,0.00749681722,0.0135669611;0.006393981568;0.007828712545;0.002197613668,0.008306991546;0.01559043339;0.00390242935;0.02143151972;0.004127138603;0.004867591125;0.002971658738;0.007915756359;0.0102404467;0.001902187436;0.003714251457;0.004598191272;0.005883093381;0.004287065101;0.0185693519;0.01840898396;0.007519279145;0.003401202009;0.006016595172;0.004397406156;0.007916532602;0.004189273487;0.008041767421;0.002056785078;0.01268602114;0.001975295461,biomass;glucose;product;gp_nll,H1_run_2;H1_run_5;H3_run_2;H1_run_6;H2_run_2;H2_run_5;H4_run_1;H2_run_6;H3_run_1;T_run_2;H4_run_2;H3_run_3;H2_run_3;H4_run_3;H1_run_3;H3_run_4;H2_run_4;H1_run_1;H2_run_1;H4_run_5;H1_run_4;H4_run_4;H3_run_6;T_run_1;H3_run_5;H4_run_6,0.179524,0,,,0.00749681722,0.179524,0.0002381786681,0,
327,400,327,1,8502,0.007494989192,0.01356691723;0.006391274296;0.0078283782;0.002193387044,0.00428221252;0.003900926484;0.001899062994;0.01023661617;0.002054363336;0.001976361764;0.004869882915;0.007907820836;0.004186762212;0.01268084784;0.008301660626;0.005883088658;0.003715934205;0.004126830044;0.01839959463;0.007521200959;0.01857335569;0.01559156562;0.003399595696;0.02142958632;0.002971006768;0.008039270324;0.004597685922;0.006010662933;0.007917707539;0.004396115995,biomass;glucose;product;gp_nll,H4_run_3;H3_run_2;T_run_2;H3_run_1;T_run_1;H4_run_6;H2_run_5;H2_run_6;H4_run_4;H3_run_5;H1_run_2;H2_run_3;H4_run_2;H2_run_2;H3_run_4;H2_run_4;H1_run_3;H1_run_5;H1_run_1;H1_run_6;H4_run_1;H3_run_6;H3_run_3;H2_run_1;H1_run_4;H4_run_5,0.182178,0,,,0.007494989192,0.182178,0.000237187398,0,
328,400,328,1,8528,0.007493172993,0.01356688966;0.006388549843;0.00782806191;0.002189190557,0.0183905545;0.0019773444;0.004277412766;0.008296526109;0.007522896423;0.01267585247;0.01023287018;0.001896042178;0.004597152778;0.01559267816;0.007899980323;0.005882930527;0.004184264894;0.00600478409;0.002052017054;0.004872035699;0.02142789228;0.003397965618;0.008036783554;0.003717447779;0.004394796321;0.003899377733;0.004126517246;0.002970361579;0.01857725673;0.007918756418,biomass;glucose;product;gp_nll,H3_run_4;H4_run_6;H4_run_3;H1_run_2;H2_run_4;H3_run_5;H3_run_1;T_run_2;H3_run_3;H1_run_5;H2_run_6;H2_run_3;H4_run_4;H2_run_1;T_run_1;H2_run_5;H1_run_6;H1_run_1;H3_run_6;H4_run_2;H4_run_5;H3_run_2;H2_run_2;H4_run_1;H1_run_3;H1_run_4,0.216814,0,,,0.007493172993,0.216814,0.0002362042065,0,
329,400,329,1,8554,0.007491368395,0.01356687939;0.006385805624;0.007827764367;0.002185024203,0.005882617427;0.01022921269;0.007524364383;0.01559377239;0.005998960076;0.01267104129;0.001893119322;0.00791967909;0.003396309782;0.001978241927;0.0214264388;0.01838186535;0.003897785707;0.004272665362;0.00789223447;0.004393443502;0.003718790996;0.004596589785;0.004126195702;0.004874046633;0.008034311958;0.002969720343;0.004181779636;0.002049742176;0.01858105802;0.008291591467,biomass;glucose;product;gp_nll,H2_run_3;H3_run_1;H2_run_4;H1_run_5;H2_run_1;H3_run_5;T_run_2;H1_run_4;H1_run_1;H4_run_6;H1_run_6;H3_run_4;H3_run_2;H4_run_3;H2_run_6;H4_run_5;H4_run_2;H3_run_3;H2_run_2;H2_run_5;H3_run_6;H4_run_1;H4_run_4;T_run_1;H1_run_3;H1_run_2,0.174277,0,,,0.007491368395,0.174277,0.0002352282157,0,
330,400,330,1,8580,0.007489575747,0.01356688668;0.006383042233;0.007827486173;0.002180887899,0.003719964622;0.007884582701;0.003394641758;0.008031859814;0.007525606322;0.005993191885;0.004595995129;0.004267969806;0.004875914582;0.001890288797;0.002047534624;0.01022564654;0.01837352569;0.01559484935;0.004179304837;0.01858476239;0.005882149926;0.008286857903;0.003896153285;0.004125861812;0.02142522429;0.002969080918;0.001979053882;0.007920475715;0.004392054906;0.01266641795,biomass;glucose;product;gp_nll,H4_run_2;H2_run_6;H1_run_1;H3_run_6;H2_run_4;H2_run_1;H3_run_3;H4_run_3;H2_run_5;T_run_2;T_run_1;H3_run_1;H3_run_4;H1_run_5;H4_run_4;H1_run_3;H2_run_3;H1_run_2;H3_run_2;H2_run_2;H1_run_6;H4_run_1;H4_run_6;H1_run_4;H4_run_5;H3_run_5,0.202132,0,,,0.007489575747,0.202132,0.0002342586136,0,
331,400,331,1,8606,0.007487793741,0.01356691286;0.006380253595;0.007827227029;0.002176781483,0.004390628828;0.007526626083;0.01836553117;0.01266198361;0.007921146796;0.001979780686;0.002045390328;0.003392932681;0.008282324569;0.005987480111;0.005881530494;0.004125512792;0.02142424459;0.01858837258;0.01559590979;0.001887545044;0.01022217357;0.008029430839;0.007877024241;0.002968441777;0.004595367259;0.003720971167;0.004877639966;0.00389448355;0.004176839179;0.00426332558,biomass;glucose;product;gp_nll,H4_run_5;H2_run_4;H3_run_4;H3_run_5;H1_run_4;H4_run_6;T_run_1;H1_run_1;H1_run_2;H2_run_1;H2_run_3;H2_run_2;H1_run_6;H1_run_3;H1_run_5;T_run_2;H3_run_1;H3_run_6;H2_run_6;H4_run_1;H3_run_3;H4_run_2;H2_run_5;H3_run_2;H4_run_4;H4_run_3,0.180504,0,,,0.007487793741,0.180504,0.0002332948268,0,
332,400,332,1,8632,0.007486022743,0.01356695769;0.006377441544;0.007826987008;0.002172704729,0.004389164449;0.02142349322;0.01559695411;0.0185918911;0.004594704834;0.007527429681;0.01021879466;0.005981824976;0.004258732168;0.008277988714;0.005880763382;0.008027028258;0.01265773718;0.003721814758;0.002043305263;0.007921693017;0.004879224636;0.004174381627;0.01835787476;0.00412514666;0.001980423572;0.007869558137;0.00188488261;0.0038927798;0.003391197723;0.002967802017,biomass;glucose;product;gp_nll,H4_run_5;H1_run_6;H1_run_5;H1_run_3;H3_run_3;H2_run_4;H3_run_1;H2_run_1;H4_run_3;H1_run_2;H2_run_3;H3_run_6;H3_run_5;H4_run_2;T_run_1;H1_run_4;H2_run_5;H4_run_4;H3_run_4;H2_run_2;H4_run_6;H2_run_6;T_run_2;H3_run_2;H1_run_1;H4_run_1,0.179896,0,,,0.007486022743,0.179896,0.0002323362743,0,
333,400,333,1,8658,0.007484262582,0.01356702117;0.006374606057;0.007826765751;0.002168657354,0.001882296169;0.004387661749;0.007922115313;0.004254189056;0.01835054709;0.002041275466;0.008273845914;0.003891045481;0.01559798242;0.002967161275;0.004171931412;0.001980984493;0.02142296165;0.005879854373;0.01859532031;0.003722500919;0.01265367551;0.007528025014;0.004594006756;0.005976226378;0.008024654819;0.01021550987;0.004124762148;0.004880671708;0.00338943855;0.007862183293,biomass;glucose;product;gp_nll,T_run_2;H4_run_5;H1_run_4;H4_run_3;H3_run_4;T_run_1;H1_run_2;H3_run_2;H1_run_5;H4_run_1;H4_run_4;H4_run_6;H1_run_6;H2_run_3;H1_run_3;H4_run_2;H3_run_5;H2_run_4;H3_run_3;H2_run_1;H3_run_6;H3_run_1;H2_run_2;H2_run_5;H1_run_1;H2_run_6,0.199373,0,,,0.007484262582,0.199373,0.000231382533,0,
334,400,334,1,8684,0.007482513106,0.01356710309;0.006371747607;0.007826562705;0.002164639019,0.02142263956;0.001879780534;0.0102123185;0.003889284144;0.003387657492;0.01834353677;0.007922414871;0.004881985417;0.01859866239;0.005970683937;0.004386121426;0.005878810587;0.007854898507;0.002966519665;0.002039297051;0.004593272167;0.00198146603;0.01559899457;0.00752842161;0.003723036389;0.008022312818;0.008269890276;0.01264979366;0.004124358638;0.004249695742;0.004169488016,biomass;glucose;product;gp_nll,H1_run_6;T_run_2;H3_run_1;H3_run_2;H1_run_1;H3_run_4;H1_run_4;H2_run_5;H1_run_3;H2_run_1;H4_run_5;H2_run_3;H2_run_6;H4_run_1;T_run_1;H3_run_3;H4_run_6;H1_run_5;H2_run_4;H4_run_2;H3_run_6;H1_run_2;H3_run_5;H2_run_2;H4_run_3;H4_run_4,0.191366,0,,,0.007482513106,0.191366,0.0002304332935,0,
335,400,335,1,8710,0.00748076974,0.01356720187;0.006368851017;0.007826376725;0.002160649345,0.002965877716;0.004384544816;0.008266114642;0.005877640269;0.004167051155;0.01559999013;0.01020921915;0.007528630374;0.02142251508;0.005965197042;0.01860191936;0.001877330668;0.01264608515;0.00338585743;0.008020004134;0.007847702494;0.004592385218;0.002037366228;0.003723428937;0.003887499403;0.00198187131;0.004883170956;0.01833683063;0.004123936088;0.004245251736;0.007922593136,biomass;glucose;product;gp_nll,H4_run_1;H4_run_5;H1_run_2;H2_run_3;H4_run_4;H1_run_5;H3_run_1;H2_run_4;H1_run_6;H2_run_1;H1_run_3;T_run_2;H3_run_5;H1_run_1;H3_run_6;H2_run_6;H3_run_3;T_run_1;H4_run_2;H3_run_2;H4_run_6;H2_run_5;H3_run_4;H2_run_2;H4_run_3;H1_run_4,0.185628,0,,,0.00748076974,0.185628,0.0002294864343,0,
336,400,336,1,8736,0.007479041198,0.01356731948;0.006365949593;0.007826207806;0.002156687918,0.003384041613;0.004164620909;0.007840594219;0.02142257487;0.01860509266;0.01020620995;0.01264254212;0.01560096815;0.007922651871;0.003885694847;0.004382933957;0.001874941697;0.00587635261;0.004591576351;0.01833041404;0.008017730296;0.001982203856;0.004123494938;0.002965236257;0.004884233467;0.008262510823;0.00424085674;0.002035479331;0.00595976512;0.007528663313;0.003723687143,biomass;glucose;product;gp_nll,H1_run_1;H4_run_4;H2_run_6;H1_run_6;H1_run_3;H3_run_1;H3_run_5;H1_run_5;H1_run_4;H3_run_2;H4_run_5;T_run_2;H2_run_3;H3_run_3;H3_run_4;H3_run_6;H4_run_6;H2_run_2;H4_run_1;H2_run_5;H1_run_2;H4_run_3;T_run_1;H2_run_1;H2_run_4;H4_run_2,0.175509,0,,,0.007479041198,0.175509,0.0002285457331,0,
337,400,337,1,8762,0.007477322922,0.01356745404;0.006363028816;0.007826054547;0.002152754287,0.004236510292;0.007833572295;0.004162197392;0.005874957518;0.007922593062;0.003723820303;0.003382213678;0.01860818405;0.002964596448;0.003883874094;0.01263915568;0.008259069727;0.001982467637;0.00203363278;0.004590730026;0.005954387208;0.001872608899;0.01020328841;0.007528533367;0.02142280476;0.004885179604;0.008015492436;0.004123036071;0.01560192783;0.0183242712;0.004381291195,biomass;glucose;product;gp_nll,H4_run_3;H2_run_6;H4_run_4;H2_run_3;H1_run_4;H4_run_2;H1_run_1;H1_run_3;H4_run_1;H3_run_2;H3_run_5;H1_run_2;H4_run_6;T_run_1;H3_run_3;H2_run_1;T_run_2;H3_run_1;H2_run_4;H1_run_6;H2_run_5;H3_run_6;H2_run_2;H1_run_5;H3_run_4;H4_run_5,0.178929,0,,,0.007477322922,0.178929,0.0002276092531,0,
338,400,338,1,8788,0.007475614836,0.0135676048;0.006360090678;0.007825915889;0.002148847979,0.004589846341;0.001982666921;0.01560286822;0.002031823117;0.004122560716;0.007528254144;0.004159780889;0.003380377466;0.00825578158;0.007826635344;0.01831838538;0.008013291357;0.005873465444;0.01263591609;0.004232211957;0.003882040696;0.001870327713;0.02142318982;0.002963959664;0.005949062249;0.00792241899;0.004886017393;0.01861119515;0.0102004516;0.003723838221;0.004379619265,biomass;glucose;product;gp_nll,H3_run_3;H4_run_6;H1_run_5;T_run_1;H2_run_2;H2_run_4;H4_run_4;H1_run_1;H1_run_2;H2_run_6;H3_run_4;H3_run_6;H2_run_3;H3_run_5;H4_run_3;H3_run_2;T_run_2;H1_run_6;H4_run_1;H2_run_1;H1_run_4;H2_run_5;H1_run_3;H3_run_1;H4_run_2;H4_run_5,0.201151,0,,,0.007475614836,0.201151,0.0002266770516,0,
339,400,339,1,8814,0.007473916753,0.01356777118;0.00635713653;0.007825790803;0.0021449685,0.003723751051;0.004122070378;0.02142371452;0.002030047002;0.01263281296;0.004886754444;0.00337853691;0.002963325196;0.004227961329;0.00792213224;0.005943789124;0.01831273918;0.007819782007;0.003880198113;0.00825263611;0.004588925636;0.01019769623;0.00415737184;0.001868093741;0.001982806198;0.01560378819;0.008011127569;0.005871887211;0.004377921212;0.01861412748;0.007527839711,biomass;glucose;product;gp_nll,H4_run_2;H2_run_2;H1_run_6;T_run_1;H3_run_5;H2_run_5;H1_run_1;H4_run_1;H4_run_3;H1_run_4;H2_run_1;H3_run_4;H2_run_6;H3_run_2;H1_run_2;H3_run_3;H3_run_1;H4_run_4;T_run_2;H4_run_6;H1_run_5;H3_run_6;H2_run_3;H4_run_5;H1_run_3;H2_run_4,0.192327,0,,,0.007473916753,0.192327,0.0002257492096,0,
340,400,340,1,8840,0.00747222874,0.01356795185;0.006354169836;0.007825677924;0.002141115346,0.005870233848;0.00800900132;0.001865902747;0.004121566768;0.004887398633;0.01019501873;0.007813010977;0.002028301227;0.007527304393;0.008249622709;0.003376695945;0.007921735696;0.004376200318;0.004587968476;0.002962698842;0.01262983545;0.004223758028;0.01861698243;0.004154970817;0.01560468653;0.01830731477;0.001982890108;0.003878349675;0.003723569151;0.02142436296;0.005938566689,biomass;glucose;product;gp_nll,H2_run_3;H3_run_6;T_run_2;H2_run_2;H2_run_5;H3_run_1;H2_run_6;T_run_1;H2_run_4;H1_run_2;H1_run_1;H1_run_4;H4_run_5;H3_run_3;H4_run_1;H3_run_5;H4_run_3;H1_run_3;H4_run_4;H1_run_5;H3_run_4;H4_run_6;H3_run_2;H4_run_2;H1_run_6;H2_run_1,0.185946,0,,,0.00747222874,0.185946,0.000224826015,0,
341,400,341,1,8866,0.007470550631,0.01356814613;0.006351192238;0.007825576161;0.002137288,0.01861976137;0.003876498558;0.007921232573;0.005868516428;0.004219601695;0.007806320995;0.008006912613;0.02142511908;0.007526662582;0.01830209411;0.00198292338;0.00412105173;0.004887957988;0.004374460017;0.005933393802;0.004586975655;0.01019241532;0.0126269725;0.001863750651;0.01560556193;0.002962080293;0.002026582709;0.00372330294;0.008246730601;0.003374858396;0.004152578493,biomass;glucose;product;gp_nll,H1_run_3;H3_run_2;H1_run_4;H2_run_3;H4_run_3;H2_run_6;H3_run_6;H1_run_6;H2_run_4;H3_run_4;H4_run_6;H2_run_2;H2_run_5;H4_run_5;H2_run_1;H3_run_3;H3_run_1;H3_run_5;T_run_2;H1_run_5;H4_run_1;T_run_1;H4_run_2;H1_run_2;H1_run_1;H4_run_4,0.186571,0,,,0.007470550631,0.186571,0.0002239076547,0,
342,400,342,1,8892,0.007468882344,0.01356835304;0.006348206066;0.007825484326;0.002133485945,0.003874647758;0.007525928575;0.005866745935;0.003722962779;0.01560641304;0.003373027917;0.004888440581;0.007799710867;0.004372703835;0.0126242131;0.008004861234;0.002024888499;0.01862246558;0.004585948182;0.01018988205;0.004120527184;0.002961471181;0.01829705916;0.008243948981;0.004215491989;0.02142596685;0.004150195629;0.001861633535;0.007920626403;0.001982910766;0.005928269347,biomass;glucose;product;gp_nll,H3_run_2;H2_run_4;H2_run_3;H4_run_2;H1_run_5;H1_run_1;H2_run_5;H2_run_6;H4_run_5;H3_run_5;H3_run_6;T_run_1;H1_run_3;H3_run_3;H3_run_1;H2_run_2;H4_run_1;H3_run_4;H1_run_2;H4_run_3;H1_run_6;H4_run_4;T_run_2;H1_run_4;H4_run_6;H2_run_1,0.180014,0,,,0.007468882344,0.180014,0.0002229943919,0,
343,400,343,1,8918,0.007467223792,0.01356857167;0.006345213593;0.007825401246;0.002129708662,0.008241267148;0.005923192258;0.008002846791;0.001859547642;0.00779317947;0.01560723847;0.007525116413;0.004888854424;0.01862509634;0.004211428581;0.004370935322;0.004119995069;0.004147823043;0.003722558855;0.007919921021;0.02142689043;0.003872800073;0.00458488726;0.001982856989;0.002960873078;0.00202321578;0.01829219209;0.005864933131;0.01262154613;0.003371207912;0.01018741487,biomass;glucose;product;gp_nll,H1_run_2;H2_run_1;H3_run_6;T_run_2;H2_run_6;H1_run_5;H2_run_4;H2_run_5;H1_run_3;H4_run_3;H4_run_5;H2_run_2;H4_run_4;H4_run_2;H1_run_4;H1_run_6;H3_run_2;H3_run_3;H4_run_6;H4_run_1;T_run_1;H3_run_4;H2_run_3;H3_run_5;H1_run_1;H3_run_1,0.199349,0,,,0.007467223792,0.199349,0.0002220865236,0,
344,400,344,1,8944,0.00746557489,0.01356880106;0.006342217079;0.007825325782;0.002125955635,0.004583794281;0.02142787434;0.01018500969;0.005918161527;0.01560803686;0.004207411149;0.004889207386;0.00198276669;0.01862765491;0.004145461589;0.008238674624;0.003870958093;0.004119457291;0.004369157997;0.001857489374;0.003722101081;0.007524239748;0.005863088445;0.01261896081;0.003369401491;0.002960287456;0.008000868736;0.01828747539;0.002021561876;0.007919120557;0.007786725746,biomass;glucose;product;gp_nll,H3_run_3;H1_run_6;H3_run_1;H2_run_1;H1_run_5;H4_run_3;H2_run_5;H4_run_6;H1_run_3;H4_run_4;H1_run_2;H3_run_2;H2_run_2;H4_run_5;T_run_2;H4_run_2;H2_run_4;H2_run_3;H3_run_5;H1_run_1;H4_run_1;H3_run_6;H3_run_4;T_run_1;H1_run_4;H2_run_6,0.279669,0,,,0.00746557489,0.279669,0.000221184358,0,
345,400,345,1,8970,0.007463935557,0.01356904031;0.006339218724;0.007825256838;0.002122226359,0.007780348704;0.002019924253;0.003721599003;0.01560880687;0.001855455302;0.004889507107;0.002959715654;0.007523311718;0.007918229412;0.004582670794;0.003367611419;0.003869124186;0.005913176219;0.01863014258;0.02142890359;0.001982644385;0.004203439368;0.007998926391;0.01018266243;0.0182828921;0.004143112142;0.004118915687;0.008236161261;0.005861221879;0.01261644673;0.004367375292,biomass;glucose;product;gp_nll,H2_run_6;T_run_1;H4_run_2;H1_run_5;T_run_2;H2_run_5;H4_run_1;H2_run_4;H1_run_4;H3_run_3;H1_run_1;H3_run_2;H2_run_1;H1_run_3;H1_run_6;H4_run_6;H4_run_3;H3_run_6;H3_run_1;H3_run_4;H4_run_4;H2_run_2;H1_run_2;H2_run_3;H3_run_5;H4_run_5,0.206125,0,,,0.007463935557,0.206125,0.0002202882091,0,
346,400,346,1,8996,0.007462305707,0.01356928849;0.006336220627;0.007825193375;0.002118520336,0.003365840091;0.007522344848;0.003867300497;0.01018036904;0.004889760933;0.004118371977;0.002018300521;0.003721061731;0.001982494423;0.005859342916;0.00791725223;0.004581518497;0.002959158855;0.005908235474;0.008233717331;0.012613994;0.007774047408;0.0182784259;0.007997018892;0.004365590506;0.01863256065;0.02142996382;0.004199512907;0.001853442165;0.004140775566;0.01560954722,biomass;glucose;product;gp_nll,H1_run_1;H2_run_4;H3_run_2;H3_run_1;H2_run_5;H2_run_2;T_run_1;H4_run_2;H4_run_6;H2_run_3;H1_run_4;H3_run_3;H4_run_1;H2_run_1;H1_run_2;H3_run_5;H2_run_6;H3_run_4;H3_run_6;H4_run_5;H1_run_3;H1_run_6;H4_run_3;T_run_2;H4_run_4;H1_run_5,0.188693,0,,,0.007462305707,0.188693,0.0002193983917,0,
347,400,347,1,9022,0.007460685255,0.01356954476;0.006333224761;0.007825134418;0.00211483708,0.02143104139;0.003865488945;0.01561025674;0.004363806766;0.004195631411;0.004580339204;0.01017812558;0.008231333602;0.01261159326;0.004138452706;0.007767820968;0.003720497869;0.00791619387;0.004889975746;0.01827406121;0.002958618065;0.007521350957;0.01863491051;0.005857460457;0.004117827742;0.001851446872;0.001982320959;0.005903338507;0.007995145347;0.003364089507;0.002016688439,biomass;glucose;product;gp_nll,H1_run_6;H3_run_2;H1_run_5;H4_run_5;H4_run_3;H3_run_3;H3_run_1;H1_run_2;H3_run_5;H4_run_4;H2_run_6;H4_run_2;H1_run_4;H2_run_5;H3_run_4;H4_run_1;H2_run_4;H1_run_3;H2_run_3;H2_run_2;T_run_2;H4_run_6;H2_run_1;H3_run_6;H1_run_1;T_run_1,0.187568,0,,,0.007460685255,0.187568,0.0002185152123,0,
348,400,348,1,9048,0.007459074124,0.01356980829;0.006330233015;0.00782507907;0.002111176122,0.004117284395;0.002958094099;0.003362361269;0.005855582763;0.0214321235;0.003719915468;0.004191794501;0.007993304946;0.01017592823;0.001849466513;0.01561093434;0.004136144362;0.01260923583;0.004579134831;0.007520341091;0.001982127918;0.004362026995;0.01826978333;0.004890158217;0.01863719357;0.008229001402;0.00776166853;0.007915059367;0.005898484605;0.002015085917;0.003863691227,biomass;glucose;product;gp_nll,H2_run_2;H4_run_1;H1_run_1;H2_run_3;H1_run_6;H4_run_2;H4_run_3;H3_run_6;H3_run_1;T_run_2;H1_run_5;H4_run_4;H3_run_5;H3_run_3;H2_run_4;H4_run_6;H4_run_5;H3_run_4;H2_run_5;H1_run_3;H1_run_2;H2_run_6;H1_run_4;H2_run_1;T_run_1;H3_run_2,0.182419,0,,,0.007459074124,0.182419,0.000217638964,0,
349,400,349,1,9074,0.007457472234,0.01357007831;0.006327247109;0.007825026511;0.002107537008,0.008226712669;0.01561157911;0.002957587572;0.007913853893;0.0182655785;0.007755589256;0.005853717412;0.004188001762;0.001981918979;0.02143319825;0.001847498358;0.007991496725;0.003360656574;0.004577907365;0.004116743165;0.01863941137;0.01017377331;0.002013491025;0.003719321983;0.01260691372;0.007519325467;0.005893673121;0.004890314521;0.00436025388;0.003861908822;0.004133851276,biomass;glucose;product;gp_nll,H1_run_2;H1_run_5;H4_run_1;H1_run_4;H3_run_4;H2_run_6;H2_run_3;H4_run_3;H4_run_6;H1_run_6;T_run_2;H3_run_6;H1_run_1;H3_run_3;H2_run_2;H1_run_3;H3_run_1;T_run_1;H4_run_2;H3_run_5;H2_run_4;H2_run_1;H2_run_5;H4_run_5;H3_run_2;H4_run_4,0.199778,0,,,0.007457472234,0.199778,0.0002167699244,0,
350,400,350,1,9100,0.007455879503,0.01357035411;0.006324268604;0.007824975999;0.002103919303,0.004358489854;0.02143425469;0.007518313434;0.00774958231;0.00489045033;0.01017165735;0.01260461971;0.007912582713;0.005851871273;0.004116205083;0.001981697557;0.003718724249;0.003860143003;0.007989719706;0.004184252732;0.004131574122;0.008224459985;0.001845539866;0.01561219025;0.002011901989;0.005888903463;0.003358976231;0.01826143394;0.002957098899;0.00457665884;0.01864156551,biomass;glucose;product;gp_nll,H4_run_5;H1_run_6;H2_run_4;H2_run_6;H2_run_5;H3_run_1;H3_run_5;H1_run_4;H2_run_3;H2_run_2;H4_run_6;H4_run_2;H3_run_2;H3_run_6;H4_run_3;H4_run_4;H1_run_2;T_run_2;H1_run_5;T_run_1;H2_run_1;H1_run_1;H3_run_4;H4_run_1;H3_run_3;H1_run_3,0.183954,0,,,0.007455879503,0.183954,0.0002159083507,0,
351,400,351,1,9126,0.007454294875,0.01357063551;0.006321295329;0.00782492607;0.00210032259,0.00774364684;0.003718128457;0.01016957705;0.004890570825;0.002956628295;0.005850050485;0.008222236606;0.0186436577;0.0214352829;0.007987972909;0.004129313488;0.004575391318;0.001843588688;0.007911251142;0.005884175081;0.01260234733;0.01561276715;0.004115670973;0.004180546898;0.00435673708;0.001981466786;0.002010317199;0.007517313444;0.01825733791;0.003357295367;0.003858394843,biomass;glucose;product;gp_nll,H2_run_6;H4_run_2;H3_run_1;H2_run_5;H4_run_1;H2_run_3;H1_run_2;H1_run_3;H1_run_6;H3_run_6;H4_run_4;H3_run_3;T_run_2;H1_run_4;H2_run_1;H3_run_5;H1_run_5;H2_run_2;H4_run_3;H4_run_5;H4_run_6;T_run_1;H2_run_4;H3_run_4;H1_run_1;H3_run_2,0.183611,0,,,0.007454294875,0.183611,0.0002150543679,0,
352,400,352,1,9152,0.007452720182,0.01357092095;0.006318335586;0.007824877712;0.002096746475,0.01825327974;0.003856665253;0.00584826048;0.002008735225;0.004176883712;0.00751633305;0.007909864383;0.005879487454;0.003717540153;0.001841642693;0.00798625541;0.007737781978;0.02143627395;0.004354997484;0.01864568964;0.004574106848;0.004127069895;0.003355663879;0.008220036461;0.002956175817;0.01260009084;0.004890680667;0.01016752941;0.01561330932;0.004115141484;0.001981229501,biomass;glucose;product;gp_nll,H3_run_4;H3_run_2;H2_run_3;T_run_1;H4_run_3;H2_run_4;H1_run_4;H2_run_1;H4_run_2;T_run_2;H3_run_6;H2_run_6;H1_run_6;H4_run_5;H1_run_3;H3_run_3;H4_run_4;H1_run_1;H1_run_2;H4_run_1;H3_run_5;H2_run_5;H3_run_1;H1_run_5;H2_run_2;H4_run_6,0.194218,0,,,0.007452720182,0.194218,0.0002142083882,0,
353,400,353,1,9178,0.007451154403,0.01357121039;0.006315386957;0.007824829683;0.002093190581,0.003354057114;0.005874840081;0.01824924983;0.01016551158;0.01864766328;0.001980988262;0.004353272661;0.004890784019;0.01259784535;0.005846505931;0.007984566274;0.007908427718;0.008217854179;0.002955741299;0.00751537889;0.003854954948;0.004124843738;0.004173262537;0.004114617028;0.001839699929;0.004572807469;0.02143722003;0.00371696423;0.007731986793;0.002007154788;0.01561381651,biomass;glucose;product;gp_nll,H1_run_1;H2_run_1;H3_run_4;H3_run_1;H1_run_3;H4_run_6;H4_run_5;H2_run_5;H3_run_5;H2_run_3;H3_run_6;H1_run_4;H1_run_2;H4_run_1;H2_run_4;H3_run_2;H4_run_4;H4_run_3;H2_run_2;T_run_2;H3_run_3;H1_run_6;H4_run_2;H2_run_6;T_run_1;H1_run_5,0.182346,0,,,0.007451154403,0.182346,0.0002133704972,0,
354,400,354,1,9204,0.007449597458,0.01357150335;0.006312450355;0.007824781576;0.002089654551,0.004114097816;0.007906946338;0.003716404942;0.001980745343;0.01561428869;0.001837758644;0.003853264492;0.01259560674;0.02143811433;0.00416968267;0.00751445671;0.005844790798;0.004571495173;0.007726260296;0.01824523965;0.005870232467;0.01016352099;0.00798290461;0.004122635306;0.01864958063;0.004890884536;0.008215685067;0.002005574773;0.004351563927;0.002955324404;0.003352474555,biomass;glucose;product;gp_nll,H2_run_2;H1_run_4;H4_run_2;H4_run_6;H1_run_5;T_run_2;H3_run_2;H3_run_5;H1_run_6;H4_run_3;H2_run_4;H2_run_3;H3_run_3;H2_run_6;H3_run_4;H2_run_1;H3_run_1;H3_run_6;H4_run_4;H1_run_3;H2_run_5;H1_run_2;T_run_1;H4_run_5;H4_run_1;H1_run_1,0.191118,0,,,0.007449597458,0.191118,0.0002125408463,0,
355,400,355,1,9230,0.007448049267,0.01357179942;0.006309526536;0.007824733062;0.002086138051,0.003715865919;0.007513571385;0.004166143335;0.01865144383;0.01016155528;0.001980502731;0.02143895113;0.004570171887;0.01259337162;0.004890985374;0.002954924641;0.007720601422;0.004113583871;0.00183581729;0.01561472599;0.002003994233;0.004349872317;0.007905425297;0.007981269583;0.005843118348;0.005865664102;0.008213525099;0.003851594307;0.004120444778;0.01824124173;0.003350915434,biomass;glucose;product;gp_nll,H4_run_2;H2_run_4;H4_run_3;H1_run_3;H3_run_1;H4_run_6;H1_run_6;H3_run_3;H3_run_5;H2_run_5;H4_run_1;H2_run_6;H2_run_2;T_run_2;H1_run_5;T_run_1;H4_run_5;H1_run_4;H3_run_6;H2_run_3;H2_run_1;H1_run_2;H3_run_2;H4_run_4;H3_run_4;H1_run_1,0.184307,0,,,0.007448049267,0.184307,0.0002117195565,0,
356,400,356,1,9256,0.007446509752,0.01357209825;0.006306616106;0.007824683887;0.002082640766,0.0182372496;0.01259113732;0.003849944693;0.002954541378;0.005841491185;0.02143972571;0.004348198598;0.007512726949;0.001980262139;0.01015961237;0.004113075039;0.001833874525;0.007979660421;0.007715009018;0.004891089203;0.004118272225;0.005861134454;0.007903869477;0.004162643688;0.01561512878;0.003349378765;0.01865325511;0.004568839448;0.003715350195;0.008211370888;0.002002412387,biomass;glucose;product;gp_nll,H3_run_4;H3_run_5;H3_run_2;H4_run_1;H2_run_3;H1_run_6;H4_run_5;H2_run_4;H4_run_6;H3_run_1;H2_run_2;T_run_2;H3_run_6;H2_run_6;H2_run_5;H4_run_4;H2_run_1;H1_run_4;H4_run_3;H1_run_5;H1_run_1;H1_run_3;H3_run_3;H4_run_2;H1_run_2;T_run_1,0.189014,0,,,0.007446509752,0.189014,0.0002109067182,0,
357,400,357,1,9282,0.007444967722,0.01357238633;0.006303706613;0.007824615549;0.0020791624,0.007978076422;0.003848315842;0.001831929209;0.005839911285;0.007902283541;0.002000828615;0.01258890182;0.01561549759;0.002954173864;0.004891198232;0.005856642952;0.01865501678;0.003347863385;0.01015769041;0.001980025013;0.0182332578;0.007511926637;0.007709192887;0.004159182811;0.008209219659;0.00371486023;0.004567499595;0.004346543278;0.004112571004;0.02144043431;0.004116117607,biomass;glucose;product;gp_nll,H3_run_6;H3_run_2;T_run_2;H2_run_3;H1_run_4;T_run_1;H3_run_5;H1_run_5;H4_run_1;H2_run_5;H2_run_1;H1_run_3;H1_run_1;H3_run_1;H4_run_6;H3_run_4;H2_run_4;H2_run_6;H4_run_3;H1_run_2;H4_run_2;H3_run_3;H4_run_5;H2_run_2;H1_run_6;H4_run_4,0.189399,0,,,0.007444967722,0.189399,0.0002101061406,0,
358,400,358,1,9308,0.007443445295,0.01357268987;0.006300824072;0.007824564525;0.00207570272,0.004112071622;0.007511172643;0.00295382159;0.004891313902;0.001979792233;0.007703729582;0.004566154126;0.003714397679;0.005852189458;0.00434490709;0.0186567297;0.003846707693;0.007976517073;0.001999243115;0.004113981209;0.01561583201;0.005838380231;0.01822926185;0.02144107334;0.003346368336;0.0101557882;0.008207069318;0.007900671162;0.001829981034;0.004155760245;0.01258666324,biomass;glucose;product;gp_nll,H2_run_2;H2_run_4;H4_run_1;H2_run_5;H4_run_6;H2_run_6;H3_run_3;H4_run_2;H2_run_1;H4_run_5;H1_run_3;H3_run_2;H3_run_6;T_run_1;H4_run_4;H1_run_5;H2_run_3;H3_run_4;H1_run_6;H1_run_1;H3_run_1;H1_run_2;H1_run_4;T_run_2;H4_run_3;H3_run_5,0.195652,0,,,0.007443445295,0.195652,0.0002093103741,0,
359,400,359,1,9334,0.007441931311,0.0135729955;0.006297955786;0.007824512496;0.002072261465,0.005847773256;0.004343290034;0.001828029181;0.02144164098;0.004111862745;0.002953483573;0.004111576259;0.01015390433;0.001979564778;0.007510466765;0.004152374891;0.007698329363;0.007974981826;0.003344892164;0.008204918205;0.01561613304;0.001997655505;0.01822525811;0.003845120289;0.003713963984;0.007899036557;0.01258442082;0.004564804519;0.005836898843;0.004891437589;0.01865839648,biomass;glucose;product;gp_nll,H2_run_1;H4_run_5;T_run_2;H1_run_6;H4_run_4;H4_run_1;H2_run_2;H3_run_1;H4_run_6;H2_run_4;H4_run_3;H2_run_6;H3_run_6;H1_run_1;H1_run_2;H1_run_5;T_run_1;H3_run_4;H3_run_2;H4_run_2;H1_run_4;H3_run_5;H3_run_3;H2_run_3;H2_run_5;H1_run_3,0.193856,0,,,0.007441931311,0.193856,0.0002085231934,0,
360,400,360,1,9360,0.007440425694,0.01357330308;0.006295101857;0.007824459445;0.002068838395,0.003843553606;0.004109761829;0.002953158765;0.007897383645;0.00820276517;0.004891570281;0.004563452113;0.007973470219;0.02144213623;0.004111084169;0.005835467437;0.01015203765;0.01866001973;0.001826073019;0.01822124378;0.007692990609;0.01561640183;0.001979343396;0.00584339357;0.004149025585;0.003713560118;0.001996065555;0.01258217435;0.007509810138;0.003343433344;0.004341691901,biomass;glucose;product;gp_nll,H3_run_2;H4_run_4;H4_run_1;H1_run_4;H1_run_2;H2_run_5;H3_run_3;H3_run_6;H1_run_6;H2_run_2;H2_run_3;H3_run_1;H1_run_3;T_run_2;H3_run_4;H2_run_6;H1_run_5;H4_run_6;H2_run_1;H4_run_3;H4_run_2;T_run_1;H3_run_5;H2_run_4;H1_run_1;H4_run_5,0.182712,0,,,0.007440425694,0.182712,0.0002077445628,0,
361,400,361,1,9386,0.007438928382,0.01357361252;0.006292262287;0.007824405436;0.002065433285,0.004340112297;0.002952846073;0.004562098104;0.007687711599;0.007895716018;0.008200609515;0.004107677989;0.003713186626;0.001994473173;0.00384200789;0.02144255885;0.004145711109;0.007509203297;0.004110594513;0.005834085879;0.005839049554;0.01866160214;0.003341990312;0.01015018722;0.001979128628;0.01561663968;0.01257992406;0.01821721681;0.007971981874;0.0018241121;0.004891712608,biomass;glucose;product;gp_nll,H4_run_5;H4_run_1;H3_run_3;H2_run_6;H1_run_4;H1_run_2;H4_run_4;H4_run_2;T_run_1;H3_run_2;H1_run_6;H4_run_3;H2_run_4;H2_run_2;H2_run_3;H2_run_1;H1_run_3;H1_run_1;H3_run_1;H4_run_6;H1_run_5;H3_run_5;H3_run_4;H3_run_6;T_run_2;H2_run_5,0.178117,0,,,0.007438928382,0.178117,0.0002069744307,0,
362,400,362,1,9412,0.007437439276,0.01357392375;0.006289436965;0.007824350464;0.002062045928,0.004105610671;0.003712843669;0.004338550666;0.004142430197;0.004891864876;0.005834740297;0.004110106379;0.002952544377;0.007970516497;0.01014835231;0.01866314638;0.001992878403;0.003840482395;0.001978920821;0.008198450952;0.001822146148;0.005832753638;0.007508646239;0.007894036927;0.003340561503;0.004560743539;0.015616848;0.007682490512;0.0125776706;0.01821317586;0.02144290932,biomass;glucose;product;gp_nll,H4_run_4;H4_run_2;H4_run_5;H4_run_3;H2_run_5;H2_run_1;H2_run_2;H4_run_1;H3_run_6;H3_run_1;H1_run_3;T_run_1;H3_run_2;H4_run_6;H1_run_2;T_run_2;H2_run_3;H2_run_4;H1_run_4;H1_run_1;H3_run_3;H1_run_5;H2_run_6;H3_run_5;H3_run_4;H1_run_6,0.197793,0,,,0.007437439276,0.197793,0.0002062126813,0,
363,400,363,1,9438,0.00743595865,0.01357423686;0.006286626634;0.007824294974;0.002058676133,0.001991281415;0.01866465511;0.00433700632;0.007508138482;0.007969073878;0.0182091202;0.02144318872;0.00197872015;0.005831469832;0.002952252554;0.007892349268;0.004892027107;0.004109627517;0.004139181544;0.001820175055;0.005830464813;0.0101465324;0.0156170283;0.01257541494;0.004103559254;0.004559389316;0.007677325437;0.008196289554;0.003838977301;0.00371253107;0.003339145375,biomass;glucose;product;gp_nll,T_run_1;H1_run_3;H4_run_5;H2_run_4;H3_run_6;H3_run_4;H1_run_6;H4_run_6;H2_run_3;H4_run_1;H1_run_4;H2_run_5;H2_run_2;H4_run_3;T_run_2;H2_run_1;H3_run_1;H1_run_5;H3_run_5;H4_run_4;H3_run_3;H2_run_6;H1_run_2;H3_run_2;H4_run_2;H1_run_1,0.195178,0,,,0.00743595865,0.195178,0.0002054592151,0,
364,400,364,1,9464,0.007434485764,0.01357455164;0.006283829225;0.007824238474;0.002055323722,0.001818198862;0.004135963806;0.003337740426;0.005826222046;0.003837492452;0.002951969478;0.00198968249;0.007967653879;0.007890655605;0.01257315838;0.004558036187;0.004335478446;0.01014472711;0.005830233278;0.001978526639;0.007507679125;0.004892199066;0.004101523049;0.01820504966;0.007672214372;0.0156171822;0.004109139564;0.003712248352;0.008194125707;0.0214433987;0.01866613099,biomass;glucose;product;gp_nll,T_run_2;H4_run_3;H1_run_1;H2_run_1;H3_run_2;H4_run_1;T_run_1;H3_run_6;H1_run_4;H3_run_5;H3_run_3;H4_run_5;H3_run_1;H2_run_3;H4_run_6;H2_run_4;H2_run_5;H4_run_4;H3_run_4;H2_run_6;H1_run_5;H2_run_2;H4_run_2;H1_run_2;H1_run_6;H1_run_3,0.191144,0,,,0.007434485764,0.191144,0.000204713886,0,
365,400,365,1,9490,0.007433026227,0.01357487;0.006281059734;0.007824186643;0.002051988531,0.004892380305;0.002951694059;0.004108650153;0.00796625644;0.007667155258;0.007507266915;0.003711994789;0.003336345246;0.01014293626;0.004333966157;0.01257104148;0.005822010875;0.001988082015;0.005829042555;0.001978340174;0.001816217755;0.02144354138;0.004132775627;0.01561731136;0.01820096458;0.01866757659;0.004556684754;0.004099501328;0.00788895811;0.008191960058;0.003836027689,biomass;glucose;product;gp_nll,H2_run_5;H4_run_1;H2_run_2;H3_run_6;H2_run_6;H2_run_4;H4_run_2;H1_run_1;H3_run_1;H4_run_5;H3_run_5;H2_run_1;T_run_1;H2_run_3;H4_run_6;T_run_2;H1_run_6;H4_run_3;H1_run_5;H3_run_4;H1_run_3;H3_run_3;H4_run_4;H1_run_4;H1_run_2;H3_run_2,0.178759,0,,,0.007433026227,0.178759,0.0002039775477,0,
366,400,366,1,9516,0.00743156934,0.01357518851;0.006278289128;0.007824129312;0.002048670403,0.007506900325;0.00197816061;0.01014115962;0.004097493189;0.004129615653;0.007964881466;0.003834582809;0.01866899477;0.004892570241;0.001986480306;0.008189793583;0.01561741767;0.002951425123;0.007887258899;0.003711769443;0.001814231845;0.005817830338;0.007662146139;0.005827895928;0.004332468196;0.004108158117;0.003334958202;0.02144361934;0.004555335342;0.01256878997;0.0181968657,biomass;glucose;product;gp_nll,H2_run_4;H4_run_6;H3_run_1;H4_run_4;H4_run_3;H3_run_6;H3_run_2;H1_run_3;H2_run_5;T_run_1;H1_run_2;H1_run_5;H4_run_1;H1_run_4;H4_run_2;T_run_2;H2_run_1;H2_run_6;H2_run_3;H4_run_5;H2_run_2;H1_run_1;H1_run_6;H3_run_3;H3_run_5;H3_run_4,0.184598,0,,,0.00743156934,0.184598,0.0002032480162,0,
367,400,367,1,9542,0.007430119997,0.01357550906;0.006275529647;0.007824072081;0.002045369198,0.004330983593;0.01867038792;0.0181927541;0.001812241582;0.007963529043;0.007506577571;0.004553988287;0.004892768087;0.005826791644;0.007885559404;0.002951161682;0.004126482514;0.005813679174;0.003333570092;0.01561750282;0.003711571209;0.008187627308;0.01013939729;0.01256654281;0.007657184836;0.001977987612;0.02144363541;0.004107662478;0.00198487794;0.003833157666;0.004095497851,biomass;glucose;product;gp_nll,H4_run_5;H1_run_3;H3_run_4;T_run_2;H3_run_6;H2_run_4;H3_run_3;H2_run_5;H2_run_3;H1_run_4;H4_run_1;H4_run_3;H2_run_1;H1_run_1;H1_run_5;H4_run_2;H1_run_2;H3_run_1;H3_run_5;H2_run_6;H4_run_6;H1_run_6;H2_run_2;T_run_1;H3_run_2;H4_run_4,0.180328,0,,,0.007430119997,0.180328,0.0002025266577,0,
368,400,368,1,9568,0.007428678595,0.01357583167;0.006272783453;0.007824014477;0.002042084784,0.007506296809;0.004329511349;0.02144359257;0.01256430173;0.004892973009;0.01818863099;0.01561756856;0.007883860658;0.004093514496;0.002950902827;0.007962199331;0.001810247491;0.003711398943;0.004107162297;0.004552643724;0.01013764945;0.005809556045;0.003831752178;0.001983275538;0.003332192082;0.004123374834;0.008185462313;0.001977820817;0.005825727924;0.01867175838;0.007652269103,biomass;glucose;product;gp_nll,H2_run_4;H4_run_5;H1_run_6;H3_run_5;H2_run_5;H3_run_4;H1_run_5;H1_run_4;H4_run_4;H4_run_1;H3_run_6;T_run_2;H4_run_2;H2_run_2;H3_run_3;H3_run_1;H2_run_1;H3_run_2;T_run_1;H1_run_1;H4_run_3;H1_run_2;H4_run_6;H2_run_3;H1_run_3;H2_run_6,0.184040,0,,,0.007428678595,0.184040,0.0002018121639,0,
369,400,369,1,9594,0.007427244912,0.01357615637;0.006270049233;0.007823957001;0.002038817041,0.003830366229;0.005805459608;0.01013591645;0.01561761655;0.004551301742;0.007882163419;0.00796089253;0.004893184017;0.00180825021;0.01256206852;0.00410665667;0.02144349408;0.004328050476;0.008183299837;0.01818449793;0.005824702851;0.007647396724;0.004120291278;0.001977659749;0.003330819408;0.00409154233;0.002950647701;0.003711251322;0.001981673801;0.007506055952;0.01867310831,biomass;glucose;product;gp_nll,H3_run_2;H2_run_1;H3_run_1;H1_run_5;H3_run_3;H1_run_4;H3_run_6;H2_run_5;T_run_2;H3_run_5;H2_run_2;H1_run_6;H4_run_5;H1_run_2;H3_run_4;H2_run_3;H2_run_6;H4_run_3;H4_run_6;H1_run_1;H4_run_4;H4_run_1;H4_run_2;T_run_1;H2_run_4;H1_run_3,0.176145,0,,,0.007427244912,0.176145,0.0002011048299,0,
370,400,370,1,9620,0.007425818875,0.01357648328;0.00626732655;0.007823899813;0.002035565854,0.004117230539;0.007505852819;0.007959608879;0.003828999723;0.01013419867;0.00454996233;0.0214433433;0.01255984499;0.005823714477;0.003711126958;0.001980073472;0.003329451279;0.008181141185;0.002950395513;0.001977503885;0.004326600003;0.01818035662;0.01867443972;0.004089580567;0.004106144742;0.001806250447;0.004893400055;0.0076425655;0.005801388497;0.007880468151;0.01561764842,biomass;glucose;product;gp_nll,H4_run_3;H2_run_4;H3_run_6;H3_run_2;H3_run_1;H3_run_3;H1_run_6;H3_run_5;H2_run_3;H4_run_2;T_run_1;H1_run_1;H1_run_2;H4_run_1;H4_run_6;H4_run_5;H3_run_4;H1_run_3;H4_run_4;H2_run_2;T_run_2;H2_run_5;H2_run_6;H2_run_1;H1_run_4;H1_run_5,0.203796,0,,,0.007425818875,0.203796,0.0002004044349,0,
371,400,371,1,9646,0.007424400411,0.01357681249;0.006264614967;0.007823843068;0.002032331119,0.004087628439;0.00197847532;0.003711024425;0.003328087037;0.02144314363;0.008178987687;0.005822760847;0.007958348656;0.001977352665;0.007637773262;0.007505685187;0.00579734134;0.004325158987;0.004114191354;0.01255763288;0.01561766575;0.002950145541;0.004105625715;0.003827652578;0.004548625387;0.004893620027;0.007878775047;0.01867575448;0.01013249658;0.01817620889;0.001804248959,biomass;glucose;product;gp_nll,H4_run_4;T_run_1;H4_run_2;H1_run_1;H1_run_6;H1_run_2;H2_run_3;H3_run_6;H4_run_6;H2_run_6;H2_run_4;H2_run_1;H4_run_5;H4_run_3;H3_run_5;H1_run_5;H4_run_1;H2_run_2;H3_run_2;H3_run_3;H2_run_5;H1_run_4;H1_run_3;H3_run_1;H3_run_4;T_run_2,0.180519,0,,,0.007424400411,0.180519,0.0001997107545,0,
372,400,372,1,9672,0.007422990463,0.01357714365;0.006261918376;0.007823787094;0.002029112733,0.008176840681;0.002949897136;0.001802246543;0.001977205507;0.007633017891;0.007877084061;0.004111172509;0.001976880131;0.005821840036;0.01867705432;0.004085685202;0.005793316772;0.01817205663;0.003826324734;0.004323726525;0.007957112168;0.01255543388;0.003710942287;0.004105098845;0.003326752632;0.004893842739;0.00750555082;0.01013081072;0.01561767002;0.004547290736;0.02144289852,biomass;glucose;product;gp_nll,H1_run_2;H4_run_1;T_run_2;H4_run_6;H2_run_6;H1_run_4;H4_run_3;T_run_1;H2_run_3;H1_run_3;H4_run_4;H2_run_1;H3_run_4;H3_run_2;H4_run_5;H3_run_6;H3_run_5;H4_run_2;H2_run_2;H1_run_1;H2_run_5;H2_run_4;H3_run_1;H1_run_5;H3_run_3;H1_run_6,0.279309,0,,,0.007422990463,0.279309,0.000199022844,0,
373,400,373,1,9698,0.007421587103,0.01357747767;0.006259228318;0.007823731826;0.002025910602,0.02144261145;0.001977061757;0.003825016066;0.01867834073;0.007955899706;0.01012914166;0.004545958252;0.004083750172;0.008174701599;0.001800244042;0.001975288715;0.004108172857;0.005820950035;0.007628297384;0.00578931349;0.002949649664;0.0125532497;0.004322301767;0.004894067051;0.01816790192;0.004104563425;0.007875395067;0.003325399226;0.003710878988;0.01561766262;0.007505447325,biomass;glucose;product;gp_nll,H1_run_6;H4_run_6;H3_run_2;H1_run_3;H3_run_6;H3_run_1;H3_run_3;H4_run_4;H1_run_2;T_run_2;T_run_1;H4_run_3;H2_run_3;H2_run_6;H2_run_1;H4_run_1;H3_run_5;H4_run_5;H2_run_5;H3_run_4;H2_run_2;H1_run_4;H1_run_1;H4_run_2;H1_run_5;H2_run_4,0.186372,0,,,0.007421587103,0.186372,0.0001983419268,0,
374,400,374,1,9724,0.007420191111,0.01357781427;0.006256548095;0.007823677443;0.002022724633,0.001798242274;0.004081822674;0.02144228573;0.004105191305;0.007873707623;0.01255108183;0.004104018837;0.01816374665;0.00795471161;0.005820089043;0.001976920827;0.01012748998;0.003710833149;0.004894291886;0.008172571711;0.004320883918;0.01867961513;0.002949402611;0.007623609769;0.007505372559;0.003324048655;0.003823726553;0.005785330181;0.01561764487;0.001973701849;0.004544627641,biomass;glucose;product;gp_nll,T_run_2;H4_run_4;H1_run_6;H4_run_3;H1_run_4;H3_run_5;H2_run_2;H3_run_4;H3_run_6;H2_run_3;H4_run_6;H3_run_1;H4_run_2;H2_run_5;H1_run_2;H4_run_5;H1_run_3;H4_run_1;H2_run_6;H2_run_4;H1_run_1;H3_run_2;H2_run_1;H1_run_5;T_run_1;H3_run_3,0.187313,0,,,0.007420191111,0.187313,0.0001976670762,0,
375,400,375,1,9750,0.007418802471,0.01357815332;0.006253877878;0.007823623951;0.002019554737,0.01561761797;0.007872021126;0.005819255344;0.01868087875;0.001976782142;0.004543298567;0.004103464529;0.00431947225;0.01254893164;0.005781365572;0.01815959266;0.003710803437;0.002949157033;0.003322700711;0.007618953167;0.001972120285;0.003822456191;0.004894516188;0.007505324456;0.02144192453;0.001796242048;0.007953548232;0.008170452228;0.01012585628;0.004079902082;0.004102226831,biomass;glucose;product;gp_nll,H1_run_5;H1_run_4;H2_run_3;H1_run_3;H4_run_6;H3_run_3;H2_run_2;H4_run_5;H3_run_5;H2_run_1;H3_run_4;H4_run_2;H4_run_1;H1_run_1;H2_run_6;T_run_1;H3_run_2;H2_run_5;H2_run_4;H1_run_6;T_run_2;H3_run_6;H1_run_2;H3_run_1;H4_run_4;H4_run_3,0.187712,0,,,0.007418802471,0.187712,0.0001969981207,0,
376,400,376,1,9776,0.007417420978,0.01357849535;0.006251216106;0.007823571631;0.002016400825,0.01254680037;0.001976645143;0.007505301046;0.003710788584;0.003821204991;0.004077987818;0.003321355024;0.01012424114;0.01868213263;0.005818447318;0.004894738946;0.001970544749;0.00410290001;0.008168344294;0.007952409926;0.01561758301;0.002948909327;0.007614325811;0.0181554417;0.005777418451;0.007870334858;0.001794244153;0.00409927849;0.004318066106;0.02144153086;0.004541970674,biomass;glucose;product;gp_nll,H3_run_5;H4_run_6;H2_run_4;H4_run_2;H3_run_2;H4_run_4;H1_run_1;H3_run_1;H1_run_3;H2_run_3;H2_run_5;T_run_1;H2_run_2;H1_run_2;H3_run_6;H1_run_5;H4_run_1;H2_run_6;H3_run_4;H2_run_1;H1_run_4;T_run_2;H4_run_3;H4_run_5;H1_run_6;H3_run_3,0.171748,0,,,0.007417420978,0.171748,0.00019633476,0,
377,400,377,1,9802,0.007416046599,0.01357884018;0.006248562977;0.007823520425;0.002013262812,0.01868337765;0.004096345422;0.003710787399;0.01815129543;0.01012264516;0.008166248968;0.004102324856;0.02144110754;0.01561754092;0.001792249347;0.004076079364;0.004316664908;0.007609726064;0.003819972977;0.005817663462;0.003320010889;0.001968975928;0.004540643589;0.004894959204;0.01254468912;0.007868647984;0.001976509291;0.007505300477;0.002948660895;0.005773487676;0.007951297044,biomass;glucose;product;gp_nll,H1_run_3;H4_run_3;H4_run_2;H3_run_4;H3_run_1;H1_run_2;H2_run_2;H1_run_6;H1_run_5;T_run_2;H4_run_4;H4_run_5;H2_run_6;H3_run_2;H2_run_3;H1_run_1;T_run_1;H3_run_3;H2_run_5;H3_run_5;H1_run_4;H4_run_6;H2_run_4;H4_run_1;H2_run_1;H3_run_6,0.176606,0,,,0.007416046599,0.176606,0.000195676844,0,
378,400,378,1,9828,0.007414679223,0.01357918787;0.006245918059;0.007823470346;0.002010140613,0.001976374077;0.003318667324;0.01814715541;0.005769572183;0.007950209936;0.004539316938;0.001790258348;0.003710798773;0.004315268161;0.007605152422;0.004074176259;0.001967414464;0.01868461451;0.004101738703;0.004093426854;0.01012106891;0.01254259885;0.01561749253;0.008164167222;0.007505321026;0.004895176065;0.02144065721;0.005816902388;0.003818760184;0.002948411459;0.007866959592,biomass;glucose;product;gp_nll,H4_run_6;H1_run_1;H3_run_4;H2_run_1;H3_run_6;H3_run_3;T_run_2;H4_run_2;H4_run_5;H2_run_6;H4_run_4;T_run_1;H1_run_3;H2_run_2;H4_run_3;H3_run_1;H3_run_5;H1_run_5;H1_run_2;H2_run_4;H2_run_5;H1_run_6;H2_run_3;H3_run_2;H4_run_1;H1_run_4,0.174835,0,,,0.007414679223,0.174835,0.0001950241866,0,
379,400,379,1,9854,0.007413318752,0.01357953847;0.006243280982;0.00782342141;0.002007034146,0.02144018226;0.004537990352;0.003710821686;0.00581616283;0.01254053039;0.004090522104;0.004072278106;0.007949148941;0.004895388698;0.003317323765;0.003817566654;0.008162099934;0.00197623902;0.005765670999;0.007505361106;0.002948160788;0.007865268712;0.001788271822;0.01814302305;0.01868584371;0.004313875448;0.001965860946;0.01561743849;0.004101141244;0.007600603529;0.01011951296,biomass;glucose;product;gp_nll,H1_run_6;H3_run_3;H4_run_2;H2_run_3;H3_run_5;H4_run_3;H4_run_4;H3_run_6;H2_run_5;H1_run_1;H3_run_2;H1_run_2;H4_run_6;H2_run_1;H2_run_4;H4_run_1;H1_run_4;T_run_2;H3_run_4;H1_run_3;H4_run_5;T_run_1;H1_run_5;H2_run_2;H2_run_6;H3_run_1,0.171841,0,,,0.007413318752,0.171841,0.0001943766146,0,
380,400,380,1,9880,0.007411965128,0.013579892;0.006240651517;0.00782337367;0.002003943326,0.01813889965;0.00408763058;0.004312486436;0.003710855213;0.01868706558;0.00750541927;0.004070384575;0.02143968487;0.001976103674;0.007863574343;0.004536663483;0.003816392439;0.005815443645;0.01253848441;0.00489559634;0.002947908692;0.008160047887;0.001964315904;0.00178629038;0.01011797784;0.004100532224;0.00759607818;0.003315980756;0.005761783244;0.00794811439;0.01561737933,biomass;glucose;product;gp_nll,H3_run_4;H4_run_3;H4_run_5;H4_run_2;H1_run_3;H2_run_4;H4_run_4;H1_run_6;H4_run_6;H1_run_4;H3_run_3;H3_run_2;H2_run_3;H3_run_5;H2_run_5;H4_run_1;H1_run_2;T_run_1;T_run_2;H3_run_1;H2_run_2;H2_run_6;H1_run_1;H2_run_1;H3_run_6;H1_run_5,0.176182,0,,,0.007411965128,0.176182,0.0001937339696,0,
381,400,381,1,9906,0.007410618322,0.01358024849;0.006238029521;0.007823327207;0.002000868073,0.008158011769;0.01813478636;0.01253646148;0.004099911437;0.01561731543;0.005814743811;0.003710898519;0.004084751784;0.01868828029;0.007861875474;0.003314639548;0.00431110087;0.005757908142;0.01011646408;0.001784314565;0.007505494217;0.004895798299;0.001962779809;0.001975967624;0.007591575323;0.00381523759;0.002947655012;0.007947106597;0.004068495394;0.02143916696;0.004535336004,biomass;glucose;product;gp_nll,H1_run_2;H3_run_4;H3_run_5;H2_run_2;H1_run_5;H2_run_3;H4_run_2;H4_run_3;H1_run_3;H1_run_4;H1_run_1;H4_run_5;H2_run_1;H3_run_1;T_run_2;H2_run_4;H2_run_5;T_run_1;H4_run_6;H2_run_6;H3_run_2;H4_run_1;H3_run_6;H4_run_4;H1_run_6;H3_run_3,0.174823,0,,,0.007410618322,0.174823,0.0001930961172,0,
382,400,382,1,9932,0.007409278294,0.01358060795;0.006235414835;0.007823282089;0.001997808302,0.003814102158;0.02143863024;0.00489599395;0.004066610357;0.007587094066;0.01813068418;0.001975830494;0.00786017111;0.01561724702;0.002947399618;0.007946125854;0.005814062424;0.003710950863;0.001961253063;0.01868948784;0.01011497215;0.004081885301;0.007505584783;0.01253446202;0.003313301196;0.004309718566;0.001782344855;0.005754045024;0.004099278717;0.008155992176;0.004534007624,biomass;glucose;product;gp_nll,H3_run_2;H1_run_6;H2_run_5;H4_run_4;H2_run_6;H3_run_4;H4_run_6;H1_run_4;H1_run_5;H4_run_1;H3_run_6;H2_run_3;H4_run_2;T_run_1;H1_run_3;H3_run_1;H4_run_3;H2_run_4;H3_run_5;H1_run_1;H4_run_5;T_run_2;H2_run_1;H2_run_2;H1_run_2;H3_run_3,0.173690,0,,,0.007409278294,0.173690,0.0001924629498,0,
383,400,383,1,9958,0.007407944984,0.0135809704;0.006232807261;0.00782323835;0.001994763931,0.004079030806;0.001959736;0.004098633934;0.01011350251;0.008153989615;0.004532678087;0.01812659399;0.00178038165;0.003711011597;0.00381298619;0.00758263367;0.004308339405;0.003311966214;0.005813398689;0.007505689948;0.002947142396;0.007858460294;0.02143807617;0.004896182743;0.005750193324;0.007945172432;0.001975691947;0.01869068811;0.01253248636;0.00406472931;0.01561717421,biomass;glucose;product;gp_nll,H4_run_3;T_run_1;H2_run_2;H3_run_1;H1_run_2;H3_run_3;H3_run_4;T_run_2;H4_run_2;H3_run_2;H2_run_6;H4_run_5;H1_run_1;H2_run_3;H2_run_4;H4_run_1;H1_run_4;H1_run_6;H2_run_5;H2_run_1;H3_run_6;H4_run_6;H1_run_3;H3_run_5;H4_run_4;H1_run_5,0.168965,0,,,0.007407944984,0.168965,0.0001918343793,0,
384,400,384,1,9984,0.007406618319,0.01358133582;0.00623020659;0.00782319599;0.001991734874,0.007944246572;0.007505808832;0.001958228884;0.004896364196;0.007578193545;0.002946883246;0.001778425275;0.003811889731;0.004076188049;0.007856742121;0.01011205554;0.01253053473;0.0181225165;0.004531347173;0.004097976987;0.01869188083;0.008152004505;0.015617097;0.02143750598;0.003711080161;0.003310634746;0.004062852155;0.005746352589;0.005812751922;0.001975551683;0.004306963326,biomass;glucose;product;gp_nll,H3_run_6;H2_run_4;T_run_1;H2_run_5;H2_run_6;H4_run_1;T_run_2;H3_run_2;H4_run_3;H1_run_4;H3_run_1;H3_run_5;H3_run_4;H3_run_3;H2_run_2;H1_run_3;H1_run_2;H1_run_5;H1_run_6;H4_run_2;H1_run_1;H4_run_4;H2_run_1;H2_run_3;H4_run_6;H4_run_5,0.173176,0,,,0.007406618319,0.173176,0.0001912103301,0,
385,400,385,1,10010,0.007405298219,0.0135817042;0.006227612639;0.007823154992;0.001988721048,0.008150037183;0.004305590323;0.001975409443;0.007943348489;0.01252860727;0.0214369207;0.01011063161;0.005812121539;0.01561701526;0.004060978841;0.004073356859;0.01869306564;0.007573773248;0.005742522471;0.004896537899;0.004097307796;0.007505940688;0.001956731906;0.003309306817;0.007855015747;0.01811845231;0.002946622078;0.004530014704;0.003810812817;0.001776475973;0.003711156088,biomass;glucose;product;gp_nll,H1_run_2;H4_run_5;H4_run_6;H3_run_6;H3_run_5;H1_run_6;H3_run_1;H2_run_3;H1_run_5;H4_run_4;H4_run_3;H1_run_3;H2_run_6;H2_run_1;H2_run_5;H2_run_2;H2_run_4;T_run_1;H1_run_1;H1_run_4;H3_run_4;H4_run_1;H3_run_3;H3_run_2;T_run_2;H4_run_2,0.191255,0,,,0.007405298219,0.191255,0.0001905907353,0,
386,400,386,1,10036,0.007403984635,0.01358207545;0.006225025428;0.007823115302;0.001985722365,0.01811440187;0.004059109362;0.007506084901;0.004096626305;0.008148087907;0.003307983106;0.001955245189;0.004304220433;0.007569372474;0.01010923103;0.002946358806;0.01869424206;0.004070537136;0.003809755481;0.007942478374;0.01561692878;0.001975265009;0.004528680538;0.02143632112;0.005738702722;0.005811507051;0.01252670404;0.003711238992;0.001774533911;0.004896703507;0.007853280399,biomass;glucose;product;gp_nll,H3_run_4;H4_run_4;H2_run_4;H2_run_2;H1_run_2;H1_run_1;T_run_1;H4_run_5;H2_run_6;H3_run_1;H4_run_1;H1_run_3;H4_run_3;H3_run_2;H3_run_6;H1_run_5;H4_run_6;H3_run_3;H1_run_6;H2_run_1;H2_run_3;H3_run_5;H4_run_2;T_run_2;H2_run_5;H1_run_4,0.179955,0,,,0.007403984635,0.179955,0.000189975499,0,
387,400,387,1,10062,0.007402677508,0.0135824495;0.006222444912;0.007823076888;0.001982738738,0.003306664101;0.01252482504;0.007564991051;0.003808717744;0.004302853734;0.007851535387;0.004095932467;0.01811036552;0.008146156873;0.001975118192;0.005734893201;0.00177259918;0.01561683723;0.007941636388;0.01010785407;0.00294609334;0.004057243753;0.02143570788;0.01869540954;0.001953768787;0.007506240963;0.004896860732;0.005810908051;0.003711328557;0.004527344582;0.004067728845,biomass;glucose;product;gp_nll,H1_run_1;H3_run_5;H2_run_6;H3_run_2;H4_run_5;H1_run_4;H2_run_2;H3_run_4;H1_run_2;H4_run_6;H2_run_1;T_run_2;H1_run_5;H3_run_6;H3_run_1;H4_run_1;H4_run_4;H1_run_6;H1_run_3;T_run_1;H2_run_4;H2_run_5;H2_run_3;H4_run_2;H3_run_3;H4_run_3,0.194583,0,,,0.007402677508,0.194583,0.0001893645615,0,
388,400,388,1,10088,0.00740137677,0.0135828263;0.006219870972;0.007823039727;0.001979770079,0.007940822666;0.00814424422;0.01869656743;0.004301490341;0.004055382089;0.003711424533;0.01252297021;0.01561674019;0.004095226246;0.007560628935;0.01010650097;0.001770671796;0.003807699617;0.001952302689;0.02143508143;0.007849780103;0.004064932012;0.001974968834;0.0181063435;0.002945825586;0.007506408463;0.005731093861;0.003305349969;0.005810324198;0.004897009332;0.004526006789,biomass;glucose;product;gp_nll,H3_run_6;H1_run_2;H1_run_3;H4_run_5;H4_run_4;H4_run_2;H3_run_5;H1_run_5;H2_run_2;H2_run_6;H3_run_1;T_run_2;H3_run_2;T_run_1;H1_run_6;H1_run_4;H4_run_3;H4_run_6;H3_run_4;H4_run_1;H2_run_4;H2_run_1;H1_run_1;H2_run_3;H2_run_5;H3_run_3,0.183644,0,,,0.00740137677,0.183644,0.000188757896,0,
389,400,389,1,10114,0.007400082374,0.01358320579;0.006217303597;0.007823003806;0.0019768163,0.01561663719;0.01252113946;0.004524667156;0.00176875171;0.001974816803;0.007940037321;0.01869771501;0.003711526721;0.004300130396;0.004062146716;0.007506587079;0.00755628619;0.001950846827;0.02143444206;0.004053524478;0.004897149112;0.008142350042;0.005727304744;0.01010517192;0.00409450761;0.003806701096;0.002945555437;0.01810233597;0.005809755213;0.007848014032;0.003304041422,biomass;glucose;product;gp_nll,H1_run_5;H3_run_5;H3_run_3;T_run_2;H4_run_6;H3_run_6;H1_run_3;H4_run_2;H4_run_5;H4_run_3;H2_run_4;H2_run_6;T_run_1;H1_run_6;H4_run_4;H2_run_5;H1_run_2;H2_run_1;H3_run_1;H2_run_2;H3_run_2;H4_run_1;H3_run_4;H2_run_3;H1_run_4;H1_run_1,0.178191,0,,,0.007400082374,0.178191,0.0001881554807,0,
390,400,390,1,10140,0.007398794258,0.01358358791;0.006214742709;0.007822969104;0.001973877311,0.01869885153;0.001766838806;0.004093776526;0.004897279913;0.003711634974;0.01251933269;0.008140474391;0.007846236744;0.01809834299;0.01010386709;0.003302738715;0.007939280438;0.003805722168;0.005723525977;0.007506776563;0.001949401074;0.02143378993;0.01561652766;0.002945282779;0.004298774061;0.007551962987;0.004059373085;0.005809200867;0.00197466199;0.004051671055;0.004523325722,biomass;glucose;product;gp_nll,H1_run_3;T_run_2;H2_run_2;H2_run_5;H4_run_2;H3_run_5;H1_run_2;H1_run_4;H3_run_4;H3_run_1;H1_run_1;H3_run_6;H3_run_2;H2_run_1;H2_run_4;T_run_1;H1_run_6;H1_run_5;H4_run_1;H4_run_5;H2_run_6;H4_run_3;H2_run_3;H4_run_6;H4_run_4;H3_run_3,0.180834,0,,,0.007398794258,0.180834,0.0001875573135,0,
391,400,391,1,10166,0.007397512318,0.01358397261;0.006212188075;0.007822935571;0.001970953021,0.01869997616;0.005719757756;0.005808660973;0.001947965251;0.003301440935;0.004897401613;0.007844447898;0.007938552083;0.0214331251;0.001974504312;0.01010258661;0.01809436457;0.004521982567;0.001764932908;0.003804762806;0.007506976733;0.004297421516;0.004056611283;0.003711749186;0.004093032962;0.007547659581;0.01561641099;0.002945007486;0.01251754974;0.008138617287;0.004049821976,biomass;glucose;product;gp_nll,H1_run_3;H2_run_1;H2_run_3;T_run_1;H1_run_1;H2_run_5;H1_run_4;H3_run_6;H1_run_6;H4_run_6;H3_run_1;H3_run_4;H3_run_3;T_run_2;H3_run_2;H2_run_4;H4_run_5;H4_run_3;H4_run_2;H2_run_2;H2_run_6;H1_run_5;H4_run_1;H3_run_5;H1_run_2;H4_run_4,0.191752,0,,,0.007397512318,0.191752,0.0001869634155,0,
392,400,392,1,10192,0.007396236485,0.01358435981;0.006209639616;0.007822903169;0.001968043342,0.004047977416;0.004053861508;0.00813677872;0.01809040065;0.01561628654;0.007507187467;0.007543376302;0.004897514118;0.001946539132;0.02143244752;0.001974343701;0.004296072947;0.004520637798;0.003711869287;0.003300148112;0.01010133058;0.002944729364;0.00580813538;0.001763033785;0.01870108807;0.007842647227;0.005716000344;0.004092276882;0.01251579046;0.0079378523;0.003803822977,biomass;glucose;product;gp_nll,H4_run_4;H4_run_3;H1_run_2;H3_run_4;H1_run_5;H2_run_4;H2_run_6;H2_run_5;T_run_1;H1_run_6;H4_run_6;H4_run_5;H3_run_3;H4_run_2;H1_run_1;H3_run_1;H4_run_1;H2_run_3;T_run_2;H1_run_3;H1_run_4;H2_run_1;H2_run_2;H3_run_5;H3_run_6;H3_run_2,0.178962,0,,,0.007396236485,0.178962,0.0001863738032,0,
393,400,393,1,10218,0.007394966693,0.01358474945;0.006207097269;0.00782287187;0.001965148181,0.004294728546;0.001974180113;0.007539113541;0.004519291552;0.001945122451;0.005807623969;0.004091508244;0.02143175706;0.003711995243;0.00176114116;0.005712254055;0.002944448309;0.01808645114;0.004046137559;0.01010009909;0.004897617364;0.01251405471;0.007937181119;0.007840834536;0.01561615363;0.01870218642;0.003802902637;0.008134958655;0.004051123981;0.007507408694;0.003298860242,biomass;glucose;product;gp_nll,H4_run_5;H4_run_6;H2_run_6;H3_run_3;T_run_1;H2_run_3;H2_run_2;H1_run_6;H4_run_2;T_run_2;H2_run_1;H4_run_1;H3_run_4;H4_run_4;H3_run_1;H2_run_5;H3_run_5;H3_run_6;H1_run_4;H1_run_5;H1_run_3;H3_run_2;H1_run_2;H4_run_3;H2_run_4;H1_run_1,0.166764,0,,,0.007394966693,0.166764,0.0001857884985,0,
394,400,394,1,10244,0.007393702876,0.01358514145;0.006204560969;0.007822841641;0.001962267448,0.01808251587;0.004293388503;0.002944164172;0.003712127044;0.00404839894;0.02143105353;0.004090727003;0.01251234231;0.003297577292;0.00813315704;0.001943714902;0.01561601155;0.01870327033;0.01009889218;0.004897711308;0.005708519243;0.004517943982;0.001974013515;0.007534871734;0.007839009695;0.007507640384;0.001759254712;0.004044302594;0.005807126643;0.003802001741;0.007936538553,biomass;glucose;product;gp_nll,H3_run_4;H4_run_5;H4_run_1;H4_run_2;H4_run_3;H1_run_6;H2_run_2;H3_run_5;H1_run_1;H1_run_2;T_run_1;H1_run_5;H1_run_3;H3_run_1;H2_run_5;H2_run_1;H3_run_3;H4_run_6;H2_run_6;H1_run_4;H2_run_4;T_run_2;H4_run_4;H2_run_3;H3_run_2;H3_run_6,0.185231,0,,,0.007393702876,0.185231,0.0001852075302,0,
395,400,395,1,10270,0.007392444968,0.01358553571;0.006202030657;0.007822812449;0.001959401052,0.001973843892;0.002943876783;0.003801120236;0.00451659526;0.008131373809;0.004292053002;0.001757374084;0.001942316152;0.004089933105;0.003712264702;0.01251065311;0.004045686637;0.003296299202;0.007837172627;0.02143033669;0.01009770989;0.004042472716;0.007530651349;0.004897795926;0.007935924603;0.01870433897;0.01561585959;0.005704796298;0.007507882538;0.00580664332;0.01807859468,biomass;glucose;product;gp_nll,H4_run_6;H4_run_1;H3_run_2;H3_run_3;H1_run_2;H4_run_5;T_run_2;T_run_1;H2_run_2;H4_run_2;H3_run_5;H4_run_3;H1_run_1;H1_run_4;H1_run_6;H3_run_1;H4_run_4;H2_run_6;H2_run_5;H3_run_6;H1_run_3;H1_run_5;H2_run_1;H2_run_4;H2_run_3;H3_run_4,0.167773,0,,,0.007392444968,0.167773,0.0001846309314,0,
396,400,396,1,10296,0.007391192903,0.01358593218;0.006199506272;0.00782278426;0.001956548904,0.007508135181;0.004515245567;0.01009655223;0.01870539149;0.01561569705;0.01807468736;0.004897871208;0.007935339263;0.005806173929;0.003295025889;0.005701085632;0.01250898697;0.007835323304;0.004042987326;0.004290722219;0.004040648113;0.002943585962;0.001940925841;0.004089126491;0.02142960627;0.003712408245;0.008129608887;0.003800258066;0.007526452875;0.001973671239;0.001755498889,biomass;glucose;product;gp_nll,H2_run_4;H3_run_3;H3_run_1;H1_run_3;H1_run_5;H3_run_4;H2_run_5;H3_run_6;H2_run_3;H1_run_1;H2_run_1;H3_run_5;H1_run_4;H4_run_3;H4_run_5;H4_run_4;H4_run_1;T_run_1;H2_run_2;H1_run_6;H4_run_2;H1_run_2;H3_run_2;H2_run_6;H4_run_6;T_run_2,0.180784,0,,,0.007391192903,0.180784,0.0001840587384,0,
397,400,397,1,10322,0.007389946615,0.01358633076;0.006196987753;0.007822757042;0.001953710911,0.007522276807;0.004040301258;0.004038828969;0.001939543589;0.004513895089;0.007934782514;0.005805718402;0.003712557708;0.00329375725;0.007508398353;0.004289396314;0.004897937157;0.01807079369;0.01250734374;0.002943291522;0.005697387668;0.008127862195;0.003799415176;0.01870642709;0.001973495558;0.021428862;0.004088307092;0.007833461737;0.001753628719;0.0100954192;0.01561552321,biomass;glucose;product;gp_nll,H2_run_6;H4_run_3;H4_run_4;T_run_1;H3_run_3;H3_run_6;H2_run_3;H4_run_2;H1_run_1;H2_run_4;H4_run_5;H2_run_5;H3_run_4;H3_run_5;H4_run_1;H2_run_1;H1_run_2;H3_run_2;H1_run_3;H4_run_6;H1_run_6;H2_run_2;H1_run_4;T_run_2;H3_run_1;H1_run_5,0.181326,0,,,0.007389946615,0.181326,0.0001834909893,0,
398,400,398,1,10348,0.007388706039,0.01358673137;0.006194475042;0.007822730762;0.001950886985,0.00783158797;0.005805276674;0.008126133653;0.007518123637;0.003798591508;0.02142810359;0.004288075434;0.004037015454;0.004087474836;0.01561533739;0.01870744497;0.001938169002;0.01806691346;0.005693702834;0.003292493166;0.002942993271;0.003712713138;0.01250572332;0.01009431079;0.004512544013;0.004037628679;0.001973316864;0.007934254335;0.001751763145;0.007508672105;0.004897993783,biomass;glucose;product;gp_nll,H1_run_4;H2_run_3;H1_run_2;H2_run_6;H3_run_2;H1_run_6;H4_run_5;H4_run_4;H2_run_2;H1_run_5;H1_run_3;T_run_1;H3_run_4;H2_run_1;H1_run_1;H4_run_1;H4_run_2;H3_run_5;H3_run_1;H3_run_3;H4_run_3;H4_run_6;H3_run_6;T_run_2;H2_run_4;H2_run_5,0.172223,0,,,0.007388706039,0.172223,0.0001829277228,0,
399,400,399,1,10374,0.007387471109,0.01358713394;0.006191968072;0.007822705389;0.001948077036,0.003797787007;0.004086629643;0.007508956489;0.001936801674;0.001749901731;0.0079337547;0.007513993839;0.007829702066;0.005804848673;0.004898041102;0.01806304643;0.01561513894;0.01250412559;0.001973135173;0.005690031555;0.01870844442;0.02142733078;0.002942691013;0.008124423166;0.004035207729;0.004034969822;0.00371287458;0.004286759704;0.004511192522;0.003291233509;0.01009322698,biomass;glucose;product;gp_nll,H3_run_2;H2_run_2;H2_run_4;T_run_1;T_run_2;H3_run_6;H2_run_6;H1_run_4;H2_run_3;H2_run_5;H3_run_4;H1_run_5;H3_run_5;H4_run_6;H2_run_1;H1_run_3;H1_run_6;H4_run_1;H1_run_2;H4_run_4;H4_run_3;H4_run_2;H4_run_5;H3_run_3;H1_run_1;H3_run_1,0.168681,0,,,0.007387471109,0.168681,0.0001823689773,0,
400,400,400,1,10400,0.007386241759,0.01358753839;0.006189466782;0.007822680891;0.001945280975,0.004032324903;0.003289978142;0.002942384547;0.003713042082;0.007509251556;0.004898079136;0.00450984079;0.008122730654;0.007509887866;0.01561492722;0.00568637424;0.02142654332;0.01009216773;0.001935441197;0.01870942472;0.004033405936;0.001972950509;0.005804434321;0.003797001619;0.00793328358;0.001748044029;0.01250255048;0.004085771428;0.004285449232;0.007827804105;0.0180591924,biomass;glucose;product;gp_nll,H4_run_3;H1_run_1;H4_run_1;H4_run_2;H2_run_4;H2_run_5;H3_run_3;H1_run_2;H2_run_6;H1_run_5;H2_run_1;H1_run_6;H3_run_1;T_run_1;H1_run_3;H4_run_4;H4_run_6;H2_run_3;H3_run_2;H3_run_6;T_run_2;H3_run_5;H2_run_2;H4_run_5;H1_run_4;H3_run_4,0.178546,0,,,0.007386241759,0.178546,0.0001818147893,0,
